record_id,reporting_date,programme_name,sector,state,lga,community,achievement_rate,reporting_delay_days,complaints_count,supply_delay_days,anomaly_flag,predicted_anomaly,anomaly_score,anomaly_prediction_correct
ES-002426,2026-02-01,Livelihood Recovery Initiative,Livelihoods,Borno,Bama,Bama Site 4,0.645,4,4,45,1,1,0.046976236973742536,True
ES-001082,2026-02-01,Community Resilience Programme,Protection/Resilience,Borno,Ngala,Ngala Site 4,0.5929,8,3,6,0,0,-0.16884412182023834,True
ES-000794,2026-02-01,Community Resilience Programme,Protection/Resilience,Borno,Bama,Bama Site 1,0.7083,7,4,7,0,0,-0.2062491313342375,True
ES-005114,2026-02-01,Nutrition Support Programme,Nutrition,Borno,Konduga,Konduga Site 4,0.7184,5,0,13,0,0,-0.07630355236654474,True
ES-005978,2026-02-01,Nutrition Support Programme,Nutrition,Borno,Gwoza,Gwoza Site 1,0.6679,3,1,5,0,0,-0.19100162527184478,True
ES-001210,2026-02-01,Community Resilience Programme,Protection/Resilience,Borno,Dikwa,Dikwa Site 2,0.7919,7,5,4,0,0,-0.18287919744986664,True
ES-001114,2026-02-01,Community Resilience Programme,Protection/Resilience,Borno,Ngala,Ngala Site 5,0.6941,7,5,5,0,0,-0.1953197426024657,True
ES-004954,2026-02-01,Nutrition Support Programme,Nutrition,Borno,Jere,Jere Site 5,0.7222,6,0,4,0,0,-0.15928085142051202,True
ES-002778,2026-02-01,Livelihood Recovery Initiative,Livelihoods,Borno,Dikwa,Dikwa Site 3,0.6723,9,5,1,0,0,-0.1191192243785591,True
ES-001498,2026-02-01,Community Resilience Programme,Protection/Resilience,Borno,Gwoza,Gwoza Site 5,0.7436,1,7,7,0,0,-0.10050845290336263,True
ES-002970,2026-02-01,Livelihood Recovery Initiative,Livelihoods,Borno,Gwoza,Gwoza Site 3,0.6978,11,4,9,0,0,-0.11245714188615036,True
ES-003610,2026-02-01,Education Access Project,Education,Borno,Konduga,Konduga Site 5,0.568,4,5,7,0,0,-0.15230583129656855,True
ES-002458,2026-02-01,Livelihood Recovery Initiative,Livelihoods,Borno,Bama,Bama Site 5,0.7126,6,5,5,0,0,-0.2054260053056683,True
ES-001434,2026-02-01,Community Resilience Programme,Protection/Resilience,Borno,Gwoza,Gwoza Site 3,0.8286,4,3,5,0,0,-0.20840366800257937,True
ES-007674,2026-02-01,WASH Resilience Initiative,WASH,Borno,Gwoza,Gwoza Site 6,0.5307,2,6,7,0,0,-0.06639379404956769,True
ES-007194,2026-02-01,WASH Resilience Initiative,WASH,Borno,Ngala,Ngala Site 3,0.6348,2,2,3,0,0,-0.16840484226434815,True
ES-003674,2026-02-01,Education Access Project,Education,Borno,Mafa,Mafa Site 1,0.7418,0,2,6,0,0,-0.14020734006573143,True
ES-005946,2026-02-01,Nutrition Support Programme,Nutrition,Borno,Dikwa,Dikwa Site 6,0.8011,5,2,1,0,0,-0.1692746517744646,True
ES-005242,2026-02-01,Nutrition Support Programme,Nutrition,Borno,Mafa,Mafa Site 2,0.8092,2,1,2,0,0,-0.1516849062339321,True
ES-002490,2026-02-01,Livelihood Recovery Initiative,Livelihoods,Borno,Bama,Bama Site 6,0.562,8,2,9,0,0,-0.1126067925586256,True
ES-003642,2026-02-01,Education Access Project,Education,Borno,Konduga,Konduga Site 6,0.779,4,3,2,0,0,-0.20163856173930828,True
ES-007642,2026-02-01,WASH Resilience Initiative,WASH,Borno,Gwoza,Gwoza Site 5,0.6277,4,3,4,0,0,-0.20363107214656612,True
ES-005018,2026-02-01,Nutrition Support Programme,Nutrition,Borno,Konduga,Konduga Site 1,0.7276,3,5,2,0,0,-0.17794627333728785,True
ES-002714,2026-02-01,Livelihood Recovery Initiative,Livelihoods,Borno,Dikwa,Dikwa Site 1,0.8146,3,1,5,0,0,-0.1913882830499174,True
ES-005914,2026-02-01,Nutrition Support Programme,Nutrition,Borno,Dikwa,Dikwa Site 5,0.8998,5,3,3,0,0,-0.15324223774767692,True
ES-002746,2026-02-01,Livelihood Recovery Initiative,Livelihoods,Borno,Dikwa,Dikwa Site 2,0.602,8,4,4,0,0,-0.17389819756703812,True
ES-005306,2026-02-01,Nutrition Support Programme,Nutrition,Borno,Mafa,Mafa Site 4,0.7587,5,3,2,0,0,-0.2042036209224694,True
ES-001402,2026-02-01,Community Resilience Programme,Protection/Resilience,Borno,Gwoza,Gwoza Site 2,0.7172,2,2,1,0,0,-0.15856507877277065,True
ES-002938,2026-02-01,Livelihood Recovery Initiative,Livelihoods,Borno,Gwoza,Gwoza Site 2,0.6933,6,4,3,0,0,-0.2126606786894375,True
ES-000122,2026-02-01,Community Resilience Programme,Protection/Resilience,Borno,Maiduguri,Maiduguri Site 4,0.8777,7,3,6,0,0,-0.15703218748400966,True
ES-007514,2026-02-01,WASH Resilience Initiative,WASH,Borno,Gwoza,Gwoza Site 1,0.6544,8,2,6,0,0,-0.19142016240076287,True
ES-006522,2026-02-01,WASH Resilience Initiative,WASH,Borno,Jere,Jere Site 6,0.8225,6,2,6,0,0,-0.2016733949602757,True
ES-000762,2026-02-01,Community Resilience Programme,Protection/Resilience,Borno,Mafa,Mafa Site 6,0.6571,8,3,7,0,0,-0.19172646258174358,True
ES-004090,2026-02-01,Education Access Project,Education,Borno,Ngala,Ngala Site 2,0.6475,6,1,4,0,0,-0.19120871765167108,True
ES-003834,2026-02-01,Education Access Project,Education,Borno,Mafa,Mafa Site 6,0.7778,3,4,4,0,0,-0.20858069137797586,True
ES-004986,2026-02-01,Nutrition Support Programme,Nutrition,Borno,Jere,Jere Site 6,0.6877,12,4,6,0,0,-0.12168725219631393,True
ES-001018,2026-02-01,Community Resilience Programme,Protection/Resilience,Borno,Ngala,Ngala Site 2,0.7459,4,3,6,0,0,-0.22548498344146062,True
ES-001306,2026-02-01,Community Resilience Programme,Protection/Resilience,Borno,Dikwa,Dikwa Site 5,0.6,7,3,4,0,0,-0.18704694460767418,True
ES-007482,2026-02-01,WASH Resilience Initiative,WASH,Borno,Dikwa,Dikwa Site 6,0.6687,3,3,3,0,0,-0.2038358100150291,True
ES-000730,2026-02-01,Community Resilience Programme,Protection/Resilience,Borno,Mafa,Mafa Site 5,0.7571,8,5,7,0,0,-0.16675675994510475,True
ES-006362,2026-02-01,WASH Resilience Initiative,WASH,Borno,Jere,Jere Site 1,0.7947,2,4,5,0,0,-0.19264260876875833,True
ES-005274,2026-02-01,Nutrition Support Programme,Nutrition,Borno,Mafa,Mafa Site 3,0.7326,4,3,2,0,0,-0.20596641948681083,True
ES-007578,2026-02-01,WASH Resilience Initiative,WASH,Borno,Gwoza,Gwoza Site 3,0.6957,7,2,7,0,0,-0.205211421228373,True
ES-005818,2026-02-01,Nutrition Support Programme,Nutrition,Borno,Dikwa,Dikwa Site 2,0.8772,4,2,1,0,0,-0.13092679679011754,True
ES-002810,2026-02-01,Livelihood Recovery Initiative,Livelihoods,Borno,Dikwa,Dikwa Site 4,0.7349,3,0,3,0,0,-0.14792664835799046,True
ES-006746,2026-02-01,WASH Resilience Initiative,WASH,Borno,Mafa,Mafa Site 1,0.7347,2,2,10,0,0,-0.1556466670719845,True
ES-005882,2026-02-01,Nutrition Support Programme,Nutrition,Borno,Dikwa,Dikwa Site 4,0.8116,3,4,5,0,0,-0.2048130089389924,True
ES-001466,2026-02-01,Community Resilience Programme,Protection/Resilience,Borno,Gwoza,Gwoza Site 4,0.7774,3,3,4,0,0,-0.2142685916297835,True
ES-002842,2026-02-01,Livelihood Recovery Initiative,Livelihoods,Borno,Dikwa,Dikwa Site 5,0.742,4,2,7,0,0,-0.21536892116457318,True
ES-007546,2026-02-01,WASH Resilience Initiative,WASH,Borno,Gwoza,Gwoza Site 2,0.7201,3,3,5,0,0,-0.21951053396349945,True
ES-000186,2026-02-01,Community Resilience Programme,Protection/Resilience,Borno,Maiduguri,Maiduguri Site 6,0.692,8,3,5,0,0,-0.2034173809744867,True
ES-001146,2026-02-01,Community Resilience Programme,Protection/Resilience,Borno,Ngala,Ngala Site 6,0.7184,8,4,10,0,0,-0.15456096610136827,True
ES-002874,2026-02-01,Livelihood Recovery Initiative,Livelihoods,Borno,Dikwa,Dikwa Site 6,0.6712,2,3,4,0,0,-0.19890844765183763,True
ES-003546,2026-02-01,Education Access Project,Education,Borno,Konduga,Konduga Site 3,0.7069,4,4,8,0,0,-0.20574134151261225,True
ES-005850,2026-02-01,Nutrition Support Programme,Nutrition,Borno,Dikwa,Dikwa Site 3,0.728,6,2,7,0,0,-0.21519682885124575,True
ES-002906,2026-02-01,Livelihood Recovery Initiative,Livelihoods,Borno,Gwoza,Gwoza Site 1,0.6503,11,1,2,0,0,-0.08573929595713065,True
ES-003514,2026-02-01,Education Access Project,Education,Borno,Konduga,Konduga Site 2,0.7587,8,2,2,0,0,-0.17338110188326927,True
ES-003578,2026-02-01,Education Access Project,Education,Borno,Konduga,Konduga Site 4,0.6155,3,4,4,0,0,-0.1843817847028812,True
ES-007610,2026-02-01,WASH Resilience Initiative,WASH,Borno,Gwoza,Gwoza Site 4,0.5726,5,6,10,0,0,-0.09483115002284737,True
ES-002234,2026-02-01,Livelihood Recovery Initiative,Livelihoods,Borno,Mafa,Mafa Site 4,0.6573,2,3,8,0,0,-0.1802371941074427,True
ES-000698,2026-02-01,Community Resilience Programme,Protection/Resilience,Borno,Mafa,Mafa Site 4,0.7721,3,2,12,0,0,-0.12898620411902617,True
ES-000378,2026-02-01,Community Resilience Programme,Protection/Resilience,Borno,Jere,Jere Site 6,0.7676,5,3,10,0,0,-0.18105879475244735,True
ES-006906,2026-02-01,WASH Resilience Initiative,WASH,Borno,Mafa,Mafa Site 6,0.7762,4,0,6,0,0,-0.16406034962713884,True
ES-005594,2026-02-01,Nutrition Support Programme,Nutrition,Borno,Ngala,Ngala Site 1,0.7979,6,3,3,0,0,-0.20979177514378877,True
ES-004474,2026-02-01,Education Access Project,Education,Borno,Gwoza,Gwoza Site 2,0.595,9,3,13,0,0,-0.05882906333164406,True
ES-001690,2026-02-01,Livelihood Recovery Initiative,Livelihoods,Borno,Maiduguri,Maiduguri Site 5,0.8065,4,4,4,0,0,-0.20948038782061795,True
ES-003994,2026-02-01,Education Access Project,Education,Borno,Bama,Bama Site 5,0.7705,3,2,7,0,0,-0.2078573089889202,True
ES-000570,2026-02-01,Community Resilience Programme,Protection/Resilience,Borno,Konduga,Konduga Site 6,0.8296,9,5,5,0,0,-0.139732531996011,True
ES-005626,2026-02-01,Nutrition Support Programme,Nutrition,Borno,Ngala,Ngala Site 2,0.6261,8,5,4,0,0,-0.16792623983161625,True
ES-005690,2026-02-01,Nutrition Support Programme,Nutrition,Borno,Ngala,Ngala Site 4,0.6987,5,2,7,0,0,-0.21526140880947797,True
ES-005658,2026-02-01,Nutrition Support Programme,Nutrition,Borno,Ngala,Ngala Site 3,0.789,7,0,4,0,0,-0.1461978915348635,True
ES-004858,2026-02-01,Nutrition Support Programme,Nutrition,Borno,Jere,Jere Site 2,0.7293,6,5,10,0,0,-0.1625329408759778,True
ES-002650,2026-02-01,Livelihood Recovery Initiative,Livelihoods,Borno,Ngala,Ngala Site 5,0.7839,3,33,5,1,1,0.04965650011392986,True
ES-002522,2026-02-01,Livelihood Recovery Initiative,Livelihoods,Borno,Ngala,Ngala Site 1,0.6235,5,6,7,0,0,-0.1611448155974589,True
ES-000154,2026-02-01,Community Resilience Programme,Protection/Resilience,Borno,Maiduguri,Maiduguri Site 5,0.8285,1,5,3,0,0,-0.13449342621617855,True
ES-004378,2026-02-01,Education Access Project,Education,Borno,Dikwa,Dikwa Site 5,0.6898,7,5,1,0,0,-0.15079816172887817,True
ES-005402,2026-02-01,Nutrition Support Programme,Nutrition,Borno,Bama,Bama Site 1,0.6258,4,3,0,0,0,-0.12727826230504913,True
ES-001562,2026-02-01,Livelihood Recovery Initiative,Livelihoods,Borno,Maiduguri,Maiduguri Site 1,0.7626,7,3,8,0,0,-0.19759250498127545,True
ES-004314,2026-02-01,Education Access Project,Education,Borno,Dikwa,Dikwa Site 3,0.792,2,3,5,0,0,-0.20017053518393124,True
ES-006938,2026-02-01,WASH Resilience Initiative,WASH,Borno,Bama,Bama Site 1,0.5895,5,4,5,0,0,-0.18554809611888295,True
ES-000474,2026-02-01,Community Resilience Programme,Protection/Resilience,Borno,Konduga,Konduga Site 3,0.8853,1,2,5,0,0,-0.132618298209412,True
ES-001722,2026-02-01,Livelihood Recovery Initiative,Livelihoods,Borno,Maiduguri,Maiduguri Site 6,0.7367,9,2,7,0,0,-0.17884069871281721,True
ES-004410,2026-02-01,Education Access Project,Education,Borno,Dikwa,Dikwa Site 6,0.7081,3,4,3,0,0,-0.2042048352354221,True
ES-002682,2026-02-01,Livelihood Recovery Initiative,Livelihoods,Borno,Ngala,Ngala Site 6,0.7196,6,6,7,0,0,-0.1762116540925313,True
ES-007258,2026-02-01,WASH Resilience Initiative,WASH,Borno,Ngala,Ngala Site 5,0.6285,3,2,10,0,0,-0.1444238983965554,True
ES-002266,2026-02-01,Livelihood Recovery Initiative,Livelihoods,Borno,Mafa,Mafa Site 5,0.6127,11,4,2,0,0,-0.08935677213739446,True
ES-004058,2026-02-01,Education Access Project,Education,Borno,Ngala,Ngala Site 1,0.6429,9,5,6,0,0,-0.15919527827167718,True
ES-004506,2026-02-01,Education Access Project,Education,Borno,Gwoza,Gwoza Site 3,0.6413,3,1,4,0,0,-0.17729815498195972,True
ES-006874,2026-02-01,WASH Resilience Initiative,WASH,Borno,Mafa,Mafa Site 5,0.6906,6,3,9,0,0,-0.19742792319404834,True
ES-002618,2026-02-01,Livelihood Recovery Initiative,Livelihoods,Borno,Ngala,Ngala Site 4,0.6229,4,6,4,0,0,-0.1623526470963349,True
ES-004442,2026-02-01,Education Access Project,Education,Borno,Gwoza,Gwoza Site 1,0.6271,4,2,6,0,0,-0.19900012536891826,True
ES-002170,2026-02-01,Livelihood Recovery Initiative,Livelihoods,Borno,Mafa,Mafa Site 2,0.6437,7,4,3,0,0,-0.19228327623952834,True
ES-007418,2026-02-01,WASH Resilience Initiative,WASH,Borno,Dikwa,Dikwa Site 4,0.7646,5,3,5,0,0,-0.2245234093770203,True
ES-000538,2026-02-01,Community Resilience Programme,Protection/Resilience,Borno,Konduga,Konduga Site 5,0.762,10,3,5,0,0,-0.16906006713613814,True
ES-000858,2026-02-01,Community Resilience Programme,Protection/Resilience,Borno,Bama,Bama Site 3,0.7573,5,0,6,0,0,-0.17020635468979944,True
ES-001178,2026-02-01,Community Resilience Programme,Protection/Resilience,Borno,Dikwa,Dikwa Site 1,0.742,8,2,3,0,0,-0.18581833854893393,True
ES-007162,2026-02-01,WASH Resilience Initiative,WASH,Borno,Ngala,Ngala Site 2,0.7174,3,4,3,0,0,-0.20647029721809135,True
ES-000442,2026-02-01,Community Resilience Programme,Protection/Resilience,Borno,Konduga,Konduga Site 2,0.7504,3,6,3,0,0,-0.16722882798192856,True
ES-000410,2026-02-01,Community Resilience Programme,Protection/Resilience,Borno,Konduga,Konduga Site 1,0.8298,3,1,1,0,0,-0.1381440862387508,True
ES-004026,2026-02-01,Education Access Project,Education,Borno,Bama,Bama Site 6,0.7194,2,2,8,0,0,-0.1846277862605361,True
ES-004282,2026-02-01,Education Access Project,Education,Borno,Dikwa,Dikwa Site 2,0.735,8,3,7,0,0,-0.19620547111411007,True
ES-001626,2026-02-01,Livelihood Recovery Initiative,Livelihoods,Borno,Maiduguri,Maiduguri Site 3,0.8576,8,3,6,0,0,-0.15895027463065203,True
ES-002202,2026-02-01,Livelihood Recovery Initiative,Livelihoods,Borno,Mafa,Mafa Site 3,0.65,6,5,2,0,0,-0.17118890097497097,True
ES-002298,2026-02-01,Livelihood Recovery Initiative,Livelihoods,Borno,Mafa,Mafa Site 6,0.7355,8,7,3,0,0,-0.11409355043023461,True
ES-005754,2026-02-01,Nutrition Support Programme,Nutrition,Borno,Ngala,Ngala Site 6,0.758,3,1,3,0,0,-0.19173802179457683,True
ES-004698,2026-02-01,Nutrition Support Programme,Nutrition,Borno,Maiduguri,Maiduguri Site 3,0.8928,5,1,3,0,0,-0.1409246579025315,True
ES-004250,2026-02-01,Education Access Project,Education,Borno,Dikwa,Dikwa Site 1,0.6686,3,4,4,0,0,-0.20723135280250304,True
ES-002586,2026-02-01,Livelihood Recovery Initiative,Livelihoods,Borno,Ngala,Ngala Site 3,0.7504,5,2,8,0,0,-0.20417391694741005,True
ES-004762,2026-02-01,Nutrition Support Programme,Nutrition,Borno,Maiduguri,Maiduguri Site 5,0.6636,5,4,6,0,0,-0.21763864893420787,True
ES-001658,2026-02-01,Livelihood Recovery Initiative,Livelihoods,Borno,Maiduguri,Maiduguri Site 4,0.862,6,2,8,0,0,-0.16057506777756836,True
ES-006714,2026-02-01,WASH Resilience Initiative,WASH,Borno,Konduga,Konduga Site 6,0.5985,4,2,4,0,0,-0.18073657367248142,True
ES-000506,2026-02-01,Community Resilience Programme,Protection/Resilience,Borno,Konduga,Konduga Site 4,0.6508,3,3,5,0,0,-0.20767569490407378,True
ES-001594,2026-02-01,Livelihood Recovery Initiative,Livelihoods,Borno,Maiduguri,Maiduguri Site 2,0.6356,10,4,7,0,0,-0.14644040026254918,True
ES-004730,2026-02-01,Nutrition Support Programme,Nutrition,Borno,Maiduguri,Maiduguri Site 4,0.7848,7,0,6,0,0,-0.1502003618551791,True
ES-004794,2026-02-01,Nutrition Support Programme,Nutrition,Borno,Maiduguri,Maiduguri Site 6,0.7924,9,2,9,0,0,-0.1465295276324874,True
ES-004346,2026-02-01,Education Access Project,Education,Borno,Dikwa,Dikwa Site 4,0.6348,3,1,4,0,0,-0.17378925454725175,True
ES-005722,2026-02-01,Nutrition Support Programme,Nutrition,Borno,Ngala,Ngala Site 5,0.8289,10,2,6,0,0,-0.14723406760792634,True
ES-005082,2026-02-01,Nutrition Support Programme,Nutrition,Borno,Konduga,Konduga Site 3,0.8334,1,6,5,0,0,-0.11550163540018854,True
ES-006234,2026-02-01,WASH Resilience Initiative,WASH,Borno,Maiduguri,Maiduguri Site 3,0.8772,6,5,3,0,0,-0.14429241480668586,True
ES-001274,2026-02-01,Community Resilience Programme,Protection/Resilience,Borno,Dikwa,Dikwa Site 4,0.6724,5,3,3,0,0,-0.21380145933926475,True
ES-006074,2026-02-01,Nutrition Support Programme,Nutrition,Borno,Gwoza,Gwoza Site 4,0.6297,11,3,2,0,0,-0.09485409815599405,True
ES-003098,2026-02-01,Education Access Project,Education,Borno,Maiduguri,Maiduguri Site 1,0.6461,4,6,9,0,0,-0.14388157847118832,True
ES-003450,2026-02-01,Education Access Project,Education,Borno,Jere,Jere Site 6,0.8558,3,1,6,0,0,-0.16953007267576675,True
ES-004634,2026-02-01,Nutrition Support Programme,Nutrition,Borno,Maiduguri,Maiduguri Site 1,0.6856,5,3,2,0,0,-0.20300998716878943,True
ES-004538,2026-02-01,Education Access Project,Education,Borno,Gwoza,Gwoza Site 4,0.7538,1,2,2,0,0,-0.1578333191203236,True
ES-003930,2026-02-01,Education Access Project,Education,Borno,Bama,Bama Site 3,0.6507,7,4,9,0,0,-0.173991462460809,True
ES-001914,2026-02-01,Livelihood Recovery Initiative,Livelihoods,Borno,Jere,Jere Site 6,0.7744,4,3,2,0,0,-0.2025176759652479,True
ES-006330,2026-02-01,WASH Resilience Initiative,WASH,Borno,Maiduguri,Maiduguri Site 6,0.7848,4,2,7,0,0,-0.20992854515528409,True
ES-005466,2026-02-01,Nutrition Support Programme,Nutrition,Borno,Bama,Bama Site 3,0.7348,5,4,3,0,0,-0.21228328091022874,True
ES-001946,2026-02-01,Livelihood Recovery Initiative,Livelihoods,Borno,Konduga,Konduga Site 1,0.786,7,3,2,0,0,-0.1869602811364533,True
ES-007034,2026-02-01,WASH Resilience Initiative,WASH,Borno,Bama,Bama Site 4,0.7249,6,3,5,0,0,-0.22427644714663048,True
ES-007098,2026-02-01,WASH Resilience Initiative,WASH,Borno,Bama,Bama Site 6,0.7281,9,3,4,0,0,-0.1885003197940941,True
ES-005498,2026-02-01,Nutrition Support Programme,Nutrition,Borno,Bama,Bama Site 4,0.7469,6,6,8,0,0,-0.16393066465309647,True
ES-005050,2026-02-01,Nutrition Support Programme,Nutrition,Borno,Konduga,Konduga Site 2,0.7763,11,4,5,0,0,-0.12849484576488918,True
ES-003066,2026-02-01,Livelihood Recovery Initiative,Livelihoods,Borno,Gwoza,Gwoza Site 6,0.6395,12,3,4,0,0,-0.11287045147311509,True
ES-003290,2026-02-01,Education Access Project,Education,Borno,Jere,Jere Site 1,0.7766,3,1,0,0,0,-0.1211895441583527,True
ES-000922,2026-02-01,Community Resilience Programme,Protection/Resilience,Borno,Bama,Bama Site 5,0.7663,9,2,5,0,0,-0.18229226347642774,True
ES-000282,2026-02-01,Community Resilience Programme,Protection/Resilience,Borno,Jere,Jere Site 3,0.7066,4,5,14,0,0,-0.09966248139014677,True
ES-006170,2026-02-01,WASH Resilience Initiative,WASH,Borno,Maiduguri,Maiduguri Site 1,0.7655,10,1,1,0,0,-0.10506915219637475,True
ES-007290,2026-02-01,WASH Resilience Initiative,WASH,Borno,Ngala,Ngala Site 6,0.5243,6,3,5,0,0,-0.14106784544836176,True
ES-001978,2026-02-01,Livelihood Recovery Initiative,Livelihoods,Borno,Konduga,Konduga Site 2,0.6751,5,5,5,0,0,-0.208502491386244,True
ES-007066,2026-02-01,WASH Resilience Initiative,WASH,Borno,Bama,Bama Site 5,0.7655,7,3,9,0,0,-0.18497788181992336,True
ES-002010,2026-02-01,Livelihood Recovery Initiative,Livelihoods,Borno,Konduga,Konduga Site 3,0.7317,8,1,3,0,0,-0.16994042174389445,True
ES-000314,2026-02-01,Community Resilience Programme,Protection/Resilience,Borno,Jere,Jere Site 4,0.8247,4,3,6,0,0,-0.20824232757438882,True
ES-007386,2026-02-01,WASH Resilience Initiative,WASH,Borno,Dikwa,Dikwa Site 3,0.7727,3,2,13,0,0,-0.11668733317164748,True
ES-003322,2026-02-01,Education Access Project,Education,Borno,Jere,Jere Site 2,0.724,7,3,4,0,0,-0.21479709301153566,True
ES-007322,2026-02-01,WASH Resilience Initiative,WASH,Borno,Dikwa,Dikwa Site 1,0.7426,4,3,9,0,0,-0.2003522540568019,True
ES-003898,2026-02-01,Education Access Project,Education,Borno,Bama,Bama Site 2,0.641,5,7,1,0,0,-0.0984495077564233,True
ES-004602,2026-02-01,Education Access Project,Education,Borno,Gwoza,Gwoza Site 6,0.6385,4,4,7,0,0,-0.1979138514765459,True
ES-002106,2026-02-01,Livelihood Recovery Initiative,Livelihoods,Borno,Konduga,Konduga Site 6,0.7621,3,7,5,0,0,-0.14589898627099412,True
ES-003866,2026-02-01,Education Access Project,Education,Borno,Bama,Bama Site 1,0.6873,4,2,7,0,0,-0.2136092213430132,True
ES-000346,2026-02-01,Community Resilience Programme,Protection/Resilience,Borno,Jere,Jere Site 5,0.774,3,2,6,0,0,-0.21361874663039937,True
ES-004826,2026-02-01,Nutrition Support Programme,Nutrition,Borno,Jere,Jere Site 1,0.6975,2,8,8,0,0,-0.09259935047779655,True
ES-002138,2026-02-01,Livelihood Recovery Initiative,Livelihoods,Borno,Mafa,Mafa Site 1,0.5252,6,1,5,0,0,-0.12157214846454334,True
ES-005434,2026-02-01,Nutrition Support Programme,Nutrition,Borno,Bama,Bama Site 2,0.8341,1,2,7,0,0,-0.14393809284792158,True
ES-000666,2026-02-01,Community Resilience Programme,Protection/Resilience,Borno,Mafa,Mafa Site 3,0.8349,5,4,5,0,0,-0.19602713625449047,True
ES-000058,2026-02-01,Community Resilience Programme,Protection/Resilience,Borno,Maiduguri,Maiduguri Site 2,0.8009,4,1,6,0,0,-0.1999714144068272,True
ES-001754,2026-02-01,Livelihood Recovery Initiative,Livelihoods,Borno,Jere,Jere Site 1,0.6516,10,2,7,0,0,-0.1533082670035561,True
ES-006842,2026-02-01,WASH Resilience Initiative,WASH,Borno,Mafa,Mafa Site 4,0.7496,7,2,3,0,0,-0.2017152616490978,True
ES-004922,2026-02-01,Nutrition Support Programme,Nutrition,Borno,Jere,Jere Site 4,0.6809,8,3,6,0,0,-0.20251491071205163,True
ES-003418,2026-02-01,Education Access Project,Education,Borno,Jere,Jere Site 5,0.7171,5,4,7,0,0,-0.21627876541809715,True
ES-003482,2026-02-01,Education Access Project,Education,Borno,Konduga,Konduga Site 1,0.9343,3,3,9,0,0,-0.0879866619780908,True
ES-000218,2026-02-01,Community Resilience Programme,Protection/Resilience,Borno,Jere,Jere Site 1,0.7633,5,4,5,0,0,-0.2199687073967148,True
ES-005562,2026-02-01,Nutrition Support Programme,Nutrition,Borno,Bama,Bama Site 6,0.8767,3,2,6,0,0,-0.1735187710979516,True
ES-004666,2026-02-01,Nutrition Support Programme,Nutrition,Borno,Maiduguri,Maiduguri Site 2,0.8056,3,1,6,0,0,-0.19381053101748058,True
ES-003002,2026-02-01,Livelihood Recovery Initiative,Livelihoods,Borno,Gwoza,Gwoza Site 4,0.6685,7,5,3,0,0,-0.18360904501811698,True
ES-001530,2026-02-01,Community Resilience Programme,Protection/Resilience,Borno,Gwoza,Gwoza Site 6,0.6639,10,7,3,0,0,-0.08399316987213812,True
ES-005338,2026-02-01,Nutrition Support Programme,Nutrition,Borno,Mafa,Mafa Site 5,0.7411,3,3,4,0,0,-0.21779278902424937,True
ES-006970,2026-02-01,WASH Resilience Initiative,WASH,Borno,Bama,Bama Site 2,0.5988,4,2,5,0,0,-0.18431544589654275,True
ES-007450,2026-02-01,WASH Resilience Initiative,WASH,Borno,Dikwa,Dikwa Site 5,0.8251,4,4,9,0,0,-0.16835329839890656,True
ES-006682,2026-02-01,WASH Resilience Initiative,WASH,Borno,Konduga,Konduga Site 5,0.552,6,5,8,0,0,-0.12713147409599956,True
ES-000026,2026-02-01,Community Resilience Programme,Protection/Resilience,Borno,Maiduguri,Maiduguri Site 1,0.9307,0,1,4,0,0,-0.04447031786254052,True
ES-007130,2026-02-01,WASH Resilience Initiative,WASH,Borno,Ngala,Ngala Site 1,0.8132,2,4,5,0,0,-0.1900905946747352,True
ES-000602,2026-02-01,Community Resilience Programme,Protection/Resilience,Borno,Mafa,Mafa Site 1,0.8353,3,1,6,0,0,-0.1810606115515186,True
ES-003034,2026-02-01,Livelihood Recovery Initiative,Livelihoods,Borno,Gwoza,Gwoza Site 5,0.7154,3,2,6,0,0,-0.2148566342851263,True
ES-000890,2026-02-01,Community Resilience Programme,Protection/Resilience,Borno,Bama,Bama Site 4,0.6999,4,3,6,0,0,-0.22541450554647258,True
ES-005786,2026-02-01,Nutrition Support Programme,Nutrition,Borno,Dikwa,Dikwa Site 1,0.7634,5,3,2,0,0,-0.20461027864352238,True
ES-000826,2026-02-01,Community Resilience Programme,Protection/Resilience,Borno,Bama,Bama Site 2,0.7076,1,1,6,0,0,-0.15624723358800274,True
ES-006202,2026-02-01,WASH Resilience Initiative,WASH,Borno,Maiduguri,Maiduguri Site 2,0.5587,5,6,4,0,0,-0.12849002458033404,True
ES-003386,2026-02-01,Education Access Project,Education,Borno,Jere,Jere Site 4,0.8256,5,4,5,0,0,-0.20152149884667503,True
ES-006298,2026-02-01,WASH Resilience Initiative,WASH,Borno,Maiduguri,Maiduguri Site 5,0.7157,5,1,4,0,0,-0.20680167416159317,True
ES-003962,2026-02-01,Education Access Project,Education,Borno,Bama,Bama Site 4,0.6507,4,1,5,0,0,-0.19168532704624475,True
ES-006426,2026-02-01,WASH Resilience Initiative,WASH,Borno,Jere,Jere Site 3,0.795,3,4,3,0,0,-0.19813497484069503,True
ES-001050,2026-02-01,Community Resilience Programme,Protection/Resilience,Borno,Ngala,Ngala Site 3,0.9888,2,1,2,0,0,-0.044432835858999264,True
ES-002330,2026-02-01,Livelihood Recovery Initiative,Livelihoods,Borno,Bama,Bama Site 1,0.5885,8,4,4,0,0,-0.16457685899657976,True
ES-003738,2026-02-01,Education Access Project,Education,Borno,Mafa,Mafa Site 3,0.3054,6,3,4,1,0,-0.03529872024063585,False
ES-005210,2026-02-01,Nutrition Support Programme,Nutrition,Borno,Mafa,Mafa Site 1,0.7425,3,5,5,0,0,-0.20098709752786875,True
ES-002362,2026-02-01,Livelihood Recovery Initiative,Livelihoods,Borno,Bama,Bama Site 2,0.7509,4,3,10,0,0,-0.18424790010413217,True
ES-006394,2026-02-01,WASH Resilience Initiative,WASH,Borno,Jere,Jere Site 2,0.7534,7,3,2,0,0,-0.19087489719478068,True
ES-000954,2026-02-01,Community Resilience Programme,Protection/Resilience,Borno,Bama,Bama Site 6,0.7536,2,9,8,0,0,-0.07517435836677655,True
ES-002394,2026-02-01,Livelihood Recovery Initiative,Livelihoods,Borno,Bama,Bama Site 3,0.6953,7,3,7,0,0,-0.20919738319321712,True
ES-001370,2026-02-01,Community Resilience Programme,Protection/Resilience,Borno,Gwoza,Gwoza Site 1,0.6237,6,8,9,0,0,-0.08051171163606896,True
ES-006810,2026-02-01,WASH Resilience Initiative,WASH,Borno,Mafa,Mafa Site 3,0.7088,8,3,5,0,0,-0.20477528614994167,True
ES-003706,2026-02-01,Education Access Project,Education,Borno,Mafa,Mafa Site 2,0.6622,9,2,2,0,0,-0.15239065166147547,True
ES-006490,2026-02-01,WASH Resilience Initiative,WASH,Borno,Jere,Jere Site 5,0.6934,5,4,4,0,0,-0.2225184312247206,True
ES-004122,2026-02-01,Education Access Project,Education,Borno,Ngala,Ngala Site 3,0.742,1,3,7,0,0,-0.16682228281433586,True
ES-000986,2026-02-01,Community Resilience Programme,Protection/Resilience,Borno,Ngala,Ngala Site 1,0.8628,5,1,2,0,0,-0.146176414469331,True
ES-001242,2026-02-01,Community Resilience Programme,Protection/Resilience,Borno,Dikwa,Dikwa Site 3,0.6799,8,2,7,0,0,-0.1900972121347031,True
ES-006586,2026-02-01,WASH Resilience Initiative,WASH,Borno,Konduga,Konduga Site 2,0.6873,2,6,11,0,0,-0.09157947543436656,True
ES-003162,2026-02-01,Education Access Project,Education,Borno,Maiduguri,Maiduguri Site 3,0.7626,5,2,7,0,0,-0.21548687921274395,True
ES-003194,2026-02-01,Education Access Project,Education,Borno,Maiduguri,Maiduguri Site 4,0.7195,3,5,8,0,0,-0.18587058540739076,True
ES-006106,2026-02-01,Nutrition Support Programme,Nutrition,Borno,Gwoza,Gwoza Site 5,0.6782,10,3,8,0,0,-0.15458574919583384,True
ES-006138,2026-02-01,Nutrition Support Programme,Nutrition,Borno,Gwoza,Gwoza Site 6,0.7343,3,0,8,0,0,-0.13936842730633064,True
ES-003226,2026-02-01,Education Access Project,Education,Borno,Maiduguri,Maiduguri Site 5,0.6598,6,2,9,0,0,-0.18446344249058166,True
ES-003130,2026-02-01,Education Access Project,Education,Borno,Maiduguri,Maiduguri Site 2,0.6917,4,1,7,0,0,-0.19740845959043518,True
ES-000090,2026-02-01,Community Resilience Programme,Protection/Resilience,Borno,Maiduguri,Maiduguri Site 3,0.7815,5,0,5,0,0,-0.16591192644776476,True
ES-006554,2026-02-01,WASH Resilience Initiative,WASH,Borno,Konduga,Konduga Site 1,0.7668,7,3,7,0,0,-0.20737441328075495,True
ES-005146,2026-02-01,Nutrition Support Programme,Nutrition,Borno,Konduga,Konduga Site 5,0.8422,5,4,3,0,0,-0.18362140337234922,True
ES-001818,2026-02-01,Livelihood Recovery Initiative,Livelihoods,Borno,Jere,Jere Site 3,0.7279,5,5,7,0,0,-0.20296147242404244,True
ES-006618,2026-02-01,WASH Resilience Initiative,WASH,Borno,Konduga,Konduga Site 3,0.6669,5,3,4,0,0,-0.2217923625312927,True
ES-006010,2026-02-01,Nutrition Support Programme,Nutrition,Borno,Gwoza,Gwoza Site 2,0.7555,6,8,5,0,0,-0.12246847148036283,True
ES-003258,2026-02-01,Education Access Project,Education,Borno,Maiduguri,Maiduguri Site 6,0.8039,5,1,3,0,0,-0.1928074388505674,True
ES-003354,2026-02-01,Education Access Project,Education,Borno,Jere,Jere Site 3,0.6784,6,6,1,0,0,-0.13752312435966896,True
ES-007002,2026-02-01,WASH Resilience Initiative,WASH,Borno,Bama,Bama Site 3,0.6984,1,6,5,0,0,-0.13969449359116454,True
ES-007226,2026-02-01,WASH Resilience Initiative,WASH,Borno,Ngala,Ngala Site 4,0.7129,5,2,9,0,0,-0.19507409259352404,True
ES-005530,2026-02-01,Nutrition Support Programme,Nutrition,Borno,Bama,Bama Site 5,0.8022,4,4,5,0,0,-0.2106428787285768,True
ES-002042,2026-02-01,Livelihood Recovery Initiative,Livelihoods,Borno,Konduga,Konduga Site 4,0.7523,4,4,3,0,0,-0.21062374143126528,True
ES-007354,2026-02-01,WASH Resilience Initiative,WASH,Borno,Dikwa,Dikwa Site 2,0.6801,5,8,1,0,0,-0.08193641470092472,True
ES-005370,2026-02-01,Nutrition Support Programme,Nutrition,Borno,Mafa,Mafa Site 6,0.6596,7,5,10,0,0,-0.148555156016547,True
ES-001850,2026-02-01,Livelihood Recovery Initiative,Livelihoods,Borno,Jere,Jere Site 4,0.6965,5,1,7,0,0,-0.1996092246884183,True
ES-001338,2026-02-01,Community Resilience Programme,Protection/Resilience,Borno,Dikwa,Dikwa Site 6,0.9033,4,6,6,0,0,-0.11056038077476199,True
ES-002074,2026-02-01,Livelihood Recovery Initiative,Livelihoods,Borno,Konduga,Konduga Site 5,0.6618,5,2,8,0,0,-0.1977436963645149,True
ES-000250,2026-02-01,Community Resilience Programme,Protection/Resilience,Borno,Jere,Jere Site 2,0.7716,7,3,6,0,0,-0.2122327846327245,True
ES-004570,2026-02-01,Education Access Project,Education,Borno,Gwoza,Gwoza Site 5,0.6575,5,5,5,0,0,-0.20633548199091156,True
ES-000634,2026-02-01,Community Resilience Programme,Protection/Resilience,Borno,Mafa,Mafa Site 2,0.7808,4,2,9,0,0,-0.1881860803603842,True
ES-004890,2026-02-01,Nutrition Support Programme,Nutrition,Borno,Jere,Jere Site 3,0.8082,4,3,8,0,0,-0.19943320014661625,True
ES-001882,2026-02-01,Livelihood Recovery Initiative,Livelihoods,Borno,Jere,Jere Site 5,0.8246,2,0,7,0,0,-0.11961265160210893,True
ES-002554,2026-02-01,Livelihood Recovery Initiative,Livelihoods,Borno,Ngala,Ngala Site 2,0.8628,4,3,4,0,0,-0.18572705244950044,True
ES-004218,2026-02-01,Education Access Project,Education,Borno,Ngala,Ngala Site 6,0.5948,6,2,6,0,0,-0.182872649718062,True
ES-006778,2026-02-01,WASH Resilience Initiative,WASH,Borno,Mafa,Mafa Site 2,0.7109,1,2,3,0,0,-0.1687826117071644,True
ES-003770,2026-02-01,Education Access Project,Education,Borno,Mafa,Mafa Site 4,0.7306,3,3,11,0,0,-0.15880056416364946,True
ES-006266,2026-02-01,WASH Resilience Initiative,WASH,Borno,Maiduguri,Maiduguri Site 4,0.6956,9,2,4,0,0,-0.18359529861727386,True
ES-001786,2026-02-01,Livelihood Recovery Initiative,Livelihoods,Borno,Jere,Jere Site 2,0.7064,3,4,2,0,0,-0.19157742935362865,True
ES-004186,2026-02-01,Education Access Project,Education,Borno,Ngala,Ngala Site 5,0.6274,3,1,2,0,0,-0.14269658049107148,True
ES-006458,2026-02-01,WASH Resilience Initiative,WASH,Borno,Jere,Jere Site 4,0.8266,3,3,5,0,0,-0.2039054459333649,True
ES-003802,2026-02-01,Education Access Project,Education,Borno,Mafa,Mafa Site 5,0.7733,1,5,4,0,0,-0.1561879348231352,True
ES-005178,2026-02-01,Nutrition Support Programme,Nutrition,Borno,Konduga,Konduga Site 6,0.6151,5,5,9,0,0,-0.15556749729117547,True
ES-004154,2026-02-01,Education Access Project,Education,Borno,Ngala,Ngala Site 4,0.5472,4,4,7,0,0,-0.14726634898075303,True
ES-006650,2026-02-01,WASH Resilience Initiative,WASH,Borno,Konduga,Konduga Site 4,0.7917,7,3,7,0,0,-0.20092079711095412,True
ES-006042,2026-02-01,Nutrition Support Programme,Nutrition,Borno,Gwoza,Gwoza Site 3,0.7859,2,1,3,0,0,-0.17335282656178153,True
ES-006875,2026-03-01,WASH Resilience Initiative,WASH,Borno,Mafa,Mafa Site 5,0.6861,8,3,2,0,0,-0.17574665007813806,True
ES-006683,2026-03-01,WASH Resilience Initiative,WASH,Borno,Konduga,Konduga Site 5,0.5311,6,2,7,0,0,-0.13060807601090557,True
ES-001243,2026-03-01,Community Resilience Programme,Protection/Resilience,Borno,Dikwa,Dikwa Site 3,0.7371,4,4,1,0,0,-0.17379150377087804,True
ES-002203,2026-03-01,Livelihood Recovery Initiative,Livelihoods,Borno,Mafa,Mafa Site 3,0.641,4,1,8,0,0,-0.16753671599819886,True
ES-005915,2026-03-01,Nutrition Support Programme,Nutrition,Borno,Dikwa,Dikwa Site 5,0.858,5,4,5,0,0,-0.18348636889189962,True
ES-005947,2026-03-01,Nutrition Support Programme,Nutrition,Borno,Dikwa,Dikwa Site 6,0.7367,11,2,3,0,0,-0.1289453655554968,True
ES-001371,2026-03-01,Community Resilience Programme,Protection/Resilience,Borno,Gwoza,Gwoza Site 1,0.7892,4,3,1,0,0,-0.1743325345737658,True
ES-000379,2026-03-01,Community Resilience Programme,Protection/Resilience,Borno,Jere,Jere Site 6,0.7651,6,4,9,0,0,-0.18574365628137124,True
ES-000891,2026-03-01,Community Resilience Programme,Protection/Resilience,Borno,Bama,Bama Site 4,0.7682,6,4,7,0,0,-0.20910894881463948,True
ES-007643,2026-03-01,WASH Resilience Initiative,WASH,Borno,Gwoza,Gwoza Site 5,0.5749,5,2,8,0,0,-0.14907460419171298,True
ES-000955,2026-03-01,Community Resilience Programme,Protection/Resilience,Borno,Bama,Bama Site 6,0.6942,6,3,6,0,0,-0.22381421108666483,True
ES-003227,2026-03-01,Education Access Project,Education,Borno,Maiduguri,Maiduguri Site 5,0.7057,5,1,2,0,0,-0.18216499247050738,True
ES-007675,2026-03-01,WASH Resilience Initiative,WASH,Borno,Gwoza,Gwoza Site 6,0.6085,5,6,6,0,0,-0.16120088170790237,True
ES-000475,2026-03-01,Community Resilience Programme,Protection/Resilience,Borno,Konduga,Konduga Site 3,0.7216,6,1,5,0,0,-0.20666164160059108,True
ES-005403,2026-03-01,Nutrition Support Programme,Nutrition,Borno,Bama,Bama Site 1,0.7987,4,2,12,0,0,-0.1271740515282636,True
ES-001051,2026-03-01,Community Resilience Programme,Protection/Resilience,Borno,Ngala,Ngala Site 3,0.9446,6,1,6,0,0,-0.09195304795461529,True
ES-003163,2026-03-01,Education Access Project,Education,Borno,Maiduguri,Maiduguri Site 3,0.8038,5,3,6,0,0,-0.21797179505764525,True
ES-006395,2026-03-01,WASH Resilience Initiative,WASH,Borno,Jere,Jere Site 2,0.7847,7,1,5,0,0,-0.19193494100946146,True
ES-006779,2026-03-01,WASH Resilience Initiative,WASH,Borno,Mafa,Mafa Site 2,0.7339,4,6,8,0,0,-0.1694271747229542,True
ES-001083,2026-03-01,Community Resilience Programme,Protection/Resilience,Borno,Ngala,Ngala Site 4,0.6023,6,6,0,0,0,-0.08172045210630696,True
ES-001659,2026-03-01,Livelihood Recovery Initiative,Livelihoods,Borno,Maiduguri,Maiduguri Site 4,0.9078,6,3,6,0,0,-0.14245097651662336,True
ES-005435,2026-03-01,Nutrition Support Programme,Nutrition,Borno,Bama,Bama Site 2,0.8146,10,5,4,0,0,-0.12899457705130007,True
ES-004507,2026-03-01,Education Access Project,Education,Borno,Gwoza,Gwoza Site 3,0.6019,4,2,2,0,0,-0.16088551969659265,True
ES-002171,2026-03-01,Livelihood Recovery Initiative,Livelihoods,Borno,Mafa,Mafa Site 2,0.6765,5,3,6,0,0,-0.22539308983357764,True
ES-002139,2026-03-01,Livelihood Recovery Initiative,Livelihoods,Borno,Mafa,Mafa Site 1,0.6454,5,4,4,0,0,-0.21159196987761986,True
ES-001403,2026-03-01,Community Resilience Programme,Protection/Resilience,Borno,Gwoza,Gwoza Site 2,0.7071,6,2,3,0,0,-0.21176282535208485,True
ES-004603,2026-03-01,Education Access Project,Education,Borno,Gwoza,Gwoza Site 6,0.6822,6,6,6,0,0,-0.18412466133729039,True
ES-006971,2026-03-01,WASH Resilience Initiative,WASH,Borno,Bama,Bama Site 2,0.6339,6,6,7,0,0,-0.16143849480927924,True
ES-001627,2026-03-01,Livelihood Recovery Initiative,Livelihoods,Borno,Maiduguri,Maiduguri Site 3,0.8733,5,0,4,0,0,-0.12459942185099715,True
ES-006427,2026-03-01,WASH Resilience Initiative,WASH,Borno,Jere,Jere Site 3,0.8543,7,3,2,0,0,-0.15523374600114237,True
ES-006171,2026-03-01,WASH Resilience Initiative,WASH,Borno,Maiduguri,Maiduguri Site 1,0.7963,5,2,6,0,0,-0.21609081437225297,True
ES-003739,2026-03-01,Education Access Project,Education,Borno,Mafa,Mafa Site 3,0.7711,5,0,6,0,0,-0.1692582167016668,True
ES-002555,2026-03-01,Livelihood Recovery Initiative,Livelihoods,Borno,Ngala,Ngala Site 2,0.7937,5,1,9,0,0,-0.1694091240710645,True
ES-001883,2026-03-01,Livelihood Recovery Initiative,Livelihoods,Borno,Jere,Jere Site 5,0.7839,3,5,7,0,0,-0.186223562377075,True
ES-006235,2026-03-01,WASH Resilience Initiative,WASH,Borno,Maiduguri,Maiduguri Site 3,0.7225,10,1,1,0,0,-0.10929215424029332,True
ES-000091,2026-03-01,Community Resilience Programme,Protection/Resilience,Borno,Maiduguri,Maiduguri Site 3,0.8286,5,4,5,0,0,-0.20071725584241967,True
ES-003643,2026-03-01,Education Access Project,Education,Borno,Konduga,Konduga Site 6,0.7589,3,2,8,0,0,-0.2009812457337407,True
ES-002043,2026-03-01,Livelihood Recovery Initiative,Livelihoods,Borno,Konduga,Konduga Site 4,0.8499,3,3,9,0,0,-0.15684717096345802,True
ES-002331,2026-03-01,Livelihood Recovery Initiative,Livelihoods,Borno,Bama,Bama Site 1,0.6946,8,3,45,1,1,0.05709949343866838,True
ES-004283,2026-03-01,Education Access Project,Education,Borno,Dikwa,Dikwa Site 2,0.7448,4,3,8,0,0,-0.21217320135692702,True
ES-005211,2026-03-01,Nutrition Support Programme,Nutrition,Borno,Mafa,Mafa Site 1,0.7629,4,1,3,0,0,-0.19801684211272091,True
ES-005467,2026-03-01,Nutrition Support Programme,Nutrition,Borno,Bama,Bama Site 3,0.7375,6,1,5,0,0,-0.20570346920372806,True
ES-000859,2026-03-01,Community Resilience Programme,Protection/Resilience,Borno,Bama,Bama Site 3,0.8003,9,3,9,0,0,-0.14610361495094482,True
ES-001211,2026-03-01,Community Resilience Programme,Protection/Resilience,Borno,Dikwa,Dikwa Site 2,0.8069,6,1,11,0,0,-0.12687161603974162,True
ES-004571,2026-03-01,Education Access Project,Education,Borno,Gwoza,Gwoza Site 5,0.6673,3,4,4,0,0,-0.20723135280250304,True
ES-004891,2026-03-01,Nutrition Support Programme,Nutrition,Borno,Jere,Jere Site 3,0.7724,5,2,6,0,0,-0.22087917724598277,True
ES-000603,2026-03-01,Community Resilience Programme,Protection/Resilience,Borno,Mafa,Mafa Site 1,0.8818,2,5,5,0,0,-0.13060207911368843,True
ES-002075,2026-03-01,Livelihood Recovery Initiative,Livelihoods,Borno,Konduga,Konduga Site 5,0.77,2,6,5,0,0,-0.1599441270429267,True
ES-003195,2026-03-01,Education Access Project,Education,Borno,Maiduguri,Maiduguri Site 4,0.7542,2,6,7,0,0,-0.1493248699960244,True
ES-003675,2026-03-01,Education Access Project,Education,Borno,Mafa,Mafa Site 1,0.7686,4,4,3,0,0,-0.20873767901822377,True
ES-007035,2026-03-01,WASH Resilience Initiative,WASH,Borno,Bama,Bama Site 4,0.7142,5,4,1,0,0,-0.1765708348918238,True
ES-006619,2026-03-01,WASH Resilience Initiative,WASH,Borno,Konduga,Konduga Site 3,0.6357,7,2,6,0,0,-0.19574464172412015,True
ES-006139,2026-03-01,Nutrition Support Programme,Nutrition,Borno,Gwoza,Gwoza Site 6,0.7908,4,3,7,0,0,-0.21251506938576326,True
ES-003131,2026-03-01,Education Access Project,Education,Borno,Maiduguri,Maiduguri Site 2,0.7604,5,4,10,0,0,-0.17736075108669996,True
ES-004635,2026-03-01,Nutrition Support Programme,Nutrition,Borno,Maiduguri,Maiduguri Site 1,0.7393,5,5,6,0,0,-0.20652713638886822,True
ES-002715,2026-03-01,Livelihood Recovery Initiative,Livelihoods,Borno,Dikwa,Dikwa Site 1,0.7616,8,7,7,0,0,-0.11369240047573193,True
ES-002011,2026-03-01,Livelihood Recovery Initiative,Livelihoods,Borno,Konduga,Konduga Site 3,0.7515,2,5,12,0,0,-0.09650134021123336,True
ES-006107,2026-03-01,Nutrition Support Programme,Nutrition,Borno,Gwoza,Gwoza Site 5,0.6979,5,3,8,0,0,-0.2122120066872759,True
ES-007259,2026-03-01,WASH Resilience Initiative,WASH,Borno,Ngala,Ngala Site 5,0.657,5,3,5,0,0,-0.22026752728417964,True
ES-004795,2026-03-01,Nutrition Support Programme,Nutrition,Borno,Maiduguri,Maiduguri Site 6,0.9369,7,3,1,0,0,-0.06391341975118303,True
ES-002491,2026-03-01,Livelihood Recovery Initiative,Livelihoods,Borno,Bama,Bama Site 6,0.617,8,6,5,0,0,-0.13919718075546772,True
ES-007099,2026-03-01,WASH Resilience Initiative,WASH,Borno,Bama,Bama Site 6,0.7391,5,4,4,0,0,-0.220625885894625,True
ES-004219,2026-03-01,Education Access Project,Education,Borno,Ngala,Ngala Site 6,0.7528,9,0,7,0,0,-0.12517714526491652,True
ES-007291,2026-03-01,WASH Resilience Initiative,WASH,Borno,Ngala,Ngala Site 6,0.6074,3,4,9,0,0,-0.14848559183537097,True
ES-001915,2026-03-01,Livelihood Recovery Initiative,Livelihoods,Borno,Jere,Jere Site 6,0.7815,9,2,4,0,0,-0.17583115535648575,True
ES-005051,2026-03-01,Nutrition Support Programme,Nutrition,Borno,Konduga,Konduga Site 2,0.8168,4,2,6,0,0,-0.21031758415972063,True
ES-007227,2026-03-01,WASH Resilience Initiative,WASH,Borno,Ngala,Ngala Site 4,0.6824,8,2,3,0,0,-0.18424701511547387,True
ES-001179,2026-03-01,Community Resilience Programme,Protection/Resilience,Borno,Dikwa,Dikwa Site 1,0.7444,5,3,7,0,0,-0.21942374393041836,True
ES-004347,2026-03-01,Education Access Project,Education,Borno,Dikwa,Dikwa Site 4,0.844,1,2,8,0,0,-0.12958028991743514,True
ES-003099,2026-03-01,Education Access Project,Education,Borno,Maiduguri,Maiduguri Site 1,0.7471,9,3,7,0,0,-0.18162132890972887,True
ES-007195,2026-03-01,WASH Resilience Initiative,WASH,Borno,Ngala,Ngala Site 3,0.6303,5,5,6,0,0,-0.19182319670873266,True
ES-005147,2026-03-01,Nutrition Support Programme,Nutrition,Borno,Konduga,Konduga Site 5,0.7595,4,1,6,0,0,-0.20777544398967351,True
ES-007323,2026-03-01,WASH Resilience Initiative,WASH,Borno,Dikwa,Dikwa Site 1,0.7112,3,0,9,0,0,-0.12785396815685812,True
ES-001339,2026-03-01,Community Resilience Programme,Protection/Resilience,Borno,Dikwa,Dikwa Site 6,0.7809,6,3,6,0,0,-0.21812768640663116,True
ES-001979,2026-03-01,Livelihood Recovery Initiative,Livelihoods,Borno,Konduga,Konduga Site 2,0.7705,4,1,3,0,0,-0.19597970491904393,True
ES-002395,2026-03-01,Livelihood Recovery Initiative,Livelihoods,Borno,Bama,Bama Site 3,0.7689,4,4,8,0,0,-0.20174461861437148,True
ES-006555,2026-03-01,WASH Resilience Initiative,WASH,Borno,Konduga,Konduga Site 1,0.8328,5,6,3,0,0,-0.15361145692216832,True
ES-002235,2026-03-01,Livelihood Recovery Initiative,Livelihoods,Borno,Mafa,Mafa Site 4,0.7071,7,6,6,0,0,-0.1705076980968418,True
ES-002619,2026-03-01,Livelihood Recovery Initiative,Livelihoods,Borno,Ngala,Ngala Site 4,0.7803,8,3,31,1,1,0.00816976462058161,True
ES-004475,2026-03-01,Education Access Project,Education,Borno,Gwoza,Gwoza Site 2,0.7125,2,4,7,0,0,-0.18994915683506686,True
ES-000827,2026-03-01,Community Resilience Programme,Protection/Resilience,Borno,Bama,Bama Site 2,0.7556,5,1,6,0,0,-0.20891112440230236,True
ES-002587,2026-03-01,Livelihood Recovery Initiative,Livelihoods,Borno,Ngala,Ngala Site 3,0.6761,5,5,19,0,0,-0.052040676454666146,True
ES-006299,2026-03-01,WASH Resilience Initiative,WASH,Borno,Maiduguri,Maiduguri Site 5,0.6364,5,33,3,1,1,0.048160064858718155,True
ES-000795,2026-03-01,Community Resilience Programme,Protection/Resilience,Borno,Bama,Bama Site 1,0.799,7,4,8,0,0,-0.181678269726829,True
ES-000283,2026-03-01,Community Resilience Programme,Protection/Resilience,Borno,Jere,Jere Site 3,0.7838,4,3,7,0,0,-0.21433811628984317,True
ES-006331,2026-03-01,WASH Resilience Initiative,WASH,Borno,Maiduguri,Maiduguri Site 6,0.3595,7,1,1,1,1,0.014954068133370413,True
ES-004123,2026-03-01,Education Access Project,Education,Borno,Ngala,Ngala Site 3,0.696,5,3,5,0,0,-0.22738799117425967,True
ES-005019,2026-03-01,Nutrition Support Programme,Nutrition,Borno,Konduga,Konduga Site 1,0.7321,3,4,5,0,0,-0.2134047685387796,True
ES-004699,2026-03-01,Nutrition Support Programme,Nutrition,Borno,Maiduguri,Maiduguri Site 3,0.8177,7,1,6,0,0,-0.17920801166834627,True
ES-003931,2026-03-01,Education Access Project,Education,Borno,Bama,Bama Site 3,0.7409,5,3,6,0,0,-0.2260758065162239,True
ES-005755,2026-03-01,Nutrition Support Programme,Nutrition,Borno,Ngala,Ngala Site 6,0.7315,4,7,9,0,0,-0.12559262433367774,True
ES-003963,2026-03-01,Education Access Project,Education,Borno,Bama,Bama Site 4,0.6952,2,7,7,0,0,-0.12737824550903853,True
ES-004859,2026-03-01,Nutrition Support Programme,Nutrition,Borno,Jere,Jere Site 2,0.6888,5,2,4,0,0,-0.21981183996807124,True
ES-000987,2026-03-01,Community Resilience Programme,Protection/Resilience,Borno,Ngala,Ngala Site 1,0.934,5,5,3,0,0,-0.09077333507390795,True
ES-000347,2026-03-01,Community Resilience Programme,Protection/Resilience,Borno,Jere,Jere Site 5,0.7788,2,4,4,0,0,-0.1947330012919284,True
ES-003995,2026-03-01,Education Access Project,Education,Borno,Bama,Bama Site 5,0.7492,3,0,4,0,0,-0.15750238636503144,True
ES-005243,2026-03-01,Nutrition Support Programme,Nutrition,Borno,Mafa,Mafa Site 2,0.7143,4,2,47,1,1,0.04364325322417628,True
ES-006587,2026-03-01,WASH Resilience Initiative,WASH,Borno,Konduga,Konduga Site 2,0.6839,2,7,5,0,0,-0.13253201649149682,True
ES-004539,2026-03-01,Education Access Project,Education,Borno,Gwoza,Gwoza Site 4,0.7582,4,1,4,0,0,-0.20678562589628102,True
ES-006939,2026-03-01,WASH Resilience Initiative,WASH,Borno,Bama,Bama Site 1,0.5675,13,4,2,0,0,-0.04335203122618936,True
ES-001691,2026-03-01,Livelihood Recovery Initiative,Livelihoods,Borno,Maiduguri,Maiduguri Site 5,0.9337,6,0,5,0,0,-0.06098874173042579,True
ES-004667,2026-03-01,Nutrition Support Programme,Nutrition,Borno,Maiduguri,Maiduguri Site 2,0.8024,2,2,12,0,0,-0.10211569749284755,True
ES-002107,2026-03-01,Livelihood Recovery Initiative,Livelihoods,Borno,Konduga,Konduga Site 6,0.9179,3,0,4,0,0,-0.08078213782686117,True
ES-007067,2026-03-01,WASH Resilience Initiative,WASH,Borno,Bama,Bama Site 5,0.7584,4,2,15,0,0,-0.10063799424524289,True
ES-000315,2026-03-01,Community Resilience Programme,Protection/Resilience,Borno,Jere,Jere Site 4,0.8475,4,2,6,0,0,-0.19475435234354388,True
ES-005979,2026-03-01,Nutrition Support Programme,Nutrition,Borno,Gwoza,Gwoza Site 1,0.5989,7,4,6,0,0,-0.17865817822558122,True
ES-002747,2026-03-01,Livelihood Recovery Initiative,Livelihoods,Borno,Dikwa,Dikwa Site 2,0.7152,3,14,2,1,0,-0.030797823598119667,False
ES-006075,2026-03-01,Nutrition Support Programme,Nutrition,Borno,Gwoza,Gwoza Site 4,0.5686,5,2,4,0,0,-0.16581415862126264,True
ES-003291,2026-03-01,Education Access Project,Education,Borno,Jere,Jere Site 1,0.6853,40,2,2,1,1,0.048192974894247564,True
ES-006011,2026-03-01,Nutrition Support Programme,Nutrition,Borno,Gwoza,Gwoza Site 2,0.7351,3,2,7,0,0,-0.20812519779401334,True
ES-007611,2026-03-01,WASH Resilience Initiative,WASH,Borno,Gwoza,Gwoza Site 4,0.7307,7,1,5,0,0,-0.19581252188003084,True
ES-003259,2026-03-01,Education Access Project,Education,Borno,Maiduguri,Maiduguri Site 6,0.8753,1,1,3,0,0,-0.11460754511783094,True
ES-001435,2026-03-01,Community Resilience Programme,Protection/Resilience,Borno,Gwoza,Gwoza Site 3,0.8753,11,2,3,0,0,-0.08745499472868928,True
ES-001947,2026-03-01,Livelihood Recovery Initiative,Livelihoods,Borno,Konduga,Konduga Site 1,0.8025,5,2,5,0,0,-0.21524837042302147,True
ES-003323,2026-03-01,Education Access Project,Education,Borno,Jere,Jere Site 2,0.7879,1,7,7,0,0,-0.09311082316358504,True
ES-000731,2026-03-01,Community Resilience Programme,Protection/Resilience,Borno,Mafa,Mafa Site 5,0.7776,4,3,2,0,0,-0.20206882185741115,True
ES-005499,2026-03-01,Nutrition Support Programme,Nutrition,Borno,Bama,Bama Site 4,0.7175,11,5,5,0,0,-0.12114197885289324,True
ES-000699,2026-03-01,Community Resilience Programme,Protection/Resilience,Borno,Mafa,Mafa Site 4,0.8435,1,5,8,0,0,-0.11307049244138379,True
ES-007003,2026-03-01,WASH Resilience Initiative,WASH,Borno,Bama,Bama Site 3,0.6545,8,2,7,0,0,-0.18457196661116204,True
ES-005115,2026-03-01,Nutrition Support Programme,Nutrition,Borno,Konduga,Konduga Site 4,0.829,1,2,5,0,0,-0.16035545516330746,True
ES-001531,2026-03-01,Community Resilience Programme,Protection/Resilience,Borno,Gwoza,Gwoza Site 6,0.7419,4,0,3,0,0,-0.15563531775091366,True
ES-004443,2026-03-01,Education Access Project,Education,Borno,Gwoza,Gwoza Site 1,0.6679,4,25,4,1,1,0.02711906698301081,True
ES-001819,2026-03-01,Livelihood Recovery Initiative,Livelihoods,Borno,Jere,Jere Site 3,0.7688,4,6,3,0,0,-0.17164270671295068,True
ES-000155,2026-03-01,Community Resilience Programme,Protection/Resilience,Borno,Maiduguri,Maiduguri Site 5,0.796,5,1,1,0,0,-0.15334845913387884,True
ES-001851,2026-03-01,Livelihood Recovery Initiative,Livelihoods,Borno,Jere,Jere Site 4,0.7965,5,2,4,0,0,-0.21560397210222193,True
ES-006523,2026-03-01,WASH Resilience Initiative,WASH,Borno,Jere,Jere Site 6,0.7022,7,3,5,0,0,-0.2136920599179556,True
ES-004059,2026-03-01,Education Access Project,Education,Borno,Ngala,Ngala Site 1,0.6758,11,4,2,0,0,-0.10614486233858228,True
ES-006843,2026-03-01,WASH Resilience Initiative,WASH,Borno,Mafa,Mafa Site 4,0.6643,6,2,5,0,0,-0.21297703891062553,True
ES-000763,2026-03-01,Community Resilience Programme,Protection/Resilience,Borno,Mafa,Mafa Site 6,0.6437,6,3,6,0,0,-0.2145108457182633,True
ES-000507,2026-03-01,Community Resilience Programme,Protection/Resilience,Borno,Konduga,Konduga Site 4,0.7778,8,5,1,0,0,-0.12425989256251574,True
ES-004987,2026-03-01,Nutrition Support Programme,Nutrition,Borno,Jere,Jere Site 6,0.6832,8,1,1,0,0,-0.13127964074012954,True
ES-002779,2026-03-01,Livelihood Recovery Initiative,Livelihoods,Borno,Dikwa,Dikwa Site 3,0.6829,4,6,5,0,0,-0.18641263781260187,True
ES-001787,2026-03-01,Livelihood Recovery Initiative,Livelihoods,Borno,Jere,Jere Site 2,0.741,8,4,6,0,0,-0.19412140189604915,True
ES-003355,2026-03-01,Education Access Project,Education,Borno,Jere,Jere Site 3,0.7132,4,4,4,0,0,-0.21979016366431076,True
ES-005275,2026-03-01,Nutrition Support Programme,Nutrition,Borno,Mafa,Mafa Site 3,0.7937,3,22,4,1,1,0.016237885502199734,True
ES-000411,2026-03-01,Community Resilience Programme,Protection/Resilience,Borno,Konduga,Konduga Site 1,0.8045,7,2,9,0,0,-0.1693625766377181,True
ES-005371,2026-03-01,Nutrition Support Programme,Nutrition,Borno,Mafa,Mafa Site 6,0.7137,9,7,9,0,0,-0.08620386818222958,True
ES-002427,2026-03-01,Livelihood Recovery Initiative,Livelihoods,Borno,Bama,Bama Site 4,0.7832,3,7,3,0,0,-0.1320941477934316,True
ES-001115,2026-03-01,Community Resilience Programme,Protection/Resilience,Borno,Ngala,Ngala Site 5,0.7261,10,2,4,0,0,-0.16826825393176548,True
ES-003387,2026-03-01,Education Access Project,Education,Borno,Jere,Jere Site 4,0.7582,6,2,5,0,0,-0.22007703122856392,True
ES-007579,2026-03-01,WASH Resilience Initiative,WASH,Borno,Gwoza,Gwoza Site 3,0.6972,8,0,10,0,0,-0.10130410248407823,True
ES-000443,2026-03-01,Community Resilience Programme,Protection/Resilience,Borno,Konduga,Konduga Site 2,0.6793,4,4,5,0,0,-0.21798643802185796,True
ES-004827,2026-03-01,Nutrition Support Programme,Nutrition,Borno,Jere,Jere Site 1,0.8202,3,5,8,0,0,-0.16852276386511184,True
ES-007483,2026-03-01,WASH Resilience Initiative,WASH,Borno,Dikwa,Dikwa Site 6,0.7886,4,1,0,0,0,-0.1240847584211332,True
ES-001147,2026-03-01,Community Resilience Programme,Protection/Resilience,Borno,Ngala,Ngala Site 6,0.7488,2,3,6,0,0,-0.20332699985251196,True
ES-003483,2026-03-01,Education Access Project,Education,Borno,Konduga,Konduga Site 1,0.8423,6,5,2,0,0,-0.1488222037374084,True
ES-005851,2026-03-01,Nutrition Support Programme,Nutrition,Borno,Dikwa,Dikwa Site 3,0.7819,4,1,6,0,0,-0.20451659575222536,True
ES-000059,2026-03-01,Community Resilience Programme,Protection/Resilience,Borno,Maiduguri,Maiduguri Site 2,0.8475,4,2,9,0,0,-0.15779555322280647,True
ES-003899,2026-03-01,Education Access Project,Education,Borno,Bama,Bama Site 2,0.6462,3,1,7,0,0,-0.17311735043279208,True
ES-000667,2026-03-01,Community Resilience Programme,Protection/Resilience,Borno,Mafa,Mafa Site 3,0.771,4,2,8,0,0,-0.2041506265529447,True
ES-002683,2026-03-01,Livelihood Recovery Initiative,Livelihoods,Borno,Ngala,Ngala Site 6,0.7344,3,4,6,0,0,-0.21048152638848033,True
ES-005531,2026-03-01,Nutrition Support Programme,Nutrition,Borno,Bama,Bama Site 5,0.8024,9,1,7,0,0,-0.15166620883354653,True
ES-003579,2026-03-01,Education Access Project,Education,Borno,Konduga,Konduga Site 4,0.6378,7,7,4,0,0,-0.13047337063992126,True
ES-004091,2026-03-01,Education Access Project,Education,Borno,Ngala,Ngala Site 2,0.7405,1,3,5,0,0,-0.17647947504810446,True
ES-005563,2026-03-01,Nutrition Support Programme,Nutrition,Borno,Bama,Bama Site 6,0.7523,4,2,6,0,0,-0.2214705476245199,True
ES-003771,2026-03-01,Education Access Project,Education,Borno,Mafa,Mafa Site 4,0.7526,5,5,2,0,0,-0.18195641377369615,True
ES-006459,2026-03-01,WASH Resilience Initiative,WASH,Borno,Jere,Jere Site 4,0.7991,3,4,9,0,0,-0.1731676152234196,True
ES-007355,2026-03-01,WASH Resilience Initiative,WASH,Borno,Dikwa,Dikwa Site 2,0.8151,3,3,5,0,0,-0.208850126388558,True
ES-003611,2026-03-01,Education Access Project,Education,Borno,Konduga,Konduga Site 5,0.6585,4,8,8,0,0,-0.11045880322107349,True
ES-000219,2026-03-01,Community Resilience Programme,Protection/Resilience,Borno,Jere,Jere Site 1,0.9147,4,1,3,0,0,-0.11816755431939702,True
ES-000539,2026-03-01,Community Resilience Programme,Protection/Resilience,Borno,Konduga,Konduga Site 5,0.9034,4,7,6,0,0,-0.08454995208374705,True
ES-005883,2026-03-01,Nutrition Support Programme,Nutrition,Borno,Dikwa,Dikwa Site 4,0.8518,1,3,4,0,0,-0.1510965038633872,True
ES-003707,2026-03-01,Education Access Project,Education,Borno,Mafa,Mafa Site 2,0.7114,9,3,17,0,0,-0.05381532749451989,True
ES-005723,2026-03-01,Nutrition Support Programme,Nutrition,Borno,Ngala,Ngala Site 5,0.8253,5,7,5,0,0,-0.13385415182948285,True
ES-005659,2026-03-01,Nutrition Support Programme,Nutrition,Borno,Ngala,Ngala Site 3,0.8169,1,7,6,0,0,-0.0961832702182911,True
ES-001275,2026-03-01,Community Resilience Programme,Protection/Resilience,Borno,Dikwa,Dikwa Site 4,0.6708,11,3,3,0,0,-0.12531773077949004,True
ES-007515,2026-03-01,WASH Resilience Initiative,WASH,Borno,Gwoza,Gwoza Site 1,0.6871,5,6,8,0,0,-0.17141725541116604,True
ES-000571,2026-03-01,Community Resilience Programme,Protection/Resilience,Borno,Konduga,Konduga Site 6,0.8642,7,0,10,0,0,-0.06139183744766774,True
ES-001595,2026-03-01,Livelihood Recovery Initiative,Livelihoods,Borno,Maiduguri,Maiduguri Site 2,0.7299,10,6,10,0,0,-0.07863408432093533,True
ES-005627,2026-03-01,Nutrition Support Programme,Nutrition,Borno,Ngala,Ngala Site 2,0.5985,4,1,7,0,0,-0.15634005801528572,True
ES-001755,2026-03-01,Livelihood Recovery Initiative,Livelihoods,Borno,Jere,Jere Site 1,0.649,5,7,9,0,0,-0.12154980116975067,True
ES-006747,2026-03-01,WASH Resilience Initiative,WASH,Borno,Mafa,Mafa Site 1,0.6515,3,3,16,0,0,-0.0758652162653145,True
ES-007387,2026-03-01,WASH Resilience Initiative,WASH,Borno,Dikwa,Dikwa Site 3,0.7172,7,4,1,0,0,-0.16595784288075843,True
ES-002811,2026-03-01,Livelihood Recovery Initiative,Livelihoods,Borno,Dikwa,Dikwa Site 4,0.7164,6,1,6,0,0,-0.20552539211105508,True
ES-005595,2026-03-01,Nutrition Support Programme,Nutrition,Borno,Ngala,Ngala Site 1,0.7894,7,2,9,0,0,-0.17454366089739504,True
ES-006267,2026-03-01,WASH Resilience Initiative,WASH,Borno,Maiduguri,Maiduguri Site 4,0.7673,4,15,8,1,0,-0.030235089341904886,False
ES-002267,2026-03-01,Livelihood Recovery Initiative,Livelihoods,Borno,Mafa,Mafa Site 5,0.8334,3,2,2,0,0,-0.18072887287659906,True
ES-007131,2026-03-01,WASH Resilience Initiative,WASH,Borno,Ngala,Ngala Site 1,0.7356,3,4,5,0,0,-0.21354237752589472,True
ES-000635,2026-03-01,Community Resilience Programme,Protection/Resilience,Borno,Mafa,Mafa Site 2,0.7558,2,3,10,0,0,-0.1576560727934444,True
ES-004411,2026-03-01,Education Access Project,Education,Borno,Dikwa,Dikwa Site 6,0.7507,5,2,4,0,0,-0.22060681289216844,True
ES-000251,2026-03-01,Community Resilience Programme,Protection/Resilience,Borno,Jere,Jere Site 2,0.6854,5,1,5,0,0,-0.2064636090593684,True
ES-006811,2026-03-01,WASH Resilience Initiative,WASH,Borno,Mafa,Mafa Site 3,0.6967,6,3,5,0,0,-0.22311785360601627,True
ES-007419,2026-03-01,WASH Resilience Initiative,WASH,Borno,Dikwa,Dikwa Site 4,0.6881,5,5,6,0,0,-0.20825478365878464,True
ES-004379,2026-03-01,Education Access Project,Education,Borno,Dikwa,Dikwa Site 5,0.7066,8,3,5,0,0,-0.20491700577730054,True
ES-005339,2026-03-01,Nutrition Support Programme,Nutrition,Borno,Mafa,Mafa Site 5,0.7493,6,6,4,0,0,-0.1793273726763397,True
ES-003067,2026-03-01,Livelihood Recovery Initiative,Livelihoods,Borno,Gwoza,Gwoza Site 6,0.6347,6,4,2,0,0,-0.17893927000561077,True
ES-002459,2026-03-01,Livelihood Recovery Initiative,Livelihoods,Borno,Bama,Bama Site 5,0.7016,6,3,8,0,0,-0.20941844622026035,True
ES-006715,2026-03-01,WASH Resilience Initiative,WASH,Borno,Konduga,Konduga Site 6,0.7377,4,4,4,0,0,-0.2185332438660747,True
ES-006907,2026-03-01,WASH Resilience Initiative,WASH,Borno,Mafa,Mafa Site 6,0.788,4,1,3,0,0,-0.19300419565674004,True
ES-000187,2026-03-01,Community Resilience Programme,Protection/Resilience,Borno,Maiduguri,Maiduguri Site 6,0.7076,6,5,13,0,0,-0.10924356387241207,True
ES-003835,2026-03-01,Education Access Project,Education,Borno,Mafa,Mafa Site 6,0.7428,8,1,4,0,0,-0.18163752844733028,True
ES-003419,2026-03-01,Education Access Project,Education,Borno,Jere,Jere Site 5,0.6421,7,3,3,0,0,-0.1947066337339809,True
ES-001723,2026-03-01,Livelihood Recovery Initiative,Livelihoods,Borno,Maiduguri,Maiduguri Site 6,0.8621,4,1,11,0,0,-0.09545966380600007,True
ES-006203,2026-03-01,WASH Resilience Initiative,WASH,Borno,Maiduguri,Maiduguri Site 2,0.6422,6,0,3,0,0,-0.13358118133795177,True
ES-000923,2026-03-01,Community Resilience Programme,Protection/Resilience,Borno,Bama,Bama Site 5,0.8105,4,1,6,0,0,-0.19717892870350784,True
ES-002843,2026-03-01,Livelihood Recovery Initiative,Livelihoods,Borno,Dikwa,Dikwa Site 5,0.8004,3,6,3,0,0,-0.15713926220805774,True
ES-004251,2026-03-01,Education Access Project,Education,Borno,Dikwa,Dikwa Site 1,0.6694,6,2,7,0,0,-0.2087806238882538,True
ES-000123,2026-03-01,Community Resilience Programme,Protection/Resilience,Borno,Maiduguri,Maiduguri Site 4,0.9373,2,2,3,0,0,-0.09831095043501586,True
ES-003547,2026-03-01,Education Access Project,Education,Borno,Konduga,Konduga Site 3,0.6826,7,3,4,0,0,-0.21174937761747625,True
ES-007451,2026-03-01,WASH Resilience Initiative,WASH,Borno,Dikwa,Dikwa Site 5,0.7447,4,6,8,0,0,-0.16784885507453756,True
ES-000027,2026-03-01,Community Resilience Programme,Protection/Resilience,Borno,Maiduguri,Maiduguri Site 1,0.8027,5,3,4,0,0,-0.21827644574235383,True
ES-005083,2026-03-01,Nutrition Support Programme,Nutrition,Borno,Konduga,Konduga Site 3,0.8326,1,4,0,0,0,-0.07574477846885541,True
ES-003035,2026-03-01,Livelihood Recovery Initiative,Livelihoods,Borno,Gwoza,Gwoza Site 5,0.7209,4,0,2,0,0,-0.14311202272167778,True
ES-007547,2026-03-01,WASH Resilience Initiative,WASH,Borno,Gwoza,Gwoza Site 2,0.7951,5,4,6,0,0,-0.21201484464308668,True
ES-002363,2026-03-01,Livelihood Recovery Initiative,Livelihoods,Borno,Bama,Bama Site 2,0.7053,8,1,47,1,1,0.07624848823492669,True
ES-004955,2026-03-01,Nutrition Support Programme,Nutrition,Borno,Jere,Jere Site 5,0.8215,6,2,4,0,0,-0.2046955117860899,True
ES-003451,2026-03-01,Education Access Project,Education,Borno,Jere,Jere Site 6,0.8623,5,4,6,0,0,-0.17586813797666578,True
ES-005787,2026-03-01,Nutrition Support Programme,Nutrition,Borno,Dikwa,Dikwa Site 1,0.7079,3,3,6,0,0,-0.21885344470907947,True
ES-001019,2026-03-01,Community Resilience Programme,Protection/Resilience,Borno,Ngala,Ngala Site 2,0.7399,12,0,5,0,0,-0.08130326304318014,True
ES-001467,2026-03-01,Community Resilience Programme,Protection/Resilience,Borno,Gwoza,Gwoza Site 4,0.7438,3,5,6,0,0,-0.19873560962251718,True
ES-004923,2026-03-01,Nutrition Support Programme,Nutrition,Borno,Jere,Jere Site 4,0.7049,4,5,9,0,0,-0.17909419395497467,True
ES-006651,2026-03-01,WASH Resilience Initiative,WASH,Borno,Konduga,Konduga Site 4,0.7586,5,2,5,0,0,-0.22322442247391994,True
ES-002523,2026-03-01,Livelihood Recovery Initiative,Livelihoods,Borno,Ngala,Ngala Site 1,0.6992,2,5,6,0,0,-0.1820368247009868,True
ES-002875,2026-03-01,Livelihood Recovery Initiative,Livelihoods,Borno,Dikwa,Dikwa Site 6,0.6584,5,2,5,0,0,-0.2150305364423989,True
ES-006491,2026-03-01,WASH Resilience Initiative,WASH,Borno,Jere,Jere Site 5,0.6969,9,1,4,0,0,-0.1675325011389297,True
ES-002299,2026-03-01,Livelihood Recovery Initiative,Livelihoods,Borno,Mafa,Mafa Site 6,0.7323,3,1,45,1,1,0.05570592972009014,True
ES-003867,2026-03-01,Education Access Project,Education,Borno,Bama,Bama Site 1,0.6322,7,0,9,0,0,-0.10730059694503546,True
ES-003003,2026-03-01,Livelihood Recovery Initiative,Livelihoods,Borno,Gwoza,Gwoza Site 4,0.8788,10,2,48,1,1,0.10690219922095778,True
ES-004155,2026-03-01,Education Access Project,Education,Borno,Ngala,Ngala Site 4,0.746,5,0,4,0,0,-0.1654708843634255,True
ES-005691,2026-03-01,Nutrition Support Programme,Nutrition,Borno,Ngala,Ngala Site 4,0.6891,4,2,4,0,0,-0.21771795453331755,True
ES-002907,2026-03-01,Livelihood Recovery Initiative,Livelihoods,Borno,Gwoza,Gwoza Site 1,0.7058,8,5,6,0,0,-0.18070637517817484,True
ES-005819,2026-03-01,Nutrition Support Programme,Nutrition,Borno,Dikwa,Dikwa Site 2,0.7457,5,3,2,0,0,-0.20535882462459482,True
ES-001563,2026-03-01,Livelihood Recovery Initiative,Livelihoods,Borno,Maiduguri,Maiduguri Site 1,0.8243,6,2,4,0,0,-0.20262762240868187,True
ES-002939,2026-03-01,Livelihood Recovery Initiative,Livelihoods,Borno,Gwoza,Gwoza Site 2,0.7676,2,0,15,0,0,-0.032512834028701976,True
ES-005179,2026-03-01,Nutrition Support Programme,Nutrition,Borno,Konduga,Konduga Site 6,0.7135,9,2,8,0,0,-0.16724628571836458,True
ES-004763,2026-03-01,Nutrition Support Programme,Nutrition,Borno,Maiduguri,Maiduguri Site 5,0.7635,6,1,5,0,0,-0.20667327760554932,True
ES-003803,2026-03-01,Education Access Project,Education,Borno,Mafa,Mafa Site 5,0.7747,3,2,3,0,0,-0.20651359175310197,True
ES-001307,2026-03-01,Community Resilience Programme,Protection/Resilience,Borno,Dikwa,Dikwa Site 5,0.6279,4,5,4,0,0,-0.18835429878015048,True
ES-004731,2026-03-01,Nutrition Support Programme,Nutrition,Borno,Maiduguri,Maiduguri Site 4,0.786,5,3,5,0,0,-0.22234265423335042,True
ES-004187,2026-03-01,Education Access Project,Education,Borno,Ngala,Ngala Site 5,0.6843,30,5,5,1,1,0.018204733451793298,True
ES-006043,2026-03-01,Nutrition Support Programme,Nutrition,Borno,Gwoza,Gwoza Site 3,0.762,8,2,5,0,0,-0.19764919701162853,True
ES-006363,2026-03-01,WASH Resilience Initiative,WASH,Borno,Jere,Jere Site 1,0.8551,6,0,2,0,0,-0.10334821923147569,True
ES-004315,2026-03-01,Education Access Project,Education,Borno,Dikwa,Dikwa Site 3,0.8941,3,4,5,0,0,-0.1512020375556098,True
ES-004027,2026-03-01,Education Access Project,Education,Borno,Bama,Bama Site 6,0.7767,4,3,6,0,0,-0.22113241677389778,True
ES-003515,2026-03-01,Education Access Project,Education,Borno,Konduga,Konduga Site 2,0.7795,6,4,7,0,0,-0.2048471780519911,True
ES-001499,2026-03-01,Community Resilience Programme,Protection/Resilience,Borno,Gwoza,Gwoza Site 5,0.7141,6,6,4,0,0,-0.18433874260836652,True
ES-007163,2026-03-01,WASH Resilience Initiative,WASH,Borno,Ngala,Ngala Site 2,0.7784,4,3,4,0,0,-0.22040851209709827,True
ES-005307,2026-03-01,Nutrition Support Programme,Nutrition,Borno,Mafa,Mafa Site 4,0.7645,4,2,6,0,0,-0.22038037387797638,True
ES-002651,2026-03-01,Livelihood Recovery Initiative,Livelihoods,Borno,Ngala,Ngala Site 5,0.775,4,3,8,0,0,-0.20814783848007373,True
ES-002971,2026-03-01,Livelihood Recovery Initiative,Livelihoods,Borno,Gwoza,Gwoza Site 3,0.7207,8,3,3,0,0,-0.1952659525013679,True
ES-002300,2026-04-01,Livelihood Recovery Initiative,Livelihoods,Borno,Mafa,Mafa Site 6,0.8209,9,2,4,0,0,-0.16547379563569958,True
ES-004764,2026-04-01,Nutrition Support Programme,Nutrition,Borno,Maiduguri,Maiduguri Site 5,0.8037,1,1,6,0,0,-0.15130369950609157,True
ES-006300,2026-04-01,WASH Resilience Initiative,WASH,Borno,Maiduguri,Maiduguri Site 5,0.6936,6,6,8,0,0,-0.1683450266769243,True
ES-002524,2026-04-01,Livelihood Recovery Initiative,Livelihoods,Borno,Ngala,Ngala Site 1,0.7177,3,2,5,0,0,-0.2150482668870301,True
ES-003996,2026-04-01,Education Access Project,Education,Borno,Bama,Bama Site 5,0.7042,5,6,6,0,0,-0.1884463646927103,True
ES-004572,2026-04-01,Education Access Project,Education,Borno,Gwoza,Gwoza Site 5,0.6949,4,2,7,0,0,-0.2146011324605031,True
ES-007004,2026-04-01,WASH Resilience Initiative,WASH,Borno,Bama,Bama Site 3,0.6904,0,3,11,0,0,-0.08627535121920321,True
ES-002204,2026-04-01,Livelihood Recovery Initiative,Livelihoods,Borno,Mafa,Mafa Site 3,0.6598,3,2,5,0,0,-0.20577346625367943,True
ES-000988,2026-04-01,Community Resilience Programme,Protection/Resilience,Borno,Ngala,Ngala Site 1,0.8077,3,2,5,0,0,-0.2095686779850897,True
ES-003868,2026-04-01,Education Access Project,Education,Borno,Bama,Bama Site 1,0.6338,4,3,4,0,0,-0.2059059757113081,True
ES-001308,2026-04-01,Community Resilience Programme,Protection/Resilience,Borno,Dikwa,Dikwa Site 5,0.7235,9,6,4,0,0,-0.13704317641591546,True
ES-006492,2026-04-01,WASH Resilience Initiative,WASH,Borno,Jere,Jere Site 5,0.7532,6,0,7,0,0,-0.15441314041306126,True
ES-005084,2026-04-01,Nutrition Support Programme,Nutrition,Borno,Konduga,Konduga Site 3,0.7781,4,1,6,0,0,-0.2042017641410579,True
ES-003804,2026-04-01,Education Access Project,Education,Borno,Mafa,Mafa Site 5,0.7658,1,3,8,0,0,-0.15889319356768122,True
ES-007452,2026-04-01,WASH Resilience Initiative,WASH,Borno,Dikwa,Dikwa Site 5,0.6927,3,0,3,0,0,-0.14530033709597184,True
ES-007292,2026-04-01,WASH Resilience Initiative,WASH,Borno,Ngala,Ngala Site 6,0.6137,7,6,4,0,0,-0.1501938064677003,True
ES-005788,2026-04-01,Nutrition Support Programme,Nutrition,Borno,Dikwa,Dikwa Site 1,0.6516,8,25,5,1,1,0.05056625529385772,True
ES-003036,2026-04-01,Livelihood Recovery Initiative,Livelihoods,Borno,Gwoza,Gwoza Site 5,0.7581,2,1,4,0,0,-0.18575754028928998,True
ES-004124,2026-04-01,Education Access Project,Education,Borno,Ngala,Ngala Site 3,0.6396,3,3,4,0,0,-0.20077144622587845,True
ES-003452,2026-04-01,Education Access Project,Education,Borno,Jere,Jere Site 6,0.868,6,7,7,0,0,-0.09738972553259517,True
ES-001532,2026-04-01,Community Resilience Programme,Protection/Resilience,Borno,Gwoza,Gwoza Site 6,0.7351,3,2,5,0,0,-0.21560623859939726,True
ES-001020,2026-04-01,Community Resilience Programme,Protection/Resilience,Borno,Ngala,Ngala Site 2,0.6664,4,5,4,0,0,-0.20427658210452942,True
ES-004924,2026-04-01,Nutrition Support Programme,Nutrition,Borno,Jere,Jere Site 4,0.7911,3,1,5,0,0,-0.19581778358400026,True
ES-004444,2026-04-01,Education Access Project,Education,Borno,Gwoza,Gwoza Site 1,0.7453,3,3,4,0,0,-0.21815550764567543,True
ES-003004,2026-04-01,Livelihood Recovery Initiative,Livelihoods,Borno,Gwoza,Gwoza Site 4,0.7623,9,1,7,0,0,-0.16035353871737096,True
ES-006652,2026-04-01,WASH Resilience Initiative,WASH,Borno,Konduga,Konduga Site 4,0.8435,2,3,7,0,0,-0.16976371178659333,True
ES-002364,2026-04-01,Livelihood Recovery Initiative,Livelihoods,Borno,Bama,Bama Site 2,0.832,10,4,6,0,0,-0.13528648664443804,True
ES-005212,2026-04-01,Nutrition Support Programme,Nutrition,Borno,Mafa,Mafa Site 1,0.6789,4,0,4,0,0,-0.1587418700039117,True
ES-006108,2026-04-01,Nutrition Support Programme,Nutrition,Borno,Gwoza,Gwoza Site 5,0.7298,4,1,7,0,0,-0.19877299968952888,True
ES-000252,2026-04-01,Community Resilience Programme,Protection/Resilience,Borno,Jere,Jere Site 2,0.7587,3,1,7,0,0,-0.19318560093468867,True
ES-001244,2026-04-01,Community Resilience Programme,Protection/Resilience,Borno,Dikwa,Dikwa Site 3,0.7203,7,2,3,0,0,-0.20455679972740054,True
ES-006684,2026-04-01,WASH Resilience Initiative,WASH,Borno,Konduga,Konduga Site 5,0.717,6,2,5,0,0,-0.21945550906612304,True
ES-006972,2026-04-01,WASH Resilience Initiative,WASH,Borno,Bama,Bama Site 2,0.6914,4,2,6,0,0,-0.22056971357765326,True
ES-005404,2026-04-01,Nutrition Support Programme,Nutrition,Borno,Bama,Bama Site 1,0.7206,2,0,6,0,0,-0.14195737813031445,True
ES-005436,2026-04-01,Nutrition Support Programme,Nutrition,Borno,Bama,Bama Site 2,0.8456,4,2,4,0,0,-0.19614182631369886,True
ES-002140,2026-04-01,Livelihood Recovery Initiative,Livelihoods,Borno,Mafa,Mafa Site 1,0.7447,5,2,5,0,0,-0.2226236384837762,True
ES-002556,2026-04-01,Livelihood Recovery Initiative,Livelihoods,Borno,Ngala,Ngala Site 2,0.8983,2,0,3,0,0,-0.0808789809865369,True
ES-006396,2026-04-01,WASH Resilience Initiative,WASH,Borno,Jere,Jere Site 2,0.816,4,0,8,0,0,-0.13688357287182223,True
ES-004508,2026-04-01,Education Access Project,Education,Borno,Gwoza,Gwoza Site 3,0.605,6,4,5,0,0,-0.191485486300979,True
ES-000028,2026-04-01,Community Resilience Programme,Protection/Resilience,Borno,Maiduguri,Maiduguri Site 1,0.7755,11,4,5,0,0,-0.1286566478093485,True
ES-002172,2026-04-01,Livelihood Recovery Initiative,Livelihoods,Borno,Mafa,Mafa Site 2,0.6152,5,4,6,0,0,-0.1977165396282941,True
ES-004540,2026-04-01,Education Access Project,Education,Borno,Gwoza,Gwoza Site 4,0.6895,6,6,2,0,0,-0.1616961280939922,True
ES-006876,2026-04-01,WASH Resilience Initiative,WASH,Borno,Mafa,Mafa Site 5,0.7761,10,3,8,0,0,-0.14873976030174801,True
ES-002108,2026-04-01,Livelihood Recovery Initiative,Livelihoods,Borno,Konduga,Konduga Site 6,0.8902,1,3,7,0,0,-0.111143664178809,True
ES-003964,2026-04-01,Education Access Project,Education,Borno,Bama,Bama Site 4,0.7202,6,1,6,0,0,-0.20618218880614442,True
ES-006332,2026-04-01,WASH Resilience Initiative,WASH,Borno,Maiduguri,Maiduguri Site 6,0.8912,4,3,5,0,0,-0.16457505614027712,True
ES-004892,2026-04-01,Nutrition Support Programme,Nutrition,Borno,Jere,Jere Site 3,0.8647,3,2,5,0,0,-0.18360793737724207,True
ES-004284,2026-04-01,Education Access Project,Education,Borno,Dikwa,Dikwa Site 2,0.7603,4,4,6,0,0,-0.21687505628779175,True
ES-007036,2026-04-01,WASH Resilience Initiative,WASH,Borno,Bama,Bama Site 4,0.7666,6,2,3,0,0,-0.21207290963043346,True
ES-005468,2026-04-01,Nutrition Support Programme,Nutrition,Borno,Bama,Bama Site 3,0.8008,1,1,3,0,0,-0.14546473819740252,True
ES-000092,2026-04-01,Community Resilience Programme,Protection/Resilience,Borno,Maiduguri,Maiduguri Site 3,0.7585,9,0,10,0,0,-0.0895984485578391,True
ES-000860,2026-04-01,Community Resilience Programme,Protection/Resilience,Borno,Bama,Bama Site 3,0.842,6,1,5,0,0,-0.17978170929555193,True
ES-002044,2026-04-01,Livelihood Recovery Initiative,Livelihoods,Borno,Konduga,Konduga Site 4,0.8393,5,1,7,0,0,-0.1753634166826341,True
ES-002236,2026-04-01,Livelihood Recovery Initiative,Livelihoods,Borno,Mafa,Mafa Site 4,0.7249,5,3,4,0,0,-0.22712082985486487,True
ES-003196,2026-04-01,Education Access Project,Education,Borno,Maiduguri,Maiduguri Site 4,0.7859,7,4,7,0,0,-0.19529427648773662,True
ES-000604,2026-04-01,Community Resilience Programme,Protection/Resilience,Borno,Mafa,Mafa Site 1,0.8225,4,4,4,0,0,-0.2018102196937634,True
ES-002076,2026-04-01,Livelihood Recovery Initiative,Livelihoods,Borno,Konduga,Konduga Site 5,0.7002,3,3,6,0,0,-0.2180716200225828,True
ES-001660,2026-04-01,Livelihood Recovery Initiative,Livelihoods,Borno,Maiduguri,Maiduguri Site 4,0.7731,7,3,5,0,0,-0.2121895669941244,True
ES-007356,2026-04-01,WASH Resilience Initiative,WASH,Borno,Dikwa,Dikwa Site 2,0.8261,6,2,4,0,0,-0.20140062437199746,True
ES-001564,2026-04-01,Livelihood Recovery Initiative,Livelihoods,Borno,Maiduguri,Maiduguri Site 1,0.8587,3,4,3,0,0,-0.17029296427815915,True
ES-004060,2026-04-01,Education Access Project,Education,Borno,Ngala,Ngala Site 1,0.7211,7,4,9,0,0,-0.1826671034964908,True
ES-005372,2026-04-01,Nutrition Support Programme,Nutrition,Borno,Mafa,Mafa Site 6,0.7492,6,3,3,0,0,-0.21631600165869208,True
ES-001372,2026-04-01,Community Resilience Programme,Protection/Resilience,Borno,Gwoza,Gwoza Site 1,0.7564,7,1,3,0,0,-0.1860477131356516,True
ES-001276,2026-04-01,Community Resilience Programme,Protection/Resilience,Borno,Dikwa,Dikwa Site 4,0.7008,5,1,6,0,0,-0.20840534039109182,True
ES-000636,2026-04-01,Community Resilience Programme,Protection/Resilience,Borno,Mafa,Mafa Site 2,0.9055,4,2,5,0,0,-0.15631206446594365,True
ES-000508,2026-04-01,Community Resilience Programme,Protection/Resilience,Borno,Konduga,Konduga Site 4,0.8444,6,6,5,0,0,-0.14926781936758693,True
ES-006844,2026-04-01,WASH Resilience Initiative,WASH,Borno,Mafa,Mafa Site 4,0.7239,9,4,1,0,0,-0.13359696734044507,True
ES-006524,2026-04-01,WASH Resilience Initiative,WASH,Borno,Jere,Jere Site 6,0.6955,6,3,5,0,0,-0.22295842843221814,True
ES-001788,2026-04-01,Livelihood Recovery Initiative,Livelihoods,Borno,Jere,Jere Site 2,0.7567,4,4,7,0,0,-0.212169803962997,True
ES-006908,2026-04-01,WASH Resilience Initiative,WASH,Borno,Mafa,Mafa Site 6,0.7823,4,1,5,0,0,-0.205466862804625,True
ES-003420,2026-04-01,Education Access Project,Education,Borno,Jere,Jere Site 5,0.7665,4,5,2,0,0,-0.18186664753246073,True
ES-003836,2026-04-01,Education Access Project,Education,Borno,Mafa,Mafa Site 6,0.7268,5,1,6,0,0,-0.20900593014046065,True
ES-003356,2026-04-01,Education Access Project,Education,Borno,Jere,Jere Site 3,0.6396,4,3,6,0,0,-0.2105493321078276,True
ES-001756,2026-04-01,Livelihood Recovery Initiative,Livelihoods,Borno,Jere,Jere Site 1,0.7767,8,3,4,0,0,-0.19685195541371692,True
ES-003388,2026-04-01,Education Access Project,Education,Borno,Jere,Jere Site 4,0.8588,6,3,4,0,0,-0.1850373901879676,True
ES-005724,2026-04-01,Nutrition Support Programme,Nutrition,Borno,Ngala,Ngala Site 5,0.8984,7,4,2,0,0,-0.1168032756525566,True
ES-000220,2026-04-01,Community Resilience Programme,Protection/Resilience,Borno,Jere,Jere Site 1,0.8786,6,5,3,0,0,-0.1422974403568813,True
ES-005564,2026-04-01,Nutrition Support Programme,Nutrition,Borno,Bama,Bama Site 6,0.6428,8,1,10,0,0,-0.11855942955133836,True
ES-000572,2026-04-01,Community Resilience Programme,Protection/Resilience,Borno,Konduga,Konduga Site 6,0.9304,8,5,0,0,0,-0.011376539819094256,True
ES-007388,2026-04-01,WASH Resilience Initiative,WASH,Borno,Dikwa,Dikwa Site 3,0.7165,6,5,6,0,0,-0.20405409228880855,True
ES-006140,2026-04-01,Nutrition Support Programme,Nutrition,Borno,Gwoza,Gwoza Site 6,0.8448,2,2,7,0,0,-0.16776356862492214,True
ES-004828,2026-04-01,Nutrition Support Programme,Nutrition,Borno,Jere,Jere Site 1,0.7348,1,3,4,0,0,-0.1758675486406358,True
ES-000412,2026-04-01,Community Resilience Programme,Protection/Resilience,Borno,Konduga,Konduga Site 1,0.8681,2,4,3,0,0,-0.14901490184541638,True
ES-003900,2026-04-01,Education Access Project,Education,Borno,Bama,Bama Site 2,0.6994,6,2,7,0,0,-0.2131804060781553,True
ES-004092,2026-04-01,Education Access Project,Education,Borno,Ngala,Ngala Site 2,0.7463,7,0,6,0,0,-0.1552070591188749,True
ES-003164,2026-04-01,Education Access Project,Education,Borno,Maiduguri,Maiduguri Site 3,0.7545,3,1,14,0,0,-0.08691700690890275,True
ES-004348,2026-04-01,Education Access Project,Education,Borno,Dikwa,Dikwa Site 4,0.8447,5,3,5,0,0,-0.20176455670861976,True
ES-007196,2026-04-01,WASH Resilience Initiative,WASH,Borno,Ngala,Ngala Site 3,0.632,10,3,5,0,0,-0.15620885429315207,True
ES-001852,2026-04-01,Livelihood Recovery Initiative,Livelihoods,Borno,Jere,Jere Site 4,0.6881,6,3,7,0,0,-0.21742028125570678,True
ES-000156,2026-04-01,Community Resilience Programme,Protection/Resilience,Borno,Maiduguri,Maiduguri Site 5,0.8185,5,6,4,0,0,-0.16782736640857115,True
ES-002940,2026-04-01,Livelihood Recovery Initiative,Livelihoods,Borno,Gwoza,Gwoza Site 2,0.8299,4,4,5,0,0,-0.2006917966807384,True
ES-001724,2026-04-01,Livelihood Recovery Initiative,Livelihoods,Borno,Maiduguri,Maiduguri Site 6,0.8689,5,2,3,0,0,-0.17645521267248604,True
ES-005308,2026-04-01,Nutrition Support Programme,Nutrition,Borno,Mafa,Mafa Site 4,0.8023,4,1,3,0,0,-0.19036861580376452,True
ES-002652,2026-04-01,Livelihood Recovery Initiative,Livelihoods,Borno,Ngala,Ngala Site 5,0.756,3,1,46,1,1,0.05893880325361833,True
ES-001500,2026-04-01,Community Resilience Programme,Protection/Resilience,Borno,Gwoza,Gwoza Site 5,0.7875,3,2,5,0,0,-0.21328760439458377,True
ES-003740,2026-04-01,Education Access Project,Education,Borno,Mafa,Mafa Site 3,0.6914,3,3,6,0,0,-0.2183070573071343,True
ES-002972,2026-04-01,Livelihood Recovery Initiative,Livelihoods,Borno,Gwoza,Gwoza Site 3,0.7656,4,1,5,0,0,-0.20694276054867877,True
ES-000060,2026-04-01,Community Resilience Programme,Protection/Resilience,Borno,Maiduguri,Maiduguri Site 2,0.8766,8,2,3,0,0,-0.14023182629855707,True
ES-004156,2026-04-01,Education Access Project,Education,Borno,Ngala,Ngala Site 4,0.6932,6,1,1,0,0,-0.15728587451746223,True
ES-003484,2026-04-01,Education Access Project,Education,Borno,Konduga,Konduga Site 1,0.8618,8,4,7,0,0,-0.13870893725628491,True
ES-007484,2026-04-01,WASH Resilience Initiative,WASH,Borno,Dikwa,Dikwa Site 6,0.7206,8,3,6,0,0,-0.2045847972471369,True
ES-005692,2026-04-01,Nutrition Support Programme,Nutrition,Borno,Ngala,Ngala Site 4,0.6797,9,5,7,0,0,-0.15850311249682714,True
ES-007132,2026-04-01,WASH Resilience Initiative,WASH,Borno,Ngala,Ngala Site 1,0.7778,6,4,4,0,0,-0.21265678305330027,True
ES-004412,2026-04-01,Education Access Project,Education,Borno,Dikwa,Dikwa Site 6,0.7633,4,1,2,0,0,-0.18386462620098037,True
ES-006044,2026-04-01,Nutrition Support Programme,Nutrition,Borno,Gwoza,Gwoza Site 3,0.6906,14,4,50,1,1,0.10408053011629048,True
ES-000668,2026-04-01,Community Resilience Programme,Protection/Resilience,Borno,Mafa,Mafa Site 3,0.9278,5,1,9,0,0,-0.07482391389877574,True
ES-007164,2026-04-01,WASH Resilience Initiative,WASH,Borno,Ngala,Ngala Site 2,0.8018,4,6,5,0,0,-0.17266626439180005,True
ES-003068,2026-04-01,Livelihood Recovery Initiative,Livelihoods,Borno,Gwoza,Gwoza Site 6,0.6708,3,8,5,0,0,-0.11817981495443297,True
ES-006716,2026-04-01,WASH Resilience Initiative,WASH,Borno,Konduga,Konduga Site 6,0.2673,10,2,5,1,1,0.005217485040257319,True
ES-007420,2026-04-01,WASH Resilience Initiative,WASH,Borno,Dikwa,Dikwa Site 4,0.6287,13,2,6,0,0,-0.0906759908462545,True
ES-006204,2026-04-01,WASH Resilience Initiative,WASH,Borno,Maiduguri,Maiduguri Site 2,0.7516,6,3,3,0,0,-0.21642532449027918,True
ES-005532,2026-04-01,Nutrition Support Programme,Nutrition,Borno,Bama,Bama Site 5,0.7133,9,8,5,0,0,-0.08396984283500009,True
ES-003708,2026-04-01,Education Access Project,Education,Borno,Mafa,Mafa Site 2,0.7611,2,5,4,0,0,-0.18062410903580306,True
ES-001820,2026-04-01,Livelihood Recovery Initiative,Livelihoods,Borno,Jere,Jere Site 3,0.7517,12,1,7,0,0,-0.10523038067193508,True
ES-004988,2026-04-01,Nutrition Support Programme,Nutrition,Borno,Jere,Jere Site 6,0.6469,4,4,15,0,0,-0.08722638771689317,True
ES-002268,2026-04-01,Livelihood Recovery Initiative,Livelihoods,Borno,Mafa,Mafa Site 5,0.8283,4,3,10,0,0,-0.15694344436683733,True
ES-000764,2026-04-01,Community Resilience Programme,Protection/Resilience,Borno,Mafa,Mafa Site 6,0.7219,6,4,7,0,0,-0.2130875555697826,True
ES-006364,2026-04-01,WASH Resilience Initiative,WASH,Borno,Jere,Jere Site 1,0.7559,14,2,6,0,0,-0.09378425779623445,True
ES-000348,2026-04-01,Community Resilience Programme,Protection/Resilience,Borno,Jere,Jere Site 5,0.7881,7,1,8,0,0,-0.16983145689827855,True
ES-006812,2026-04-01,WASH Resilience Initiative,WASH,Borno,Mafa,Mafa Site 3,0.7178,3,3,7,0,0,-0.2136534587330569,True
ES-006588,2026-04-01,WASH Resilience Initiative,WASH,Borno,Konduga,Konduga Site 2,0.7823,3,3,5,0,0,-0.21581305900092268,True
ES-006748,2026-04-01,WASH Resilience Initiative,WASH,Borno,Mafa,Mafa Site 1,0.7313,3,2,7,0,0,-0.2088517101451413,True
ES-002844,2026-04-01,Livelihood Recovery Initiative,Livelihoods,Borno,Dikwa,Dikwa Site 5,0.7442,6,2,4,0,0,-0.21770506738508688,True
ES-006460,2026-04-01,WASH Resilience Initiative,WASH,Borno,Jere,Jere Site 4,0.8364,2,0,4,0,0,-0.12697708291053333,True
ES-004860,2026-04-01,Nutrition Support Programme,Nutrition,Borno,Jere,Jere Site 2,0.789,10,1,6,0,0,-0.14857373469486646,True
ES-001468,2026-04-01,Community Resilience Programme,Protection/Resilience,Borno,Gwoza,Gwoza Site 4,0.7149,3,3,3,0,0,-0.2120957608634863,True
ES-006620,2026-04-01,WASH Resilience Initiative,WASH,Borno,Konduga,Konduga Site 3,0.7734,4,4,8,0,0,-0.2014145582012642,True
ES-001212,2026-04-01,Community Resilience Programme,Protection/Resilience,Borno,Dikwa,Dikwa Site 2,0.8005,4,4,9,0,0,-0.1794126535463607,True
ES-002428,2026-04-01,Livelihood Recovery Initiative,Livelihoods,Borno,Bama,Bama Site 4,0.8003,7,3,6,0,0,-0.2050992743084724,True
ES-007644,2026-04-01,WASH Resilience Initiative,WASH,Borno,Gwoza,Gwoza Site 5,0.5819,5,3,7,0,0,-0.18025686401737828,True
ES-004316,2026-04-01,Education Access Project,Education,Borno,Dikwa,Dikwa Site 3,0.6529,7,7,7,0,0,-0.13035021132888086,True
ES-001628,2026-04-01,Livelihood Recovery Initiative,Livelihoods,Borno,Maiduguri,Maiduguri Site 3,0.7754,7,1,6,0,0,-0.1930754922865564,True
ES-005020,2026-04-01,Nutrition Support Programme,Nutrition,Borno,Konduga,Konduga Site 1,0.7493,5,4,7,0,0,-0.21330677651815444,True
ES-003644,2026-04-01,Education Access Project,Education,Borno,Konduga,Konduga Site 6,0.7016,11,4,5,0,0,-0.1375039645999162,True
ES-003580,2026-04-01,Education Access Project,Education,Borno,Konduga,Konduga Site 4,0.747,4,4,6,0,0,-0.21731740935553323,True
ES-005916,2026-04-01,Nutrition Support Programme,Nutrition,Borno,Dikwa,Dikwa Site 5,0.7643,4,5,5,0,0,-0.20482038130523356,True
ES-002716,2026-04-01,Livelihood Recovery Initiative,Livelihoods,Borno,Dikwa,Dikwa Site 1,0.7806,8,0,3,0,0,-0.12576902862128936,True
ES-001340,2026-04-01,Community Resilience Programme,Protection/Resilience,Borno,Dikwa,Dikwa Site 6,0.8415,4,3,6,0,0,-0.20037456854218877,True
ES-002812,2026-04-01,Livelihood Recovery Initiative,Livelihoods,Borno,Dikwa,Dikwa Site 4,0.8206,2,3,5,0,0,-0.1937985053380984,True
ES-002620,2026-04-01,Livelihood Recovery Initiative,Livelihoods,Borno,Ngala,Ngala Site 4,0.6984,4,5,5,0,0,-0.20908549152329703,True
ES-005244,2026-04-01,Nutrition Support Programme,Nutrition,Borno,Mafa,Mafa Site 2,0.6831,6,4,8,0,0,-0.20483559105105936,True
ES-005276,2026-04-01,Nutrition Support Programme,Nutrition,Borno,Mafa,Mafa Site 3,0.3828,4,2,3,1,0,-0.04560047595313488,False
ES-007612,2026-04-01,WASH Resilience Initiative,WASH,Borno,Gwoza,Gwoza Site 4,0.7647,3,1,3,0,0,-0.1904334027056953,True
ES-000924,2026-04-01,Community Resilience Programme,Protection/Resilience,Borno,Bama,Bama Site 5,0.94,4,1,4,0,0,-0.10353701508371205,True
ES-007260,2026-04-01,WASH Resilience Initiative,WASH,Borno,Ngala,Ngala Site 5,0.68,5,4,4,0,0,-0.22003925414681696,True
ES-005884,2026-04-01,Nutrition Support Programme,Nutrition,Borno,Dikwa,Dikwa Site 4,0.824,2,3,7,0,0,-0.17673416754973603,True
ES-002492,2026-04-01,Livelihood Recovery Initiative,Livelihoods,Borno,Bama,Bama Site 6,0.6926,3,7,6,0,0,-0.15238331806337968,True
ES-000796,2026-04-01,Community Resilience Programme,Protection/Resilience,Borno,Bama,Bama Site 1,0.7098,2,33,2,1,1,0.057964833559534745,True
ES-005596,2026-04-01,Nutrition Support Programme,Nutrition,Borno,Ngala,Ngala Site 1,0.8222,7,2,7,0,0,-0.18494815681036142,True
ES-001596,2026-04-01,Livelihood Recovery Initiative,Livelihoods,Borno,Maiduguri,Maiduguri Site 2,0.6625,7,6,6,0,0,-0.17014503188982988,True
ES-001692,2026-04-01,Livelihood Recovery Initiative,Livelihoods,Borno,Maiduguri,Maiduguri Site 5,0.8159,6,4,10,0,0,-0.15582562136214906,True
ES-001084,2026-04-01,Community Resilience Programme,Protection/Resilience,Borno,Ngala,Ngala Site 4,0.7674,8,3,0,0,0,-0.12521400405998073,True
ES-000700,2026-04-01,Community Resilience Programme,Protection/Resilience,Borno,Mafa,Mafa Site 4,0.7291,5,7,6,0,0,-0.15766997414407546,True
ES-005852,2026-04-01,Nutrition Support Programme,Nutrition,Borno,Dikwa,Dikwa Site 3,0.7834,1,4,5,0,0,-0.16548186158455735,True
ES-000124,2026-04-01,Community Resilience Programme,Protection/Resilience,Borno,Maiduguri,Maiduguri Site 4,0.8749,3,1,2,0,0,-0.13460708642056973,True
ES-005628,2026-04-01,Nutrition Support Programme,Nutrition,Borno,Ngala,Ngala Site 2,0.6587,4,1,5,0,0,-0.19620070229483866,True
ES-002460,2026-04-01,Livelihood Recovery Initiative,Livelihoods,Borno,Bama,Bama Site 5,0.6851,10,32,11,1,1,0.09777216116214094,True
ES-002780,2026-04-01,Livelihood Recovery Initiative,Livelihoods,Borno,Dikwa,Dikwa Site 3,0.7811,7,1,2,0,0,-0.16519787208146075,True
ES-007516,2026-04-01,WASH Resilience Initiative,WASH,Borno,Gwoza,Gwoza Site 1,0.5653,3,6,6,0,0,-0.11790419139791819,True
ES-004028,2026-04-01,Education Access Project,Education,Borno,Bama,Bama Site 6,0.791,5,2,4,0,0,-0.21601928278048993,True
ES-006236,2026-04-01,WASH Resilience Initiative,WASH,Borno,Maiduguri,Maiduguri Site 3,0.6499,7,3,3,0,0,-0.19709112942110057,True
ES-005948,2026-04-01,Nutrition Support Programme,Nutrition,Borno,Dikwa,Dikwa Site 6,0.8213,4,1,2,0,0,-0.1710165252232717,True
ES-001148,2026-04-01,Community Resilience Programme,Protection/Resilience,Borno,Ngala,Ngala Site 6,0.7786,9,8,3,0,0,-0.06351056707520153,True
ES-001052,2026-04-01,Community Resilience Programme,Protection/Resilience,Borno,Ngala,Ngala Site 3,0.8721,7,5,8,0,0,-0.12240806132907572,True
ES-003612,2026-04-01,Education Access Project,Education,Borno,Konduga,Konduga Site 5,0.7429,4,5,4,0,0,-0.20522071837267786,True
ES-004380,2026-04-01,Education Access Project,Education,Borno,Dikwa,Dikwa Site 5,0.74,5,4,14,0,0,-0.11839912944207004,True
ES-003516,2026-04-01,Education Access Project,Education,Borno,Konduga,Konduga Site 2,0.7608,3,2,11,0,0,-0.15180910768860667,True
ES-005116,2026-04-01,Nutrition Support Programme,Nutrition,Borno,Konduga,Konduga Site 4,0.8133,3,5,10,0,0,-0.14080016277850166,True
ES-000188,2026-04-01,Community Resilience Programme,Protection/Resilience,Borno,Maiduguri,Maiduguri Site 6,0.7058,4,1,11,0,0,-0.14163316010742688,True
ES-000540,2026-04-01,Community Resilience Programme,Protection/Resilience,Borno,Konduga,Konduga Site 5,0.855,3,3,5,0,0,-0.18911399547177554,True
ES-007676,2026-04-01,WASH Resilience Initiative,WASH,Borno,Gwoza,Gwoza Site 6,0.6433,8,0,13,0,0,-0.0369929108258632,True
ES-003772,2026-04-01,Education Access Project,Education,Borno,Mafa,Mafa Site 4,0.801,2,2,3,0,0,-0.18857558765473426,True
ES-002908,2026-04-01,Livelihood Recovery Initiative,Livelihoods,Borno,Gwoza,Gwoza Site 1,0.7154,6,1,4,0,0,-0.20379973802934637,True
ES-004732,2026-04-01,Nutrition Support Programme,Nutrition,Borno,Maiduguri,Maiduguri Site 4,0.8567,9,1,6,0,0,-0.1292453069052275,True
ES-006012,2026-04-01,Nutrition Support Programme,Nutrition,Borno,Gwoza,Gwoza Site 2,0.7309,1,6,4,0,0,-0.13755534804944342,True
ES-000476,2026-04-01,Community Resilience Programme,Protection/Resilience,Borno,Konduga,Konduga Site 3,0.7048,4,3,3,0,0,-0.2182942767649288,True
ES-005180,2026-04-01,Nutrition Support Programme,Nutrition,Borno,Konduga,Konduga Site 6,0.7093,6,2,3,0,0,-0.21145425475531732,True
ES-001116,2026-04-01,Community Resilience Programme,Protection/Resilience,Borno,Ngala,Ngala Site 5,0.6797,6,2,4,0,0,-0.2147684316159701,True
ES-002748,2026-04-01,Livelihood Recovery Initiative,Livelihoods,Borno,Dikwa,Dikwa Site 2,0.7154,7,4,4,0,0,-0.21175684912456105,True
ES-004220,2026-04-01,Education Access Project,Education,Borno,Ngala,Ngala Site 6,0.6667,5,0,2,0,0,-0.1354578013353236,True
ES-004668,2026-04-01,Nutrition Support Programme,Nutrition,Borno,Maiduguri,Maiduguri Site 2,0.8467,3,5,1,0,0,-0.12214348793469654,True
ES-002588,2026-04-01,Livelihood Recovery Initiative,Livelihoods,Borno,Ngala,Ngala Site 3,0.7871,4,2,11,0,0,-0.15326369634242348,True
ES-003292,2026-04-01,Education Access Project,Education,Borno,Jere,Jere Site 1,0.7715,8,0,7,0,0,-0.13579095351727755,True
ES-004956,2026-04-01,Nutrition Support Programme,Nutrition,Borno,Jere,Jere Site 5,0.8094,9,3,6,0,0,-0.17734979732954587,True
ES-006780,2026-04-01,WASH Resilience Initiative,WASH,Borno,Mafa,Mafa Site 2,0.7406,2,1,6,0,0,-0.18358992451468303,True
ES-001948,2026-04-01,Livelihood Recovery Initiative,Livelihoods,Borno,Konduga,Konduga Site 1,0.6852,9,1,4,0,0,-0.1662380494045056,True
ES-001884,2026-04-01,Livelihood Recovery Initiative,Livelihoods,Borno,Jere,Jere Site 5,0.7473,5,3,8,0,0,-0.21024009245333086,True
ES-007324,2026-04-01,WASH Resilience Initiative,WASH,Borno,Dikwa,Dikwa Site 1,0.777,5,5,4,0,0,-0.20284843034068328,True
ES-002684,2026-04-01,Livelihood Recovery Initiative,Livelihoods,Borno,Ngala,Ngala Site 6,0.7175,4,6,8,0,0,-0.1725985254083473,True
ES-000828,2026-04-01,Community Resilience Programme,Protection/Resilience,Borno,Bama,Bama Site 2,0.7473,8,7,6,0,0,-0.1208543036810476,True
ES-006076,2026-04-01,Nutrition Support Programme,Nutrition,Borno,Gwoza,Gwoza Site 4,0.5721,7,2,10,0,0,-0.11864945863395565,True
ES-003324,2026-04-01,Education Access Project,Education,Borno,Jere,Jere Site 2,0.8399,3,4,8,0,0,-0.1703600290815268,True
ES-004700,2026-04-01,Nutrition Support Programme,Nutrition,Borno,Maiduguri,Maiduguri Site 3,0.8142,3,6,3,0,0,-0.15502493613465812,True
ES-003100,2026-04-01,Education Access Project,Education,Borno,Maiduguri,Maiduguri Site 1,0.7067,6,3,8,0,0,-0.2108129244661192,True
ES-000380,2026-04-01,Community Resilience Programme,Protection/Resilience,Borno,Jere,Jere Site 6,0.8698,4,2,5,0,0,-0.18323914114513457,True
ES-003932,2026-04-01,Education Access Project,Education,Borno,Bama,Bama Site 3,0.6826,8,5,8,0,0,-0.16579207242895294,True
ES-005052,2026-04-01,Nutrition Support Programme,Nutrition,Borno,Konduga,Konduga Site 2,0.7683,5,3,4,0,0,-0.22426345448447782,True
ES-005980,2026-04-01,Nutrition Support Programme,Nutrition,Borno,Gwoza,Gwoza Site 1,0.8137,9,1,1,0,0,-0.10773287749810778,True
ES-005500,2026-04-01,Nutrition Support Programme,Nutrition,Borno,Bama,Bama Site 4,0.8336,6,1,4,0,0,-0.18513644480865094,True
ES-003260,2026-04-01,Education Access Project,Education,Borno,Maiduguri,Maiduguri Site 6,0.8667,4,2,5,0,0,-0.18569777808632354,True
ES-007100,2026-04-01,WASH Resilience Initiative,WASH,Borno,Bama,Bama Site 6,0.7396,4,0,4,0,0,-0.16433288827333914,True
ES-005756,2026-04-01,Nutrition Support Programme,Nutrition,Borno,Ngala,Ngala Site 6,0.6486,4,5,4,0,0,-0.19714276763691574,True
ES-007228,2026-04-01,WASH Resilience Initiative,WASH,Borno,Ngala,Ngala Site 4,0.6809,6,3,3,0,0,-0.21485159982466978,True
ES-000892,2026-04-01,Community Resilience Programme,Protection/Resilience,Borno,Bama,Bama Site 4,0.7934,4,2,5,0,0,-0.2162056579745023,True
ES-000956,2026-04-01,Community Resilience Programme,Protection/Resilience,Borno,Bama,Bama Site 6,0.6541,6,3,5,0,0,-0.21663651977754617,True
ES-000316,2026-04-01,Community Resilience Programme,Protection/Resilience,Borno,Jere,Jere Site 4,0.8291,5,3,7,0,0,-0.19881050215392654,True
ES-006940,2026-04-01,WASH Resilience Initiative,WASH,Borno,Bama,Bama Site 1,0.6356,5,4,6,0,0,-0.20708658973629052,True
ES-005660,2026-04-01,Nutrition Support Programme,Nutrition,Borno,Ngala,Ngala Site 3,0.8156,2,2,2,0,0,-0.1735068046608223,True
ES-000732,2026-04-01,Community Resilience Programme,Protection/Resilience,Borno,Mafa,Mafa Site 5,0.7953,6,1,8,0,0,-0.18045929810340272,True
ES-004604,2026-04-01,Education Access Project,Education,Borno,Gwoza,Gwoza Site 6,0.7199,5,4,10,0,0,-0.18149282777542702,True
ES-001916,2026-04-01,Livelihood Recovery Initiative,Livelihoods,Borno,Jere,Jere Site 6,0.8276,5,6,12,0,0,-0.07759166471258672,True
ES-002012,2026-04-01,Livelihood Recovery Initiative,Livelihoods,Borno,Konduga,Konduga Site 3,0.6967,8,5,2,0,0,-0.15629570770508094,True
ES-003228,2026-04-01,Education Access Project,Education,Borno,Maiduguri,Maiduguri Site 5,0.6678,3,5,8,0,0,-0.18115520571242677,True
ES-006268,2026-04-01,WASH Resilience Initiative,WASH,Borno,Maiduguri,Maiduguri Site 4,0.9612,6,1,4,0,0,-0.07830561524014568,True
ES-000444,2026-04-01,Community Resilience Programme,Protection/Resilience,Borno,Konduga,Konduga Site 2,0.7256,5,2,11,0,0,-0.1621638278980681,True
ES-007580,2026-04-01,WASH Resilience Initiative,WASH,Borno,Gwoza,Gwoza Site 3,0.7457,6,3,4,0,0,-0.22186975985265733,True
ES-001436,2026-04-01,Community Resilience Programme,Protection/Resilience,Borno,Gwoza,Gwoza Site 3,0.8395,5,2,7,0,0,-0.1904073765266618,True
ES-007548,2026-04-01,WASH Resilience Initiative,WASH,Borno,Gwoza,Gwoza Site 2,0.8031,4,2,5,0,0,-0.2138770691289602,True
ES-006428,2026-04-01,WASH Resilience Initiative,WASH,Borno,Jere,Jere Site 3,0.7218,7,2,1,0,0,-0.16990868872375603,True
ES-004188,2026-04-01,Education Access Project,Education,Borno,Ngala,Ngala Site 5,0.7093,6,2,4,0,0,-0.21811796135202882,True
ES-002332,2026-04-01,Livelihood Recovery Initiative,Livelihoods,Borno,Bama,Bama Site 1,0.712,4,3,9,0,0,-0.20170511710270395,True
ES-002876,2026-04-01,Livelihood Recovery Initiative,Livelihoods,Borno,Dikwa,Dikwa Site 6,0.5982,5,2,3,0,0,-0.17377428865359584,True
ES-001404,2026-04-01,Community Resilience Programme,Protection/Resilience,Borno,Gwoza,Gwoza Site 2,0.6771,4,3,5,0,0,-0.22241149573487684,True
ES-005340,2026-04-01,Nutrition Support Programme,Nutrition,Borno,Mafa,Mafa Site 5,0.6785,12,5,5,0,0,-0.10765759230263139,True
ES-005820,2026-04-01,Nutrition Support Programme,Nutrition,Borno,Dikwa,Dikwa Site 2,0.7968,3,4,12,0,0,-0.11745783281182376,True
ES-003548,2026-04-01,Education Access Project,Education,Borno,Konduga,Konduga Site 3,0.6397,3,4,6,0,0,-0.19591088064212897,True
ES-003676,2026-04-01,Education Access Project,Education,Borno,Mafa,Mafa Site 1,0.6802,11,2,3,0,0,-0.12891806844109627,True
ES-004252,2026-04-01,Education Access Project,Education,Borno,Dikwa,Dikwa Site 1,0.7221,7,1,10,0,0,-0.149792835198302,True
ES-005148,2026-04-01,Nutrition Support Programme,Nutrition,Borno,Konduga,Konduga Site 5,0.8068,4,0,3,0,0,-0.1518184829502684,True
ES-003132,2026-04-01,Education Access Project,Education,Borno,Maiduguri,Maiduguri Site 2,0.8574,5,3,2,0,0,-0.16863707504792552,True
ES-006172,2026-04-01,WASH Resilience Initiative,WASH,Borno,Maiduguri,Maiduguri Site 1,0.921,3,2,6,0,0,-0.1303849334091185,True
ES-004476,2026-04-01,Education Access Project,Education,Borno,Gwoza,Gwoza Site 2,0.745,2,1,7,0,0,-0.17302545822751175,True
ES-007068,2026-04-01,WASH Resilience Initiative,WASH,Borno,Bama,Bama Site 5,0.7186,8,1,6,0,0,-0.18327357996317467,True
ES-004636,2026-04-01,Nutrition Support Programme,Nutrition,Borno,Maiduguri,Maiduguri Site 1,0.6944,6,3,5,0,0,-0.22311957184214926,True
ES-001980,2026-04-01,Livelihood Recovery Initiative,Livelihoods,Borno,Konduga,Konduga Site 2,0.7415,4,0,7,0,0,-0.1588418666966656,True
ES-006556,2026-04-01,WASH Resilience Initiative,WASH,Borno,Konduga,Konduga Site 1,0.7644,7,0,4,0,0,-0.15178566341130156,True
ES-002396,2026-04-01,Livelihood Recovery Initiative,Livelihoods,Borno,Bama,Bama Site 3,0.8627,3,3,5,0,0,-0.18492907945506476,True
ES-000284,2026-04-01,Community Resilience Programme,Protection/Resilience,Borno,Jere,Jere Site 3,0.8208,8,3,3,0,0,-0.1753091477463049,True
ES-001180,2026-04-01,Community Resilience Programme,Protection/Resilience,Borno,Dikwa,Dikwa Site 1,0.7338,6,0,4,0,0,-0.1571127812578152,True
ES-004796,2026-04-01,Nutrition Support Programme,Nutrition,Borno,Maiduguri,Maiduguri Site 6,0.8704,7,2,7,0,0,-0.1536967645882253,True
ES-005917,2026-05-01,Nutrition Support Programme,Nutrition,Borno,Dikwa,Dikwa Site 5,0.7926,8,4,7,0,0,-0.18011992126288773,True
ES-001629,2026-05-01,Livelihood Recovery Initiative,Livelihoods,Borno,Maiduguri,Maiduguri Site 3,0.8294,5,3,1,0,0,-0.16125836107983588,True
ES-007645,2026-05-01,WASH Resilience Initiative,WASH,Borno,Gwoza,Gwoza Site 5,0.6122,10,9,8,0,0,-0.021580207644290694,True
ES-005245,2026-05-01,Nutrition Support Programme,Nutrition,Borno,Mafa,Mafa Site 2,0.6915,6,3,8,0,0,-0.21031489736394238,True
ES-003645,2026-05-01,Education Access Project,Education,Borno,Konduga,Konduga Site 6,0.7746,6,1,3,0,0,-0.1948276298250915,True
ES-007453,2026-05-01,WASH Resilience Initiative,WASH,Borno,Dikwa,Dikwa Site 5,0.7763,3,2,5,0,0,-0.2140850208909258,True
ES-003453,2026-05-01,Education Access Project,Education,Borno,Jere,Jere Site 6,0.7681,4,4,8,0,0,-0.2014541276876095,True
ES-006173,2026-05-01,WASH Resilience Initiative,WASH,Borno,Maiduguri,Maiduguri Site 1,0.9688,2,6,7,0,0,-0.028709920195200134,True
ES-000861,2026-05-01,Community Resilience Programme,Protection/Resilience,Borno,Bama,Bama Site 3,0.7768,7,2,4,0,0,-0.20596916036942942,True
ES-002717,2026-05-01,Livelihood Recovery Initiative,Livelihoods,Borno,Dikwa,Dikwa Site 1,0.86,5,1,2,0,0,-0.14692130900626066,True
ES-003869,2026-05-01,Education Access Project,Education,Borno,Bama,Bama Site 1,0.7215,4,8,8,0,0,-0.11574851856642149,True
ES-007261,2026-05-01,WASH Resilience Initiative,WASH,Borno,Ngala,Ngala Site 5,0.6909,6,3,3,0,0,-0.216502725930451,True
ES-001405,2026-05-01,Community Resilience Programme,Protection/Resilience,Borno,Gwoza,Gwoza Site 2,0.7431,4,5,5,0,0,-0.20794189571049226,True
ES-002493,2026-05-01,Livelihood Recovery Initiative,Livelihoods,Borno,Bama,Bama Site 6,0.6221,10,4,5,0,0,-0.14826791379153953,True
ES-006749,2026-05-01,WASH Resilience Initiative,WASH,Borno,Mafa,Mafa Site 1,0.6922,2,5,4,0,0,-0.1811880168562019,True
ES-002621,2026-05-01,Livelihood Recovery Initiative,Livelihoods,Borno,Ngala,Ngala Site 4,0.6982,3,4,8,0,0,-0.19651909108419707,True
ES-000701,2026-05-01,Community Resilience Programme,Protection/Resilience,Borno,Mafa,Mafa Site 4,0.7875,6,2,7,0,0,-0.20799521555391925,True
ES-007613,2026-05-01,WASH Resilience Initiative,WASH,Borno,Gwoza,Gwoza Site 4,0.6568,9,5,6,0,0,-0.1639574727514324,True
ES-002749,2026-05-01,Livelihood Recovery Initiative,Livelihoods,Borno,Dikwa,Dikwa Site 2,0.6746,8,5,9,0,0,-0.151559921404898,True
ES-006237,2026-05-01,WASH Resilience Initiative,WASH,Borno,Maiduguri,Maiduguri Site 3,0.816,6,2,6,0,0,-0.20743050790797424,True
ES-003613,2026-05-01,Education Access Project,Education,Borno,Konduga,Konduga Site 5,0.8012,3,3,7,0,0,-0.2028862855092864,True
ES-004381,2026-05-01,Education Access Project,Education,Borno,Dikwa,Dikwa Site 5,0.7239,6,1,6,0,0,-0.2065368175107325,True
ES-004733,2026-05-01,Nutrition Support Programme,Nutrition,Borno,Maiduguri,Maiduguri Site 4,0.8345,3,4,5,0,0,-0.19230631367538653,True
ES-001437,2026-05-01,Community Resilience Programme,Protection/Resilience,Borno,Gwoza,Gwoza Site 3,0.7943,4,5,8,0,0,-0.18524777836062079,True
ES-001213,2026-05-01,Community Resilience Programme,Protection/Resilience,Borno,Dikwa,Dikwa Site 2,0.7593,4,4,4,0,0,-0.21712615117633655,True
ES-002685,2026-05-01,Livelihood Recovery Initiative,Livelihoods,Borno,Ngala,Ngala Site 6,0.6618,10,4,5,0,0,-0.162338157372646,True
ES-004861,2026-05-01,Nutrition Support Programme,Nutrition,Borno,Jere,Jere Site 2,0.3795,5,0,5,1,0,-0.004169729099025465,False
ES-007037,2026-05-01,WASH Resilience Initiative,WASH,Borno,Bama,Bama Site 4,0.8657,3,0,5,0,0,-0.12260897086326561,True
ES-000349,2026-05-01,Community Resilience Programme,Protection/Resilience,Borno,Jere,Jere Site 5,0.8795,5,3,6,0,0,-0.17188035094515447,True
ES-004637,2026-05-01,Nutrition Support Programme,Nutrition,Borno,Maiduguri,Maiduguri Site 1,0.8072,4,7,3,0,0,-0.1299144766794269,True
ES-006717,2026-05-01,WASH Resilience Initiative,WASH,Borno,Konduga,Konduga Site 6,0.7679,7,3,2,0,0,-0.1908281393431282,True
ES-004669,2026-05-01,Nutrition Support Programme,Nutrition,Borno,Maiduguri,Maiduguri Site 2,0.7683,10,3,3,0,0,-0.15444599130031295,True
ES-005437,2026-05-01,Nutrition Support Programme,Nutrition,Borno,Bama,Bama Site 2,0.7582,4,4,10,0,0,-0.17700892859130213,True
ES-006685,2026-05-01,WASH Resilience Initiative,WASH,Borno,Konduga,Konduga Site 5,0.677,9,3,4,0,0,-0.18596170019468317,True
ES-006973,2026-05-01,WASH Resilience Initiative,WASH,Borno,Bama,Bama Site 2,0.7197,2,3,1,0,0,-0.16233108323399292,True
ES-005405,2026-05-01,Nutrition Support Programme,Nutrition,Borno,Bama,Bama Site 1,0.6876,7,1,3,0,0,-0.18203837775111387,True
ES-002141,2026-05-01,Livelihood Recovery Initiative,Livelihoods,Borno,Mafa,Mafa Site 1,0.8512,1,3,6,0,0,-0.14944684526243096,True
ES-004509,2026-05-01,Education Access Project,Education,Borno,Gwoza,Gwoza Site 3,0.6412,5,1,3,0,0,-0.176912966803622,True
ES-000317,2026-05-01,Community Resilience Programme,Protection/Resilience,Borno,Jere,Jere Site 4,0.907,3,8,7,0,0,-0.04710032164454092,True
ES-004573,2026-05-01,Education Access Project,Education,Borno,Gwoza,Gwoza Site 5,0.7192,3,3,1,0,0,-0.17583797436388204,True
ES-000957,2026-05-01,Community Resilience Programme,Protection/Resilience,Borno,Bama,Bama Site 6,0.6753,4,3,7,0,0,-0.2169524706946574,True
ES-002045,2026-05-01,Livelihood Recovery Initiative,Livelihoods,Borno,Konduga,Konduga Site 4,0.7573,4,7,11,0,0,-0.09544679195949707,True
ES-005757,2026-05-01,Nutrition Support Programme,Nutrition,Borno,Ngala,Ngala Site 6,0.8542,4,4,1,0,0,-0.13663897656598883,True
ES-005053,2026-05-01,Nutrition Support Programme,Nutrition,Borno,Konduga,Konduga Site 2,0.7275,6,1,2,0,0,-0.18103731839121778,True
ES-003933,2026-05-01,Education Access Project,Education,Borno,Bama,Bama Site 3,0.6377,7,2,7,0,0,-0.1910438916672325,True
ES-000285,2026-05-01,Community Resilience Programme,Protection/Resilience,Borno,Jere,Jere Site 3,0.8489,7,1,6,0,0,-0.1603708085960453,True
ES-000893,2026-05-01,Community Resilience Programme,Protection/Resilience,Borno,Bama,Bama Site 4,0.7993,8,1,7,0,0,-0.1655914899282433,True
ES-001981,2026-05-01,Livelihood Recovery Initiative,Livelihoods,Borno,Konduga,Konduga Site 2,0.7053,5,4,5,0,0,-0.2227836754436187,True
ES-007069,2026-05-01,WASH Resilience Initiative,WASH,Borno,Bama,Bama Site 5,0.7354,4,0,10,0,0,-0.12119165829905942,True
ES-004477,2026-05-01,Education Access Project,Education,Borno,Gwoza,Gwoza Site 2,0.6748,6,0,2,0,0,-0.12970903541519146,True
ES-001181,2026-05-01,Community Resilience Programme,Protection/Resilience,Borno,Dikwa,Dikwa Site 1,0.7346,3,3,5,0,0,-0.2192307546453015,True
ES-001949,2026-05-01,Livelihood Recovery Initiative,Livelihoods,Borno,Konduga,Konduga Site 1,0.7678,10,4,3,0,0,-0.14569690667622653,True
ES-007229,2026-05-01,WASH Resilience Initiative,WASH,Borno,Ngala,Ngala Site 4,0.596,5,2,6,0,0,-0.1859752337615624,True
ES-004893,2026-05-01,Nutrition Support Programme,Nutrition,Borno,Jere,Jere Site 3,0.866,6,5,2,0,0,-0.13213556518244146,True
ES-002013,2026-05-01,Livelihood Recovery Initiative,Livelihoods,Borno,Konduga,Konduga Site 3,0.6548,3,2,4,0,0,-0.20298152874240583,True
ES-000381,2026-05-01,Community Resilience Programme,Protection/Resilience,Borno,Jere,Jere Site 6,0.9334,2,4,5,0,0,-0.09502890284067672,True
ES-004605,2026-05-01,Education Access Project,Education,Borno,Gwoza,Gwoza Site 6,0.7228,6,3,7,0,0,-0.21893052094764986,True
ES-005469,2026-05-01,Nutrition Support Programme,Nutrition,Borno,Bama,Bama Site 3,0.7937,6,2,8,0,0,-0.19773509234382614,True
ES-005213,2026-05-01,Nutrition Support Programme,Nutrition,Borno,Mafa,Mafa Site 1,0.7705,4,2,4,0,0,-0.2194509713653593,True
ES-005821,2026-05-01,Nutrition Support Programme,Nutrition,Borno,Dikwa,Dikwa Site 2,0.8844,12,1,6,0,0,-0.06090285759756542,True
ES-007197,2026-05-01,WASH Resilience Initiative,WASH,Borno,Ngala,Ngala Site 3,0.2927,4,0,5,1,1,0.008725313075834129,True
ES-002973,2026-05-01,Livelihood Recovery Initiative,Livelihoods,Borno,Gwoza,Gwoza Site 3,0.7862,4,2,3,0,0,-0.2090387595037148,True
ES-003485,2026-05-01,Education Access Project,Education,Borno,Konduga,Konduga Site 1,0.9592,3,22,8,1,1,0.09594236191321504,True
ES-007485,2026-05-01,WASH Resilience Initiative,WASH,Borno,Dikwa,Dikwa Site 6,0.7908,8,1,7,0,0,-0.1679589964593966,True
ES-005693,2026-05-01,Nutrition Support Programme,Nutrition,Borno,Ngala,Ngala Site 4,0.7555,2,1,3,0,0,-0.17536356807307357,True
ES-000669,2026-05-01,Community Resilience Programme,Protection/Resilience,Borno,Mafa,Mafa Site 3,0.9723,6,5,9,0,0,-0.04666324017158441,True
ES-004413,2026-05-01,Education Access Project,Education,Borno,Dikwa,Dikwa Site 6,0.7614,5,4,11,0,0,-0.1572801952865449,True
ES-000925,2026-05-01,Community Resilience Programme,Protection/Resilience,Borno,Bama,Bama Site 5,0.97,2,2,5,0,0,-0.08372774475913725,True
ES-003005,2026-05-01,Livelihood Recovery Initiative,Livelihoods,Borno,Gwoza,Gwoza Site 4,0.735,6,3,7,0,0,-0.21676076770505187,True
ES-002653,2026-05-01,Livelihood Recovery Initiative,Livelihoods,Borno,Ngala,Ngala Site 5,0.7962,3,1,7,0,0,-0.18546556793189517,True
ES-002301,2026-05-01,Livelihood Recovery Initiative,Livelihoods,Borno,Mafa,Mafa Site 6,0.8474,6,25,6,1,1,0.04456095600827692,True
ES-005309,2026-05-01,Nutrition Support Programme,Nutrition,Borno,Mafa,Mafa Site 4,0.8331,5,3,4,0,0,-0.20671430755775672,True
ES-002877,2026-05-01,Livelihood Recovery Initiative,Livelihoods,Borno,Dikwa,Dikwa Site 6,0.688,7,6,1,0,0,-0.12434248815532006,True
ES-001501,2026-05-01,Community Resilience Programme,Protection/Resilience,Borno,Gwoza,Gwoza Site 5,0.751,5,1,2,0,0,-0.18479441108753064,True
ES-004989,2026-05-01,Nutrition Support Programme,Nutrition,Borno,Jere,Jere Site 6,0.7989,4,25,5,1,1,0.031202891977134883,True
ES-005853,2026-05-01,Nutrition Support Programme,Nutrition,Borno,Dikwa,Dikwa Site 3,0.7297,6,4,7,0,0,-0.21215717797867484,True
ES-004029,2026-05-01,Education Access Project,Education,Borno,Bama,Bama Site 6,0.7247,6,3,8,0,0,-0.21090240407543348,True
ES-005661,2026-05-01,Nutrition Support Programme,Nutrition,Borno,Ngala,Ngala Site 3,0.7467,2,1,6,0,0,-0.18369746145669763,True
ES-007549,2026-05-01,WASH Resilience Initiative,WASH,Borno,Gwoza,Gwoza Site 2,0.7847,2,2,6,0,0,-0.19835172767541137,True
ES-001469,2026-05-01,Community Resilience Programme,Protection/Resilience,Borno,Gwoza,Gwoza Site 4,0.721,10,2,4,0,0,-0.16983307005391696,True
ES-003549,2026-05-01,Education Access Project,Education,Borno,Konduga,Konduga Site 3,0.7019,7,3,7,0,0,-0.20952595709249555,True
ES-005277,2026-05-01,Nutrition Support Programme,Nutrition,Borno,Mafa,Mafa Site 3,0.8037,3,2,2,0,0,-0.18969922545081352,True
ES-003581,2026-05-01,Education Access Project,Education,Borno,Konduga,Konduga Site 4,0.7667,3,4,3,0,0,-0.20317999415540644,True
ES-000445,2026-05-01,Community Resilience Programme,Protection/Resilience,Borno,Konduga,Konduga Site 2,0.7719,2,5,4,0,0,-0.18002374316389536,True
ES-002813,2026-05-01,Livelihood Recovery Initiative,Livelihoods,Borno,Dikwa,Dikwa Site 4,0.7527,4,6,4,0,0,-0.18270538433106426,True
ES-002845,2026-05-01,Livelihood Recovery Initiative,Livelihoods,Borno,Dikwa,Dikwa Site 5,0.7573,3,0,5,0,0,-0.16093659576691838,True
ES-000029,2026-05-01,Community Resilience Programme,Protection/Resilience,Borno,Maiduguri,Maiduguri Site 1,0.8006,5,3,8,0,0,-0.2005207081395463,True
ES-001597,2026-05-01,Livelihood Recovery Initiative,Livelihoods,Borno,Maiduguri,Maiduguri Site 2,0.7435,6,3,7,0,0,-0.21633291166881996,True
ES-002909,2026-05-01,Livelihood Recovery Initiative,Livelihoods,Borno,Gwoza,Gwoza Site 1,0.7513,7,3,5,0,0,-0.21354986131193193,True
ES-000061,2026-05-01,Community Resilience Programme,Protection/Resilience,Borno,Maiduguri,Maiduguri Site 2,0.8451,5,3,11,0,0,-0.12985264948256142,True
ES-006781,2026-05-01,WASH Resilience Initiative,WASH,Borno,Mafa,Mafa Site 2,0.68,4,1,13,0,0,-0.10347294695795317,True
ES-004253,2026-05-01,Education Access Project,Education,Borno,Dikwa,Dikwa Site 1,0.7364,10,3,3,0,0,-0.15715960975193016,True
ES-002397,2026-05-01,Livelihood Recovery Initiative,Livelihoods,Borno,Bama,Bama Site 3,0.7985,2,6,3,0,0,-0.1428398025382499,True
ES-001373,2026-05-01,Community Resilience Programme,Protection/Resilience,Borno,Gwoza,Gwoza Site 1,0.8102,5,3,7,0,0,-0.20680335642902747,True
ES-003709,2026-05-01,Education Access Project,Education,Borno,Mafa,Mafa Site 2,0.6617,5,4,4,0,0,-0.21652538183793174,True
ES-004349,2026-05-01,Education Access Project,Education,Borno,Dikwa,Dikwa Site 4,0.7335,3,2,5,0,0,-0.21538580658224993,True
ES-006365,2026-05-01,WASH Resilience Initiative,WASH,Borno,Jere,Jere Site 1,0.8105,2,6,7,0,0,-0.1378571390449087,True
ES-001661,2026-05-01,Livelihood Recovery Initiative,Livelihoods,Borno,Maiduguri,Maiduguri Site 4,0.728,4,3,7,0,0,-0.2211077317073048,True
ES-000541,2026-05-01,Community Resilience Programme,Protection/Resilience,Borno,Konduga,Konduga Site 5,0.7991,4,1,5,0,0,-0.2010387191634216,True
ES-002429,2026-05-01,Livelihood Recovery Initiative,Livelihoods,Borno,Bama,Bama Site 4,0.786,7,2,6,0,0,-0.2059097997920502,True
ES-003677,2026-05-01,Education Access Project,Education,Borno,Mafa,Mafa Site 1,0.6955,5,3,10,0,0,-0.1854317534152674,True
ES-005629,2026-05-01,Nutrition Support Programme,Nutrition,Borno,Ngala,Ngala Site 2,0.7746,6,2,6,0,0,-0.21817959291235917,True
ES-001085,2026-05-01,Community Resilience Programme,Protection/Resilience,Borno,Ngala,Ngala Site 4,0.6692,7,2,5,0,0,-0.20628239388517083,True
ES-002461,2026-05-01,Livelihood Recovery Initiative,Livelihoods,Borno,Bama,Bama Site 5,0.7447,6,5,6,0,0,-0.20065248099202015,True
ES-000797,2026-05-01,Community Resilience Programme,Protection/Resilience,Borno,Bama,Bama Site 1,0.736,4,2,9,0,0,-0.19426086534252007,True
ES-007677,2026-05-01,WASH Resilience Initiative,WASH,Borno,Gwoza,Gwoza Site 6,0.7129,5,5,7,0,0,-0.20312831085663685,True
ES-005949,2026-05-01,Nutrition Support Programme,Nutrition,Borno,Dikwa,Dikwa Site 6,0.7392,13,2,6,0,0,-0.11010828394873862,True
ES-002781,2026-05-01,Livelihood Recovery Initiative,Livelihoods,Borno,Dikwa,Dikwa Site 3,0.7146,3,6,4,0,0,-0.1801687190561631,True
ES-001117,2026-05-01,Community Resilience Programme,Protection/Resilience,Borno,Ngala,Ngala Site 5,0.78,8,6,3,0,0,-0.13420488059797875,True
ES-005021,2026-05-01,Nutrition Support Programme,Nutrition,Borno,Konduga,Konduga Site 1,0.7741,2,4,5,0,0,-0.19709965270450946,True
ES-007581,2026-05-01,WASH Resilience Initiative,WASH,Borno,Gwoza,Gwoza Site 3,0.7585,5,0,4,0,0,-0.16773587055848765,True
ES-003517,2026-05-01,Education Access Project,Education,Borno,Konduga,Konduga Site 2,0.8388,2,3,12,0,0,-0.08623767290220025,True
ES-001149,2026-05-01,Community Resilience Programme,Protection/Resilience,Borno,Ngala,Ngala Site 6,0.7862,3,6,11,0,0,-0.10138171043830346,True
ES-005885,2026-05-01,Nutrition Support Programme,Nutrition,Borno,Dikwa,Dikwa Site 4,0.9031,6,1,6,0,0,-0.13547241134784738,True
ES-000125,2026-05-01,Community Resilience Programme,Protection/Resilience,Borno,Maiduguri,Maiduguri Site 4,0.8723,5,0,3,0,0,-0.11581295363527783,True
ES-007517,2026-05-01,WASH Resilience Initiative,WASH,Borno,Gwoza,Gwoza Site 1,0.6709,4,5,4,0,0,-0.204612356835484,True
ES-001565,2026-05-01,Livelihood Recovery Initiative,Livelihoods,Borno,Maiduguri,Maiduguri Site 1,0.8206,7,4,2,0,0,-0.16803177908208844,True
ES-002941,2026-05-01,Livelihood Recovery Initiative,Livelihoods,Borno,Gwoza,Gwoza Site 2,0.7808,2,0,6,0,0,-0.14048989941434165,True
ES-002365,2026-05-01,Livelihood Recovery Initiative,Livelihoods,Borno,Bama,Bama Site 2,0.7311,3,7,8,0,0,-0.13546393340722823,True
ES-006941,2026-05-01,WASH Resilience Initiative,WASH,Borno,Bama,Bama Site 1,0.7076,5,3,13,0,0,-0.1342258046038407,True
ES-004541,2026-05-01,Education Access Project,Education,Borno,Gwoza,Gwoza Site 4,0.7253,8,3,9,0,0,-0.17511233028473866,True
ES-002109,2026-05-01,Livelihood Recovery Initiative,Livelihoods,Borno,Konduga,Konduga Site 6,0.8182,3,3,2,0,0,-0.18668350602328687,True
ES-003165,2026-05-01,Education Access Project,Education,Borno,Maiduguri,Maiduguri Site 3,0.8197,1,3,7,0,0,-0.15011616638943454,True
ES-000989,2026-05-01,Community Resilience Programme,Protection/Resilience,Borno,Ngala,Ngala Site 1,0.8857,2,5,2,0,0,-0.10675790900981075,True
ES-001053,2026-05-01,Community Resilience Programme,Protection/Resilience,Borno,Ngala,Ngala Site 3,0.8829,3,2,6,0,0,-0.16622288457042966,True
ES-004093,2026-05-01,Education Access Project,Education,Borno,Ngala,Ngala Site 2,0.8074,3,4,13,0,0,-0.10208547880674912,True
ES-006141,2026-05-01,Nutrition Support Programme,Nutrition,Borno,Gwoza,Gwoza Site 6,0.7628,6,1,4,0,0,-0.20572027491364797,True
ES-004221,2026-05-01,Education Access Project,Education,Borno,Ngala,Ngala Site 6,0.6796,4,2,8,0,0,-0.2019840763666842,True
ES-005117,2026-05-01,Nutrition Support Programme,Nutrition,Borno,Konduga,Konduga Site 4,0.7801,4,3,6,0,0,-0.22033763392865313,True
ES-004317,2026-05-01,Education Access Project,Education,Borno,Dikwa,Dikwa Site 3,0.7283,4,3,11,0,0,-0.16748824093963588,True
ES-006429,2026-05-01,WASH Resilience Initiative,WASH,Borno,Jere,Jere Site 3,0.7847,6,5,6,0,0,-0.19467845699929898,True
ES-001341,2026-05-01,Community Resilience Programme,Protection/Resilience,Borno,Dikwa,Dikwa Site 6,0.7586,3,2,5,0,0,-0.21777687641846233,True
ES-000733,2026-05-01,Community Resilience Programme,Protection/Resilience,Borno,Mafa,Mafa Site 5,0.7908,4,1,6,0,0,-0.2015771663488724,True
ES-006013,2026-05-01,Nutrition Support Programme,Nutrition,Borno,Gwoza,Gwoza Site 2,0.7111,8,5,2,0,0,-0.15644822552242388,True
ES-002557,2026-05-01,Livelihood Recovery Initiative,Livelihoods,Borno,Ngala,Ngala Site 2,0.9898,4,5,3,0,0,-0.06478381079905438,True
ES-005597,2026-05-01,Nutrition Support Programme,Nutrition,Borno,Ngala,Ngala Site 1,0.8571,3,2,5,0,0,-0.1886917822161817,True
ES-006269,2026-05-01,WASH Resilience Initiative,WASH,Borno,Maiduguri,Maiduguri Site 4,0.8192,12,2,6,0,0,-0.1099942833464213,True
ES-006813,2026-05-01,WASH Resilience Initiative,WASH,Borno,Mafa,Mafa Site 3,0.8025,5,1,4,0,0,-0.20127382561149065,True
ES-003837,2026-05-01,Education Access Project,Education,Borno,Mafa,Mafa Site 6,0.6693,5,4,8,0,0,-0.20278757596906605,True
ES-000189,2026-05-01,Community Resilience Programme,Protection/Resilience,Borno,Maiduguri,Maiduguri Site 6,0.6774,6,2,6,0,0,-0.2173341434621165,True
ES-004189,2026-05-01,Education Access Project,Education,Borno,Ngala,Ngala Site 5,0.7693,3,2,5,0,0,-0.21687119723789067,True
ES-005181,2026-05-01,Nutrition Support Programme,Nutrition,Borno,Konduga,Konduga Site 6,0.7157,5,3,7,0,0,-0.22141042604607447,True
ES-000093,2026-05-01,Community Resilience Programme,Protection/Resilience,Borno,Maiduguri,Maiduguri Site 3,0.7563,10,2,5,0,0,-0.16814556740463704,True
ES-001309,2026-05-01,Community Resilience Programme,Protection/Resilience,Borno,Dikwa,Dikwa Site 5,0.6268,4,4,5,0,0,-0.19888561190860388,True
ES-001725,2026-05-01,Livelihood Recovery Initiative,Livelihoods,Borno,Maiduguri,Maiduguri Site 6,0.8061,3,2,6,0,0,-0.20853606902455146,True
ES-004157,2026-05-01,Education Access Project,Education,Borno,Ngala,Ngala Site 4,0.6272,10,7,4,0,0,-0.08369771657160896,True
ES-006045,2026-05-01,Nutrition Support Programme,Nutrition,Borno,Gwoza,Gwoza Site 3,0.8646,2,1,5,0,0,-0.15262132225886815,True
ES-006493,2026-05-01,WASH Resilience Initiative,WASH,Borno,Jere,Jere Site 5,0.7287,4,2,8,0,0,-0.20643111440241257,True
ES-003773,2026-05-01,Education Access Project,Education,Borno,Mafa,Mafa Site 4,0.7531,6,7,11,0,0,-0.09414332014828397,True
ES-003805,2026-05-01,Education Access Project,Education,Borno,Mafa,Mafa Site 5,0.6598,3,3,9,0,0,-0.18535936839764366,True
ES-005085,2026-05-01,Nutrition Support Programme,Nutrition,Borno,Konduga,Konduga Site 3,0.7971,7,3,1,0,0,-0.1571690529013473,True
ES-006589,2026-05-01,WASH Resilience Initiative,WASH,Borno,Konduga,Konduga Site 2,0.777,1,4,4,0,0,-0.16843737205246173,True
ES-005981,2026-05-01,Nutrition Support Programme,Nutrition,Borno,Gwoza,Gwoza Site 1,0.7869,3,0,9,0,0,-0.12406619940214347,True
ES-004957,2026-05-01,Nutrition Support Programme,Nutrition,Borno,Jere,Jere Site 5,0.7567,4,2,10,0,0,-0.17908627393835397,True
ES-002589,2026-05-01,Livelihood Recovery Initiative,Livelihoods,Borno,Ngala,Ngala Site 3,0.718,9,3,5,0,0,-0.19012477578129394,True
ES-003741,2026-05-01,Education Access Project,Education,Borno,Mafa,Mafa Site 3,0.6025,7,3,8,0,0,-0.17350047987255884,True
ES-002333,2026-05-01,Livelihood Recovery Initiative,Livelihoods,Borno,Bama,Bama Site 1,0.7146,4,4,6,0,0,-0.21894368889866517,True
ES-001021,2026-05-01,Community Resilience Programme,Protection/Resilience,Borno,Ngala,Ngala Site 2,0.7739,4,1,10,0,0,-0.1558272923967245,True
ES-001693,2026-05-01,Livelihood Recovery Initiative,Livelihoods,Borno,Maiduguri,Maiduguri Site 5,0.8872,5,4,5,0,0,-0.1590179870676685,True
ES-000765,2026-05-01,Community Resilience Programme,Protection/Resilience,Borno,Mafa,Mafa Site 6,0.7666,5,2,12,0,0,-0.1377172652633859,True
ES-004061,2026-05-01,Education Access Project,Education,Borno,Ngala,Ngala Site 1,0.6942,5,5,4,0,0,-0.21037226637861745,True
ES-000509,2026-05-01,Community Resilience Programme,Protection/Resilience,Borno,Konduga,Konduga Site 4,0.9195,1,2,6,0,0,-0.0987948646780577,True
ES-001277,2026-05-01,Community Resilience Programme,Protection/Resilience,Borno,Dikwa,Dikwa Site 4,0.7289,3,1,4,0,0,-0.19764272418650053,True
ES-002525,2026-05-01,Livelihood Recovery Initiative,Livelihoods,Borno,Ngala,Ngala Site 1,0.8126,3,3,8,0,0,-0.19344413983653225,True
ES-001245,2026-05-01,Community Resilience Programme,Protection/Resilience,Borno,Dikwa,Dikwa Site 3,0.6746,2,2,5,0,0,-0.19522327387489125,True
ES-006077,2026-05-01,Nutrition Support Programme,Nutrition,Borno,Gwoza,Gwoza Site 4,0.6371,7,3,1,0,0,-0.15632788573533918,True
ES-003101,2026-05-01,Education Access Project,Education,Borno,Maiduguri,Maiduguri Site 1,0.8315,5,3,3,0,0,-0.20265521550824644,True
ES-003261,2026-05-01,Education Access Project,Education,Borno,Maiduguri,Maiduguri Site 6,0.8553,7,1,6,0,0,-0.15667041433696488,True
ES-005149,2026-05-01,Nutrition Support Programme,Nutrition,Borno,Konduga,Konduga Site 5,0.7287,5,3,4,0,0,-0.22722614781678935,True
ES-004797,2026-05-01,Nutrition Support Programme,Nutrition,Borno,Maiduguri,Maiduguri Site 6,0.7999,13,0,2,0,0,-0.03648207071765075,True
ES-006525,2026-05-01,WASH Resilience Initiative,WASH,Borno,Jere,Jere Site 6,0.8274,4,4,3,0,0,-0.19355172725718778,True
ES-006557,2026-05-01,WASH Resilience Initiative,WASH,Borno,Konduga,Konduga Site 1,0.7456,3,0,5,0,0,-0.15940169316418995,True
ES-003133,2026-05-01,Education Access Project,Education,Borno,Maiduguri,Maiduguri Site 2,0.7145,5,5,9,0,0,-0.1811267021483311,True
ES-003229,2026-05-01,Education Access Project,Education,Borno,Maiduguri,Maiduguri Site 5,0.7472,4,4,7,0,0,-0.21250759358563776,True
ES-006877,2026-05-01,WASH Resilience Initiative,WASH,Borno,Mafa,Mafa Site 5,0.7931,5,2,0,0,0,-0.13703571101311246,True
ES-004285,2026-05-01,Education Access Project,Education,Borno,Dikwa,Dikwa Site 2,0.7738,3,2,3,0,0,-0.20655669075634409,True
ES-003197,2026-05-01,Education Access Project,Education,Borno,Maiduguri,Maiduguri Site 4,0.7968,6,4,1,0,0,-0.15969733795790436,True
ES-006109,2026-05-01,Nutrition Support Programme,Nutrition,Borno,Gwoza,Gwoza Site 5,0.7848,3,2,3,0,0,-0.205969528090496,True
ES-006301,2026-05-01,WASH Resilience Initiative,WASH,Borno,Maiduguri,Maiduguri Site 5,0.7051,5,3,5,0,0,-0.2281464524011268,True
ES-004125,2026-05-01,Education Access Project,Education,Borno,Ngala,Ngala Site 3,0.6667,4,5,7,0,0,-0.19970315582076786,True
ES-000477,2026-05-01,Community Resilience Programme,Protection/Resilience,Borno,Konduga,Konduga Site 3,0.8187,5,0,6,0,0,-0.15786710617089705,True
ES-006461,2026-05-01,WASH Resilience Initiative,WASH,Borno,Jere,Jere Site 4,0.7452,7,6,2,0,0,-0.145743498829365,True
ES-004925,2026-05-01,Nutrition Support Programme,Nutrition,Borno,Jere,Jere Site 4,0.8058,3,3,5,0,0,-0.21150119161343006,True
ES-004445,2026-05-01,Education Access Project,Education,Borno,Gwoza,Gwoza Site 1,0.6784,6,1,6,0,0,-0.2017147712517206,True
ES-003069,2026-05-01,Livelihood Recovery Initiative,Livelihoods,Borno,Gwoza,Gwoza Site 6,0.6328,7,2,8,0,0,-0.17555092914427617,True
ES-007165,2026-05-01,WASH Resilience Initiative,WASH,Borno,Ngala,Ngala Site 2,0.807,5,2,6,0,0,-0.21336264306691943,True
ES-005501,2026-05-01,Nutrition Support Programme,Nutrition,Borno,Bama,Bama Site 4,0.9008,3,0,3,0,0,-0.08894451884950355,True
ES-007421,2026-05-01,WASH Resilience Initiative,WASH,Borno,Dikwa,Dikwa Site 4,0.7557,6,3,3,0,0,-0.21580886478261802,True
ES-003421,2026-05-01,Education Access Project,Education,Borno,Jere,Jere Site 5,0.8002,2,4,3,0,0,-0.18267956916123812,True
ES-002269,2026-05-01,Livelihood Recovery Initiative,Livelihoods,Borno,Mafa,Mafa Site 5,0.6286,10,3,9,0,0,-0.12406246140289595,True
ES-001757,2026-05-01,Livelihood Recovery Initiative,Livelihoods,Borno,Jere,Jere Site 1,0.7459,3,3,7,0,0,-0.21278706849376866,True
ES-005565,2026-05-01,Nutrition Support Programme,Nutrition,Borno,Bama,Bama Site 6,0.6543,25,3,5,1,0,-0.021278461576539343,False
ES-004765,2026-05-01,Nutrition Support Programme,Nutrition,Borno,Maiduguri,Maiduguri Site 5,0.7854,3,1,0,0,0,-0.12125302992268017,True
ES-005725,2026-05-01,Nutrition Support Programme,Nutrition,Borno,Ngala,Ngala Site 5,0.8394,5,2,6,0,0,-0.19971057394527203,True
ES-006653,2026-05-01,WASH Resilience Initiative,WASH,Borno,Konduga,Konduga Site 4,0.7993,4,5,6,0,0,-0.1970802862362201,True
ES-007389,2026-05-01,WASH Resilience Initiative,WASH,Borno,Dikwa,Dikwa Site 3,0.7442,2,2,8,0,0,-0.18368377153885163,True
ES-000413,2026-05-01,Community Resilience Programme,Protection/Resilience,Borno,Konduga,Konduga Site 1,0.8411,6,2,2,0,0,-0.17378265841260399,True
ES-005341,2026-05-01,Nutrition Support Programme,Nutrition,Borno,Mafa,Mafa Site 5,0.8691,2,2,8,0,0,-0.14056161833328018,True
ES-000157,2026-05-01,Community Resilience Programme,Protection/Resilience,Borno,Maiduguri,Maiduguri Site 5,0.753,4,4,5,0,0,-0.21870053742543305,True
ES-007101,2026-05-01,WASH Resilience Initiative,WASH,Borno,Bama,Bama Site 6,0.7415,5,8,3,0,0,-0.12053313973889052,True
ES-003293,2026-05-01,Education Access Project,Education,Borno,Jere,Jere Site 1,0.7595,5,2,4,0,0,-0.2214049869898475,True
ES-000605,2026-05-01,Community Resilience Programme,Protection/Resilience,Borno,Mafa,Mafa Site 1,0.9711,0,3,3,0,0,-0.02567016931864341,True
ES-003997,2026-05-01,Education Access Project,Education,Borno,Bama,Bama Site 5,0.7325,3,1,4,0,0,-0.19700964482442185,True
ES-002077,2026-05-01,Livelihood Recovery Initiative,Livelihoods,Borno,Konduga,Konduga Site 5,0.8006,2,3,1,0,0,-0.1523531097384045,True
ES-002205,2026-05-01,Livelihood Recovery Initiative,Livelihoods,Borno,Mafa,Mafa Site 3,0.6861,16,5,6,0,0,-0.06126994516168949,True
ES-006333,2026-05-01,WASH Resilience Initiative,WASH,Borno,Maiduguri,Maiduguri Site 6,0.8059,5,6,10,0,0,-0.1283180993673383,True
ES-007005,2026-05-01,WASH Resilience Initiative,WASH,Borno,Bama,Bama Site 3,0.6878,9,2,3,0,0,-0.17221422100584743,True
ES-003965,2026-05-01,Education Access Project,Education,Borno,Bama,Bama Site 4,0.7161,8,5,8,0,0,-0.16489430679844153,True
ES-000573,2026-05-01,Community Resilience Programme,Protection/Resilience,Borno,Konduga,Konduga Site 6,0.8498,2,0,3,0,0,-0.11468199827382153,True
ES-001533,2026-05-01,Community Resilience Programme,Protection/Resilience,Borno,Gwoza,Gwoza Site 6,0.6655,2,7,5,0,0,-0.1310587898416754,True
ES-000221,2026-05-01,Community Resilience Programme,Protection/Resilience,Borno,Jere,Jere Site 1,0.9661,1,3,2,0,0,-0.04403610050056084,True
ES-003037,2026-05-01,Livelihood Recovery Initiative,Livelihoods,Borno,Gwoza,Gwoza Site 5,0.6747,6,4,12,0,0,-0.13391481403990457,True
ES-006205,2026-05-01,WASH Resilience Initiative,WASH,Borno,Maiduguri,Maiduguri Site 2,0.7509,1,2,11,0,0,-0.1133613383136034,True
ES-002173,2026-05-01,Livelihood Recovery Initiative,Livelihoods,Borno,Mafa,Mafa Site 2,0.7081,6,3,6,0,0,-0.22441666589563602,True
ES-006397,2026-05-01,WASH Resilience Initiative,WASH,Borno,Jere,Jere Site 2,0.8105,7,2,8,0,0,-0.17985905694431997,True
ES-005533,2026-05-01,Nutrition Support Programme,Nutrition,Borno,Bama,Bama Site 5,0.7632,6,5,11,0,0,-0.1383315971734867,True
ES-007133,2026-05-01,WASH Resilience Initiative,WASH,Borno,Ngala,Ngala Site 1,0.8019,3,3,5,0,0,-0.21199249775059725,True
ES-001821,2026-05-01,Livelihood Recovery Initiative,Livelihoods,Borno,Jere,Jere Site 3,0.798,7,1,1,0,0,-0.13859364675755964,True
ES-007357,2026-05-01,WASH Resilience Initiative,WASH,Borno,Dikwa,Dikwa Site 2,0.7774,3,1,1,0,0,-0.1505795286988596,True
ES-001853,2026-05-01,Livelihood Recovery Initiative,Livelihoods,Borno,Jere,Jere Site 4,0.7551,6,1,26,1,0,-0.015564001585158582,False
ES-003357,2026-05-01,Education Access Project,Education,Borno,Jere,Jere Site 3,0.7198,2,2,3,0,0,-0.19293195321133988,True
ES-006909,2026-05-01,WASH Resilience Initiative,WASH,Borno,Mafa,Mafa Site 6,0.7601,6,2,4,0,0,-0.2186978927487389,True
ES-005373,2026-05-01,Nutrition Support Programme,Nutrition,Borno,Mafa,Mafa Site 6,0.7641,5,5,3,0,0,-0.1948971715682437,True
ES-004829,2026-05-01,Nutrition Support Programme,Nutrition,Borno,Jere,Jere Site 1,0.8995,1,3,5,0,0,-0.11843123700694658,True
ES-000637,2026-05-01,Community Resilience Programme,Protection/Resilience,Borno,Mafa,Mafa Site 2,0.9121,2,3,5,0,0,-0.12949011582814773,True
ES-006621,2026-05-01,WASH Resilience Initiative,WASH,Borno,Konduga,Konduga Site 3,0.6785,2,4,12,0,0,-0.10484845937331888,True
ES-002237,2026-05-01,Livelihood Recovery Initiative,Livelihoods,Borno,Mafa,Mafa Site 4,0.6995,5,2,7,0,0,-0.2155580458831453,True
ES-000253,2026-05-01,Community Resilience Programme,Protection/Resilience,Borno,Jere,Jere Site 2,0.7464,8,2,10,0,0,-0.1526164897335509,True
ES-001789,2026-05-01,Livelihood Recovery Initiative,Livelihoods,Borno,Jere,Jere Site 2,0.7936,10,1,3,0,0,-0.13281788913310594,True
ES-003901,2026-05-01,Education Access Project,Education,Borno,Bama,Bama Site 2,0.7024,5,3,7,0,0,-0.21990769905967256,True
ES-003389,2026-05-01,Education Access Project,Education,Borno,Jere,Jere Site 4,0.783,5,2,6,0,0,-0.21872701039304487,True
ES-006845,2026-05-01,WASH Resilience Initiative,WASH,Borno,Mafa,Mafa Site 4,0.6639,5,2,13,0,0,-0.11940177341496283,True
ES-007293,2026-05-01,WASH Resilience Initiative,WASH,Borno,Ngala,Ngala Site 6,0.6084,3,8,7,0,0,-0.08309250551659164,True
ES-005789,2026-05-01,Nutrition Support Programme,Nutrition,Borno,Dikwa,Dikwa Site 1,0.7845,0,2,4,0,0,-0.13346297661589906,True
ES-004701,2026-05-01,Nutrition Support Programme,Nutrition,Borno,Maiduguri,Maiduguri Site 3,0.8229,8,5,0,0,0,-0.08230859338999552,True
ES-003325,2026-05-01,Education Access Project,Education,Borno,Jere,Jere Site 2,0.803,1,4,4,0,0,-0.16185421510940368,True
ES-000829,2026-05-01,Community Resilience Programme,Protection/Resilience,Borno,Bama,Bama Site 2,0.7887,3,5,4,0,0,-0.1927327663311897,True
ES-007325,2026-05-01,WASH Resilience Initiative,WASH,Borno,Dikwa,Dikwa Site 1,0.7592,7,3,5,0,0,-0.2130435324151233,True
ES-001885,2026-05-01,Livelihood Recovery Initiative,Livelihoods,Borno,Jere,Jere Site 5,0.8111,4,4,9,0,0,-0.17663201513323545,True
ES-001917,2026-05-01,Livelihood Recovery Initiative,Livelihoods,Borno,Jere,Jere Site 6,0.8685,4,2,3,0,0,-0.17453177783085594,True
ES-001758,2026-06-01,Livelihood Recovery Initiative,Livelihoods,Borno,Jere,Jere Site 1,0.732,4,2,12,0,0,-0.14099517385068128,True
ES-003422,2026-06-01,Education Access Project,Education,Borno,Jere,Jere Site 5,0.7845,0,4,8,0,0,-0.1181615588897098,True
ES-003070,2026-06-01,Livelihood Recovery Initiative,Livelihoods,Borno,Gwoza,Gwoza Site 6,0.6881,6,1,7,0,0,-0.19624918546619868,True
ES-003038,2026-06-01,Livelihood Recovery Initiative,Livelihoods,Borno,Gwoza,Gwoza Site 5,0.6884,4,2,6,0,0,-0.22007610490896312,True
ES-003486,2026-06-01,Education Access Project,Education,Borno,Konduga,Konduga Site 1,1.0304,4,3,5,0,0,-0.08508395183061501,True
ES-003006,2026-06-01,Livelihood Recovery Initiative,Livelihoods,Borno,Gwoza,Gwoza Site 4,0.8052,5,3,4,0,0,-0.21772734730768462,True
ES-002974,2026-06-01,Livelihood Recovery Initiative,Livelihoods,Borno,Gwoza,Gwoza Site 3,0.7924,1,2,10,0,0,-0.1224505261169414,True
ES-001918,2026-06-01,Livelihood Recovery Initiative,Livelihoods,Borno,Jere,Jere Site 6,0.8911,2,1,7,0,0,-0.11816157537944783,True
ES-001950,2026-06-01,Livelihood Recovery Initiative,Livelihoods,Borno,Konduga,Konduga Site 1,0.7847,3,2,3,0,0,-0.2058993497622833,True
ES-001790,2026-06-01,Livelihood Recovery Initiative,Livelihoods,Borno,Jere,Jere Site 2,0.6386,4,5,5,0,0,-0.19445383913652126,True
ES-003454,2026-06-01,Education Access Project,Education,Borno,Jere,Jere Site 6,0.7711,4,1,3,0,0,-0.1957383829199329,True
ES-003390,2026-06-01,Education Access Project,Education,Borno,Jere,Jere Site 4,0.7873,6,0,4,0,0,-0.1562003757899582,True
ES-000702,2026-06-01,Community Resilience Programme,Protection/Resilience,Borno,Mafa,Mafa Site 4,0.8385,2,3,4,0,0,-0.18596652229481175,True
ES-001854,2026-06-01,Livelihood Recovery Initiative,Livelihoods,Borno,Jere,Jere Site 4,0.8394,2,2,7,0,0,-0.17144725272090955,True
ES-003358,2026-06-01,Education Access Project,Education,Borno,Jere,Jere Site 3,0.7234,3,5,5,0,0,-0.202088353504271,True
ES-001886,2026-06-01,Livelihood Recovery Initiative,Livelihoods,Borno,Jere,Jere Site 5,0.8879,3,0,2,0,0,-0.08749478134395061,True
ES-003326,2026-06-01,Education Access Project,Education,Borno,Jere,Jere Site 2,0.7584,3,4,1,0,0,-0.1628990940786807,True
ES-003518,2026-06-01,Education Access Project,Education,Borno,Konduga,Konduga Site 2,0.7752,2,4,6,0,0,-0.1935780336163887,True
ES-005854,2026-06-01,Nutrition Support Programme,Nutrition,Borno,Dikwa,Dikwa Site 3,0.6946,5,2,5,0,0,-0.22237124959666282,True
ES-007614,2026-06-01,WASH Resilience Initiative,WASH,Borno,Gwoza,Gwoza Site 4,0.6323,5,3,4,0,0,-0.21171495500003779,True
ES-000478,2026-06-01,Community Resilience Programme,Protection/Resilience,Borno,Konduga,Konduga Site 3,0.7314,7,5,5,0,0,-0.19450877992106996,True
ES-006398,2026-06-01,WASH Resilience Initiative,WASH,Borno,Jere,Jere Site 2,0.7547,7,1,3,0,0,-0.18548084747948107,True
ES-006334,2026-06-01,WASH Resilience Initiative,WASH,Borno,Maiduguri,Maiduguri Site 6,0.9065,4,3,5,0,0,-0.15182705672271546,True
ES-001502,2026-06-01,Community Resilience Programme,Protection/Resilience,Borno,Gwoza,Gwoza Site 5,0.7183,4,4,8,0,0,-0.20655790355166515,True
ES-004702,2026-06-01,Nutrition Support Programme,Nutrition,Borno,Maiduguri,Maiduguri Site 3,0.7579,6,2,4,0,0,-0.21879475204661225,True
ES-001822,2026-06-01,Livelihood Recovery Initiative,Livelihoods,Borno,Jere,Jere Site 3,0.8262,1,1,6,0,0,-0.14228305293784077,True
ES-003294,2026-06-01,Education Access Project,Education,Borno,Jere,Jere Site 1,0.7983,4,4,1,0,0,-0.16222467771201426,True
ES-004062,2026-06-01,Education Access Project,Education,Borno,Ngala,Ngala Site 1,0.7455,3,4,4,0,0,-0.21137031238933424,True
ES-002238,2026-06-01,Livelihood Recovery Initiative,Livelihoods,Borno,Mafa,Mafa Site 4,0.6847,2,3,6,0,0,-0.20260357374144633,True
ES-007422,2026-06-01,WASH Resilience Initiative,WASH,Borno,Dikwa,Dikwa Site 4,0.8215,2,4,4,0,0,-0.18662145728664198,True
ES-004094,2026-06-01,Education Access Project,Education,Borno,Ngala,Ngala Site 2,0.7312,2,6,4,0,0,-0.16046977070443924,True
ES-003838,2026-06-01,Education Access Project,Education,Borno,Mafa,Mafa Site 6,0.7149,7,3,4,0,0,-0.21514701823435428,True
ES-004126,2026-06-01,Education Access Project,Education,Borno,Ngala,Ngala Site 3,0.7405,2,4,5,0,0,-0.1982658770616076,True
ES-003806,2026-06-01,Education Access Project,Education,Borno,Mafa,Mafa Site 5,0.7428,3,6,2,0,0,-0.15251043398808262,True
ES-004158,2026-06-01,Education Access Project,Education,Borno,Ngala,Ngala Site 4,0.6518,9,6,6,0,0,-0.13720175440397114,True
ES-004190,2026-06-01,Education Access Project,Education,Borno,Ngala,Ngala Site 5,0.7185,7,3,12,0,0,-0.13221955954570674,True
ES-003774,2026-06-01,Education Access Project,Education,Borno,Mafa,Mafa Site 4,0.727,4,3,12,0,0,-0.14730106457273395,True
ES-004222,2026-06-01,Education Access Project,Education,Borno,Ngala,Ngala Site 6,0.7606,3,2,6,0,0,-0.21675761931733084,True
ES-002334,2026-06-01,Livelihood Recovery Initiative,Livelihoods,Borno,Bama,Bama Site 1,0.6665,4,6,0,0,0,-0.10810538399935654,True
ES-002878,2026-06-01,Livelihood Recovery Initiative,Livelihoods,Borno,Dikwa,Dikwa Site 6,0.6617,4,5,5,0,0,-0.20531877370638846,True
ES-005246,2026-06-01,Nutrition Support Programme,Nutrition,Borno,Mafa,Mafa Site 2,0.7396,4,2,6,0,0,-0.22178629962678476,True
ES-002910,2026-06-01,Livelihood Recovery Initiative,Livelihoods,Borno,Gwoza,Gwoza Site 1,0.7747,5,3,0,0,0,-0.1413615193240676,True
ES-002942,2026-06-01,Livelihood Recovery Initiative,Livelihoods,Borno,Gwoza,Gwoza Site 2,0.7425,5,2,7,0,0,-0.2153279802177494,True
ES-004606,2026-06-01,Education Access Project,Education,Borno,Gwoza,Gwoza Site 6,0.6356,11,2,5,0,0,-0.12734562798988291,True
ES-002014,2026-06-01,Livelihood Recovery Initiative,Livelihoods,Borno,Konduga,Konduga Site 3,0.7421,1,6,3,0,0,-0.1295374808122408,True
ES-002046,2026-06-01,Livelihood Recovery Initiative,Livelihoods,Borno,Konduga,Konduga Site 4,0.7239,8,2,3,0,0,-0.1883050388161937,True
ES-007230,2026-06-01,WASH Resilience Initiative,WASH,Borno,Ngala,Ngala Site 4,0.668,5,4,12,0,0,-0.13410753394626734,True
ES-004574,2026-06-01,Education Access Project,Education,Borno,Gwoza,Gwoza Site 5,0.6719,5,3,7,0,0,-0.21768310129310237,True
ES-002078,2026-06-01,Livelihood Recovery Initiative,Livelihoods,Borno,Konduga,Konduga Site 5,0.7903,5,3,6,0,0,-0.21953828612908,True
ES-001982,2026-06-01,Livelihood Recovery Initiative,Livelihoods,Borno,Konduga,Konduga Site 2,0.6866,5,5,7,0,0,-0.2021797258439222,True
ES-002110,2026-06-01,Livelihood Recovery Initiative,Livelihoods,Borno,Konduga,Konduga Site 6,0.8506,7,3,5,0,0,-0.1803499399410754,True
ES-002142,2026-06-01,Livelihood Recovery Initiative,Livelihoods,Borno,Mafa,Mafa Site 1,0.7847,7,4,5,0,0,-0.20225515043132009,True
ES-004510,2026-06-01,Education Access Project,Education,Borno,Gwoza,Gwoza Site 3,0.6912,6,5,6,0,0,-0.204514650819969,True
ES-002174,2026-06-01,Livelihood Recovery Initiative,Livelihoods,Borno,Mafa,Mafa Site 2,0.7333,7,1,8,0,0,-0.174880409254779,True
ES-002206,2026-06-01,Livelihood Recovery Initiative,Livelihoods,Borno,Mafa,Mafa Site 3,0.6599,6,5,3,0,0,-0.19138508477754151,True
ES-004478,2026-06-01,Education Access Project,Education,Borno,Gwoza,Gwoza Site 2,0.5815,9,2,3,0,0,-0.13029620844498324,True
ES-004542,2026-06-01,Education Access Project,Education,Borno,Gwoza,Gwoza Site 4,0.6082,4,6,6,0,0,-0.15540353628746806,True
ES-006526,2026-06-01,WASH Resilience Initiative,WASH,Borno,Jere,Jere Site 6,0.8091,8,1,9,0,0,-0.13687389652440846,True
ES-006462,2026-06-01,WASH Resilience Initiative,WASH,Borno,Jere,Jere Site 4,0.6989,9,3,7,0,0,-0.1837358330056077,True
ES-000350,2026-06-01,Community Resilience Programme,Protection/Resilience,Borno,Jere,Jere Site 5,0.8683,3,2,4,0,0,-0.1803426024034271,True
ES-001470,2026-06-01,Community Resilience Programme,Protection/Resilience,Borno,Gwoza,Gwoza Site 4,0.8647,2,2,6,0,0,-0.167273553408453,True
ES-005342,2026-06-01,Nutrition Support Programme,Nutrition,Borno,Mafa,Mafa Site 5,0.861,6,2,14,0,0,-0.06668761905489551,True
ES-007262,2026-06-01,WASH Resilience Initiative,WASH,Borno,Ngala,Ngala Site 5,0.5935,8,4,6,0,0,-0.161980501463731,True
ES-000286,2026-06-01,Community Resilience Programme,Protection/Resilience,Borno,Jere,Jere Site 3,0.8331,9,2,4,0,0,-0.15775828693885735,True
ES-000446,2026-06-01,Community Resilience Programme,Protection/Resilience,Borno,Konduga,Konduga Site 2,0.7257,3,2,10,0,0,-0.17227692832064523,True
ES-005310,2026-06-01,Nutrition Support Programme,Nutrition,Borno,Mafa,Mafa Site 4,0.8128,5,3,3,0,0,-0.2084855156750312,True
ES-007102,2026-06-01,WASH Resilience Initiative,WASH,Borno,Bama,Bama Site 6,0.7121,7,3,7,0,0,-0.21145894716724584,True
ES-007550,2026-06-01,WASH Resilience Initiative,WASH,Borno,Gwoza,Gwoza Site 2,0.7712,4,7,2,0,0,-0.127408854153575,True
ES-001246,2026-06-01,Community Resilience Programme,Protection/Resilience,Borno,Dikwa,Dikwa Site 3,0.6913,6,4,3,0,0,-0.21247978089948805,True
ES-006558,2026-06-01,WASH Resilience Initiative,WASH,Borno,Konduga,Konduga Site 1,0.7432,4,0,6,0,0,-0.16761176816248397,True
ES-000254,2026-06-01,Community Resilience Programme,Protection/Resilience,Borno,Jere,Jere Site 2,0.7291,5,5,2,0,0,-0.18588560155286538,True
ES-000382,2026-06-01,Community Resilience Programme,Protection/Resilience,Borno,Jere,Jere Site 6,0.7825,5,4,11,0,0,-0.15168679324992207,True
ES-000414,2026-06-01,Community Resilience Programme,Protection/Resilience,Borno,Konduga,Konduga Site 1,0.8552,6,3,4,0,0,-0.1877020486749046,True
ES-007582,2026-06-01,WASH Resilience Initiative,WASH,Borno,Gwoza,Gwoza Site 3,0.7013,8,5,6,0,0,-0.17952968727998025,True
ES-005662,2026-06-01,Nutrition Support Programme,Nutrition,Borno,Ngala,Ngala Site 3,0.7525,2,3,4,0,0,-0.20394062828486026,True
ES-000318,2026-06-01,Community Resilience Programme,Protection/Resilience,Borno,Jere,Jere Site 4,0.8896,5,5,4,0,0,-0.1425740118424178,True
ES-007038,2026-06-01,WASH Resilience Initiative,WASH,Borno,Bama,Bama Site 4,0.7832,3,2,1,0,0,-0.16998481630646378,True
ES-005278,2026-06-01,Nutrition Support Programme,Nutrition,Borno,Mafa,Mafa Site 3,0.8407,4,2,1,0,0,-0.15218388167418717,True
ES-004638,2026-06-01,Nutrition Support Programme,Nutrition,Borno,Maiduguri,Maiduguri Site 1,0.6849,8,3,5,0,0,-0.2029864382467088,True
ES-000638,2026-06-01,Community Resilience Programme,Protection/Resilience,Borno,Mafa,Mafa Site 2,0.9765,5,1,6,0,0,-0.07403127443828583,True
ES-007358,2026-06-01,WASH Resilience Initiative,WASH,Borno,Dikwa,Dikwa Site 2,0.7757,7,5,7,0,0,-0.1807501497646657,True
ES-006494,2026-06-01,WASH Resilience Initiative,WASH,Borno,Jere,Jere Site 5,0.3135,6,2,7,1,0,-0.032457736455418496,False
ES-001310,2026-06-01,Community Resilience Programme,Protection/Resilience,Borno,Dikwa,Dikwa Site 5,0.6889,3,2,4,0,0,-0.21074347118350073,True
ES-007070,2026-06-01,WASH Resilience Initiative,WASH,Borno,Bama,Bama Site 5,0.7113,3,1,7,0,0,-0.1904654618788985,True
ES-005374,2026-06-01,Nutrition Support Programme,Nutrition,Borno,Mafa,Mafa Site 6,0.7978,4,3,3,0,0,-0.21133270650460773,True
ES-003102,2026-06-01,Education Access Project,Education,Borno,Maiduguri,Maiduguri Site 1,0.7021,8,3,5,0,0,-0.20381255145054666,True
ES-000222,2026-06-01,Community Resilience Programme,Protection/Resilience,Borno,Jere,Jere Site 1,0.8934,6,6,7,0,0,-0.10945023698515505,True
ES-001278,2026-06-01,Community Resilience Programme,Protection/Resilience,Borno,Dikwa,Dikwa Site 4,0.7381,6,4,6,0,0,-0.2163936850399797,True
ES-000670,2026-06-01,Community Resilience Programme,Protection/Resilience,Borno,Mafa,Mafa Site 3,0.9175,6,3,3,0,0,-0.13100727661241868,True
ES-005726,2026-06-01,Nutrition Support Programme,Nutrition,Borno,Ngala,Ngala Site 5,0.8466,5,3,6,0,0,-0.19789433917541194,True
ES-001438,2026-06-01,Community Resilience Programme,Protection/Resilience,Borno,Gwoza,Gwoza Site 3,0.7178,4,4,6,0,0,-0.2186986737249607,True
ES-000606,2026-06-01,Community Resilience Programme,Protection/Resilience,Borno,Mafa,Mafa Site 1,0.8781,4,0,5,0,0,-0.11996693890348381,True
ES-005630,2026-06-01,Nutrition Support Programme,Nutrition,Borno,Ngala,Ngala Site 2,0.7319,2,3,4,0,0,-0.20498688693833278,True
ES-007006,2026-06-01,WASH Resilience Initiative,WASH,Borno,Bama,Bama Site 3,0.7548,1,3,6,0,0,-0.17402311920448515,True
ES-001406,2026-06-01,Community Resilience Programme,Protection/Resilience,Borno,Gwoza,Gwoza Site 2,0.7553,5,2,3,0,0,-0.21299433485870017,True
ES-004670,2026-06-01,Nutrition Support Programme,Nutrition,Borno,Maiduguri,Maiduguri Site 2,0.8656,0,7,5,0,0,-0.03890335472954776,True
ES-005758,2026-06-01,Nutrition Support Programme,Nutrition,Borno,Ngala,Ngala Site 6,0.8436,5,2,5,0,0,-0.2005808962421966,True
ES-005694,2026-06-01,Nutrition Support Programme,Nutrition,Borno,Ngala,Ngala Site 4,0.7967,2,4,7,0,0,-0.18124805466601296,True
ES-004734,2026-06-01,Nutrition Support Programme,Nutrition,Borno,Maiduguri,Maiduguri Site 4,0.812,3,5,9,0,0,-0.15676483881080377,True
ES-000510,2026-06-01,Community Resilience Programme,Protection/Resilience,Borno,Konduga,Konduga Site 4,0.813,2,5,8,0,0,-0.15419295344493306,True
ES-004798,2026-06-01,Nutrition Support Programme,Nutrition,Borno,Maiduguri,Maiduguri Site 6,0.7785,5,0,7,0,0,-0.15618018915724818,True
ES-006942,2026-06-01,WASH Resilience Initiative,WASH,Borno,Bama,Bama Site 1,0.6573,4,3,6,0,0,-0.21712665968816058,True
ES-007486,2026-06-01,WASH Resilience Initiative,WASH,Borno,Dikwa,Dikwa Site 6,0.9031,1,1,5,0,0,-0.10735590306503529,True
ES-007678,2026-06-01,WASH Resilience Initiative,WASH,Borno,Gwoza,Gwoza Site 6,0.6883,2,5,2,0,0,-0.15985794880611004,True
ES-004766,2026-06-01,Nutrition Support Programme,Nutrition,Borno,Maiduguri,Maiduguri Site 5,0.8225,3,28,2,1,1,0.05106128288770195,True
ES-000574,2026-06-01,Community Resilience Programme,Protection/Resilience,Borno,Konduga,Konduga Site 6,0.8723,3,1,1,0,0,-0.11241898284741314,True
ES-007454,2026-06-01,WASH Resilience Initiative,WASH,Borno,Dikwa,Dikwa Site 5,0.6404,7,3,7,0,0,-0.19863436089008124,True
ES-000542,2026-06-01,Community Resilience Programme,Protection/Resilience,Borno,Konduga,Konduga Site 5,0.8342,4,1,6,0,0,-0.18630645299916127,True
ES-006366,2026-06-01,WASH Resilience Initiative,WASH,Borno,Jere,Jere Site 1,0.6832,29,2,3,1,1,0.00682987407797897,True
ES-005598,2026-06-01,Nutrition Support Programme,Nutrition,Borno,Ngala,Ngala Site 1,0.7799,6,2,14,0,0,-0.10561499259664436,True
ES-007646,2026-06-01,WASH Resilience Initiative,WASH,Borno,Gwoza,Gwoza Site 5,0.6128,7,5,2,0,0,-0.14751679855448885,True
ES-006974,2026-06-01,WASH Resilience Initiative,WASH,Borno,Bama,Bama Site 2,0.7243,2,4,8,0,0,-0.1813720145507618,True
ES-001374,2026-06-01,Community Resilience Programme,Protection/Resilience,Borno,Gwoza,Gwoza Site 1,0.739,3,3,7,0,0,-0.21343841944059205,True
ES-001534,2026-06-01,Community Resilience Programme,Protection/Resilience,Borno,Gwoza,Gwoza Site 6,0.7199,3,5,3,0,0,-0.19233043114903625,True
ES-007518,2026-06-01,WASH Resilience Initiative,WASH,Borno,Gwoza,Gwoza Site 1,0.6949,3,3,3,0,0,-0.2091365389765314,True
ES-001342,2026-06-01,Community Resilience Programme,Protection/Resilience,Borno,Dikwa,Dikwa Site 6,0.7575,4,5,9,0,0,-0.1765764510639657,True
ES-007390,2026-06-01,WASH Resilience Initiative,WASH,Borno,Dikwa,Dikwa Site 3,0.7159,5,4,10,0,0,-0.18169032502119703,True
ES-006430,2026-06-01,WASH Resilience Initiative,WASH,Borno,Jere,Jere Site 3,0.6939,7,0,3,0,0,-0.14024762587187656,True
ES-003262,2026-06-01,Education Access Project,Education,Borno,Maiduguri,Maiduguri Site 6,0.7227,6,1,8,0,0,-0.1880264004737638,True
ES-007326,2026-06-01,WASH Resilience Initiative,WASH,Borno,Dikwa,Dikwa Site 1,0.8031,7,7,2,0,0,-0.103992775289316,True
ES-003230,2026-06-01,Education Access Project,Education,Borno,Maiduguri,Maiduguri Site 5,0.7451,4,3,31,1,0,-0.015153664239750841,False
ES-005470,2026-06-01,Nutrition Support Programme,Nutrition,Borno,Bama,Bama Site 3,0.8498,2,1,8,0,0,-0.13481387363389485,True
ES-002654,2026-06-01,Livelihood Recovery Initiative,Livelihoods,Borno,Ngala,Ngala Site 5,0.7122,7,4,3,0,0,-0.2039202657746536,True
ES-003934,2026-06-01,Education Access Project,Education,Borno,Bama,Bama Site 3,0.6031,8,4,4,0,0,-0.1747324979144531,True
ES-005534,2026-06-01,Nutrition Support Programme,Nutrition,Borno,Bama,Bama Site 5,0.755,7,3,7,0,0,-0.20704929240612818,True
ES-003902,2026-06-01,Education Access Project,Education,Borno,Bama,Bama Site 2,0.6307,6,5,5,0,0,-0.18970072612589717,True
ES-005566,2026-06-01,Nutrition Support Programme,Nutrition,Borno,Bama,Bama Site 6,0.7326,7,2,5,0,0,-0.21181327708601783,True
ES-005790,2026-06-01,Nutrition Support Programme,Nutrition,Borno,Dikwa,Dikwa Site 1,0.7521,11,4,5,0,0,-0.13250428366506578,True
ES-003870,2026-06-01,Education Access Project,Education,Borno,Bama,Bama Site 1,0.6456,6,5,11,0,0,-0.1330456302146406,True
ES-005822,2026-06-01,Nutrition Support Programme,Nutrition,Borno,Dikwa,Dikwa Site 2,0.8105,9,5,5,0,0,-0.1517028501727548,True
ES-005502,2026-06-01,Nutrition Support Programme,Nutrition,Borno,Bama,Bama Site 4,0.7941,2,6,2,0,0,-0.13089978051772988,True
ES-001150,2026-06-01,Community Resilience Programme,Protection/Resilience,Borno,Ngala,Ngala Site 6,0.7545,7,2,4,0,0,-0.207793891174608,True
ES-004030,2026-06-01,Education Access Project,Education,Borno,Bama,Bama Site 6,0.8024,3,5,3,0,0,-0.18121152551445713,True
ES-003134,2026-06-01,Education Access Project,Education,Borno,Maiduguri,Maiduguri Site 2,0.9322,3,2,2,0,0,-0.1016424356006062,True
ES-004254,2026-06-01,Education Access Project,Education,Borno,Dikwa,Dikwa Site 1,0.6746,4,5,6,0,0,-0.20562965592110588,True
ES-001566,2026-06-01,Livelihood Recovery Initiative,Livelihoods,Borno,Maiduguri,Maiduguri Site 1,0.7577,7,3,3,0,0,-0.20530458930412399,True
ES-001598,2026-06-01,Livelihood Recovery Initiative,Livelihoods,Borno,Maiduguri,Maiduguri Site 2,0.7214,4,6,8,0,0,-0.17142593660964006,True
ES-004382,2026-06-01,Education Access Project,Education,Borno,Dikwa,Dikwa Site 5,0.852,12,0,2,0,0,-0.02593269862253489,True
ES-001630,2026-06-01,Livelihood Recovery Initiative,Livelihoods,Borno,Maiduguri,Maiduguri Site 3,0.7939,2,4,9,0,0,-0.15786886477657935,True
ES-001662,2026-06-01,Livelihood Recovery Initiative,Livelihoods,Borno,Maiduguri,Maiduguri Site 4,0.7172,4,6,9,0,0,-0.1569112156895534,True
ES-002622,2026-06-01,Livelihood Recovery Initiative,Livelihoods,Borno,Ngala,Ngala Site 4,0.6444,5,6,4,0,0,-0.1781851521416723,True
ES-004350,2026-06-01,Education Access Project,Education,Borno,Dikwa,Dikwa Site 4,0.7233,9,3,3,0,0,-0.17910524084154322,True
ES-004318,2026-06-01,Education Access Project,Education,Borno,Dikwa,Dikwa Site 3,0.6055,4,3,5,0,0,-0.1958708699508217,True
ES-001726,2026-06-01,Livelihood Recovery Initiative,Livelihoods,Borno,Maiduguri,Maiduguri Site 6,0.8391,6,3,5,0,0,-0.1970852337106322,True
ES-002526,2026-06-01,Livelihood Recovery Initiative,Livelihoods,Borno,Ngala,Ngala Site 1,0.7539,4,0,5,0,0,-0.1675182013500921,True
ES-004286,2026-06-01,Education Access Project,Education,Borno,Dikwa,Dikwa Site 2,0.7054,5,2,5,0,0,-0.2235829495391919,True
ES-002558,2026-06-01,Livelihood Recovery Initiative,Livelihoods,Borno,Ngala,Ngala Site 2,0.8497,3,2,5,0,0,-0.19330120005990659,True
ES-004414,2026-06-01,Education Access Project,Education,Borno,Dikwa,Dikwa Site 6,0.7967,7,4,6,0,0,-0.1985345793556587,True
ES-005438,2026-06-01,Nutrition Support Programme,Nutrition,Borno,Bama,Bama Site 2,0.7815,5,1,7,0,0,-0.19659826801665597,True
ES-005406,2026-06-01,Nutrition Support Programme,Nutrition,Borno,Bama,Bama Site 1,0.6583,3,3,4,0,0,-0.20957902335223638,True
ES-003998,2026-06-01,Education Access Project,Education,Borno,Bama,Bama Site 5,0.7841,5,5,7,0,0,-0.19288167812987933,True
ES-000862,2026-06-01,Community Resilience Programme,Protection/Resilience,Borno,Bama,Bama Site 3,0.722,6,4,4,0,0,-0.21813937913663017,True
ES-006654,2026-06-01,WASH Resilience Initiative,WASH,Borno,Konduga,Konduga Site 4,0.7186,4,0,8,0,0,-0.14793201267105044,True
ES-006622,2026-06-01,WASH Resilience Initiative,WASH,Borno,Konduga,Konduga Site 3,0.7082,3,22,3,1,1,0.011587992206406272,True
ES-006686,2026-06-01,WASH Resilience Initiative,WASH,Borno,Konduga,Konduga Site 5,0.6949,3,2,5,0,0,-0.21353742275837978,True
ES-006206,2026-06-01,WASH Resilience Initiative,WASH,Borno,Maiduguri,Maiduguri Site 2,0.7122,11,3,4,0,0,-0.14214757869768924,True
ES-000830,2026-06-01,Community Resilience Programme,Protection/Resilience,Borno,Bama,Bama Site 2,0.7335,3,0,6,0,0,-0.15886392126001164,True
ES-006782,2026-06-01,WASH Resilience Initiative,WASH,Borno,Mafa,Mafa Site 2,0.6831,6,4,5,0,0,-0.21822885365116418,True
ES-006910,2026-06-01,WASH Resilience Initiative,WASH,Borno,Mafa,Mafa Site 6,0.694,4,3,6,0,0,-0.22544992001016534,True
ES-006302,2026-06-01,WASH Resilience Initiative,WASH,Borno,Maiduguri,Maiduguri Site 5,0.6653,7,5,6,0,0,-0.19334725327486973,True
ES-001182,2026-06-01,Community Resilience Programme,Protection/Resilience,Borno,Dikwa,Dikwa Site 1,0.6212,6,3,9,0,0,-0.1754931202736133,True
ES-000926,2026-06-01,Community Resilience Programme,Protection/Resilience,Borno,Bama,Bama Site 5,0.8366,7,1,3,0,0,-0.16059664934016687,True
ES-006878,2026-06-01,WASH Resilience Initiative,WASH,Borno,Mafa,Mafa Site 5,0.8194,4,2,6,0,0,-0.20945820373180152,True
ES-006750,2026-06-01,WASH Resilience Initiative,WASH,Borno,Mafa,Mafa Site 1,0.6695,11,0,10,0,0,-0.056912189590562434,True
ES-000798,2026-06-01,Community Resilience Programme,Protection/Resilience,Borno,Bama,Bama Site 1,0.72,5,3,6,0,0,-0.2275106608879398,True
ES-006270,2026-06-01,WASH Resilience Initiative,WASH,Borno,Maiduguri,Maiduguri Site 4,0.7798,3,7,6,0,0,-0.1402532037556551,True
ES-000958,2026-06-01,Community Resilience Programme,Protection/Resilience,Borno,Bama,Bama Site 6,0.6332,5,5,1,0,0,-0.14586448195393076,True
ES-000894,2026-06-01,Community Resilience Programme,Protection/Resilience,Borno,Bama,Bama Site 4,0.856,3,1,6,0,0,-0.16953007267576675,True
ES-006718,2026-06-01,WASH Resilience Initiative,WASH,Borno,Konduga,Konduga Site 6,0.7468,11,4,7,0,0,-0.12589132212552445,True
ES-001214,2026-06-01,Community Resilience Programme,Protection/Resilience,Borno,Dikwa,Dikwa Site 2,0.7006,8,4,4,0,0,-0.19839166148648057,True
ES-006174,2026-06-01,WASH Resilience Initiative,WASH,Borno,Maiduguri,Maiduguri Site 1,0.8726,4,3,4,0,0,-0.17880291661413378,True
ES-006238,2026-06-01,WASH Resilience Initiative,WASH,Borno,Maiduguri,Maiduguri Site 3,0.7282,1,3,6,0,0,-0.17565813873852926,True
ES-006846,2026-06-01,WASH Resilience Initiative,WASH,Borno,Mafa,Mafa Site 4,0.6772,9,4,7,0,0,-0.17637321645059678,True
ES-006814,2026-06-01,WASH Resilience Initiative,WASH,Borno,Mafa,Mafa Site 3,0.7168,2,1,1,0,0,-0.13602653645084034,True
ES-007294,2026-06-01,WASH Resilience Initiative,WASH,Borno,Ngala,Ngala Site 6,0.793,2,3,3,0,0,-0.19189121948298504,True
ES-003166,2026-06-01,Education Access Project,Education,Borno,Maiduguri,Maiduguri Site 3,0.8962,4,2,7,0,0,-0.15108334443129579,True
ES-006590,2026-06-01,WASH Resilience Initiative,WASH,Borno,Konduga,Konduga Site 2,0.6946,6,1,3,0,0,-0.1940447606479216,True
ES-002686,2026-06-01,Livelihood Recovery Initiative,Livelihoods,Borno,Ngala,Ngala Site 6,0.7491,5,1,8,0,0,-0.18746701304413482,True
ES-002590,2026-06-01,Livelihood Recovery Initiative,Livelihoods,Borno,Ngala,Ngala Site 3,0.7866,10,5,8,0,0,-0.11843886892613642,True
ES-001694,2026-06-01,Livelihood Recovery Initiative,Livelihoods,Borno,Maiduguri,Maiduguri Site 5,0.8508,2,1,6,0,0,-0.16149956698679646,True
ES-003966,2026-06-01,Education Access Project,Education,Borno,Bama,Bama Site 4,0.7061,8,3,9,0,0,-0.17409099238490522,True
ES-001118,2026-06-01,Community Resilience Programme,Protection/Resilience,Borno,Ngala,Ngala Site 5,0.7616,6,1,3,0,0,-0.19788877952579909,True
ES-000190,2026-06-01,Community Resilience Programme,Protection/Resilience,Borno,Maiduguri,Maiduguri Site 6,0.6131,4,9,2,0,0,-0.05947320312153104,True
ES-004830,2026-06-01,Nutrition Support Programme,Nutrition,Borno,Jere,Jere Site 1,0.8096,4,6,7,0,0,-0.16138653133799175,True
ES-004862,2026-06-01,Nutrition Support Programme,Nutrition,Borno,Jere,Jere Site 2,0.7187,3,1,6,0,0,-0.19989527417056463,True
ES-002302,2026-06-01,Livelihood Recovery Initiative,Livelihoods,Borno,Mafa,Mafa Site 6,0.6912,7,2,8,0,0,-0.19401245296019498,True
ES-004446,2026-06-01,Education Access Project,Education,Borno,Gwoza,Gwoza Site 1,0.6626,4,4,9,0,0,-0.18583141367307277,True
ES-002270,2026-06-01,Livelihood Recovery Initiative,Livelihoods,Borno,Mafa,Mafa Site 5,0.7754,6,5,7,0,0,-0.19267174432625728,True
ES-007166,2026-06-01,WASH Resilience Initiative,WASH,Borno,Ngala,Ngala Site 2,0.7635,3,4,5,0,0,-0.2135401165092804,True
ES-002398,2026-06-01,Livelihood Recovery Initiative,Livelihoods,Borno,Bama,Bama Site 3,0.7516,8,1,13,0,0,-0.07682189586189736,True
ES-002430,2026-06-01,Livelihood Recovery Initiative,Livelihoods,Borno,Bama,Bama Site 4,0.7743,5,0,3,0,0,-0.1531408246894252,True
ES-003678,2026-06-01,Education Access Project,Education,Borno,Mafa,Mafa Site 1,0.6869,3,7,4,0,0,-0.14755928828195997,True
ES-002462,2026-06-01,Livelihood Recovery Initiative,Livelihoods,Borno,Bama,Bama Site 5,0.7749,5,1,4,0,0,-0.20426073758391738,True
ES-003646,2026-06-01,Education Access Project,Education,Borno,Konduga,Konduga Site 6,0.6362,8,2,10,0,0,-0.13432200243392367,True
ES-007134,2026-06-01,WASH Resilience Initiative,WASH,Borno,Ngala,Ngala Site 1,0.7598,2,7,4,0,0,-0.12766939952516476,True
ES-003710,2026-06-01,Education Access Project,Education,Borno,Mafa,Mafa Site 2,0.6978,5,2,9,0,0,-0.1930387796528828,True
ES-003614,2026-06-01,Education Access Project,Education,Borno,Konduga,Konduga Site 5,0.7074,8,1,6,0,0,-0.18238336223781265,True
ES-002782,2026-06-01,Livelihood Recovery Initiative,Livelihoods,Borno,Dikwa,Dikwa Site 3,0.7059,8,1,4,0,0,-0.1831206444336887,True
ES-003582,2026-06-01,Education Access Project,Education,Borno,Konduga,Konduga Site 4,0.7307,4,3,4,0,0,-0.2247390742805801,True
ES-002814,2026-06-01,Livelihood Recovery Initiative,Livelihoods,Borno,Dikwa,Dikwa Site 4,0.7305,1,0,7,0,0,-0.10872407239449289,True
ES-002846,2026-06-01,Livelihood Recovery Initiative,Livelihoods,Borno,Dikwa,Dikwa Site 5,0.6619,8,2,4,0,0,-0.1910928570573991,True
ES-003550,2026-06-01,Education Access Project,Education,Borno,Konduga,Konduga Site 3,0.7139,9,3,6,0,0,-0.19152050034271417,True
ES-002750,2026-06-01,Livelihood Recovery Initiative,Livelihoods,Borno,Dikwa,Dikwa Site 2,0.7431,5,2,5,0,0,-0.222765626872382,True
ES-002366,2026-06-01,Livelihood Recovery Initiative,Livelihoods,Borno,Bama,Bama Site 2,0.7397,5,5,10,0,0,-0.16537612372278432,True
ES-003742,2026-06-01,Education Access Project,Education,Borno,Mafa,Mafa Site 3,0.6587,4,4,6,0,0,-0.213145715963178,True
ES-007198,2026-06-01,WASH Resilience Initiative,WASH,Borno,Ngala,Ngala Site 3,0.7245,3,3,5,0,0,-0.22049523009122607,True
ES-003198,2026-06-01,Education Access Project,Education,Borno,Maiduguri,Maiduguri Site 4,0.7433,4,1,2,0,0,-0.18228352749928028,True
ES-005886,2026-06-01,Nutrition Support Programme,Nutrition,Borno,Dikwa,Dikwa Site 4,0.8349,3,1,4,0,0,-0.18300267842693901,True
ES-002718,2026-06-01,Livelihood Recovery Initiative,Livelihoods,Borno,Dikwa,Dikwa Site 1,0.8035,3,5,9,0,0,-0.15746442860630144,True
ES-006142,2026-06-01,Nutrition Support Programme,Nutrition,Borno,Gwoza,Gwoza Site 6,0.7707,8,3,6,0,0,-0.2000996311616507,True
ES-002494,2026-06-01,Livelihood Recovery Initiative,Livelihoods,Borno,Bama,Bama Site 6,0.7486,6,3,4,0,0,-0.22126195094215623,True
ES-000990,2026-06-01,Community Resilience Programme,Protection/Resilience,Borno,Ngala,Ngala Site 1,0.7517,9,1,8,0,0,-0.1466707879916262,True
ES-006110,2026-06-01,Nutrition Support Programme,Nutrition,Borno,Gwoza,Gwoza Site 5,0.8269,6,1,2,0,0,-0.16400986537196632,True
ES-004958,2026-06-01,Nutrition Support Programme,Nutrition,Borno,Jere,Jere Site 5,0.8006,5,4,5,0,0,-0.21265870362505412,True
ES-000094,2026-06-01,Community Resilience Programme,Protection/Resilience,Borno,Maiduguri,Maiduguri Site 3,0.8267,1,3,10,0,0,-0.10579071035738263,True
ES-004990,2026-06-01,Nutrition Support Programme,Nutrition,Borno,Jere,Jere Site 6,0.7532,10,3,7,0,0,-0.16189033881637338,True
ES-005022,2026-06-01,Nutrition Support Programme,Nutrition,Borno,Konduga,Konduga Site 1,0.8222,5,1,5,0,0,-0.19540315160472022,True
ES-000062,2026-06-01,Community Resilience Programme,Protection/Resilience,Borno,Maiduguri,Maiduguri Site 2,0.7991,3,3,7,0,0,-0.20382862479327363,True
ES-005054,2026-06-01,Nutrition Support Programme,Nutrition,Borno,Konduga,Konduga Site 2,0.7774,5,5,1,0,0,-0.15231368188726407,True
ES-000126,2026-06-01,Community Resilience Programme,Protection/Resilience,Borno,Maiduguri,Maiduguri Site 4,0.8478,6,2,2,0,0,-0.16863527365784436,True
ES-005086,2026-06-01,Nutrition Support Programme,Nutrition,Borno,Konduga,Konduga Site 3,0.6859,4,2,5,0,0,-0.2188255995381782,True
ES-005118,2026-06-01,Nutrition Support Programme,Nutrition,Borno,Konduga,Konduga Site 4,0.7722,12,2,3,0,0,-0.10870341233447794,True
ES-005150,2026-06-01,Nutrition Support Programme,Nutrition,Borno,Konduga,Konduga Site 5,0.7882,7,2,6,0,0,-0.20537629934597618,True
ES-000766,2026-06-01,Community Resilience Programme,Protection/Resilience,Borno,Mafa,Mafa Site 6,0.804,28,3,6,1,0,-0.010149410090154576,False
ES-005182,2026-06-01,Nutrition Support Programme,Nutrition,Borno,Konduga,Konduga Site 6,0.7613,3,1,3,0,0,-0.1918486801371685,True
ES-000734,2026-06-01,Community Resilience Programme,Protection/Resilience,Borno,Mafa,Mafa Site 5,0.8126,6,5,2,0,0,-0.16603341211974987,True
ES-005918,2026-06-01,Nutrition Support Programme,Nutrition,Borno,Dikwa,Dikwa Site 5,0.8126,3,3,3,0,0,-0.20220738066571903,True
ES-006078,2026-06-01,Nutrition Support Programme,Nutrition,Borno,Gwoza,Gwoza Site 4,0.5931,10,1,3,0,0,-0.10453370269495177,True
ES-005214,2026-06-01,Nutrition Support Programme,Nutrition,Borno,Mafa,Mafa Site 1,0.7162,4,3,2,0,0,-0.20662373646162202,True
ES-001022,2026-06-01,Community Resilience Programme,Protection/Resilience,Borno,Ngala,Ngala Site 2,0.8156,2,0,5,0,0,-0.1363674913110859,True
ES-006046,2026-06-01,Nutrition Support Programme,Nutrition,Borno,Gwoza,Gwoza Site 3,0.7651,6,5,2,0,0,-0.17523007963394605,True
ES-006014,2026-06-01,Nutrition Support Programme,Nutrition,Borno,Gwoza,Gwoza Site 2,0.7184,9,5,7,0,0,-0.15719086358210022,True
ES-005982,2026-06-01,Nutrition Support Programme,Nutrition,Borno,Gwoza,Gwoza Site 1,0.8021,2,2,5,0,0,-0.19630376698715213,True
ES-001054,2026-06-01,Community Resilience Programme,Protection/Resilience,Borno,Ngala,Ngala Site 3,0.844,5,2,7,0,0,-0.18844796160703564,True
ES-001086,2026-06-01,Community Resilience Programme,Protection/Resilience,Borno,Ngala,Ngala Site 4,0.6041,4,2,8,0,0,-0.16738399199942927,True
ES-000158,2026-06-01,Community Resilience Programme,Protection/Resilience,Borno,Maiduguri,Maiduguri Site 5,0.8112,3,3,0,0,0,-0.1295747085379464,True
ES-004894,2026-06-01,Nutrition Support Programme,Nutrition,Borno,Jere,Jere Site 3,0.7009,3,5,5,0,0,-0.20160023888711254,True
ES-004926,2026-06-01,Nutrition Support Programme,Nutrition,Borno,Jere,Jere Site 4,0.7969,3,3,4,0,0,-0.21225422698171093,True
ES-000030,2026-06-01,Community Resilience Programme,Protection/Resilience,Borno,Maiduguri,Maiduguri Site 1,0.6647,5,6,5,0,0,-0.18825078373845572,True
ES-005950,2026-06-01,Nutrition Support Programme,Nutrition,Borno,Dikwa,Dikwa Site 6,0.7291,9,3,3,0,0,-0.17853498386123884,True
ES-000063,2026-07-01,Community Resilience Programme,Protection/Resilience,Borno,Maiduguri,Maiduguri Site 2,0.8603,5,4,2,0,0,-0.15614317239538922,True
ES-004991,2026-07-01,Nutrition Support Programme,Nutrition,Borno,Jere,Jere Site 6,0.6139,9,6,7,0,0,-0.11238299994343676,True
ES-000639,2026-07-01,Community Resilience Programme,Protection/Resilience,Borno,Mafa,Mafa Site 2,0.795,3,4,12,0,0,-0.1185135023653256,True
ES-005023,2026-07-01,Nutrition Support Programme,Nutrition,Borno,Konduga,Konduga Site 1,0.7741,3,3,4,0,0,-0.2149734484170011,True
ES-005375,2026-07-01,Nutrition Support Programme,Nutrition,Borno,Mafa,Mafa Site 6,0.743,4,2,4,0,0,-0.21982726161321037,True
ES-005119,2026-07-01,Nutrition Support Programme,Nutrition,Borno,Konduga,Konduga Site 4,0.6783,6,5,5,0,0,-0.204810974789556,True
ES-001151,2026-07-01,Community Resilience Programme,Protection/Resilience,Borno,Ngala,Ngala Site 6,0.6689,5,2,7,0,0,-0.21080344258108774,True
ES-005087,2026-07-01,Nutrition Support Programme,Nutrition,Borno,Konduga,Konduga Site 3,0.7485,10,2,5,0,0,-0.16862599856203075,True
ES-000031,2026-07-01,Community Resilience Programme,Protection/Resilience,Borno,Maiduguri,Maiduguri Site 1,0.6426,10,3,14,0,0,-0.052803781520992965,True
ES-005343,2026-07-01,Nutrition Support Programme,Nutrition,Borno,Mafa,Mafa Site 5,0.7781,3,2,9,0,0,-0.184401008217215,True
ES-000095,2026-07-01,Community Resilience Programme,Protection/Resilience,Borno,Maiduguri,Maiduguri Site 3,0.7148,4,5,5,0,0,-0.20953611847474013,True
ES-007263,2026-07-01,WASH Resilience Initiative,WASH,Borno,Ngala,Ngala Site 5,0.597,7,3,1,0,0,-0.13862373341787343,True
ES-004959,2026-07-01,Nutrition Support Programme,Nutrition,Borno,Jere,Jere Site 5,0.7044,4,3,2,0,0,-0.20455271920811025,True
ES-000959,2026-07-01,Community Resilience Programme,Protection/Resilience,Borno,Bama,Bama Site 6,0.6261,4,5,7,0,0,-0.1810876045757987,True
ES-000127,2026-07-01,Community Resilience Programme,Protection/Resilience,Borno,Maiduguri,Maiduguri Site 4,0.7755,10,4,11,0,0,-0.09697064855544008,True
ES-006783,2026-07-01,WASH Resilience Initiative,WASH,Borno,Mafa,Mafa Site 2,0.7279,8,2,8,0,0,-0.18095180216198453,True
ES-004927,2026-07-01,Nutrition Support Programme,Nutrition,Borno,Jere,Jere Site 4,0.8273,4,1,8,0,0,-0.16441911381026325,True
ES-000607,2026-07-01,Community Resilience Programme,Protection/Resilience,Borno,Mafa,Mafa Site 1,0.771,3,1,4,0,0,-0.19894196573800116,True
ES-004895,2026-07-01,Nutrition Support Programme,Nutrition,Borno,Jere,Jere Site 3,0.7578,4,4,6,0,0,-0.21702310275309689,True
ES-005055,2026-07-01,Nutrition Support Programme,Nutrition,Borno,Konduga,Konduga Site 2,0.7692,3,3,3,0,0,-0.2105574479791945,True
ES-005823,2026-07-01,Nutrition Support Programme,Nutrition,Borno,Dikwa,Dikwa Site 2,0.7959,5,0,4,0,0,-0.16259475058540301,True
ES-005599,2026-07-01,Nutrition Support Programme,Nutrition,Borno,Ngala,Ngala Site 1,0.771,7,6,1,0,0,-0.1180466139191495,True
ES-003871,2026-07-01,Education Access Project,Education,Borno,Bama,Bama Site 1,0.6747,5,4,5,0,0,-0.21990954620250597,True
ES-006687,2026-07-01,WASH Resilience Initiative,WASH,Borno,Konduga,Konduga Site 5,0.6798,3,3,5,0,0,-0.2149683497006763,True
ES-001727,2026-07-01,Livelihood Recovery Initiative,Livelihoods,Borno,Maiduguri,Maiduguri Site 6,0.8792,2,6,7,0,0,-0.0996287301831571,True
ES-006943,2026-07-01,WASH Resilience Initiative,WASH,Borno,Bama,Bama Site 1,0.5738,3,5,7,0,0,-0.14480304644639586,True
ES-004639,2026-07-01,Nutrition Support Programme,Nutrition,Borno,Maiduguri,Maiduguri Site 1,0.7393,8,4,8,0,0,-0.178096880617083,True
ES-005151,2026-07-01,Nutrition Support Programme,Nutrition,Borno,Konduga,Konduga Site 5,0.7539,4,5,6,0,0,-0.20528029649680613,True
ES-000543,2026-07-01,Community Resilience Programme,Protection/Resilience,Borno,Konduga,Konduga Site 5,0.7282,6,5,0,0,0,-0.1288732959195828,True
ES-000671,2026-07-01,Community Resilience Programme,Protection/Resilience,Borno,Mafa,Mafa Site 3,0.7974,4,6,8,0,0,-0.1575432054869012,True
ES-006015,2026-07-01,Nutrition Support Programme,Nutrition,Borno,Gwoza,Gwoza Site 2,0.7031,7,6,7,0,0,-0.16443849577806086,True
ES-006815,2026-07-01,WASH Resilience Initiative,WASH,Borno,Mafa,Mafa Site 3,0.5466,7,5,9,0,0,-0.10390839110732986,True
ES-006303,2026-07-01,WASH Resilience Initiative,WASH,Borno,Maiduguri,Maiduguri Site 5,0.6906,8,3,7,0,0,-0.19649569511110804,True
ES-001055,2026-07-01,Community Resilience Programme,Protection/Resilience,Borno,Ngala,Ngala Site 3,0.8394,9,5,3,0,0,-0.12597850114029402,True
ES-005983,2026-07-01,Nutrition Support Programme,Nutrition,Borno,Gwoza,Gwoza Site 1,0.7515,6,2,7,0,0,-0.2133032875194269,True
ES-004767,2026-07-01,Nutrition Support Programme,Nutrition,Borno,Maiduguri,Maiduguri Site 5,0.7145,10,3,4,0,0,-0.17158767929532986,True
ES-005951,2026-07-01,Nutrition Support Programme,Nutrition,Borno,Dikwa,Dikwa Site 6,0.692,6,5,5,0,0,-0.20527322115594088,True
ES-004799,2026-07-01,Nutrition Support Programme,Nutrition,Borno,Maiduguri,Maiduguri Site 6,0.7378,11,4,7,0,0,-0.12662976546138932,True
ES-001087,2026-07-01,Community Resilience Programme,Protection/Resilience,Borno,Ngala,Ngala Site 4,0.6555,5,6,4,0,0,-0.1821063331738479,True
ES-005919,2026-07-01,Nutrition Support Programme,Nutrition,Borno,Dikwa,Dikwa Site 5,0.792,6,4,9,0,0,-0.1802347987232828,True
ES-000511,2026-07-01,Community Resilience Programme,Protection/Resilience,Borno,Konduga,Konduga Site 4,0.7885,6,4,8,0,0,-0.19570226888928471,True
ES-001119,2026-07-01,Community Resilience Programme,Protection/Resilience,Borno,Ngala,Ngala Site 5,0.765,7,1,10,0,0,-0.14565887637672076,True
ES-000767,2026-07-01,Community Resilience Programme,Protection/Resilience,Borno,Mafa,Mafa Site 6,0.7514,2,5,4,0,0,-0.18086996031214303,True
ES-005887,2026-07-01,Nutrition Support Programme,Nutrition,Borno,Dikwa,Dikwa Site 4,0.7129,8,0,3,0,0,-0.1283303678997822,True
ES-006591,2026-07-01,WASH Resilience Initiative,WASH,Borno,Konduga,Konduga Site 2,0.6984,7,6,2,0,0,-0.14999608836128175,True
ES-004831,2026-07-01,Nutrition Support Programme,Nutrition,Borno,Jere,Jere Site 1,0.7983,3,4,7,0,0,-0.19693505129988698,True
ES-004863,2026-07-01,Nutrition Support Programme,Nutrition,Borno,Jere,Jere Site 2,0.8007,4,4,4,0,0,-0.21001649541215206,True
ES-000159,2026-07-01,Community Resilience Programme,Protection/Resilience,Borno,Maiduguri,Maiduguri Site 5,0.7329,3,4,9,0,0,-0.1821391321084505,True
ES-000927,2026-07-01,Community Resilience Programme,Protection/Resilience,Borno,Bama,Bama Site 5,0.8445,4,3,3,0,0,-0.19178770850138444,True
ES-005247,2026-07-01,Nutrition Support Programme,Nutrition,Borno,Mafa,Mafa Site 2,0.7965,3,3,4,0,0,-0.21232583722087706,True
ES-006751,2026-07-01,WASH Resilience Initiative,WASH,Borno,Mafa,Mafa Site 1,0.7237,6,2,9,0,0,-0.19285791256536466,True
ES-005279,2026-07-01,Nutrition Support Programme,Nutrition,Borno,Mafa,Mafa Site 3,0.72,5,3,7,0,0,-0.22163776010017794,True
ES-005215,2026-07-01,Nutrition Support Programme,Nutrition,Borno,Mafa,Mafa Site 1,0.6586,5,7,5,0,0,-0.1567779694989173,True
ES-005311,2026-07-01,Nutrition Support Programme,Nutrition,Borno,Mafa,Mafa Site 4,0.8265,4,5,6,0,0,-0.1878667130211728,True
ES-000735,2026-07-01,Community Resilience Programme,Protection/Resilience,Borno,Mafa,Mafa Site 5,0.7656,4,4,9,0,0,-0.18796212265136503,True
ES-005183,2026-07-01,Nutrition Support Programme,Nutrition,Borno,Konduga,Konduga Site 6,0.7883,7,5,2,0,0,-0.16048010720813083,True
ES-005855,2026-07-01,Nutrition Support Programme,Nutrition,Borno,Dikwa,Dikwa Site 3,0.7079,4,6,2,0,0,-0.16255353449690874,True
ES-004319,2026-07-01,Education Access Project,Education,Borno,Dikwa,Dikwa Site 3,0.6377,3,4,3,0,0,-0.1843799279436052,True
ES-002687,2026-07-01,Livelihood Recovery Initiative,Livelihoods,Borno,Ngala,Ngala Site 6,0.8024,4,0,4,0,0,-0.15999744175832764,True
ES-006975,2026-07-01,WASH Resilience Initiative,WASH,Borno,Bama,Bama Site 2,0.6534,4,3,14,0,0,-0.10764942863307991,True
ES-000895,2026-07-01,Community Resilience Programme,Protection/Resilience,Borno,Bama,Bama Site 4,0.7941,4,1,3,0,0,-0.19147964460324296,True
ES-000447,2026-07-01,Community Resilience Programme,Protection/Resilience,Borno,Konduga,Konduga Site 2,0.7453,5,0,4,0,0,-0.16541614563791773,True
ES-005439,2026-07-01,Nutrition Support Programme,Nutrition,Borno,Bama,Bama Site 2,0.7768,2,1,10,0,0,-0.131005887695666,True
ES-005503,2026-07-01,Nutrition Support Programme,Nutrition,Borno,Bama,Bama Site 4,0.8769,3,1,4,0,0,-0.15569848493655636,True
ES-005663,2026-07-01,Nutrition Support Programme,Nutrition,Borno,Ngala,Ngala Site 3,0.6973,2,7,3,0,0,-0.1244585843044404,True
ES-005535,2026-07-01,Nutrition Support Programme,Nutrition,Borno,Bama,Bama Site 5,0.7285,8,5,7,0,0,-0.1716713201690223,True
ES-003903,2026-07-01,Education Access Project,Education,Borno,Bama,Bama Site 2,0.666,3,1,2,0,0,-0.16319172920457925,True
ES-005631,2026-07-01,Nutrition Support Programme,Nutrition,Borno,Ngala,Ngala Site 2,0.8739,4,4,5,0,0,-0.16964324398270092,True
ES-005567,2026-07-01,Nutrition Support Programme,Nutrition,Borno,Bama,Bama Site 6,0.7274,5,3,3,0,0,-0.22095386893770202,True
ES-005791,2026-07-01,Nutrition Support Programme,Nutrition,Borno,Dikwa,Dikwa Site 1,0.6531,4,2,2,0,0,-0.18529474001763813,True
ES-006847,2026-07-01,WASH Resilience Initiative,WASH,Borno,Mafa,Mafa Site 4,0.8025,1,1,4,0,0,-0.1529862567782811,True
ES-004287,2026-07-01,Education Access Project,Education,Borno,Dikwa,Dikwa Site 2,0.7398,10,4,34,1,1,0.03339792800818797,True
ES-003935,2026-07-01,Education Access Project,Education,Borno,Bama,Bama Site 3,0.592,5,4,4,0,0,-0.18605563554225468,True
ES-000415,2026-07-01,Community Resilience Programme,Protection/Resilience,Borno,Konduga,Konduga Site 1,0.7952,3,4,4,0,0,-0.20616353824346684,True
ES-002559,2026-07-01,Livelihood Recovery Initiative,Livelihoods,Borno,Ngala,Ngala Site 2,0.9473,1,2,4,0,0,-0.07572648274800586,True
ES-002591,2026-07-01,Livelihood Recovery Initiative,Livelihoods,Borno,Ngala,Ngala Site 3,0.7247,4,0,11,0,0,-0.10608167343895913,True
ES-004255,2026-07-01,Education Access Project,Education,Borno,Dikwa,Dikwa Site 1,0.8175,4,3,3,0,0,-0.2047269703400355,True
ES-000383,2026-07-01,Community Resilience Programme,Protection/Resilience,Borno,Jere,Jere Site 6,0.7483,2,3,6,0,0,-0.20332699985251196,True
ES-002623,2026-07-01,Livelihood Recovery Initiative,Livelihoods,Borno,Ngala,Ngala Site 4,0.6399,4,4,8,0,0,-0.18969734704856023,True
ES-005407,2026-07-01,Nutrition Support Programme,Nutrition,Borno,Bama,Bama Site 1,0.5902,9,3,4,0,0,-0.1552121675256687,True
ES-004031,2026-07-01,Education Access Project,Education,Borno,Bama,Bama Site 6,0.7826,6,25,2,1,1,0.03565349908806681,True
ES-006079,2026-07-01,Nutrition Support Programme,Nutrition,Borno,Gwoza,Gwoza Site 4,0.5684,10,1,12,0,0,-0.025463689595795036,True
ES-005759,2026-07-01,Nutrition Support Programme,Nutrition,Borno,Ngala,Ngala Site 6,0.7152,5,7,7,0,0,-0.1546305061436768,True
ES-002655,2026-07-01,Livelihood Recovery Initiative,Livelihoods,Borno,Ngala,Ngala Site 5,0.7309,5,2,3,0,0,-0.21362151456570527,True
ES-005727,2026-07-01,Nutrition Support Programme,Nutrition,Borno,Ngala,Ngala Site 5,0.8107,4,3,3,0,0,-0.20761399252683888,True
ES-006047,2026-07-01,Nutrition Support Programme,Nutrition,Borno,Gwoza,Gwoza Site 3,0.7673,4,4,2,0,0,-0.19599092416308572,True
ES-003999,2026-07-01,Education Access Project,Education,Borno,Bama,Bama Site 5,0.755,3,4,6,0,0,-0.20960019771978528,True
ES-005471,2026-07-01,Nutrition Support Programme,Nutrition,Borno,Bama,Bama Site 3,0.6834,4,3,11,0,0,-0.1637777022344632,True
ES-005695,2026-07-01,Nutrition Support Programme,Nutrition,Borno,Ngala,Ngala Site 4,0.7276,5,0,8,0,0,-0.1497662536394273,True
ES-003967,2026-07-01,Education Access Project,Education,Borno,Bama,Bama Site 4,0.681,2,2,3,0,0,-0.1869536419909575,True
ES-004351,2026-07-01,Education Access Project,Education,Borno,Dikwa,Dikwa Site 4,0.6989,3,1,8,0,0,-0.1790917277220644,True
ES-001663,2026-07-01,Livelihood Recovery Initiative,Livelihoods,Borno,Maiduguri,Maiduguri Site 4,0.8042,4,1,4,0,0,-0.19997462466328686,True
ES-000863,2026-07-01,Community Resilience Programme,Protection/Resilience,Borno,Bama,Bama Site 3,0.7712,8,3,9,0,0,-0.16951297606968685,True
ES-001631,2026-07-01,Livelihood Recovery Initiative,Livelihoods,Borno,Maiduguri,Maiduguri Site 3,0.885,1,3,5,0,0,-0.12929359666867785,True
ES-000351,2026-07-01,Community Resilience Programme,Protection/Resilience,Borno,Jere,Jere Site 5,0.7915,2,1,12,0,0,-0.08871638762446143,True
ES-004383,2026-07-01,Education Access Project,Education,Borno,Dikwa,Dikwa Site 5,0.6968,6,4,8,0,0,-0.20344984253948795,True
ES-001599,2026-07-01,Livelihood Recovery Initiative,Livelihoods,Borno,Maiduguri,Maiduguri Site 2,0.7817,3,3,9,0,0,-0.18682360233941364,True
ES-000479,2026-07-01,Community Resilience Programme,Protection/Resilience,Borno,Konduga,Konduga Site 3,0.782,5,1,5,0,0,-0.206769535127652,True
ES-001567,2026-07-01,Livelihood Recovery Initiative,Livelihoods,Borno,Maiduguri,Maiduguri Site 1,0.7189,4,4,6,0,0,-0.21912325235813634,True
ES-000319,2026-07-01,Community Resilience Programme,Protection/Resilience,Borno,Jere,Jere Site 4,0.9678,3,4,7,0,0,-0.06898902926956696,True
ES-004415,2026-07-01,Education Access Project,Education,Borno,Dikwa,Dikwa Site 6,0.8118,4,3,6,0,0,-0.21482699337332506,True
ES-002303,2026-07-01,Livelihood Recovery Initiative,Livelihoods,Borno,Mafa,Mafa Site 6,0.7122,6,1,11,0,0,-0.14158316372527358,True
ES-002271,2026-07-01,Livelihood Recovery Initiative,Livelihoods,Borno,Mafa,Mafa Site 5,0.6546,4,4,3,0,0,-0.20113433858886515,True
ES-007039,2026-07-01,WASH Resilience Initiative,WASH,Borno,Bama,Bama Site 4,0.6929,5,1,4,0,0,-0.20619808373479948,True
ES-002239,2026-07-01,Livelihood Recovery Initiative,Livelihoods,Borno,Mafa,Mafa Site 4,0.5969,8,1,6,0,0,-0.14428797033424445,True
ES-006911,2026-07-01,WASH Resilience Initiative,WASH,Borno,Mafa,Mafa Site 6,0.6462,2,2,1,0,0,-0.13773794852434507,True
ES-007071,2026-07-01,WASH Resilience Initiative,WASH,Borno,Bama,Bama Site 5,0.7983,5,3,4,0,0,-0.2189884213292575,True
ES-000287,2026-07-01,Community Resilience Programme,Protection/Resilience,Borno,Jere,Jere Site 3,0.8286,4,5,5,0,0,-0.18827823688266082,True
ES-004479,2026-07-01,Education Access Project,Education,Borno,Gwoza,Gwoza Site 2,0.6112,6,1,5,0,0,-0.17483686582305386,True
ES-007167,2026-07-01,WASH Resilience Initiative,WASH,Borno,Ngala,Ngala Site 2,0.7001,8,4,2,0,0,-0.17220299354241508,True
ES-002207,2026-07-01,Livelihood Recovery Initiative,Livelihoods,Borno,Mafa,Mafa Site 3,0.6558,5,7,6,0,0,-0.15513528340998733,True
ES-002175,2026-07-01,Livelihood Recovery Initiative,Livelihoods,Borno,Mafa,Mafa Site 2,0.6833,7,5,9,0,0,-0.16630327070724754,True
ES-007103,2026-07-01,WASH Resilience Initiative,WASH,Borno,Bama,Bama Site 6,0.7674,5,4,7,0,0,-0.21200792585764344,True
ES-007007,2026-07-01,WASH Resilience Initiative,WASH,Borno,Bama,Bama Site 3,0.7654,4,3,3,0,0,-0.2155530548453059,True
ES-006879,2026-07-01,WASH Resilience Initiative,WASH,Borno,Mafa,Mafa Site 5,0.8123,2,2,3,0,0,-0.18748966458404642,True
ES-002527,2026-07-01,Livelihood Recovery Initiative,Livelihoods,Borno,Ngala,Ngala Site 1,0.6926,2,4,8,0,0,-0.17980720722730426,True
ES-001183,2026-07-01,Community Resilience Programme,Protection/Resilience,Borno,Dikwa,Dikwa Site 1,0.6755,3,6,5,0,0,-0.17639083162531294,True
ES-001695,2026-07-01,Livelihood Recovery Initiative,Livelihoods,Borno,Maiduguri,Maiduguri Site 5,0.7982,5,0,5,0,0,-0.16303599724745382,True
ES-001023,2026-07-01,Community Resilience Programme,Protection/Resilience,Borno,Ngala,Ngala Site 2,0.7639,3,2,2,0,0,-0.19634075879087748,True
ES-006335,2026-07-01,WASH Resilience Initiative,WASH,Borno,Maiduguri,Maiduguri Site 6,0.7802,2,1,6,0,0,-0.18167940558903406,True
ES-004735,2026-07-01,Nutrition Support Programme,Nutrition,Borno,Maiduguri,Maiduguri Site 4,0.7874,2,21,1,1,1,0.044722853931719264,True
ES-000831,2026-07-01,Community Resilience Programme,Protection/Resilience,Borno,Bama,Bama Site 2,0.777,5,3,2,0,0,-0.20172537334392443,True
ES-001535,2026-07-01,Community Resilience Programme,Protection/Resilience,Borno,Gwoza,Gwoza Site 6,0.7102,1,1,3,0,0,-0.14778780938254227,True
ES-003327,2026-07-01,Education Access Project,Education,Borno,Jere,Jere Site 2,0.6902,5,1,4,0,0,-0.20563736263412757,True
ES-001887,2026-07-01,Livelihood Recovery Initiative,Livelihoods,Borno,Jere,Jere Site 5,0.9443,8,3,7,0,0,-0.0739247119120795,True
ES-001855,2026-07-01,Livelihood Recovery Initiative,Livelihoods,Borno,Jere,Jere Site 4,0.7782,4,2,7,0,0,-0.2104680546400562,True
ES-007455,2026-07-01,WASH Resilience Initiative,WASH,Borno,Dikwa,Dikwa Site 5,0.654,4,3,7,0,0,-0.21021619966805333,True
ES-006175,2026-07-01,WASH Resilience Initiative,WASH,Borno,Maiduguri,Maiduguri Site 1,0.7586,5,2,5,0,0,-0.22322442247391994,True
ES-006207,2026-07-01,WASH Resilience Initiative,WASH,Borno,Maiduguri,Maiduguri Site 2,0.7764,4,3,3,0,0,-0.21428749442189188,True
ES-000703,2026-07-01,Community Resilience Programme,Protection/Resilience,Borno,Mafa,Mafa Site 4,0.8922,3,4,8,0,0,-0.132185721764689,True
ES-003455,2026-07-01,Education Access Project,Education,Borno,Jere,Jere Site 6,0.6847,6,4,4,0,0,-0.21776483279491926,True
ES-006399,2026-07-01,WASH Resilience Initiative,WASH,Borno,Jere,Jere Site 2,0.6853,5,5,1,0,0,-0.16199944417059703,True
ES-003711,2026-07-01,Education Access Project,Education,Borno,Mafa,Mafa Site 2,0.7121,4,4,4,0,0,-0.21996277791298313,True
ES-006719,2026-07-01,WASH Resilience Initiative,WASH,Borno,Konduga,Konduga Site 6,0.7576,6,2,6,0,0,-0.22012722289100617,True
ES-002367,2026-07-01,Livelihood Recovery Initiative,Livelihoods,Borno,Bama,Bama Site 2,0.7629,8,0,8,0,0,-0.12226365665421807,True
ES-003743,2026-07-01,Education Access Project,Education,Borno,Mafa,Mafa Site 3,0.6111,5,4,12,0,0,-0.11262149995088855,True
ES-001343,2026-07-01,Community Resilience Programme,Protection/Resilience,Borno,Dikwa,Dikwa Site 6,0.7516,8,2,2,0,0,-0.17334310698684952,True
ES-002335,2026-07-01,Livelihood Recovery Initiative,Livelihoods,Borno,Bama,Bama Site 1,0.6516,6,4,7,0,0,-0.20470593463042036,True
ES-007199,2026-07-01,WASH Resilience Initiative,WASH,Borno,Ngala,Ngala Site 3,0.6129,8,3,5,0,0,-0.1816142720510846,True
ES-004223,2026-07-01,Education Access Project,Education,Borno,Ngala,Ngala Site 6,0.6499,5,4,6,0,0,-0.21265467671920774,True
ES-006463,2026-07-01,WASH Resilience Initiative,WASH,Borno,Jere,Jere Site 4,0.619,8,6,8,0,0,-0.11700124670425727,True
ES-003775,2026-07-01,Education Access Project,Education,Borno,Mafa,Mafa Site 4,0.6496,5,2,4,0,0,-0.20957637391502792,True
ES-004191,2026-07-01,Education Access Project,Education,Borno,Ngala,Ngala Site 5,0.628,7,2,5,0,0,-0.19251815076530665,True
ES-001311,2026-07-01,Community Resilience Programme,Protection/Resilience,Borno,Dikwa,Dikwa Site 5,0.7067,6,3,1,0,0,-0.18043129015302417,True
ES-006271,2026-07-01,WASH Resilience Initiative,WASH,Borno,Maiduguri,Maiduguri Site 4,0.8387,8,4,3,0,0,-0.15441358710559488,True
ES-002399,2026-07-01,Livelihood Recovery Initiative,Livelihoods,Borno,Bama,Bama Site 3,0.7928,5,3,3,0,0,-0.2134375769093918,True
ES-004159,2026-07-01,Education Access Project,Education,Borno,Ngala,Ngala Site 4,0.6398,5,4,6,0,0,-0.20858932856734785,True
ES-006431,2026-07-01,WASH Resilience Initiative,WASH,Borno,Jere,Jere Site 3,0.7331,5,4,3,0,0,-0.21226539625392987,True
ES-001919,2026-07-01,Livelihood Recovery Initiative,Livelihoods,Borno,Jere,Jere Site 6,0.8014,3,5,5,0,0,-0.19202045404584267,True
ES-007423,2026-07-01,WASH Resilience Initiative,WASH,Borno,Dikwa,Dikwa Site 4,0.7204,4,5,5,0,0,-0.2086975193368651,True
ES-001951,2026-07-01,Livelihood Recovery Initiative,Livelihoods,Borno,Konduga,Konduga Site 1,0.6833,4,5,2,0,0,-0.18483867840580875,True
ES-003391,2026-07-01,Education Access Project,Education,Borno,Jere,Jere Site 4,0.7868,2,3,8,0,0,-0.18247811785866852,True
ES-003071,2026-07-01,Livelihood Recovery Initiative,Livelihoods,Borno,Gwoza,Gwoza Site 6,0.67,5,3,7,0,0,-0.21812503823022106,True
ES-001791,2026-07-01,Livelihood Recovery Initiative,Livelihoods,Borno,Jere,Jere Site 2,0.6931,5,9,5,0,0,-0.11249034779474898,True
ES-001503,2026-07-01,Community Resilience Programme,Protection/Resilience,Borno,Gwoza,Gwoza Site 5,0.662,8,6,4,0,0,-0.15476045823239187,True
ES-007487,2026-07-01,WASH Resilience Initiative,WASH,Borno,Dikwa,Dikwa Site 6,0.8398,3,1,3,0,0,-0.1713367091578495,True
ES-003039,2026-07-01,Livelihood Recovery Initiative,Livelihoods,Borno,Gwoza,Gwoza Site 5,0.7197,6,4,7,0,0,-0.21317427280367945,True
ES-007519,2026-07-01,WASH Resilience Initiative,WASH,Borno,Gwoza,Gwoza Site 1,0.7494,7,4,6,0,0,-0.20719259748034285,True
ES-003423,2026-07-01,Education Access Project,Education,Borno,Jere,Jere Site 5,0.6858,6,4,7,0,0,-0.21245180767605754,True
ES-001759,2026-07-01,Livelihood Recovery Initiative,Livelihoods,Borno,Jere,Jere Site 1,0.6794,4,2,3,0,0,-0.20588801414984725,True
ES-007295,2026-07-01,WASH Resilience Initiative,WASH,Borno,Ngala,Ngala Site 6,0.7269,5,3,10,0,0,-0.18713714239217394,True
ES-003359,2026-07-01,Education Access Project,Education,Borno,Jere,Jere Site 3,0.6906,4,2,8,0,0,-0.2049283293239716,True
ES-007327,2026-07-01,WASH Resilience Initiative,WASH,Borno,Dikwa,Dikwa Site 1,0.7552,1,4,5,0,0,-0.16860599322274478,True
ES-004543,2026-07-01,Education Access Project,Education,Borno,Gwoza,Gwoza Site 4,0.6235,1,1,8,0,0,-0.11382379010140703,True
ES-007231,2026-07-01,WASH Resilience Initiative,WASH,Borno,Ngala,Ngala Site 4,0.7309,7,3,52,1,1,0.0504358074010951,True
ES-002111,2026-07-01,Livelihood Recovery Initiative,Livelihoods,Borno,Konduga,Konduga Site 6,0.8407,4,1,5,0,0,-0.1854875395565463,True
ES-000255,2026-07-01,Community Resilience Programme,Protection/Resilience,Borno,Jere,Jere Site 2,0.8238,3,2,4,0,0,-0.20391534033404535,True
ES-002079,2026-07-01,Livelihood Recovery Initiative,Livelihoods,Borno,Konduga,Konduga Site 5,0.6593,5,4,5,0,0,-0.21679809065112582,True
ES-004575,2026-07-01,Education Access Project,Education,Borno,Gwoza,Gwoza Site 5,0.6056,4,2,7,0,0,-0.17933441111082615,True
ES-007359,2026-07-01,WASH Resilience Initiative,WASH,Borno,Dikwa,Dikwa Site 2,0.72,5,4,7,0,0,-0.2163244704048537,True
ES-002047,2026-07-01,Livelihood Recovery Initiative,Livelihoods,Borno,Konduga,Konduga Site 4,0.6884,7,3,2,0,0,-0.18997290826748758,True
ES-000223,2026-07-01,Community Resilience Programme,Protection/Resilience,Borno,Jere,Jere Site 1,0.9405,3,2,4,0,0,-0.11660943619674685,True
ES-002015,2026-07-01,Livelihood Recovery Initiative,Livelihoods,Borno,Konduga,Konduga Site 3,0.7555,8,2,5,0,0,-0.1976630754041715,True
ES-004607,2026-07-01,Education Access Project,Education,Borno,Gwoza,Gwoza Site 6,0.3642,4,8,5,1,1,0.014731521766751188,True
ES-001823,2026-07-01,Livelihood Recovery Initiative,Livelihoods,Borno,Jere,Jere Site 3,0.8263,4,2,11,0,0,-0.13631199832906538,True
ES-001983,2026-07-01,Livelihood Recovery Initiative,Livelihoods,Borno,Konduga,Konduga Site 2,0.6958,6,1,7,0,0,-0.19688188117410588,True
ES-007391,2026-07-01,WASH Resilience Initiative,WASH,Borno,Dikwa,Dikwa Site 3,0.7488,4,1,9,0,0,-0.17459345835000412,True
ES-003295,2026-07-01,Education Access Project,Education,Borno,Jere,Jere Site 1,0.7717,5,1,9,0,0,-0.17419662509457307,True
ES-004127,2026-07-01,Education Access Project,Education,Borno,Ngala,Ngala Site 3,0.5993,6,2,3,0,0,-0.17445234308824775,True
ES-006495,2026-07-01,WASH Resilience Initiative,WASH,Borno,Jere,Jere Site 5,0.7992,4,1,5,0,0,-0.2010387191634216,True
ES-006655,2026-07-01,WASH Resilience Initiative,WASH,Borno,Konduga,Konduga Site 4,0.7585,2,1,9,0,0,-0.1522297854743,True
ES-004095,2026-07-01,Education Access Project,Education,Borno,Ngala,Ngala Site 2,0.6655,3,2,4,0,0,-0.2063989616768923,True
ES-002783,2026-07-01,Livelihood Recovery Initiative,Livelihoods,Borno,Dikwa,Dikwa Site 3,0.6382,8,1,4,0,0,-0.16666887296636768,True
ES-001215,2026-07-01,Community Resilience Programme,Protection/Resilience,Borno,Dikwa,Dikwa Site 2,0.6977,8,6,5,0,0,-0.15573412359367933,True
ES-003615,2026-07-01,Education Access Project,Education,Borno,Konduga,Konduga Site 5,0.6842,9,8,4,0,0,-0.08075341724789553,True
ES-002751,2026-07-01,Livelihood Recovery Initiative,Livelihoods,Borno,Dikwa,Dikwa Site 2,0.6588,3,5,4,0,0,-0.19270682207075868,True
ES-002719,2026-07-01,Livelihood Recovery Initiative,Livelihoods,Borno,Dikwa,Dikwa Site 1,0.7313,4,0,5,0,0,-0.1653474338584987,True
ES-006239,2026-07-01,WASH Resilience Initiative,WASH,Borno,Maiduguri,Maiduguri Site 3,0.6669,6,3,6,0,0,-0.22084296148177884,True
ES-007679,2026-07-01,WASH Resilience Initiative,WASH,Borno,Gwoza,Gwoza Site 6,0.69,3,0,6,0,0,-0.15961034466823903,True
ES-003647,2026-07-01,Education Access Project,Education,Borno,Konduga,Konduga Site 6,0.731,5,6,6,0,0,-0.1859709695900978,True
ES-002495,2026-07-01,Livelihood Recovery Initiative,Livelihoods,Borno,Bama,Bama Site 6,0.7601,4,5,9,0,0,-0.17626097078520359,True
ES-006367,2026-07-01,WASH Resilience Initiative,WASH,Borno,Jere,Jere Site 1,0.714,4,4,8,0,0,-0.2059934712172103,True
ES-000799,2026-07-01,Community Resilience Programme,Protection/Resilience,Borno,Bama,Bama Site 1,0.85,6,3,5,0,0,-0.19167048959377703,True
ES-001375,2026-07-01,Community Resilience Programme,Protection/Resilience,Borno,Gwoza,Gwoza Site 1,0.7388,8,2,3,0,0,-0.18628976912736783,True
ES-003583,2026-07-01,Education Access Project,Education,Borno,Konduga,Konduga Site 4,0.6439,9,5,5,0,0,-0.16280957863854595,True
ES-001407,2026-07-01,Community Resilience Programme,Protection/Resilience,Borno,Gwoza,Gwoza Site 2,0.6651,5,4,4,0,0,-0.2167756994903995,True
ES-004447,2026-07-01,Education Access Project,Education,Borno,Gwoza,Gwoza Site 1,0.6462,1,3,5,0,0,-0.1614303639840201,True
ES-004511,2026-07-01,Education Access Project,Education,Borno,Gwoza,Gwoza Site 3,0.6849,10,3,3,0,0,-0.15755448424546753,True
ES-004671,2026-07-01,Nutrition Support Programme,Nutrition,Borno,Maiduguri,Maiduguri Site 2,0.7515,5,5,1,0,0,-0.15732374788169634,True
ES-000191,2026-07-01,Community Resilience Programme,Protection/Resilience,Borno,Maiduguri,Maiduguri Site 6,0.6744,15,4,3,0,0,-0.06318466387493604,True
ES-004703,2026-07-01,Nutrition Support Programme,Nutrition,Borno,Maiduguri,Maiduguri Site 3,0.8514,1,3,6,0,0,-0.14893524299785182,True
ES-006143,2026-07-01,Nutrition Support Programme,Nutrition,Borno,Gwoza,Gwoza Site 6,0.6813,5,3,7,0,0,-0.2203023276361425,True
ES-000575,2026-07-01,Community Resilience Programme,Protection/Resilience,Borno,Konduga,Konduga Site 6,0.9014,3,5,4,0,0,-0.13046425927590627,True
ES-007135,2026-07-01,WASH Resilience Initiative,WASH,Borno,Ngala,Ngala Site 1,0.7689,9,2,4,0,0,-0.17941321472289418,True
ES-006111,2026-07-01,Nutrition Support Programme,Nutrition,Borno,Gwoza,Gwoza Site 5,0.8728,1,2,6,0,0,-0.13706458645931285,True
ES-000991,2026-07-01,Community Resilience Programme,Protection/Resilience,Borno,Ngala,Ngala Site 1,0.7771,4,5,10,0,0,-0.16032347425953558,True
ES-003167,2026-07-01,Education Access Project,Education,Borno,Maiduguri,Maiduguri Site 3,0.7303,4,2,5,0,0,-0.22222394453995242,True
ES-003839,2026-07-01,Education Access Project,Education,Borno,Mafa,Mafa Site 6,0.7105,6,1,3,0,0,-0.19453547250561115,True
ES-002143,2026-07-01,Livelihood Recovery Initiative,Livelihoods,Borno,Mafa,Mafa Site 1,0.635,8,0,7,0,0,-0.11978256695437628,True
ES-007647,2026-07-01,WASH Resilience Initiative,WASH,Borno,Gwoza,Gwoza Site 5,0.5253,4,6,5,0,0,-0.10437537692916993,True
ES-002463,2026-07-01,Livelihood Recovery Initiative,Livelihoods,Borno,Bama,Bama Site 5,0.7367,5,6,9,0,0,-0.1567372379912259,True
ES-002815,2026-07-01,Livelihood Recovery Initiative,Livelihoods,Borno,Dikwa,Dikwa Site 4,0.8013,7,0,7,0,0,-0.13728730385082383,True
ES-002431,2026-07-01,Livelihood Recovery Initiative,Livelihoods,Borno,Bama,Bama Site 4,0.7637,6,2,7,0,0,-0.21304777042356493,True
ES-004063,2026-07-01,Education Access Project,Education,Borno,Ngala,Ngala Site 1,0.6489,6,5,2,0,0,-0.17095084123268,True
ES-001279,2026-07-01,Community Resilience Programme,Protection/Resilience,Borno,Dikwa,Dikwa Site 4,0.7649,6,1,6,0,0,-0.2050375644146486,True
ES-003103,2026-07-01,Education Access Project,Education,Borno,Maiduguri,Maiduguri Site 1,0.699,9,6,0,0,0,-0.07187393454500035,True
ES-003263,2026-07-01,Education Access Project,Education,Borno,Maiduguri,Maiduguri Site 6,0.6352,11,2,1,0,0,-0.07937993677340494,True
ES-006559,2026-07-01,WASH Resilience Initiative,WASH,Borno,Konduga,Konduga Site 1,0.7013,4,3,6,0,0,-0.22468603381481211,True
ES-003135,2026-07-01,Education Access Project,Education,Borno,Maiduguri,Maiduguri Site 2,0.9561,1,1,4,0,0,-0.05815250794817728,True
ES-003231,2026-07-01,Education Access Project,Education,Borno,Maiduguri,Maiduguri Site 5,0.7047,5,2,5,0,0,-0.22358811009832052,True
ES-001247,2026-07-01,Community Resilience Programme,Protection/Resilience,Borno,Dikwa,Dikwa Site 3,0.75,2,4,4,0,0,-0.19613401668886904,True
ES-003199,2026-07-01,Education Access Project,Education,Borno,Maiduguri,Maiduguri Site 4,0.574,4,3,4,0,0,-0.17596279473234105,True
ES-003807,2026-07-01,Education Access Project,Education,Borno,Mafa,Mafa Site 5,0.6687,6,3,4,0,0,-0.21861679293778652,True
ES-007551,2026-07-01,WASH Resilience Initiative,WASH,Borno,Gwoza,Gwoza Site 2,0.7742,3,4,3,0,0,-0.20183184557072065,True
ES-006623,2026-07-01,WASH Resilience Initiative,WASH,Borno,Konduga,Konduga Site 3,0.7116,6,2,5,0,0,-0.22030082022337372,True
ES-003679,2026-07-01,Education Access Project,Education,Borno,Mafa,Mafa Site 1,0.7381,0,5,4,0,0,-0.12278454509745096,True
ES-006527,2026-07-01,WASH Resilience Initiative,WASH,Borno,Jere,Jere Site 6,0.7142,2,5,0,0,0,-0.10807289933334563,True
ES-002847,2026-07-01,Livelihood Recovery Initiative,Livelihoods,Borno,Dikwa,Dikwa Site 5,0.7438,6,6,3,0,0,-0.17352487355636226,True
ES-003007,2026-07-01,Livelihood Recovery Initiative,Livelihoods,Borno,Gwoza,Gwoza Site 4,0.6719,10,4,4,0,0,-0.1607414681080772,True
ES-003551,2026-07-01,Education Access Project,Education,Borno,Konduga,Konduga Site 3,0.6788,2,5,8,0,0,-0.16324261099629522,True
ES-007615,2026-07-01,WASH Resilience Initiative,WASH,Borno,Gwoza,Gwoza Site 4,0.6925,7,3,7,0,0,-0.20918005501497794,True
ES-002879,2026-07-01,Livelihood Recovery Initiative,Livelihoods,Borno,Dikwa,Dikwa Site 6,0.546,4,4,4,0,0,-0.15133432582977152,True
ES-003519,2026-07-01,Education Access Project,Education,Borno,Konduga,Konduga Site 2,0.7255,11,2,5,0,0,-0.14465497058052934,True
ES-002911,2026-07-01,Livelihood Recovery Initiative,Livelihoods,Borno,Gwoza,Gwoza Site 1,0.7489,6,5,4,0,0,-0.2007696174197996,True
ES-007583,2026-07-01,WASH Resilience Initiative,WASH,Borno,Gwoza,Gwoza Site 3,0.6979,7,4,6,0,0,-0.20885674280934557,True
ES-002943,2026-07-01,Livelihood Recovery Initiative,Livelihoods,Borno,Gwoza,Gwoza Site 2,0.7958,5,1,8,0,0,-0.1816649473714802,True
ES-002975,2026-07-01,Livelihood Recovery Initiative,Livelihoods,Borno,Gwoza,Gwoza Site 3,0.7312,4,3,7,0,0,-0.22022976157104107,True
ES-003487,2026-07-01,Education Access Project,Education,Borno,Konduga,Konduga Site 1,0.9968,9,2,4,0,0,-0.05314330598969752,True
ES-001471,2026-07-01,Community Resilience Programme,Protection/Resilience,Borno,Gwoza,Gwoza Site 4,0.8095,4,4,6,0,0,-0.2080474963408112,True
ES-001439,2026-07-01,Community Resilience Programme,Protection/Resilience,Borno,Gwoza,Gwoza Site 3,0.7127,3,5,3,0,0,-0.19216502422601828,True
ES-006848,2026-08-01,WASH Resilience Initiative,WASH,Borno,Mafa,Mafa Site 4,0.835,4,3,5,0,0,-0.20443138704532315,True
ES-006752,2026-08-01,WASH Resilience Initiative,WASH,Borno,Mafa,Mafa Site 1,0.6798,11,2,1,0,0,-0.09517505458867592,True
ES-006784,2026-08-01,WASH Resilience Initiative,WASH,Borno,Mafa,Mafa Site 2,0.7147,5,1,5,0,0,-0.20829546832212192,True
ES-006816,2026-08-01,WASH Resilience Initiative,WASH,Borno,Mafa,Mafa Site 3,0.6717,4,3,7,0,0,-0.21578975912957182,True
ES-006880,2026-08-01,WASH Resilience Initiative,WASH,Borno,Mafa,Mafa Site 5,0.7306,1,2,8,0,0,-0.1591287518136139,True
ES-005248,2026-08-01,Nutrition Support Programme,Nutrition,Borno,Mafa,Mafa Site 2,0.7009,6,2,6,0,0,-0.22008819335491087,True
ES-006176,2026-08-01,WASH Resilience Initiative,WASH,Borno,Maiduguri,Maiduguri Site 1,0.7125,5,2,9,0,0,-0.19526745503627652,True
ES-006208,2026-08-01,WASH Resilience Initiative,WASH,Borno,Maiduguri,Maiduguri Site 2,0.6243,8,4,7,0,0,-0.17359998491060208,True
ES-007520,2026-08-01,WASH Resilience Initiative,WASH,Borno,Gwoza,Gwoza Site 1,0.7197,3,2,3,0,0,-0.20788574916318003,True
ES-007456,2026-08-01,WASH Resilience Initiative,WASH,Borno,Dikwa,Dikwa Site 5,0.5768,8,6,8,0,0,-0.0934346222148964,True
ES-006720,2026-08-01,WASH Resilience Initiative,WASH,Borno,Konduga,Konduga Site 6,0.6898,3,4,6,0,0,-0.21237430481129072,True
ES-006912,2026-08-01,WASH Resilience Initiative,WASH,Borno,Mafa,Mafa Site 6,0.6421,4,1,13,0,0,-0.0900729168516331,True
ES-006688,2026-08-01,WASH Resilience Initiative,WASH,Borno,Konduga,Konduga Site 5,0.7118,6,2,10,0,0,-0.17894725828005437,True
ES-006464,2026-08-01,WASH Resilience Initiative,WASH,Borno,Jere,Jere Site 4,0.6917,6,7,6,0,0,-0.1559008322676701,True
ES-006624,2026-08-01,WASH Resilience Initiative,WASH,Borno,Konduga,Konduga Site 3,0.5572,6,7,9,0,0,-0.07081746566871094,True
ES-006592,2026-08-01,WASH Resilience Initiative,WASH,Borno,Konduga,Konduga Site 2,0.5914,6,5,4,0,0,-0.16905923675868811,True
ES-006560,2026-08-01,WASH Resilience Initiative,WASH,Borno,Konduga,Konduga Site 1,0.777,3,2,4,0,0,-0.21229890561749293,True
ES-006528,2026-08-01,WASH Resilience Initiative,WASH,Borno,Jere,Jere Site 6,0.7516,5,1,2,0,0,-0.1849831627515241,True
ES-006496,2026-08-01,WASH Resilience Initiative,WASH,Borno,Jere,Jere Site 5,0.6804,4,5,2,0,0,-0.18469188982273754,True
ES-006432,2026-08-01,WASH Resilience Initiative,WASH,Borno,Jere,Jere Site 3,0.7437,6,1,11,0,0,-0.14100266117615085,True
ES-006400,2026-08-01,WASH Resilience Initiative,WASH,Borno,Jere,Jere Site 2,0.6763,3,5,8,0,0,-0.18163280623400296,True
ES-006368,2026-08-01,WASH Resilience Initiative,WASH,Borno,Jere,Jere Site 1,0.7742,4,4,5,0,0,-0.21672100465768007,True
ES-007680,2026-08-01,WASH Resilience Initiative,WASH,Borno,Gwoza,Gwoza Site 6,0.6408,6,4,3,0,0,-0.1976609740749266,True
ES-007648,2026-08-01,WASH Resilience Initiative,WASH,Borno,Gwoza,Gwoza Site 5,0.6624,7,2,5,0,0,-0.20485286835703526,True
ES-007616,2026-08-01,WASH Resilience Initiative,WASH,Borno,Gwoza,Gwoza Site 4,0.6327,3,3,9,0,0,-0.17099324810937921,True
ES-007584,2026-08-01,WASH Resilience Initiative,WASH,Borno,Gwoza,Gwoza Site 3,0.6868,4,4,5,0,0,-0.21870760940455386,True
ES-006656,2026-08-01,WASH Resilience Initiative,WASH,Borno,Konduga,Konduga Site 4,0.7247,0,1,3,0,0,-0.1151883641420049,True
ES-007424,2026-08-01,WASH Resilience Initiative,WASH,Borno,Dikwa,Dikwa Site 4,0.8072,2,3,4,0,0,-0.19689123526799446,True
ES-000512,2026-08-01,Community Resilience Programme,Protection/Resilience,Borno,Konduga,Konduga Site 4,0.798,5,1,3,0,0,-0.19269786917923348,True
ES-005312,2026-08-01,Nutrition Support Programme,Nutrition,Borno,Mafa,Mafa Site 4,0.8466,3,3,8,0,0,-0.17343745563114082,True
ES-003072,2026-08-01,Livelihood Recovery Initiative,Livelihoods,Borno,Gwoza,Gwoza Site 6,0.6894,7,4,3,0,0,-0.20220640176861893,True
ES-001760,2026-08-01,Livelihood Recovery Initiative,Livelihoods,Borno,Jere,Jere Site 1,0.6909,4,5,5,0,0,-0.20938568771043403,True
ES-001792,2026-08-01,Livelihood Recovery Initiative,Livelihoods,Borno,Jere,Jere Site 2,0.6799,4,4,5,0,0,-0.21798643802185796,True
ES-007392,2026-08-01,WASH Resilience Initiative,WASH,Borno,Dikwa,Dikwa Site 3,0.7303,4,2,5,0,0,-0.22222394453995242,True
ES-007360,2026-08-01,WASH Resilience Initiative,WASH,Borno,Dikwa,Dikwa Site 2,0.6537,4,3,4,0,0,-0.21429238381174764,True
ES-007328,2026-08-01,WASH Resilience Initiative,WASH,Borno,Dikwa,Dikwa Site 1,0.6958,7,1,4,0,0,-0.19297335422312867,True
ES-007104,2026-08-01,WASH Resilience Initiative,WASH,Borno,Bama,Bama Site 6,0.7201,8,2,5,0,0,-0.20095775604411537,True
ES-007072,2026-08-01,WASH Resilience Initiative,WASH,Borno,Bama,Bama Site 5,0.8378,2,1,4,0,0,-0.17090356119383449,True
ES-007040,2026-08-01,WASH Resilience Initiative,WASH,Borno,Bama,Bama Site 4,0.6809,8,3,4,0,0,-0.20139506859863693,True
ES-007008,2026-08-01,WASH Resilience Initiative,WASH,Borno,Bama,Bama Site 3,0.7596,3,2,4,0,0,-0.21597356222065012,True
ES-006976,2026-08-01,WASH Resilience Initiative,WASH,Borno,Bama,Bama Site 2,0.6669,6,4,3,0,0,-0.20601769614713916,True
ES-006944,2026-08-01,WASH Resilience Initiative,WASH,Borno,Bama,Bama Site 1,0.5746,3,3,7,0,0,-0.16170408307569234,True
ES-005280,2026-08-01,Nutrition Support Programme,Nutrition,Borno,Mafa,Mafa Site 3,0.7409,5,3,1,0,0,-0.18093804223218912,True
ES-005760,2026-08-01,Nutrition Support Programme,Nutrition,Borno,Ngala,Ngala Site 6,0.8116,2,2,6,0,0,-0.19381061751552559,True
ES-005696,2026-08-01,Nutrition Support Programme,Nutrition,Borno,Ngala,Ngala Site 4,0.7484,4,3,8,0,0,-0.21168153980441545,True
ES-005664,2026-08-01,Nutrition Support Programme,Nutrition,Borno,Ngala,Ngala Site 3,0.7047,4,1,8,0,0,-0.1866273645750749,True
ES-005632,2026-08-01,Nutrition Support Programme,Nutrition,Borno,Ngala,Ngala Site 2,0.6645,7,7,4,0,0,-0.13786832162670637,True
ES-005600,2026-08-01,Nutrition Support Programme,Nutrition,Borno,Ngala,Ngala Site 1,0.7274,2,3,10,0,0,-0.1611075967767306,True
ES-004800,2026-08-01,Nutrition Support Programme,Nutrition,Borno,Maiduguri,Maiduguri Site 6,0.751,7,1,6,0,0,-0.1948728613533247,True
ES-004768,2026-08-01,Nutrition Support Programme,Nutrition,Borno,Maiduguri,Maiduguri Site 5,0.702,6,3,3,0,0,-0.21666591613868752,True
ES-004736,2026-08-01,Nutrition Support Programme,Nutrition,Borno,Maiduguri,Maiduguri Site 4,0.7876,4,2,4,0,0,-0.21654373742492083,True
ES-004704,2026-08-01,Nutrition Support Programme,Nutrition,Borno,Maiduguri,Maiduguri Site 3,0.797,7,0,4,0,0,-0.14524234372512906,True
ES-004672,2026-08-01,Nutrition Support Programme,Nutrition,Borno,Maiduguri,Maiduguri Site 2,0.7264,3,3,5,0,0,-0.2202776519399765,True
ES-004640,2026-08-01,Nutrition Support Programme,Nutrition,Borno,Maiduguri,Maiduguri Site 1,0.7734,5,3,3,0,0,-0.21717941130675456,True
ES-005376,2026-08-01,Nutrition Support Programme,Nutrition,Borno,Mafa,Mafa Site 6,0.8709,6,2,6,0,0,-0.17512214062077397,True
ES-005344,2026-08-01,Nutrition Support Programme,Nutrition,Borno,Mafa,Mafa Site 5,0.6362,4,2,5,0,0,-0.20116549392413613,True
ES-005728,2026-08-01,Nutrition Support Programme,Nutrition,Borno,Ngala,Ngala Site 5,0.8255,3,5,6,0,0,-0.18281688859915918,True
ES-007552,2026-08-01,WASH Resilience Initiative,WASH,Borno,Gwoza,Gwoza Site 2,0.7809,1,2,4,0,0,-0.172501239496561,True
ES-005472,2026-08-01,Nutrition Support Programme,Nutrition,Borno,Bama,Bama Site 3,0.6047,4,1,7,0,0,-0.16019536017369984,True
ES-005216,2026-08-01,Nutrition Support Programme,Nutrition,Borno,Mafa,Mafa Site 1,0.6329,3,5,8,0,0,-0.16469660589412682,True
ES-005120,2026-08-01,Nutrition Support Programme,Nutrition,Borno,Konduga,Konduga Site 4,0.5543,7,3,2,0,0,-0.13297381734238384,True
ES-005088,2026-08-01,Nutrition Support Programme,Nutrition,Borno,Konduga,Konduga Site 3,0.6785,4,3,4,0,0,-0.2209189463278805,True
ES-005056,2026-08-01,Nutrition Support Programme,Nutrition,Borno,Konduga,Konduga Site 2,0.6234,11,3,9,0,0,-0.09980002424316697,True
ES-005024,2026-08-01,Nutrition Support Programme,Nutrition,Borno,Konduga,Konduga Site 1,0.735,7,4,3,0,0,-0.2014892447802753,True
ES-004992,2026-08-01,Nutrition Support Programme,Nutrition,Borno,Jere,Jere Site 6,0.7117,6,4,8,0,0,-0.20488314519557888,True
ES-004960,2026-08-01,Nutrition Support Programme,Nutrition,Borno,Jere,Jere Site 5,0.7164,3,4,3,0,0,-0.20647029721809135,True
ES-004928,2026-08-01,Nutrition Support Programme,Nutrition,Borno,Jere,Jere Site 4,0.7412,2,0,7,0,0,-0.1317003539383902,True
ES-004896,2026-08-01,Nutrition Support Programme,Nutrition,Borno,Jere,Jere Site 3,0.7543,12,4,8,0,0,-0.10310832683662474,True
ES-004864,2026-08-01,Nutrition Support Programme,Nutrition,Borno,Jere,Jere Site 2,0.8182,5,5,6,0,0,-0.18859001228131034,True
ES-004832,2026-08-01,Nutrition Support Programme,Nutrition,Borno,Jere,Jere Site 1,0.7464,6,2,0,0,0,-0.1460886674943821,True
ES-006144,2026-08-01,Nutrition Support Programme,Nutrition,Borno,Gwoza,Gwoza Site 6,0.6657,4,3,6,0,0,-0.22185270793186007,True
ES-006112,2026-08-01,Nutrition Support Programme,Nutrition,Borno,Gwoza,Gwoza Site 5,0.7965,4,2,10,0,0,-0.1691124649851875,True
ES-005440,2026-08-01,Nutrition Support Programme,Nutrition,Borno,Bama,Bama Site 2,0.7552,27,0,5,1,1,0.013092293608662597,True
ES-006272,2026-08-01,WASH Resilience Initiative,WASH,Borno,Maiduguri,Maiduguri Site 4,0.7545,3,1,10,0,0,-0.1519004911147565,True
ES-006016,2026-08-01,Nutrition Support Programme,Nutrition,Borno,Gwoza,Gwoza Site 2,0.6818,7,1,4,0,0,-0.1901510166843619,True
ES-005984,2026-08-01,Nutrition Support Programme,Nutrition,Borno,Gwoza,Gwoza Site 1,0.6459,7,7,7,0,0,-0.12720117332454078,True
ES-005952,2026-08-01,Nutrition Support Programme,Nutrition,Borno,Dikwa,Dikwa Site 6,0.7099,3,5,6,0,0,-0.1998306262924558,True
ES-005920,2026-08-01,Nutrition Support Programme,Nutrition,Borno,Dikwa,Dikwa Site 5,0.8472,1,1,8,0,0,-0.109956564608236,True
ES-005888,2026-08-01,Nutrition Support Programme,Nutrition,Borno,Dikwa,Dikwa Site 4,0.7239,6,1,3,0,0,-0.1965097571944039,True
ES-005856,2026-08-01,Nutrition Support Programme,Nutrition,Borno,Dikwa,Dikwa Site 3,0.7442,4,1,7,0,0,-0.19889124859246782,True
ES-005824,2026-08-01,Nutrition Support Programme,Nutrition,Borno,Dikwa,Dikwa Site 2,0.7683,10,2,6,0,0,-0.1686475398109677,True
ES-005792,2026-08-01,Nutrition Support Programme,Nutrition,Borno,Dikwa,Dikwa Site 1,0.6356,4,5,7,0,0,-0.18598317502805095,True
ES-005568,2026-08-01,Nutrition Support Programme,Nutrition,Borno,Bama,Bama Site 6,0.7524,9,4,2,0,0,-0.15273683981066027,True
ES-005536,2026-08-01,Nutrition Support Programme,Nutrition,Borno,Bama,Bama Site 5,0.7417,3,4,6,0,0,-0.21056804082040936,True
ES-005504,2026-08-01,Nutrition Support Programme,Nutrition,Borno,Bama,Bama Site 4,0.7996,6,3,11,0,0,-0.15016777682400811,True
ES-000576,2026-08-01,Community Resilience Programme,Protection/Resilience,Borno,Konduga,Konduga Site 6,0.8301,7,2,4,0,0,-0.18760072432722824,True
ES-006080,2026-08-01,Nutrition Support Programme,Nutrition,Borno,Gwoza,Gwoza Site 4,0.7408,3,3,2,0,0,-0.19889757020387122,True
ES-005408,2026-08-01,Nutrition Support Programme,Nutrition,Borno,Bama,Bama Site 1,0.5443,11,5,3,0,0,-0.054231844582032895,True
ES-002688,2026-08-01,Livelihood Recovery Initiative,Livelihoods,Borno,Ngala,Ngala Site 6,0.7656,2,3,1,0,0,-0.15834498477237036,True
ES-002656,2026-08-01,Livelihood Recovery Initiative,Livelihoods,Borno,Ngala,Ngala Site 5,0.7644,0,4,6,0,0,-0.13245433468057927,True
ES-005184,2026-08-01,Nutrition Support Programme,Nutrition,Borno,Konduga,Konduga Site 6,0.719,6,2,5,0,0,-0.2204893917665578,True
ES-005152,2026-08-01,Nutrition Support Programme,Nutrition,Borno,Konduga,Konduga Site 5,0.6554,5,2,8,0,0,-0.19455066561819584,True
ES-002624,2026-08-01,Livelihood Recovery Initiative,Livelihoods,Borno,Ngala,Ngala Site 4,0.6358,4,4,8,0,0,-0.1878112100016971,True
ES-002592,2026-08-01,Livelihood Recovery Initiative,Livelihoods,Borno,Ngala,Ngala Site 3,0.6701,4,4,6,0,0,-0.21512968502462448,True
ES-002560,2026-08-01,Livelihood Recovery Initiative,Livelihoods,Borno,Ngala,Ngala Site 2,0.8517,5,2,4,0,0,-0.19648621604645644,True
ES-002528,2026-08-01,Livelihood Recovery Initiative,Livelihoods,Borno,Ngala,Ngala Site 1,0.6656,4,6,6,0,0,-0.18578839400195796,True
ES-001728,2026-08-01,Livelihood Recovery Initiative,Livelihoods,Borno,Maiduguri,Maiduguri Site 6,0.7497,5,3,8,0,0,-0.21024009245333086,True
ES-001696,2026-08-01,Livelihood Recovery Initiative,Livelihoods,Borno,Maiduguri,Maiduguri Site 5,0.8671,3,1,4,0,0,-0.16302799270159313,True
ES-001664,2026-08-01,Livelihood Recovery Initiative,Livelihoods,Borno,Maiduguri,Maiduguri Site 4,0.9398,3,5,3,0,0,-0.08512118396958601,True
ES-001632,2026-08-01,Livelihood Recovery Initiative,Livelihoods,Borno,Maiduguri,Maiduguri Site 3,0.7957,2,2,1,0,0,-0.15478359007076975,True
ES-001600,2026-08-01,Livelihood Recovery Initiative,Livelihoods,Borno,Maiduguri,Maiduguri Site 2,0.7025,5,2,8,0,0,-0.20366212559282992,True
ES-001568,2026-08-01,Livelihood Recovery Initiative,Livelihoods,Borno,Maiduguri,Maiduguri Site 1,0.6778,8,2,3,0,0,-0.18406208835758686,True
ES-002304,2026-08-01,Livelihood Recovery Initiative,Livelihoods,Borno,Mafa,Mafa Site 6,0.7569,4,3,6,0,0,-0.2245472250211124,True
ES-002272,2026-08-01,Livelihood Recovery Initiative,Livelihoods,Borno,Mafa,Mafa Site 5,0.5824,7,3,9,0,0,-0.14808070949453217,True
ES-002240,2026-08-01,Livelihood Recovery Initiative,Livelihoods,Borno,Mafa,Mafa Site 4,0.5942,11,9,4,0,0,-0.00722093193951312,True
ES-002208,2026-08-01,Livelihood Recovery Initiative,Livelihoods,Borno,Mafa,Mafa Site 3,0.8015,4,1,2,0,0,-0.17483998662918654,True
ES-002176,2026-08-01,Livelihood Recovery Initiative,Livelihoods,Borno,Mafa,Mafa Site 2,0.619,8,4,6,0,0,-0.17703343493757828,True
ES-002144,2026-08-01,Livelihood Recovery Initiative,Livelihoods,Borno,Mafa,Mafa Site 1,0.809,0,2,9,0,0,-0.1008203078511738,True
ES-002112,2026-08-01,Livelihood Recovery Initiative,Livelihoods,Borno,Konduga,Konduga Site 6,0.7986,4,2,9,0,0,-0.18346416485170225,True
ES-002080,2026-08-01,Livelihood Recovery Initiative,Livelihoods,Borno,Konduga,Konduga Site 5,0.6895,2,3,2,0,0,-0.18051595372702883,True
ES-002048,2026-08-01,Livelihood Recovery Initiative,Livelihoods,Borno,Konduga,Konduga Site 4,0.6891,2,3,2,0,0,-0.18051595372702883,True
ES-002016,2026-08-01,Livelihood Recovery Initiative,Livelihoods,Borno,Konduga,Konduga Site 3,0.759,3,2,2,0,0,-0.19671595370690914,True
ES-001984,2026-08-01,Livelihood Recovery Initiative,Livelihoods,Borno,Konduga,Konduga Site 2,0.7305,5,4,2,0,0,-0.19979140590270988,True
ES-001952,2026-08-01,Livelihood Recovery Initiative,Livelihoods,Borno,Konduga,Konduga Site 1,0.7284,4,2,6,0,0,-0.2222912334011466,True
ES-001888,2026-08-01,Livelihood Recovery Initiative,Livelihoods,Borno,Jere,Jere Site 5,0.8483,3,2,4,0,0,-0.19330697832376686,True
ES-001856,2026-08-01,Livelihood Recovery Initiative,Livelihoods,Borno,Jere,Jere Site 4,0.8321,4,1,5,0,0,-0.19022543294852445,True
ES-001824,2026-08-01,Livelihood Recovery Initiative,Livelihoods,Borno,Jere,Jere Site 3,0.7722,11,5,3,0,0,-0.10150823472123116,True
ES-007488,2026-08-01,WASH Resilience Initiative,WASH,Borno,Dikwa,Dikwa Site 6,0.7139,4,2,8,0,0,-0.20571512701243005,True
ES-000608,2026-08-01,Community Resilience Programme,Protection/Resilience,Borno,Mafa,Mafa Site 1,0.7803,4,1,11,0,0,-0.13512309210737716,True
ES-004064,2026-08-01,Education Access Project,Education,Borno,Ngala,Ngala Site 1,0.6575,4,3,0,0,0,-0.14044003465650368,True
ES-000672,2026-08-01,Community Resilience Programme,Protection/Resilience,Borno,Mafa,Mafa Site 3,0.7716,7,2,1,0,0,-0.16610019654170505,True
ES-004512,2026-08-01,Education Access Project,Education,Borno,Gwoza,Gwoza Site 3,0.532,5,4,8,0,0,-0.12654085403496418,True
ES-004480,2026-08-01,Education Access Project,Education,Borno,Gwoza,Gwoza Site 2,0.661,11,3,6,0,0,-0.13784640308440155,True
ES-004448,2026-08-01,Education Access Project,Education,Borno,Gwoza,Gwoza Site 1,0.5685,7,5,5,0,0,-0.14860465386627048,True
ES-004416,2026-08-01,Education Access Project,Education,Borno,Dikwa,Dikwa Site 6,0.7698,3,4,6,0,0,-0.2098933240845075,True
ES-004384,2026-08-01,Education Access Project,Education,Borno,Dikwa,Dikwa Site 5,0.6668,3,2,8,0,0,-0.19353553198501777,True
ES-003840,2026-08-01,Education Access Project,Education,Borno,Mafa,Mafa Site 6,0.7709,5,3,3,0,0,-0.2180180752671001,True
ES-004352,2026-08-01,Education Access Project,Education,Borno,Dikwa,Dikwa Site 4,0.6357,7,1,11,0,0,-0.1100645808155607,True
ES-003104,2026-08-01,Education Access Project,Education,Borno,Maiduguri,Maiduguri Site 1,0.698,1,4,9,0,0,-0.13897352663858697,True
ES-003168,2026-08-01,Education Access Project,Education,Borno,Maiduguri,Maiduguri Site 3,0.7657,7,6,3,0,0,-0.15798830483252735,True
ES-003008,2026-08-01,Livelihood Recovery Initiative,Livelihoods,Borno,Gwoza,Gwoza Site 4,0.6463,6,5,8,0,0,-0.1823432632183547,True
ES-002976,2026-08-01,Livelihood Recovery Initiative,Livelihoods,Borno,Gwoza,Gwoza Site 3,0.7229,5,6,7,0,0,-0.1816467688101347,True
ES-002944,2026-08-01,Livelihood Recovery Initiative,Livelihoods,Borno,Gwoza,Gwoza Site 2,0.6811,3,3,7,0,0,-0.21084285173329453,True
ES-004544,2026-08-01,Education Access Project,Education,Borno,Gwoza,Gwoza Site 4,0.6394,6,1,5,0,0,-0.18758611854801466,True
ES-002912,2026-08-01,Livelihood Recovery Initiative,Livelihoods,Borno,Gwoza,Gwoza Site 1,0.6824,5,2,2,0,0,-0.19585815939231138,True
ES-002848,2026-08-01,Livelihood Recovery Initiative,Livelihoods,Borno,Dikwa,Dikwa Site 5,0.6427,4,2,7,0,0,-0.19715213302744272,True
ES-002816,2026-08-01,Livelihood Recovery Initiative,Livelihoods,Borno,Dikwa,Dikwa Site 4,0.6971,5,2,12,0,0,-0.13934358663908514,True
ES-002784,2026-08-01,Livelihood Recovery Initiative,Livelihoods,Borno,Dikwa,Dikwa Site 3,0.6532,4,2,0,0,0,-0.1323651912515058,True
ES-002752,2026-08-01,Livelihood Recovery Initiative,Livelihoods,Borno,Dikwa,Dikwa Site 2,0.6429,3,0,6,0,0,-0.14756673312631685,True
ES-002720,2026-08-01,Livelihood Recovery Initiative,Livelihoods,Borno,Dikwa,Dikwa Site 1,0.7521,3,2,7,0,0,-0.20918542853252103,True
ES-002496,2026-08-01,Livelihood Recovery Initiative,Livelihoods,Borno,Bama,Bama Site 6,0.6425,8,6,5,0,0,-0.15051794947475217,True
ES-002464,2026-08-01,Livelihood Recovery Initiative,Livelihoods,Borno,Bama,Bama Site 5,0.6955,5,3,5,0,0,-0.2267295850346463,True
ES-002432,2026-08-01,Livelihood Recovery Initiative,Livelihoods,Borno,Bama,Bama Site 4,0.6914,6,2,4,0,0,-0.21726738625611203,True
ES-002400,2026-08-01,Livelihood Recovery Initiative,Livelihoods,Borno,Bama,Bama Site 3,0.8311,5,0,1,0,0,-0.10156661640531339,True
ES-002368,2026-08-01,Livelihood Recovery Initiative,Livelihoods,Borno,Bama,Bama Site 2,0.832,5,1,5,0,0,-0.19141006802289412,True
ES-002336,2026-08-01,Livelihood Recovery Initiative,Livelihoods,Borno,Bama,Bama Site 1,0.5308,8,6,3,0,0,-0.07698856485112715,True
ES-004224,2026-08-01,Education Access Project,Education,Borno,Ngala,Ngala Site 6,0.5072,7,6,12,0,0,-0.013768228942340976,True
ES-002880,2026-08-01,Livelihood Recovery Initiative,Livelihoods,Borno,Dikwa,Dikwa Site 6,0.5137,4,5,35,1,1,0.06648743359447828,True
ES-004192,2026-08-01,Education Access Project,Education,Borno,Ngala,Ngala Site 5,0.6661,5,2,6,0,0,-0.21750103642399599,True
ES-004576,2026-08-01,Education Access Project,Education,Borno,Gwoza,Gwoza Site 5,0.6753,3,5,6,0,0,-0.19663305956525307,True
ES-003296,2026-08-01,Education Access Project,Education,Borno,Jere,Jere Site 1,0.674,5,2,7,0,0,-0.21248500446443558,True
ES-006048,2026-08-01,Nutrition Support Programme,Nutrition,Borno,Gwoza,Gwoza Site 3,0.7302,3,1,4,0,0,-0.19716732451344438,True
ES-007200,2026-08-01,WASH Resilience Initiative,WASH,Borno,Ngala,Ngala Site 3,0.5747,4,1,5,0,0,-0.15365558356956244,True
ES-007264,2026-08-01,WASH Resilience Initiative,WASH,Borno,Ngala,Ngala Site 5,0.6436,6,1,4,0,0,-0.18858800353134486,True
ES-006336,2026-08-01,WASH Resilience Initiative,WASH,Borno,Maiduguri,Maiduguri Site 6,0.7715,4,5,6,0,0,-0.20409377177887889,True
ES-007168,2026-08-01,WASH Resilience Initiative,WASH,Borno,Ngala,Ngala Site 2,0.6996,4,3,9,0,0,-0.20001866326066392,True
ES-007232,2026-08-01,WASH Resilience Initiative,WASH,Borno,Ngala,Ngala Site 4,0.7511,4,2,0,0,0,-0.14692365283097636,True
ES-007136,2026-08-01,WASH Resilience Initiative,WASH,Borno,Ngala,Ngala Site 1,0.693,5,4,3,0,0,-0.21409621760245184,True
ES-006304,2026-08-01,WASH Resilience Initiative,WASH,Borno,Maiduguri,Maiduguri Site 5,0.6607,5,6,4,0,0,-0.18416664545363393,True
ES-001920,2026-08-01,Livelihood Recovery Initiative,Livelihoods,Borno,Jere,Jere Site 6,0.7449,9,2,4,0,0,-0.18056936064296353,True
ES-006240,2026-08-01,WASH Resilience Initiative,WASH,Borno,Maiduguri,Maiduguri Site 3,0.6784,6,4,5,0,0,-0.2171333710832561,True
ES-003808,2026-08-01,Education Access Project,Education,Borno,Mafa,Mafa Site 5,0.6829,4,2,7,0,0,-0.21301864016516192,True
ES-003776,2026-08-01,Education Access Project,Education,Borno,Mafa,Mafa Site 4,0.6876,4,4,5,0,0,-0.21913082987576032,True
ES-004608,2026-08-01,Education Access Project,Education,Borno,Gwoza,Gwoza Site 6,0.7353,6,1,4,0,0,-0.20348703645558464,True
ES-003744,2026-08-01,Education Access Project,Education,Borno,Mafa,Mafa Site 3,0.6493,4,3,5,0,0,-0.21278879147690294,True
ES-003680,2026-08-01,Education Access Project,Education,Borno,Mafa,Mafa Site 1,0.7086,5,1,5,0,0,-0.20823436103129933,True
ES-003648,2026-08-01,Education Access Project,Education,Borno,Konduga,Konduga Site 6,0.7147,9,3,7,0,0,-0.18439344586487322,True
ES-003616,2026-08-01,Education Access Project,Education,Borno,Konduga,Konduga Site 5,0.5945,9,1,12,0,0,-0.04931052841007966,True
ES-003584,2026-08-01,Education Access Project,Education,Borno,Konduga,Konduga Site 4,0.6663,6,2,7,0,0,-0.20802052391839748,True
ES-003552,2026-08-01,Education Access Project,Education,Borno,Konduga,Konduga Site 3,0.6188,4,5,7,0,0,-0.17889855777007163,True
ES-003520,2026-08-01,Education Access Project,Education,Borno,Konduga,Konduga Site 2,0.5979,3,5,6,0,0,-0.16191888169042967,True
ES-003488,2026-08-01,Education Access Project,Education,Borno,Konduga,Konduga Site 1,0.986,6,2,2,0,0,-0.07036910560996856,True
ES-003456,2026-08-01,Education Access Project,Education,Borno,Jere,Jere Site 6,0.6495,5,3,4,0,0,-0.21700208171611884,True
ES-003424,2026-08-01,Education Access Project,Education,Borno,Jere,Jere Site 5,0.7063,2,1,4,0,0,-0.18178522993044588,True
ES-003392,2026-08-01,Education Access Project,Education,Borno,Jere,Jere Site 4,0.7572,6,2,5,0,0,-0.22010143264471566,True
ES-003360,2026-08-01,Education Access Project,Education,Borno,Jere,Jere Site 3,0.7321,2,3,6,0,0,-0.2039800738548776,True
ES-003328,2026-08-01,Education Access Project,Education,Borno,Jere,Jere Site 2,0.7014,8,1,5,0,0,-0.1831466133495191,True
ES-003712,2026-08-01,Education Access Project,Education,Borno,Mafa,Mafa Site 2,0.6192,4,5,12,0,0,-0.10131318938218614,True
ES-004160,2026-08-01,Education Access Project,Education,Borno,Ngala,Ngala Site 4,0.6544,4,5,9,0,0,-0.17103816871116023,True
ES-004128,2026-08-01,Education Access Project,Education,Borno,Ngala,Ngala Site 3,0.6312,7,2,8,0,0,-0.17392744760289824,True
ES-004096,2026-08-01,Education Access Project,Education,Borno,Ngala,Ngala Site 2,0.5553,6,3,9,0,0,-0.1369195103132208,True
ES-000800,2026-08-01,Community Resilience Programme,Protection/Resilience,Borno,Bama,Bama Site 1,0.8063,2,2,6,0,0,-0.19415068661491824,True
ES-000448,2026-08-01,Community Resilience Programme,Protection/Resilience,Borno,Konduga,Konduga Site 2,0.6887,3,3,2,0,0,-0.1947119995916266,True
ES-004288,2026-08-01,Education Access Project,Education,Borno,Dikwa,Dikwa Site 2,0.6775,4,1,3,0,0,-0.1877953822244277,True
ES-000480,2026-08-01,Community Resilience Programme,Protection/Resilience,Borno,Konduga,Konduga Site 3,0.6887,5,3,3,0,0,-0.2173972802858261,True
ES-000544,2026-08-01,Community Resilience Programme,Protection/Resilience,Borno,Konduga,Konduga Site 5,0.8041,6,4,4,0,0,-0.20771469383957375,True
ES-004032,2026-08-01,Education Access Project,Education,Borno,Bama,Bama Site 6,0.7685,2,1,5,0,0,-0.18573643181721194,True
ES-004000,2026-08-01,Education Access Project,Education,Borno,Bama,Bama Site 5,0.6958,8,2,7,0,0,-0.19236206310806536,True
ES-003968,2026-08-01,Education Access Project,Education,Borno,Bama,Bama Site 4,0.831,1,2,0,0,0,-0.08807023551682625,True
ES-003936,2026-08-01,Education Access Project,Education,Borno,Bama,Bama Site 3,0.6436,8,2,6,0,0,-0.18721234070431292,True
ES-003904,2026-08-01,Education Access Project,Education,Borno,Bama,Bama Site 2,0.6096,8,2,3,0,0,-0.15934565249986132,True
ES-003872,2026-08-01,Education Access Project,Education,Borno,Bama,Bama Site 1,0.6687,2,1,5,0,0,-0.1775107765417384,True
ES-001152,2026-08-01,Community Resilience Programme,Protection/Resilience,Borno,Ngala,Ngala Site 6,0.5974,6,3,3,0,0,-0.18209637098143977,True
ES-000832,2026-08-01,Community Resilience Programme,Protection/Resilience,Borno,Bama,Bama Site 2,0.6692,7,3,6,0,0,-0.21177826762720448,True
ES-001120,2026-08-01,Community Resilience Programme,Protection/Resilience,Borno,Ngala,Ngala Site 5,0.7668,6,2,8,0,0,-0.20223712344519623,True
ES-001056,2026-08-01,Community Resilience Programme,Protection/Resilience,Borno,Ngala,Ngala Site 3,0.7644,10,3,7,0,0,-0.16103836345335776,True
ES-001024,2026-08-01,Community Resilience Programme,Protection/Resilience,Borno,Ngala,Ngala Site 2,0.7509,5,4,5,0,0,-0.2203062430396262,True
ES-000992,2026-08-01,Community Resilience Programme,Protection/Resilience,Borno,Ngala,Ngala Site 1,0.793,9,2,6,0,0,-0.1791464056696474,True
ES-000192,2026-08-01,Community Resilience Programme,Protection/Resilience,Borno,Maiduguri,Maiduguri Site 6,0.5877,2,3,6,0,0,-0.15946312348182706,True
ES-000160,2026-08-01,Community Resilience Programme,Protection/Resilience,Borno,Maiduguri,Maiduguri Site 5,0.6704,4,5,5,0,0,-0.206640288759882,True
ES-000128,2026-08-01,Community Resilience Programme,Protection/Resilience,Borno,Maiduguri,Maiduguri Site 4,0.7612,6,2,8,0,0,-0.20379023271625407,True
ES-000096,2026-08-01,Community Resilience Programme,Protection/Resilience,Borno,Maiduguri,Maiduguri Site 3,0.8105,4,4,4,0,0,-0.20775940819991628,True
ES-000064,2026-08-01,Community Resilience Programme,Protection/Resilience,Borno,Maiduguri,Maiduguri Site 2,0.7872,4,2,5,0,0,-0.21810113992971003,True
ES-000032,2026-08-01,Community Resilience Programme,Protection/Resilience,Borno,Maiduguri,Maiduguri Site 1,0.7261,4,3,3,0,0,-0.2200143398502516,True
ES-000768,2026-08-01,Community Resilience Programme,Protection/Resilience,Borno,Mafa,Mafa Site 6,0.7647,3,6,9,0,0,-0.14217191551705133,True
ES-000736,2026-08-01,Community Resilience Programme,Protection/Resilience,Borno,Mafa,Mafa Site 5,0.8259,3,4,7,0,0,-0.1877544598207539,True
ES-000704,2026-08-01,Community Resilience Programme,Protection/Resilience,Borno,Mafa,Mafa Site 4,0.7855,0,2,8,0,0,-0.12169634271165936,True
ES-001088,2026-08-01,Community Resilience Programme,Protection/Resilience,Borno,Ngala,Ngala Site 4,0.6251,9,2,12,0,0,-0.07895112939663596,True
ES-000864,2026-08-01,Community Resilience Programme,Protection/Resilience,Borno,Bama,Bama Site 3,0.7879,5,2,9,0,0,-0.18737182174993372,True
ES-000896,2026-08-01,Community Resilience Programme,Protection/Resilience,Borno,Bama,Bama Site 4,0.8509,12,3,5,0,0,-0.09402051643461223,True
ES-000928,2026-08-01,Community Resilience Programme,Protection/Resilience,Borno,Bama,Bama Site 5,0.8402,5,1,2,0,0,-0.16164635537322303,True
ES-003264,2026-08-01,Education Access Project,Education,Borno,Maiduguri,Maiduguri Site 6,0.6881,3,2,29,1,0,-0.01206655280937352,False
ES-003232,2026-08-01,Education Access Project,Education,Borno,Maiduguri,Maiduguri Site 5,0.7057,5,6,6,0,0,-0.18834855175876425,True
ES-003200,2026-08-01,Education Access Project,Education,Borno,Maiduguri,Maiduguri Site 4,0.6689,4,5,2,0,0,-0.1825711254544899,True
ES-003136,2026-08-01,Education Access Project,Education,Borno,Maiduguri,Maiduguri Site 2,0.8544,3,2,3,0,0,-0.1823342806729218,True
ES-003040,2026-08-01,Livelihood Recovery Initiative,Livelihoods,Borno,Gwoza,Gwoza Site 5,0.6797,10,2,3,0,0,-0.15360060876598253,True
ES-004320,2026-08-01,Education Access Project,Education,Borno,Dikwa,Dikwa Site 3,0.2886,5,6,7,1,0,-0.011943542418160757,False
ES-004256,2026-08-01,Education Access Project,Education,Borno,Dikwa,Dikwa Site 1,0.6486,4,4,4,0,0,-0.20649351265004479,True
ES-000416,2026-08-01,Community Resilience Programme,Protection/Resilience,Borno,Konduga,Konduga Site 1,0.6742,7,4,4,0,0,-0.2071913531342297,True
ES-000384,2026-08-01,Community Resilience Programme,Protection/Resilience,Borno,Jere,Jere Site 6,0.7283,8,7,5,0,0,-0.1265651781938235,True
ES-000352,2026-08-01,Community Resilience Programme,Protection/Resilience,Borno,Jere,Jere Site 5,0.8193,3,3,2,0,0,-0.18668350602328687,True
ES-000320,2026-08-01,Community Resilience Programme,Protection/Resilience,Borno,Jere,Jere Site 4,0.9144,5,4,5,0,0,-0.13086175122784072,True
ES-000288,2026-08-01,Community Resilience Programme,Protection/Resilience,Borno,Jere,Jere Site 3,0.8231,5,0,10,0,0,-0.1037671506074277,True
ES-000256,2026-08-01,Community Resilience Programme,Protection/Resilience,Borno,Jere,Jere Site 2,0.7886,3,5,7,0,0,-0.1861115641304193,True
ES-000224,2026-08-01,Community Resilience Programme,Protection/Resilience,Borno,Jere,Jere Site 1,0.8127,6,2,1,0,0,-0.16313405998186153,True
ES-001536,2026-08-01,Community Resilience Programme,Protection/Resilience,Borno,Gwoza,Gwoza Site 6,0.6691,4,3,3,0,0,-0.21179232705204326,True
ES-001504,2026-08-01,Community Resilience Programme,Protection/Resilience,Borno,Gwoza,Gwoza Site 5,0.7092,5,3,2,0,0,-0.20518929341943504,True
ES-001472,2026-08-01,Community Resilience Programme,Protection/Resilience,Borno,Gwoza,Gwoza Site 4,0.7494,3,2,2,0,0,-0.19608221116618912,True
ES-001440,2026-08-01,Community Resilience Programme,Protection/Resilience,Borno,Gwoza,Gwoza Site 3,0.6679,6,1,2,0,0,-0.1714014328102456,True
ES-001408,2026-08-01,Community Resilience Programme,Protection/Resilience,Borno,Gwoza,Gwoza Site 2,0.6823,9,5,5,0,0,-0.16890333078238673,True
ES-001376,2026-08-01,Community Resilience Programme,Protection/Resilience,Borno,Gwoza,Gwoza Site 1,0.6685,4,5,5,0,0,-0.2072918966937119,True
ES-001344,2026-08-01,Community Resilience Programme,Protection/Resilience,Borno,Dikwa,Dikwa Site 6,0.7209,4,2,4,0,0,-0.2201340034766624,True
ES-001312,2026-08-01,Community Resilience Programme,Protection/Resilience,Borno,Dikwa,Dikwa Site 5,0.6178,4,7,3,0,0,-0.12091242369000321,True
ES-001280,2026-08-01,Community Resilience Programme,Protection/Resilience,Borno,Dikwa,Dikwa Site 4,0.7848,4,4,4,0,0,-0.21330424545976395,True
ES-001248,2026-08-01,Community Resilience Programme,Protection/Resilience,Borno,Dikwa,Dikwa Site 3,0.7116,4,3,8,0,0,-0.21434624960803655,True
ES-001216,2026-08-01,Community Resilience Programme,Protection/Resilience,Borno,Dikwa,Dikwa Site 2,0.712,8,5,7,0,0,-0.1728468432414625,True
ES-001184,2026-08-01,Community Resilience Programme,Protection/Resilience,Borno,Dikwa,Dikwa Site 1,0.7029,2,5,5,0,0,-0.1840192376881249,True
ES-000960,2026-08-01,Community Resilience Programme,Protection/Resilience,Borno,Bama,Bama Site 6,0.7127,7,2,7,0,0,-0.20721357971001897,True
ES-000640,2026-08-01,Community Resilience Programme,Protection/Resilience,Borno,Mafa,Mafa Site 2,0.7334,4,3,7,0,0,-0.21971349841492915,True
ES-007296,2026-08-01,WASH Resilience Initiative,WASH,Borno,Ngala,Ngala Site 6,0.5974,5,1,3,0,0,-0.15555537942751796,True
