record_id,reporting_date,programme_name,sector,state,lga,community,predicted_risk,high_risk_model_score,primary_driver,secondary_driver,tertiary_driver,strongest_protective_signal,recommended_investigation,decision_use
ES-004826,2026-02-01,Nutrition Support Programme,Nutrition,Borno,Jere,Jere Site 1,Medium,0.0011763027527491,Elevated complaints,Supply delay,Low achievement,Timely reporting,"Review feedback and complaint records for recurring operational issues. | Review procurement, logistics and supply-chain bottlenecks. | Review progress against targets and identify implementation bottlenecks.",Recommended for human review; the model does not make operational decisions.
ES-002138,2026-02-01,Livelihood Recovery Initiative,Livelihoods,Borno,Mafa,Mafa Site 1,High,0.9815631974089948,Low achievement,Access constraints,Low staff availability,Lower complaints,"Review progress against targets and identify implementation bottlenecks. | Review access, movement and operational constraints affecting delivery. | Review staffing coverage, absences and field deployment capacity.",Recommended for human review; the model does not make operational decisions.
ES-005434,2026-02-01,Nutrition Support Programme,Nutrition,Borno,Bama,Bama Site 2,Low,1.1003237153624025e-21,Supply delay,Access constraints,Low staff availability,Strong achievement,"Review procurement, logistics and supply-chain bottlenecks. | Review access, movement and operational constraints affecting delivery. | Review staffing coverage, absences and field deployment capacity.",Recommended for human review; the model does not make operational decisions.
ES-000666,2026-02-01,Community Resilience Programme,Protection/Resilience,Borno,Mafa,Mafa Site 3,Low,3.6734460616390316e-17,Low staff availability,Elevated complaints,Access constraints,Strong achievement,"Review staffing coverage, absences and field deployment capacity. | Review feedback and complaint records for recurring operational issues. | Review access, movement and operational constraints affecting delivery.",Recommended for human review; the model does not make operational decisions.
ES-000058,2026-02-01,Community Resilience Programme,Protection/Resilience,Borno,Maiduguri,Maiduguri Site 2,Low,2.345189640724557e-15,Low staff availability,Low activity completion,Supply delay,Strong achievement,"Review staffing coverage, absences and field deployment capacity. | Review delayed or incomplete activities and implementation constraints. | Review procurement, logistics and supply-chain bottlenecks.",Recommended for human review; the model does not make operational decisions.
ES-001754,2026-02-01,Livelihood Recovery Initiative,Livelihoods,Borno,Jere,Jere Site 1,High,0.6419486350228469,Low achievement,Reporting delay,Access constraints,Lower complaints,"Review progress against targets and identify implementation bottlenecks. | Validate reporting timeliness and follow up on delayed field submissions. | Review access, movement and operational constraints affecting delivery.",Recommended for human review; the model does not make operational decisions.
ES-006842,2026-02-01,WASH Resilience Initiative,WASH,Borno,Mafa,Mafa Site 4,Low,8.80242294392925e-09,Reporting delay,Low staff availability,Lower data quality,Limited supply delay,"Validate reporting timeliness and follow up on delayed field submissions. | Review staffing coverage, absences and field deployment capacity. | Validate source data, completeness and reporting quality.",Recommended for human review; the model does not make operational decisions.
ES-004922,2026-02-01,Nutrition Support Programme,Nutrition,Borno,Jere,Jere Site 4,Medium,0.0089653222749372,Low achievement,Low activity completion,Reporting delay,Lower access constraints,Review progress against targets and identify implementation bottlenecks. | Review delayed or incomplete activities and implementation constraints. | Validate reporting timeliness and follow up on delayed field submissions.,Recommended for human review; the model does not make operational decisions.
ES-003418,2026-02-01,Education Access Project,Education,Borno,Jere,Jere Site 5,Medium,0.0006631632305411,Low activity completion,Supply delay,Low staff availability,Lower access constraints,"Review delayed or incomplete activities and implementation constraints. | Review procurement, logistics and supply-chain bottlenecks. | Review staffing coverage, absences and field deployment capacity.",Recommended for human review; the model does not make operational decisions.
ES-003482,2026-02-01,Education Access Project,Education,Borno,Konduga,Konduga Site 1,Low,6.010337674833989e-28,Supply delay,Previous-month achievement pattern,Low staff availability,Strong achievement,"Review procurement, logistics and supply-chain bottlenecks. | Review recent performance trends for persistent underachievement. | Review staffing coverage, absences and field deployment capacity.",Recommended for human review; the model does not make operational decisions.
ES-000218,2026-02-01,Community Resilience Programme,Protection/Resilience,Borno,Jere,Jere Site 1,Low,7.666570224859199e-10,Low activity completion,Elevated complaints,Previous-month achievement pattern,Strong achievement,Review delayed or incomplete activities and implementation constraints. | Review feedback and complaint records for recurring operational issues. | Review recent performance trends for persistent underachievement.,Recommended for human review; the model does not make operational decisions.
ES-005562,2026-02-01,Nutrition Support Programme,Nutrition,Borno,Bama,Bama Site 6,Low,6.164726499848499e-25,Low staff availability,Lower data quality,Supply delay,Strong achievement,"Review staffing coverage, absences and field deployment capacity. | Validate source data, completeness and reporting quality. | Review procurement, logistics and supply-chain bottlenecks.",Recommended for human review; the model does not make operational decisions.
ES-003002,2026-02-01,Livelihood Recovery Initiative,Livelihoods,Borno,Gwoza,Gwoza Site 4,Medium,0.1465524625188912,Low activity completion,Low achievement,Reporting delay,Limited supply delay,Review delayed or incomplete activities and implementation constraints. | Review progress against targets and identify implementation bottlenecks. | Validate reporting timeliness and follow up on delayed field submissions.,Recommended for human review; the model does not make operational decisions.
ES-006202,2026-02-01,WASH Resilience Initiative,WASH,Borno,Maiduguri,Maiduguri Site 2,Medium,0.1798658278067721,Low achievement,Elevated complaints,Access constraints,Strong activity completion,"Review progress against targets and identify implementation bottlenecks. | Review feedback and complaint records for recurring operational issues. | Review access, movement and operational constraints affecting delivery.",Recommended for human review; the model does not make operational decisions.
ES-001530,2026-02-01,Community Resilience Programme,Protection/Resilience,Borno,Gwoza,Gwoza Site 6,Medium,0.0674838539416516,Reporting delay,Low achievement,Elevated complaints,Limited supply delay,Validate reporting timeliness and follow up on delayed field submissions. | Review progress against targets and identify implementation bottlenecks. | Review feedback and complaint records for recurring operational issues.,Recommended for human review; the model does not make operational decisions.
ES-005338,2026-02-01,Nutrition Support Programme,Nutrition,Borno,Mafa,Mafa Site 5,Low,8.124360466301165e-13,Access constraints,Lower data quality,Low activity completion,Timely reporting,"Review access, movement and operational constraints affecting delivery. | Validate source data, completeness and reporting quality. | Review delayed or incomplete activities and implementation constraints.",Recommended for human review; the model does not make operational decisions.
ES-006970,2026-02-01,WASH Resilience Initiative,WASH,Borno,Bama,Bama Site 2,Medium,0.0017642115713936,Low achievement,Lower data quality,Low staff availability,Timely reporting,"Review progress against targets and identify implementation bottlenecks. | Validate source data, completeness and reporting quality. | Review staffing coverage, absences and field deployment capacity.",Recommended for human review; the model does not make operational decisions.
ES-007450,2026-02-01,WASH Resilience Initiative,WASH,Borno,Dikwa,Dikwa Site 5,Low,7.932086698335822e-11,Supply delay,Low activity completion,Elevated complaints,Strong achievement,"Review procurement, logistics and supply-chain bottlenecks. | Review delayed or incomplete activities and implementation constraints. | Review feedback and complaint records for recurring operational issues.",Recommended for human review; the model does not make operational decisions.
ES-006682,2026-02-01,WASH Resilience Initiative,WASH,Borno,Konduga,Konduga Site 5,High,0.9999012051653456,Low achievement,Low activity completion,Supply delay,Previous-month achievement pattern,"Review progress against targets and identify implementation bottlenecks. | Review delayed or incomplete activities and implementation constraints. | Review procurement, logistics and supply-chain bottlenecks.",Recommended for human review; the model does not make operational decisions.
ES-000026,2026-02-01,Community Resilience Programme,Protection/Resilience,Borno,Maiduguri,Maiduguri Site 1,Low,8.070978963556525e-36,Access constraints,Previous-month achievement pattern,Budget utilisation pattern,Strong achievement,"Review access, movement and operational constraints affecting delivery. | Review recent performance trends for persistent underachievement. | Review expenditure patterns against implementation progress.",Recommended for human review; the model does not make operational decisions.
ES-007130,2026-02-01,WASH Resilience Initiative,WASH,Borno,Ngala,Ngala Site 1,Low,2.8871687452879226e-23,Elevated complaints,Previous-month achievement pattern,Budget utilisation pattern,Strong achievement,Review feedback and complaint records for recurring operational issues. | Review recent performance trends for persistent underachievement. | Review expenditure patterns against implementation progress.,Recommended for human review; the model does not make operational decisions.
ES-000602,2026-02-01,Community Resilience Programme,Protection/Resilience,Borno,Mafa,Mafa Site 1,Low,6.305019725141395e-23,Supply delay,Lower data quality,Previous-month achievement pattern,Strong achievement,"Review procurement, logistics and supply-chain bottlenecks. | Validate source data, completeness and reporting quality. | Review recent performance trends for persistent underachievement.",Recommended for human review; the model does not make operational decisions.
ES-003034,2026-02-01,Livelihood Recovery Initiative,Livelihoods,Borno,Gwoza,Gwoza Site 5,Low,8.278413624240224e-12,Low achievement,Low staff availability,Supply delay,Strong activity completion,"Review progress against targets and identify implementation bottlenecks. | Review staffing coverage, absences and field deployment capacity. | Review procurement, logistics and supply-chain bottlenecks.",Recommended for human review; the model does not make operational decisions.
ES-000890,2026-02-01,Community Resilience Programme,Protection/Resilience,Borno,Bama,Bama Site 4,Medium,4.510070787551989e-05,Low achievement,Low staff availability,Low activity completion,Timely reporting,"Review progress against targets and identify implementation bottlenecks. | Review staffing coverage, absences and field deployment capacity. | Review delayed or incomplete activities and implementation constraints.",Recommended for human review; the model does not make operational decisions.
ES-005786,2026-02-01,Nutrition Support Programme,Nutrition,Borno,Dikwa,Dikwa Site 1,Low,1.4635558967062004e-15,Access constraints,,,Limited supply delay,"Review access, movement and operational constraints affecting delivery.",Recommended for human review; the model does not make operational decisions.
ES-000826,2026-02-01,Community Resilience Programme,Protection/Resilience,Borno,Bama,Bama Site 2,Low,2.67857108954193e-10,Access constraints,Low achievement,Supply delay,Timely reporting,"Review access, movement and operational constraints affecting delivery. | Review progress against targets and identify implementation bottlenecks. | Review procurement, logistics and supply-chain bottlenecks.",Recommended for human review; the model does not make operational decisions.
ES-000346,2026-02-01,Community Resilience Programme,Protection/Resilience,Borno,Jere,Jere Site 5,Low,1.043442565967652e-13,Low activity completion,Supply delay,Low staff availability,Strong achievement,"Review delayed or incomplete activities and implementation constraints. | Review procurement, logistics and supply-chain bottlenecks. | Review staffing coverage, absences and field deployment capacity.",Recommended for human review; the model does not make operational decisions.
ES-004666,2026-02-01,Nutrition Support Programme,Nutrition,Borno,Maiduguri,Maiduguri Site 2,Low,7.169876887223304e-21,Supply delay,Lower data quality,Previous-month achievement pattern,Strong achievement,"Review procurement, logistics and supply-chain bottlenecks. | Validate source data, completeness and reporting quality. | Review recent performance trends for persistent underachievement.",Recommended for human review; the model does not make operational decisions.
ES-003866,2026-02-01,Education Access Project,Education,Borno,Bama,Bama Site 1,Medium,1.6257860468760975e-05,Low achievement,Low activity completion,Supply delay,Lower access constraints,"Review progress against targets and identify implementation bottlenecks. | Review delayed or incomplete activities and implementation constraints. | Review procurement, logistics and supply-chain bottlenecks.",Recommended for human review; the model does not make operational decisions.
ES-003066,2026-02-01,Livelihood Recovery Initiative,Livelihoods,Borno,Gwoza,Gwoza Site 6,High,0.8590603887478031,Reporting delay,Low achievement,Low activity completion,Limited supply delay,Validate reporting timeliness and follow up on delayed field submissions. | Review progress against targets and identify implementation bottlenecks. | Review delayed or incomplete activities and implementation constraints.,Recommended for human review; the model does not make operational decisions.
ES-006298,2026-02-01,WASH Resilience Initiative,WASH,Borno,Maiduguri,Maiduguri Site 5,Medium,1.1517129321812651e-05,Low activity completion,Low achievement,Access constraints,Lower complaints,"Review delayed or incomplete activities and implementation constraints. | Review progress against targets and identify implementation bottlenecks. | Review access, movement and operational constraints affecting delivery.",Recommended for human review; the model does not make operational decisions.
ES-003450,2026-02-01,Education Access Project,Education,Borno,Jere,Jere Site 6,Low,9.316616717025723e-27,Supply delay,Previous-month achievement pattern,Budget utilisation pattern,Strong achievement,"Review procurement, logistics and supply-chain bottlenecks. | Review recent performance trends for persistent underachievement. | Review expenditure patterns against implementation progress.",Recommended for human review; the model does not make operational decisions.
ES-004634,2026-02-01,Nutrition Support Programme,Nutrition,Borno,Maiduguri,Maiduguri Site 1,Medium,3.4829988003583303e-06,Low achievement,Low activity completion,Lower data quality,Limited supply delay,"Review progress against targets and identify implementation bottlenecks. | Review delayed or incomplete activities and implementation constraints. | Validate source data, completeness and reporting quality.",Recommended for human review; the model does not make operational decisions.
ES-004538,2026-02-01,Education Access Project,Education,Borno,Gwoza,Gwoza Site 4,Low,1.5781272628131989e-19,Access constraints,Budget utilisation pattern,Lower data quality,Timely reporting,"Review access, movement and operational constraints affecting delivery. | Review expenditure patterns against implementation progress. | Validate source data, completeness and reporting quality.",Recommended for human review; the model does not make operational decisions.
ES-003930,2026-02-01,Education Access Project,Education,Borno,Bama,Bama Site 3,Medium,0.00767232796354,Low achievement,Supply delay,Reporting delay,Strong activity completion,"Review progress against targets and identify implementation bottlenecks. | Review procurement, logistics and supply-chain bottlenecks. | Validate reporting timeliness and follow up on delayed field submissions.",Recommended for human review; the model does not make operational decisions.
ES-001914,2026-02-01,Livelihood Recovery Initiative,Livelihoods,Borno,Jere,Jere Site 6,Low,3.236111973330765e-15,Low activity completion,Lower data quality,Previous-month achievement pattern,Strong achievement,"Review delayed or incomplete activities and implementation constraints. | Validate source data, completeness and reporting quality. | Review recent performance trends for persistent underachievement.",Recommended for human review; the model does not make operational decisions.
ES-006330,2026-02-01,WASH Resilience Initiative,WASH,Borno,Maiduguri,Maiduguri Site 6,Low,7.253698116837015e-14,Supply delay,Low activity completion,Lower data quality,Strong achievement,"Review procurement, logistics and supply-chain bottlenecks. | Review delayed or incomplete activities and implementation constraints. | Validate source data, completeness and reporting quality.",Recommended for human review; the model does not make operational decisions.
ES-005466,2026-02-01,Nutrition Support Programme,Nutrition,Borno,Bama,Bama Site 3,Low,1.2816233928296886e-06,Access constraints,Low activity completion,Low staff availability,Limited supply delay,"Review access, movement and operational constraints affecting delivery. | Review delayed or incomplete activities and implementation constraints. | Review staffing coverage, absences and field deployment capacity.",Recommended for human review; the model does not make operational decisions.
ES-001946,2026-02-01,Livelihood Recovery Initiative,Livelihoods,Borno,Konduga,Konduga Site 1,Low,1.3354680728934988e-12,Reporting delay,Low activity completion,Access constraints,Strong achievement,"Validate reporting timeliness and follow up on delayed field submissions. | Review delayed or incomplete activities and implementation constraints. | Review access, movement and operational constraints affecting delivery.",Recommended for human review; the model does not make operational decisions.
ES-007034,2026-02-01,WASH Resilience Initiative,WASH,Borno,Bama,Bama Site 4,Low,2.285659454336008e-09,Reporting delay,Low achievement,Budget utilisation pattern,Strong activity completion,Validate reporting timeliness and follow up on delayed field submissions. | Review progress against targets and identify implementation bottlenecks. | Review expenditure patterns against implementation progress.,Recommended for human review; the model does not make operational decisions.
ES-007098,2026-02-01,WASH Resilience Initiative,WASH,Borno,Bama,Bama Site 6,Medium,0.0012971975917189,Reporting delay,Low activity completion,Access constraints,Limited supply delay,"Validate reporting timeliness and follow up on delayed field submissions. | Review delayed or incomplete activities and implementation constraints. | Review access, movement and operational constraints affecting delivery.",Recommended for human review; the model does not make operational decisions.
ES-005498,2026-02-01,Nutrition Support Programme,Nutrition,Borno,Bama,Bama Site 4,Low,2.1341372393186343e-08,Elevated complaints,Supply delay,Low staff availability,Strong activity completion,"Review feedback and complaint records for recurring operational issues. | Review procurement, logistics and supply-chain bottlenecks. | Review staffing coverage, absences and field deployment capacity.",Recommended for human review; the model does not make operational decisions.
ES-005050,2026-02-01,Nutrition Support Programme,Nutrition,Borno,Konduga,Konduga Site 2,Medium,1.5094020850794632e-05,Reporting delay,Low activity completion,Elevated complaints,Strong achievement,Validate reporting timeliness and follow up on delayed field submissions. | Review delayed or incomplete activities and implementation constraints. | Review feedback and complaint records for recurring operational issues.,Recommended for human review; the model does not make operational decisions.
ES-003290,2026-02-01,Education Access Project,Education,Borno,Jere,Jere Site 1,Low,2.0952934508462962e-18,Low activity completion,Access constraints,Lower data quality,Limited supply delay,"Review delayed or incomplete activities and implementation constraints. | Review access, movement and operational constraints affecting delivery. | Validate source data, completeness and reporting quality.",Recommended for human review; the model does not make operational decisions.
ES-004602,2026-02-01,Education Access Project,Education,Borno,Gwoza,Gwoza Site 6,Medium,0.0001815040863354,Low achievement,Supply delay,Elevated complaints,Strong activity completion,"Review progress against targets and identify implementation bottlenecks. | Review procurement, logistics and supply-chain bottlenecks. | Review feedback and complaint records for recurring operational issues.",Recommended for human review; the model does not make operational decisions.
ES-000922,2026-02-01,Community Resilience Programme,Protection/Resilience,Borno,Bama,Bama Site 5,Medium,1.0464244297439403e-05,Reporting delay,Low activity completion,Lower data quality,Strong achievement,"Validate reporting timeliness and follow up on delayed field submissions. | Review delayed or incomplete activities and implementation constraints. | Validate source data, completeness and reporting quality.",Recommended for human review; the model does not make operational decisions.
ES-000282,2026-02-01,Community Resilience Programme,Protection/Resilience,Borno,Jere,Jere Site 3,Medium,0.3730188616340671,Supply delay,Low activity completion,Access constraints,Timely reporting,"Review procurement, logistics and supply-chain bottlenecks. | Review delayed or incomplete activities and implementation constraints. | Review access, movement and operational constraints affecting delivery.",Recommended for human review; the model does not make operational decisions.
ES-006170,2026-02-01,WASH Resilience Initiative,WASH,Borno,Maiduguri,Maiduguri Site 1,Low,8.144018869941771e-07,Reporting delay,Low activity completion,Lower data quality,Limited supply delay,"Validate reporting timeliness and follow up on delayed field submissions. | Review delayed or incomplete activities and implementation constraints. | Validate source data, completeness and reporting quality.",Recommended for human review; the model does not make operational decisions.
ES-007290,2026-02-01,WASH Resilience Initiative,WASH,Borno,Ngala,Ngala Site 6,High,0.9393504952928304,Low achievement,Access constraints,Low staff availability,Strong activity completion,"Review progress against targets and identify implementation bottlenecks. | Review access, movement and operational constraints affecting delivery. | Review staffing coverage, absences and field deployment capacity.",Recommended for human review; the model does not make operational decisions.
ES-001978,2026-02-01,Livelihood Recovery Initiative,Livelihoods,Borno,Konduga,Konduga Site 2,Medium,0.0002406188219155,Low achievement,Low activity completion,Elevated complaints,Limited supply delay,Review progress against targets and identify implementation bottlenecks. | Review delayed or incomplete activities and implementation constraints. | Review feedback and complaint records for recurring operational issues.,Recommended for human review; the model does not make operational decisions.
ES-007066,2026-02-01,WASH Resilience Initiative,WASH,Borno,Bama,Bama Site 5,Low,1.1947215336764065e-07,Supply delay,Reporting delay,Low staff availability,Strong achievement,"Review procurement, logistics and supply-chain bottlenecks. | Validate reporting timeliness and follow up on delayed field submissions. | Review staffing coverage, absences and field deployment capacity.",Recommended for human review; the model does not make operational decisions.
ES-002010,2026-02-01,Livelihood Recovery Initiative,Livelihoods,Borno,Konduga,Konduga Site 3,Low,6.14641983860868e-08,Reporting delay,Access constraints,Low activity completion,Limited supply delay,"Validate reporting timeliness and follow up on delayed field submissions. | Review access, movement and operational constraints affecting delivery. | Review delayed or incomplete activities and implementation constraints.",Recommended for human review; the model does not make operational decisions.
ES-000314,2026-02-01,Community Resilience Programme,Protection/Resilience,Borno,Jere,Jere Site 4,Low,1.0892385515966784e-16,Supply delay,Low staff availability,Previous-month achievement pattern,Strong achievement,"Review procurement, logistics and supply-chain bottlenecks. | Review staffing coverage, absences and field deployment capacity. | Review recent performance trends for persistent underachievement.",Recommended for human review; the model does not make operational decisions.
ES-007386,2026-02-01,WASH Resilience Initiative,WASH,Borno,Dikwa,Dikwa Site 3,Low,2.1366594050315986e-10,Supply delay,Low staff availability,Lower data quality,Strong achievement,"Review procurement, logistics and supply-chain bottlenecks. | Review staffing coverage, absences and field deployment capacity. | Validate source data, completeness and reporting quality.",Recommended for human review; the model does not make operational decisions.
ES-003322,2026-02-01,Education Access Project,Education,Borno,Jere,Jere Site 2,Medium,7.413208697662972e-07,Reporting delay,Lower data quality,Low activity completion,Limited supply delay,"Validate reporting timeliness and follow up on delayed field submissions. | Validate source data, completeness and reporting quality. | Review delayed or incomplete activities and implementation constraints.",Recommended for human review; the model does not make operational decisions.
ES-007322,2026-02-01,WASH Resilience Initiative,WASH,Borno,Dikwa,Dikwa Site 1,Medium,3.6779133864944e-05,Supply delay,Low activity completion,Access constraints,Timely reporting,"Review procurement, logistics and supply-chain bottlenecks. | Review delayed or incomplete activities and implementation constraints. | Review access, movement and operational constraints affecting delivery.",Recommended for human review; the model does not make operational decisions.
ES-003898,2026-02-01,Education Access Project,Education,Borno,Bama,Bama Site 2,Medium,0.0004275548545238,Low achievement,Elevated complaints,Low staff availability,Limited supply delay,"Review progress against targets and identify implementation bottlenecks. | Review feedback and complaint records for recurring operational issues. | Review staffing coverage, absences and field deployment capacity.",Recommended for human review; the model does not make operational decisions.
ES-002106,2026-02-01,Livelihood Recovery Initiative,Livelihoods,Borno,Konduga,Konduga Site 6,Low,2.0456923723780303e-09,Elevated complaints,Access constraints,Low activity completion,Strong achievement,"Review feedback and complaint records for recurring operational issues. | Review access, movement and operational constraints affecting delivery. | Review delayed or incomplete activities and implementation constraints.",Recommended for human review; the model does not make operational decisions.
ES-003386,2026-02-01,Education Access Project,Education,Borno,Jere,Jere Site 4,Low,4.467883401608187e-11,Access constraints,Low activity completion,Elevated complaints,Strong achievement,"Review access, movement and operational constraints affecting delivery. | Review delayed or incomplete activities and implementation constraints. | Review feedback and complaint records for recurring operational issues.",Recommended for human review; the model does not make operational decisions.
ES-001818,2026-02-01,Livelihood Recovery Initiative,Livelihoods,Borno,Jere,Jere Site 3,Medium,0.0002672306780807,Low activity completion,Elevated complaints,Supply delay,Lower access constraints,"Review delayed or incomplete activities and implementation constraints. | Review feedback and complaint records for recurring operational issues. | Review procurement, logistics and supply-chain bottlenecks.",Recommended for human review; the model does not make operational decisions.
ES-003962,2026-02-01,Education Access Project,Education,Borno,Bama,Bama Site 4,Medium,0.0048481178605964,Low achievement,Low activity completion,Low staff availability,Lower complaints,"Review progress against targets and identify implementation bottlenecks. | Review delayed or incomplete activities and implementation constraints. | Review staffing coverage, absences and field deployment capacity.",Recommended for human review; the model does not make operational decisions.
ES-007002,2026-02-01,WASH Resilience Initiative,WASH,Borno,Bama,Bama Site 3,Low,1.1984516473752356e-08,Elevated complaints,Access constraints,Low achievement,Timely reporting,"Review feedback and complaint records for recurring operational issues. | Review access, movement and operational constraints affecting delivery. | Review progress against targets and identify implementation bottlenecks.",Recommended for human review; the model does not make operational decisions.
ES-007226,2026-02-01,WASH Resilience Initiative,WASH,Borno,Ngala,Ngala Site 4,Medium,2.776528910067158e-05,Supply delay,Low achievement,Low activity completion,Lower complaints,"Review procurement, logistics and supply-chain bottlenecks. | Review progress against targets and identify implementation bottlenecks. | Review delayed or incomplete activities and implementation constraints.",Recommended for human review; the model does not make operational decisions.
ES-005530,2026-02-01,Nutrition Support Programme,Nutrition,Borno,Bama,Bama Site 5,Low,4.687964152604594e-18,Elevated complaints,Previous-month achievement pattern,Budget utilisation pattern,Strong achievement,Review feedback and complaint records for recurring operational issues. | Review recent performance trends for persistent underachievement. | Review expenditure patterns against implementation progress.,Recommended for human review; the model does not make operational decisions.
ES-002042,2026-02-01,Livelihood Recovery Initiative,Livelihoods,Borno,Konduga,Konduga Site 4,Low,6.236061609683038e-11,Low activity completion,Elevated complaints,Access constraints,Limited supply delay,"Review delayed or incomplete activities and implementation constraints. | Review feedback and complaint records for recurring operational issues. | Review access, movement and operational constraints affecting delivery.",Recommended for human review; the model does not make operational decisions.
ES-007354,2026-02-01,WASH Resilience Initiative,WASH,Borno,Dikwa,Dikwa Site 2,Medium,6.149763395515455e-05,Elevated complaints,Low achievement,Low activity completion,Limited supply delay,Review feedback and complaint records for recurring operational issues. | Review progress against targets and identify implementation bottlenecks. | Review delayed or incomplete activities and implementation constraints.,Recommended for human review; the model does not make operational decisions.
ES-005370,2026-02-01,Nutrition Support Programme,Nutrition,Borno,Mafa,Mafa Site 6,Medium,0.1058847670567708,Low achievement,Supply delay,Reporting delay,Strong staff availability,"Review progress against targets and identify implementation bottlenecks. | Review procurement, logistics and supply-chain bottlenecks. | Validate reporting timeliness and follow up on delayed field submissions.",Recommended for human review; the model does not make operational decisions.
ES-001850,2026-02-01,Livelihood Recovery Initiative,Livelihoods,Borno,Jere,Jere Site 4,Medium,0.0001249163495492,Low activity completion,Low achievement,Supply delay,Lower complaints,"Review delayed or incomplete activities and implementation constraints. | Review progress against targets and identify implementation bottlenecks. | Review procurement, logistics and supply-chain bottlenecks.",Recommended for human review; the model does not make operational decisions.
ES-003354,2026-02-01,Education Access Project,Education,Borno,Jere,Jere Site 3,Medium,0.0002019089105076,Low achievement,Low activity completion,Elevated complaints,Limited supply delay,Review progress against targets and identify implementation bottlenecks. | Review delayed or incomplete activities and implementation constraints. | Review feedback and complaint records for recurring operational issues.,Recommended for human review; the model does not make operational decisions.
ES-002074,2026-02-01,Livelihood Recovery Initiative,Livelihoods,Borno,Konduga,Konduga Site 5,Medium,5.998351368080271e-06,Low achievement,Supply delay,Low staff availability,Strong activity completion,"Review progress against targets and identify implementation bottlenecks. | Review procurement, logistics and supply-chain bottlenecks. | Review staffing coverage, absences and field deployment capacity.",Recommended for human review; the model does not make operational decisions.
ES-000250,2026-02-01,Community Resilience Programme,Protection/Resilience,Borno,Jere,Jere Site 2,Low,5.310385974994047e-10,Access constraints,Reporting delay,Supply delay,Strong achievement,"Review access, movement and operational constraints affecting delivery. | Validate reporting timeliness and follow up on delayed field submissions. | Review procurement, logistics and supply-chain bottlenecks.",Recommended for human review; the model does not make operational decisions.
ES-004570,2026-02-01,Education Access Project,Education,Borno,Gwoza,Gwoza Site 5,Medium,0.002916550294895,Low achievement,Access constraints,Elevated complaints,Limited supply delay,"Review progress against targets and identify implementation bottlenecks. | Review access, movement and operational constraints affecting delivery. | Review feedback and complaint records for recurring operational issues.",Recommended for human review; the model does not make operational decisions.
ES-001882,2026-02-01,Livelihood Recovery Initiative,Livelihoods,Borno,Jere,Jere Site 5,Low,8.500328519738507e-19,Access constraints,Supply delay,Lower data quality,Strong achievement,"Review access, movement and operational constraints affecting delivery. | Review procurement, logistics and supply-chain bottlenecks. | Validate source data, completeness and reporting quality.",Recommended for human review; the model does not make operational decisions.
ES-000634,2026-02-01,Community Resilience Programme,Protection/Resilience,Borno,Mafa,Mafa Site 2,Low,9.489320014770376e-11,Supply delay,Lower data quality,Low activity completion,Strong achievement,"Review procurement, logistics and supply-chain bottlenecks. | Validate source data, completeness and reporting quality. | Review delayed or incomplete activities and implementation constraints.",Recommended for human review; the model does not make operational decisions.
ES-004890,2026-02-01,Nutrition Support Programme,Nutrition,Borno,Jere,Jere Site 3,Medium,1.4905080678949474e-06,Low activity completion,Supply delay,Low staff availability,Strong achievement,"Review delayed or incomplete activities and implementation constraints. | Review procurement, logistics and supply-chain bottlenecks. | Review staffing coverage, absences and field deployment capacity.",Recommended for human review; the model does not make operational decisions.
ES-001786,2026-02-01,Livelihood Recovery Initiative,Livelihoods,Borno,Jere,Jere Site 2,Low,4.2264573187354856e-10,Access constraints,Low achievement,Elevated complaints,Limited supply delay,"Review access, movement and operational constraints affecting delivery. | Review progress against targets and identify implementation bottlenecks. | Review feedback and complaint records for recurring operational issues.",Recommended for human review; the model does not make operational decisions.
ES-002554,2026-02-01,Livelihood Recovery Initiative,Livelihoods,Borno,Ngala,Ngala Site 2,Low,7.0728551741425485e-25,Access constraints,Previous-month achievement pattern,Lower data quality,Strong achievement,"Review access, movement and operational constraints affecting delivery. | Review recent performance trends for persistent underachievement. | Validate source data, completeness and reporting quality.",Recommended for human review; the model does not make operational decisions.
ES-006650,2026-02-01,WASH Resilience Initiative,WASH,Borno,Konduga,Konduga Site 4,Low,2.212414875572554e-09,Access constraints,Reporting delay,Supply delay,Strong achievement,"Review access, movement and operational constraints affecting delivery. | Validate reporting timeliness and follow up on delayed field submissions. | Review procurement, logistics and supply-chain bottlenecks.",Recommended for human review; the model does not make operational decisions.
ES-004154,2026-02-01,Education Access Project,Education,Borno,Ngala,Ngala Site 4,High,0.9431218902605468,Low achievement,Access constraints,Supply delay,Timely reporting,"Review progress against targets and identify implementation bottlenecks. | Review access, movement and operational constraints affecting delivery. | Review procurement, logistics and supply-chain bottlenecks.",Recommended for human review; the model does not make operational decisions.
ES-005178,2026-02-01,Nutrition Support Programme,Nutrition,Borno,Konduga,Konduga Site 6,High,0.7468845193315616,Low achievement,Supply delay,Elevated complaints,Strong staff availability,"Review progress against targets and identify implementation bottlenecks. | Review procurement, logistics and supply-chain bottlenecks. | Review feedback and complaint records for recurring operational issues.",Recommended for human review; the model does not make operational decisions.
ES-003802,2026-02-01,Education Access Project,Education,Borno,Mafa,Mafa Site 5,Low,5.3364215933031e-21,Elevated complaints,Low staff availability,Previous-month achievement pattern,Timely reporting,"Review feedback and complaint records for recurring operational issues. | Review staffing coverage, absences and field deployment capacity. | Review recent performance trends for persistent underachievement.",Recommended for human review; the model does not make operational decisions.
ES-006042,2026-02-01,Nutrition Support Programme,Nutrition,Borno,Gwoza,Gwoza Site 3,Low,6.160478705129518e-20,Access constraints,Low staff availability,Previous-month achievement pattern,Strong achievement,"Review access, movement and operational constraints affecting delivery. | Review staffing coverage, absences and field deployment capacity. | Review recent performance trends for persistent underachievement.",Recommended for human review; the model does not make operational decisions.
ES-004186,2026-02-01,Education Access Project,Education,Borno,Ngala,Ngala Site 5,Medium,1.1939225682307e-05,Low achievement,Low activity completion,Low staff availability,Limited supply delay,"Review progress against targets and identify implementation bottlenecks. | Review delayed or incomplete activities and implementation constraints. | Review staffing coverage, absences and field deployment capacity.",Recommended for human review; the model does not make operational decisions.
ES-006458,2026-02-01,WASH Resilience Initiative,WASH,Borno,Jere,Jere Site 4,Low,4.0298026282619015e-22,Access constraints,Budget utilisation pattern,,Strong achievement,"Review access, movement and operational constraints affecting delivery. | Review expenditure patterns against implementation progress.",Recommended for human review; the model does not make operational decisions.
ES-006266,2026-02-01,WASH Resilience Initiative,WASH,Borno,Maiduguri,Maiduguri Site 4,Medium,0.0006868779029917,Reporting delay,Low activity completion,Low achievement,Lower access constraints,Validate reporting timeliness and follow up on delayed field submissions. | Review delayed or incomplete activities and implementation constraints. | Review progress against targets and identify implementation bottlenecks.,Recommended for human review; the model does not make operational decisions.
ES-003770,2026-02-01,Education Access Project,Education,Borno,Mafa,Mafa Site 4,Low,1.0320364549847614e-09,Supply delay,Access constraints,Low staff availability,Strong activity completion,"Review procurement, logistics and supply-chain bottlenecks. | Review access, movement and operational constraints affecting delivery. | Review staffing coverage, absences and field deployment capacity.",Recommended for human review; the model does not make operational decisions.
ES-006778,2026-02-01,WASH Resilience Initiative,WASH,Borno,Mafa,Mafa Site 2,Low,7.555249046867082e-17,Low achievement,Access constraints,Budget utilisation pattern,Timely reporting,"Review progress against targets and identify implementation bottlenecks. | Review access, movement and operational constraints affecting delivery. | Review expenditure patterns against implementation progress.",Recommended for human review; the model does not make operational decisions.
ES-004218,2026-02-01,Education Access Project,Education,Borno,Ngala,Ngala Site 6,High,0.6582473842626976,Low achievement,Low activity completion,Access constraints,Lower complaints,"Review progress against targets and identify implementation bottlenecks. | Review delayed or incomplete activities and implementation constraints. | Review access, movement and operational constraints affecting delivery.",Recommended for human review; the model does not make operational decisions.
ES-001338,2026-02-01,Community Resilience Programme,Protection/Resilience,Borno,Dikwa,Dikwa Site 6,Low,8.903160701826091e-26,Elevated complaints,Access constraints,Lower data quality,Strong achievement,"Review feedback and complaint records for recurring operational issues. | Review access, movement and operational constraints affecting delivery. | Validate source data, completeness and reporting quality.",Recommended for human review; the model does not make operational decisions.
ES-006010,2026-02-01,Nutrition Support Programme,Nutrition,Borno,Gwoza,Gwoza Site 2,Low,2.4314359620758173e-11,Elevated complaints,Reporting delay,Access constraints,Strong activity completion,"Review feedback and complaint records for recurring operational issues. | Validate reporting timeliness and follow up on delayed field submissions. | Review access, movement and operational constraints affecting delivery.",Recommended for human review; the model does not make operational decisions.
ES-006618,2026-02-01,WASH Resilience Initiative,WASH,Borno,Konduga,Konduga Site 3,Low,2.098325480600965e-06,Low achievement,Low activity completion,Low staff availability,Lower access constraints,"Review progress against targets and identify implementation bottlenecks. | Review delayed or incomplete activities and implementation constraints. | Review staffing coverage, absences and field deployment capacity.",Recommended for human review; the model does not make operational decisions.
ES-006426,2026-02-01,WASH Resilience Initiative,WASH,Borno,Jere,Jere Site 3,Low,5.107645924122306e-25,Elevated complaints,,,Strong achievement,Review feedback and complaint records for recurring operational issues.,Recommended for human review; the model does not make operational decisions.
ES-001050,2026-02-01,Community Resilience Programme,Protection/Resilience,Borno,Ngala,Ngala Site 3,Low,6.65535106799365e-46,Access constraints,Previous-month achievement pattern,Lower data quality,Strong achievement,"Review access, movement and operational constraints affecting delivery. | Review recent performance trends for persistent underachievement. | Validate source data, completeness and reporting quality.",Recommended for human review; the model does not make operational decisions.
ES-002330,2026-02-01,Livelihood Recovery Initiative,Livelihoods,Borno,Bama,Bama Site 1,High,0.7239089380404451,Low achievement,Reporting delay,Low activity completion,Limited supply delay,Review progress against targets and identify implementation bottlenecks. | Validate reporting timeliness and follow up on delayed field submissions. | Review delayed or incomplete activities and implementation constraints.,Recommended for human review; the model does not make operational decisions.
ES-003738,2026-02-01,Education Access Project,Education,Borno,Mafa,Mafa Site 3,High,0.9999999975984644,Low achievement,Low activity completion,Low staff availability,Lower access constraints,"Review progress against targets and identify implementation bottlenecks. | Review delayed or incomplete activities and implementation constraints. | Review staffing coverage, absences and field deployment capacity.",Recommended for human review; the model does not make operational decisions.
ES-005210,2026-02-01,Nutrition Support Programme,Nutrition,Borno,Mafa,Mafa Site 1,Low,6.412551686068256e-09,Low activity completion,Elevated complaints,Budget utilisation pattern,Timely reporting,Review delayed or incomplete activities and implementation constraints. | Review feedback and complaint records for recurring operational issues. | Review expenditure patterns against implementation progress.,Recommended for human review; the model does not make operational decisions.
ES-002362,2026-02-01,Livelihood Recovery Initiative,Livelihoods,Borno,Bama,Bama Site 2,Medium,0.0001360757560101,Supply delay,Low activity completion,Low staff availability,Strong achievement,"Review procurement, logistics and supply-chain bottlenecks. | Review delayed or incomplete activities and implementation constraints. | Review staffing coverage, absences and field deployment capacity.",Recommended for human review; the model does not make operational decisions.
ES-006394,2026-02-01,WASH Resilience Initiative,WASH,Borno,Jere,Jere Site 2,Low,8.499872180023906e-17,Reporting delay,Low staff availability,,Strong activity completion,"Validate reporting timeliness and follow up on delayed field submissions. | Review staffing coverage, absences and field deployment capacity.",Recommended for human review; the model does not make operational decisions.
ES-000954,2026-02-01,Community Resilience Programme,Protection/Resilience,Borno,Bama,Bama Site 6,Low,3.328442054339324e-09,Elevated complaints,Supply delay,Low staff availability,Strong activity completion,"Review feedback and complaint records for recurring operational issues. | Review procurement, logistics and supply-chain bottlenecks. | Review staffing coverage, absences and field deployment capacity.",Recommended for human review; the model does not make operational decisions.
ES-002394,2026-02-01,Livelihood Recovery Initiative,Livelihoods,Borno,Bama,Bama Site 3,Medium,6.621295922906705e-05,Low achievement,Reporting delay,Supply delay,Lower access constraints,"Review progress against targets and identify implementation bottlenecks. | Validate reporting timeliness and follow up on delayed field submissions. | Review procurement, logistics and supply-chain bottlenecks.",Recommended for human review; the model does not make operational decisions.
ES-001370,2026-02-01,Community Resilience Programme,Protection/Resilience,Borno,Gwoza,Gwoza Site 1,Medium,0.2450511958069205,Low achievement,Elevated complaints,Supply delay,Strong activity completion,"Review progress against targets and identify implementation bottlenecks. | Review feedback and complaint records for recurring operational issues. | Review procurement, logistics and supply-chain bottlenecks.",Recommended for human review; the model does not make operational decisions.
ES-006810,2026-02-01,WASH Resilience Initiative,WASH,Borno,Mafa,Mafa Site 3,Medium,0.0009006466975715,Reporting delay,Low activity completion,Low achievement,Limited supply delay,Validate reporting timeliness and follow up on delayed field submissions. | Review delayed or incomplete activities and implementation constraints. | Review progress against targets and identify implementation bottlenecks.,Recommended for human review; the model does not make operational decisions.
ES-003706,2026-02-01,Education Access Project,Education,Borno,Mafa,Mafa Site 2,Medium,0.036491654356752,Low activity completion,Low achievement,Reporting delay,Limited supply delay,Review delayed or incomplete activities and implementation constraints. | Review progress against targets and identify implementation bottlenecks. | Validate reporting timeliness and follow up on delayed field submissions.,Recommended for human review; the model does not make operational decisions.
ES-006490,2026-02-01,WASH Resilience Initiative,WASH,Borno,Jere,Jere Site 5,Medium,0.0004239530411579,Low activity completion,Low achievement,Access constraints,Limited supply delay,"Review delayed or incomplete activities and implementation constraints. | Review progress against targets and identify implementation bottlenecks. | Review access, movement and operational constraints affecting delivery.",Recommended for human review; the model does not make operational decisions.
ES-004122,2026-02-01,Education Access Project,Education,Borno,Ngala,Ngala Site 3,Low,3.9313734137078594e-14,Supply delay,Low staff availability,Access constraints,Timely reporting,"Review procurement, logistics and supply-chain bottlenecks. | Review staffing coverage, absences and field deployment capacity. | Review access, movement and operational constraints affecting delivery.",Recommended for human review; the model does not make operational decisions.
ES-000986,2026-02-01,Community Resilience Programme,Protection/Resilience,Borno,Ngala,Ngala Site 1,Low,3.392333784241595e-24,Access constraints,Budget utilisation pattern,Previous-month achievement pattern,Strong achievement,"Review access, movement and operational constraints affecting delivery. | Review expenditure patterns against implementation progress. | Review recent performance trends for persistent underachievement.",Recommended for human review; the model does not make operational decisions.
ES-001242,2026-02-01,Community Resilience Programme,Protection/Resilience,Borno,Dikwa,Dikwa Site 3,Medium,0.003725077021422,Low activity completion,Low achievement,Reporting delay,Lower access constraints,Review delayed or incomplete activities and implementation constraints. | Review progress against targets and identify implementation bottlenecks. | Validate reporting timeliness and follow up on delayed field submissions.,Recommended for human review; the model does not make operational decisions.
ES-006586,2026-02-01,WASH Resilience Initiative,WASH,Borno,Konduga,Konduga Site 2,Medium,0.000863077923904,Supply delay,Low achievement,Elevated complaints,Timely reporting,"Review procurement, logistics and supply-chain bottlenecks. | Review progress against targets and identify implementation bottlenecks. | Review feedback and complaint records for recurring operational issues.",Recommended for human review; the model does not make operational decisions.
ES-003162,2026-02-01,Education Access Project,Education,Borno,Maiduguri,Maiduguri Site 3,Low,3.037834967684879e-13,Supply delay,Access constraints,Lower data quality,Strong activity completion,"Review procurement, logistics and supply-chain bottlenecks. | Review access, movement and operational constraints affecting delivery. | Validate source data, completeness and reporting quality.",Recommended for human review; the model does not make operational decisions.
ES-003194,2026-02-01,Education Access Project,Education,Borno,Maiduguri,Maiduguri Site 4,Low,4.83286265331401e-10,Supply delay,Elevated complaints,Access constraints,Strong activity completion,"Review procurement, logistics and supply-chain bottlenecks. | Review feedback and complaint records for recurring operational issues. | Review access, movement and operational constraints affecting delivery.",Recommended for human review; the model does not make operational decisions.
ES-006106,2026-02-01,Nutrition Support Programme,Nutrition,Borno,Gwoza,Gwoza Site 5,Medium,0.0022725971205997,Reporting delay,Low achievement,Supply delay,Strong activity completion,"Validate reporting timeliness and follow up on delayed field submissions. | Review progress against targets and identify implementation bottlenecks. | Review procurement, logistics and supply-chain bottlenecks.",Recommended for human review; the model does not make operational decisions.
ES-006138,2026-02-01,Nutrition Support Programme,Nutrition,Borno,Gwoza,Gwoza Site 6,Low,1.7566345489950525e-13,Access constraints,Supply delay,Budget utilisation pattern,Strong activity completion,"Review access, movement and operational constraints affecting delivery. | Review procurement, logistics and supply-chain bottlenecks. | Review expenditure patterns against implementation progress.",Recommended for human review; the model does not make operational decisions.
ES-003226,2026-02-01,Education Access Project,Education,Borno,Maiduguri,Maiduguri Site 5,High,0.8448285874354836,Low activity completion,Low achievement,Supply delay,Lower complaints,"Review delayed or incomplete activities and implementation constraints. | Review progress against targets and identify implementation bottlenecks. | Review procurement, logistics and supply-chain bottlenecks.",Recommended for human review; the model does not make operational decisions.
ES-003130,2026-02-01,Education Access Project,Education,Borno,Maiduguri,Maiduguri Site 2,Medium,7.558570449751294e-06,Low activity completion,Low achievement,Supply delay,Lower complaints,"Review delayed or incomplete activities and implementation constraints. | Review progress against targets and identify implementation bottlenecks. | Review procurement, logistics and supply-chain bottlenecks.",Recommended for human review; the model does not make operational decisions.
ES-000090,2026-02-01,Community Resilience Programme,Protection/Resilience,Borno,Maiduguri,Maiduguri Site 3,Low,2.1811899068003798e-16,Low staff availability,Previous-month achievement pattern,Lower data quality,Strong achievement,"Review staffing coverage, absences and field deployment capacity. | Review recent performance trends for persistent underachievement. | Validate source data, completeness and reporting quality.",Recommended for human review; the model does not make operational decisions.
ES-006554,2026-02-01,WASH Resilience Initiative,WASH,Borno,Konduga,Konduga Site 1,Low,6.450169436639504e-12,Reporting delay,Supply delay,Access constraints,Strong activity completion,"Validate reporting timeliness and follow up on delayed field submissions. | Review procurement, logistics and supply-chain bottlenecks. | Review access, movement and operational constraints affecting delivery.",Recommended for human review; the model does not make operational decisions.
ES-005146,2026-02-01,Nutrition Support Programme,Nutrition,Borno,Konduga,Konduga Site 5,Low,3.801225616436561e-21,Elevated complaints,Lower data quality,Previous-month achievement pattern,Strong achievement,"Review feedback and complaint records for recurring operational issues. | Validate source data, completeness and reporting quality. | Review recent performance trends for persistent underachievement.",Recommended for human review; the model does not make operational decisions.
ES-003258,2026-02-01,Education Access Project,Education,Borno,Maiduguri,Maiduguri Site 6,Low,6.284410280869254e-26,Previous-month achievement pattern,Budget utilisation pattern,,Strong achievement,Review recent performance trends for persistent underachievement. | Review expenditure patterns against implementation progress.,Recommended for human review; the model does not make operational decisions.
ES-003098,2026-02-01,Education Access Project,Education,Borno,Maiduguri,Maiduguri Site 1,High,0.9902210174587852,Low achievement,Low activity completion,Supply delay,Timely reporting,"Review progress against targets and identify implementation bottlenecks. | Review delayed or incomplete activities and implementation constraints. | Review procurement, logistics and supply-chain bottlenecks.",Recommended for human review; the model does not make operational decisions.
ES-006074,2026-02-01,Nutrition Support Programme,Nutrition,Borno,Gwoza,Gwoza Site 4,Medium,0.3086656230211325,Low achievement,Reporting delay,Low activity completion,Limited supply delay,Review progress against targets and identify implementation bottlenecks. | Validate reporting timeliness and follow up on delayed field submissions. | Review delayed or incomplete activities and implementation constraints.,Recommended for human review; the model does not make operational decisions.
ES-001274,2026-02-01,Community Resilience Programme,Protection/Resilience,Borno,Dikwa,Dikwa Site 4,Medium,2.3223878058885703e-05,Low achievement,Low activity completion,Lower data quality,Limited supply delay,"Review progress against targets and identify implementation bottlenecks. | Review delayed or incomplete activities and implementation constraints. | Validate source data, completeness and reporting quality.",Recommended for human review; the model does not make operational decisions.
ES-004058,2026-02-01,Education Access Project,Education,Borno,Ngala,Ngala Site 1,High,0.7552123937999742,Low achievement,Reporting delay,Low activity completion,Strong data quality,Review progress against targets and identify implementation bottlenecks. | Validate reporting timeliness and follow up on delayed field submissions. | Review delayed or incomplete activities and implementation constraints.,Recommended for human review; the model does not make operational decisions.
ES-006522,2026-02-01,WASH Resilience Initiative,WASH,Borno,Jere,Jere Site 6,Low,1.0345716465390893e-17,Low staff availability,Reporting delay,Supply delay,Strong achievement,"Review staffing coverage, absences and field deployment capacity. | Validate reporting timeliness and follow up on delayed field submissions. | Review procurement, logistics and supply-chain bottlenecks.",Recommended for human review; the model does not make operational decisions.
ES-000762,2026-02-01,Community Resilience Programme,Protection/Resilience,Borno,Mafa,Mafa Site 6,Medium,0.1250062177777655,Low achievement,Reporting delay,Access constraints,Strong activity completion,"Review progress against targets and identify implementation bottlenecks. | Validate reporting timeliness and follow up on delayed field submissions. | Review access, movement and operational constraints affecting delivery.",Recommended for human review; the model does not make operational decisions.
ES-004090,2026-02-01,Education Access Project,Education,Borno,Ngala,Ngala Site 2,Medium,0.0002815948389975,Low achievement,Low activity completion,Reporting delay,Lower complaints,Review progress against targets and identify implementation bottlenecks. | Review delayed or incomplete activities and implementation constraints. | Validate reporting timeliness and follow up on delayed field submissions.,Recommended for human review; the model does not make operational decisions.
ES-003834,2026-02-01,Education Access Project,Education,Borno,Mafa,Mafa Site 6,Low,7.805027968169363e-17,Access constraints,Elevated complaints,Budget utilisation pattern,Strong achievement,"Review access, movement and operational constraints affecting delivery. | Review feedback and complaint records for recurring operational issues. | Review expenditure patterns against implementation progress.",Recommended for human review; the model does not make operational decisions.
ES-004986,2026-02-01,Nutrition Support Programme,Nutrition,Borno,Jere,Jere Site 6,Medium,0.2299027744187442,Reporting delay,Low achievement,Access constraints,Strong staff availability,"Validate reporting timeliness and follow up on delayed field submissions. | Review progress against targets and identify implementation bottlenecks. | Review access, movement and operational constraints affecting delivery.",Recommended for human review; the model does not make operational decisions.
ES-001018,2026-02-01,Community Resilience Programme,Protection/Resilience,Borno,Ngala,Ngala Site 2,Low,2.9453170512080317e-10,Low staff availability,Supply delay,Lower data quality,Strong achievement,"Review staffing coverage, absences and field deployment capacity. | Review procurement, logistics and supply-chain bottlenecks. | Validate source data, completeness and reporting quality.",Recommended for human review; the model does not make operational decisions.
ES-001306,2026-02-01,Community Resilience Programme,Protection/Resilience,Borno,Dikwa,Dikwa Site 5,Medium,0.0012729009064047,Low achievement,Reporting delay,Budget utilisation pattern,Lower access constraints,Review progress against targets and identify implementation bottlenecks. | Validate reporting timeliness and follow up on delayed field submissions. | Review expenditure patterns against implementation progress.,Recommended for human review; the model does not make operational decisions.
ES-007482,2026-02-01,WASH Resilience Initiative,WASH,Borno,Dikwa,Dikwa Site 6,Low,1.8717025993420984e-06,Low achievement,Low activity completion,Lower data quality,Timely reporting,"Review progress against targets and identify implementation bottlenecks. | Review delayed or incomplete activities and implementation constraints. | Validate source data, completeness and reporting quality.",Recommended for human review; the model does not make operational decisions.
ES-000730,2026-02-01,Community Resilience Programme,Protection/Resilience,Borno,Mafa,Mafa Site 5,Medium,5.317097392842624e-06,Reporting delay,Elevated complaints,Supply delay,Strong achievement,"Validate reporting timeliness and follow up on delayed field submissions. | Review feedback and complaint records for recurring operational issues. | Review procurement, logistics and supply-chain bottlenecks.",Recommended for human review; the model does not make operational decisions.
ES-006362,2026-02-01,WASH Resilience Initiative,WASH,Borno,Jere,Jere Site 1,Low,5.563257239931499e-19,Elevated complaints,Low staff availability,Previous-month achievement pattern,Strong achievement,"Review feedback and complaint records for recurring operational issues. | Review staffing coverage, absences and field deployment capacity. | Review recent performance trends for persistent underachievement.",Recommended for human review; the model does not make operational decisions.
ES-005274,2026-02-01,Nutrition Support Programme,Nutrition,Borno,Mafa,Mafa Site 3,Low,1.4713285276797868e-16,Lower data quality,Budget utilisation pattern,Previous-month achievement pattern,Limited supply delay,"Validate source data, completeness and reporting quality. | Review expenditure patterns against implementation progress. | Review recent performance trends for persistent underachievement.",Recommended for human review; the model does not make operational decisions.
ES-007578,2026-02-01,WASH Resilience Initiative,WASH,Borno,Gwoza,Gwoza Site 3,Medium,0.0337472428391672,Access constraints,Low activity completion,Low achievement,Strong staff availability,"Review access, movement and operational constraints affecting delivery. | Review delayed or incomplete activities and implementation constraints. | Review progress against targets and identify implementation bottlenecks.",Recommended for human review; the model does not make operational decisions.
ES-002810,2026-02-01,Livelihood Recovery Initiative,Livelihoods,Borno,Dikwa,Dikwa Site 4,Low,5.206864206912243e-18,Low staff availability,Lower data quality,Previous-month achievement pattern,Lower complaints,"Review staffing coverage, absences and field deployment capacity. | Validate source data, completeness and reporting quality. | Review recent performance trends for persistent underachievement.",Recommended for human review; the model does not make operational decisions.
ES-003578,2026-02-01,Education Access Project,Education,Borno,Konduga,Konduga Site 4,Medium,0.0081360608331358,Low achievement,Low activity completion,Elevated complaints,Timely reporting,Review progress against targets and identify implementation bottlenecks. | Review delayed or incomplete activities and implementation constraints. | Review feedback and complaint records for recurring operational issues.,Recommended for human review; the model does not make operational decisions.
ES-006746,2026-02-01,WASH Resilience Initiative,WASH,Borno,Mafa,Mafa Site 1,Low,5.1004214375786065e-09,Supply delay,Access constraints,Lower data quality,Timely reporting,"Review procurement, logistics and supply-chain bottlenecks. | Review access, movement and operational constraints affecting delivery. | Validate source data, completeness and reporting quality.",Recommended for human review; the model does not make operational decisions.
ES-000122,2026-02-01,Community Resilience Programme,Protection/Resilience,Borno,Maiduguri,Maiduguri Site 4,Low,5.027046414384899e-16,Reporting delay,Access constraints,Lower data quality,Strong achievement,"Validate reporting timeliness and follow up on delayed field submissions. | Review access, movement and operational constraints affecting delivery. | Validate source data, completeness and reporting quality.",Recommended for human review; the model does not make operational decisions.
ES-005882,2026-02-01,Nutrition Support Programme,Nutrition,Borno,Dikwa,Dikwa Site 4,Low,8.01868698605411e-20,Low activity completion,Elevated complaints,Previous-month achievement pattern,Strong achievement,Review delayed or incomplete activities and implementation constraints. | Review feedback and complaint records for recurring operational issues. | Review recent performance trends for persistent underachievement.,Recommended for human review; the model does not make operational decisions.
ES-001466,2026-02-01,Community Resilience Programme,Protection/Resilience,Borno,Gwoza,Gwoza Site 4,Low,4.7749427524830905e-20,Access constraints,Lower data quality,Previous-month achievement pattern,Strong activity completion,"Review access, movement and operational constraints affecting delivery. | Validate source data, completeness and reporting quality. | Review recent performance trends for persistent underachievement.",Recommended for human review; the model does not make operational decisions.
ES-002842,2026-02-01,Livelihood Recovery Initiative,Livelihoods,Borno,Dikwa,Dikwa Site 5,Low,8.123417453147755e-08,Low activity completion,Supply delay,Lower data quality,Timely reporting,"Review delayed or incomplete activities and implementation constraints. | Review procurement, logistics and supply-chain bottlenecks. | Validate source data, completeness and reporting quality.",Recommended for human review; the model does not make operational decisions.
ES-007546,2026-02-01,WASH Resilience Initiative,WASH,Borno,Gwoza,Gwoza Site 2,Low,4.3435587039369966e-09,Low activity completion,Low achievement,Lower data quality,Timely reporting,"Review delayed or incomplete activities and implementation constraints. | Review progress against targets and identify implementation bottlenecks. | Validate source data, completeness and reporting quality.",Recommended for human review; the model does not make operational decisions.
ES-000186,2026-02-01,Community Resilience Programme,Protection/Resilience,Borno,Maiduguri,Maiduguri Site 6,Medium,2.1951331693281017e-05,Reporting delay,Low achievement,Access constraints,Strong activity completion,"Validate reporting timeliness and follow up on delayed field submissions. | Review progress against targets and identify implementation bottlenecks. | Review access, movement and operational constraints affecting delivery.",Recommended for human review; the model does not make operational decisions.
ES-001146,2026-02-01,Community Resilience Programme,Protection/Resilience,Borno,Ngala,Ngala Site 6,Medium,0.0007856813585453,Supply delay,Reporting delay,Elevated complaints,Strong activity completion,"Review procurement, logistics and supply-chain bottlenecks. | Validate reporting timeliness and follow up on delayed field submissions. | Review feedback and complaint records for recurring operational issues.",Recommended for human review; the model does not make operational decisions.
ES-002874,2026-02-01,Livelihood Recovery Initiative,Livelihoods,Borno,Dikwa,Dikwa Site 6,Low,3.267974889737551e-07,Low achievement,Lower data quality,Low staff availability,Timely reporting,"Review progress against targets and identify implementation bottlenecks. | Validate source data, completeness and reporting quality. | Review staffing coverage, absences and field deployment capacity.",Recommended for human review; the model does not make operational decisions.
ES-003546,2026-02-01,Education Access Project,Education,Borno,Konduga,Konduga Site 3,Medium,0.0005026411715417,Low activity completion,Supply delay,Low achievement,Timely reporting,"Review delayed or incomplete activities and implementation constraints. | Review procurement, logistics and supply-chain bottlenecks. | Review progress against targets and identify implementation bottlenecks.",Recommended for human review; the model does not make operational decisions.
ES-005850,2026-02-01,Nutrition Support Programme,Nutrition,Borno,Dikwa,Dikwa Site 3,Low,5.621520316088829e-14,Supply delay,Reporting delay,Low staff availability,Strong activity completion,"Review procurement, logistics and supply-chain bottlenecks. | Validate reporting timeliness and follow up on delayed field submissions. | Review staffing coverage, absences and field deployment capacity.",Recommended for human review; the model does not make operational decisions.
ES-002906,2026-02-01,Livelihood Recovery Initiative,Livelihoods,Borno,Gwoza,Gwoza Site 1,Medium,0.3083839152703593,Low activity completion,Reporting delay,Low achievement,Limited supply delay,Review delayed or incomplete activities and implementation constraints. | Validate reporting timeliness and follow up on delayed field submissions. | Review progress against targets and identify implementation bottlenecks.,Recommended for human review; the model does not make operational decisions.
ES-003514,2026-02-01,Education Access Project,Education,Borno,Konduga,Konduga Site 2,Low,1.454652007938738e-08,Low activity completion,Reporting delay,Access constraints,Limited supply delay,"Review delayed or incomplete activities and implementation constraints. | Validate reporting timeliness and follow up on delayed field submissions. | Review access, movement and operational constraints affecting delivery.",Recommended for human review; the model does not make operational decisions.
ES-007514,2026-02-01,WASH Resilience Initiative,WASH,Borno,Gwoza,Gwoza Site 1,Medium,0.0037452290565605,Low achievement,Reporting delay,Access constraints,Strong activity completion,"Review progress against targets and identify implementation bottlenecks. | Validate reporting timeliness and follow up on delayed field submissions. | Review access, movement and operational constraints affecting delivery.",Recommended for human review; the model does not make operational decisions.
ES-005818,2026-02-01,Nutrition Support Programme,Nutrition,Borno,Dikwa,Dikwa Site 2,Low,1.5103558342438433e-20,Low activity completion,Low staff availability,Lower data quality,Strong achievement,"Review delayed or incomplete activities and implementation constraints. | Review staffing coverage, absences and field deployment capacity. | Validate source data, completeness and reporting quality.",Recommended for human review; the model does not make operational decisions.
ES-002938,2026-02-01,Livelihood Recovery Initiative,Livelihoods,Borno,Gwoza,Gwoza Site 2,Low,4.173264499093896e-07,Access constraints,Low achievement,Reporting delay,Strong activity completion,"Review access, movement and operational constraints affecting delivery. | Review progress against targets and identify implementation bottlenecks. | Validate reporting timeliness and follow up on delayed field submissions.",Recommended for human review; the model does not make operational decisions.
ES-005306,2026-02-01,Nutrition Support Programme,Nutrition,Borno,Mafa,Mafa Site 4,Low,6.3541767894000376e-12,Low activity completion,Low staff availability,Lower data quality,Limited supply delay,"Review delayed or incomplete activities and implementation constraints. | Review staffing coverage, absences and field deployment capacity. | Validate source data, completeness and reporting quality.",Recommended for human review; the model does not make operational decisions.
ES-002970,2026-02-01,Livelihood Recovery Initiative,Livelihoods,Borno,Gwoza,Gwoza Site 3,Medium,0.3597562612624704,Reporting delay,Supply delay,Low achievement,Lower access constraints,"Validate reporting timeliness and follow up on delayed field submissions. | Review procurement, logistics and supply-chain bottlenecks. | Review progress against targets and identify implementation bottlenecks.",Recommended for human review; the model does not make operational decisions.
ES-001498,2026-02-01,Community Resilience Programme,Protection/Resilience,Borno,Gwoza,Gwoza Site 5,Low,1.063014942827036e-10,Elevated complaints,Supply delay,Lower data quality,Timely reporting,"Review feedback and complaint records for recurring operational issues. | Review procurement, logistics and supply-chain bottlenecks. | Validate source data, completeness and reporting quality.",Recommended for human review; the model does not make operational decisions.
ES-002778,2026-02-01,Livelihood Recovery Initiative,Livelihoods,Borno,Dikwa,Dikwa Site 3,Medium,0.0132725143175271,Low achievement,Reporting delay,Low activity completion,Limited supply delay,Review progress against targets and identify implementation bottlenecks. | Validate reporting timeliness and follow up on delayed field submissions. | Review delayed or incomplete activities and implementation constraints.,Recommended for human review; the model does not make operational decisions.
ES-004954,2026-02-01,Nutrition Support Programme,Nutrition,Borno,Jere,Jere Site 5,Medium,3.355748303190283e-07,Low activity completion,Reporting delay,Low staff availability,Lower complaints,"Review delayed or incomplete activities and implementation constraints. | Validate reporting timeliness and follow up on delayed field submissions. | Review staffing coverage, absences and field deployment capacity.",Recommended for human review; the model does not make operational decisions.
ES-001114,2026-02-01,Community Resilience Programme,Protection/Resilience,Borno,Ngala,Ngala Site 5,Medium,0.0003160456932575,Low achievement,Reporting delay,Elevated complaints,Strong activity completion,Review progress against targets and identify implementation bottlenecks. | Validate reporting timeliness and follow up on delayed field submissions. | Review feedback and complaint records for recurring operational issues.,Recommended for human review; the model does not make operational decisions.
ES-003610,2026-02-01,Education Access Project,Education,Borno,Konduga,Konduga Site 5,High,0.9909809079912936,Low achievement,Low activity completion,Access constraints,Timely reporting,"Review progress against targets and identify implementation bottlenecks. | Review delayed or incomplete activities and implementation constraints. | Review access, movement and operational constraints affecting delivery.",Recommended for human review; the model does not make operational decisions.
ES-005978,2026-02-01,Nutrition Support Programme,Nutrition,Borno,Gwoza,Gwoza Site 1,Low,1.585780960373808e-13,Low achievement,,,Strong activity completion,Review progress against targets and identify implementation bottlenecks.,Recommended for human review; the model does not make operational decisions.
ES-002426,2026-02-01,Livelihood Recovery Initiative,Livelihoods,Borno,Bama,Bama Site 4,High,0.9999999999999958,Supply delay,Low achievement,Low activity completion,Timely reporting,"Review procurement, logistics and supply-chain bottlenecks. | Review progress against targets and identify implementation bottlenecks. | Review delayed or incomplete activities and implementation constraints.",Recommended for human review; the model does not make operational decisions.
ES-005114,2026-02-01,Nutrition Support Programme,Nutrition,Borno,Konduga,Konduga Site 4,Medium,0.0016178218099553,Supply delay,Access constraints,Low activity completion,Lower complaints,"Review procurement, logistics and supply-chain bottlenecks. | Review access, movement and operational constraints affecting delivery. | Review delayed or incomplete activities and implementation constraints.",Recommended for human review; the model does not make operational decisions.
ES-000794,2026-02-01,Community Resilience Programme,Protection/Resilience,Borno,Bama,Bama Site 1,Medium,0.0007534337438384,Reporting delay,Low activity completion,Low achievement,Strong staff availability,Validate reporting timeliness and follow up on delayed field submissions. | Review delayed or incomplete activities and implementation constraints. | Review progress against targets and identify implementation bottlenecks.,Recommended for human review; the model does not make operational decisions.
ES-001082,2026-02-01,Community Resilience Programme,Protection/Resilience,Borno,Ngala,Ngala Site 4,High,0.9333613386583992,Low achievement,Low activity completion,Reporting delay,Strong staff availability,Review progress against targets and identify implementation bottlenecks. | Review delayed or incomplete activities and implementation constraints. | Validate reporting timeliness and follow up on delayed field submissions.,Recommended for human review; the model does not make operational decisions.
ES-002458,2026-02-01,Livelihood Recovery Initiative,Livelihoods,Borno,Bama,Bama Site 5,Medium,1.0601823204457111e-05,Elevated complaints,Low achievement,Reporting delay,Limited supply delay,Review feedback and complaint records for recurring operational issues. | Review progress against targets and identify implementation bottlenecks. | Validate reporting timeliness and follow up on delayed field submissions.,Recommended for human review; the model does not make operational decisions.
ES-001402,2026-02-01,Community Resilience Programme,Protection/Resilience,Borno,Gwoza,Gwoza Site 2,Low,1.7027805571093797e-13,Low activity completion,Low achievement,Budget utilisation pattern,Limited supply delay,Review delayed or incomplete activities and implementation constraints. | Review progress against targets and identify implementation bottlenecks. | Review expenditure patterns against implementation progress.,Recommended for human review; the model does not make operational decisions.
ES-007674,2026-02-01,WASH Resilience Initiative,WASH,Borno,Gwoza,Gwoza Site 6,High,0.9954840890337848,Low achievement,Elevated complaints,Low staff availability,Timely reporting,"Review progress against targets and identify implementation bottlenecks. | Review feedback and complaint records for recurring operational issues. | Review staffing coverage, absences and field deployment capacity.",Recommended for human review; the model does not make operational decisions.
ES-007194,2026-02-01,WASH Resilience Initiative,WASH,Borno,Ngala,Ngala Site 3,Low,5.390569696008e-10,Low achievement,Low staff availability,Access constraints,Strong activity completion,"Review progress against targets and identify implementation bottlenecks. | Review staffing coverage, absences and field deployment capacity. | Review access, movement and operational constraints affecting delivery.",Recommended for human review; the model does not make operational decisions.
ES-003674,2026-02-01,Education Access Project,Education,Borno,Mafa,Mafa Site 1,Low,6.884843857833478e-19,Low staff availability,Access constraints,Supply delay,Timely reporting,"Review staffing coverage, absences and field deployment capacity. | Review access, movement and operational constraints affecting delivery. | Review procurement, logistics and supply-chain bottlenecks.",Recommended for human review; the model does not make operational decisions.
ES-005946,2026-02-01,Nutrition Support Programme,Nutrition,Borno,Dikwa,Dikwa Site 6,Low,7.76560756829906e-21,Budget utilisation pattern,Previous-month achievement pattern,,Strong achievement,Review expenditure patterns against implementation progress. | Review recent performance trends for persistent underachievement.,Recommended for human review; the model does not make operational decisions.
ES-005242,2026-02-01,Nutrition Support Programme,Nutrition,Borno,Mafa,Mafa Site 2,Low,4.5193469339170076e-26,Previous-month achievement pattern,Lower data quality,,Strong achievement,"Review recent performance trends for persistent underachievement. | Validate source data, completeness and reporting quality.",Recommended for human review; the model does not make operational decisions.
ES-002490,2026-02-01,Livelihood Recovery Initiative,Livelihoods,Borno,Bama,Bama Site 6,High,0.999997879447467,Low achievement,Low activity completion,Supply delay,Lower complaints,"Review progress against targets and identify implementation bottlenecks. | Review delayed or incomplete activities and implementation constraints. | Review procurement, logistics and supply-chain bottlenecks.",Recommended for human review; the model does not make operational decisions.
ES-003642,2026-02-01,Education Access Project,Education,Borno,Konduga,Konduga Site 6,Low,3.9238867542883494e-19,Access constraints,Previous-month achievement pattern,Budget utilisation pattern,Strong achievement,"Review access, movement and operational constraints affecting delivery. | Review recent performance trends for persistent underachievement. | Review expenditure patterns against implementation progress.",Recommended for human review; the model does not make operational decisions.
ES-007642,2026-02-01,WASH Resilience Initiative,WASH,Borno,Gwoza,Gwoza Site 5,Medium,0.137932551439412,Low achievement,Low activity completion,Low staff availability,Limited supply delay,"Review progress against targets and identify implementation bottlenecks. | Review delayed or incomplete activities and implementation constraints. | Review staffing coverage, absences and field deployment capacity.",Recommended for human review; the model does not make operational decisions.
ES-005018,2026-02-01,Nutrition Support Programme,Nutrition,Borno,Konduga,Konduga Site 1,Low,2.666805450523249e-07,Low activity completion,Elevated complaints,Low staff availability,Limited supply delay,"Review delayed or incomplete activities and implementation constraints. | Review feedback and complaint records for recurring operational issues. | Review staffing coverage, absences and field deployment capacity.",Recommended for human review; the model does not make operational decisions.
ES-002714,2026-02-01,Livelihood Recovery Initiative,Livelihoods,Borno,Dikwa,Dikwa Site 1,Low,5.093338631404276e-20,Low activity completion,Previous-month achievement pattern,Budget utilisation pattern,Strong achievement,Review delayed or incomplete activities and implementation constraints. | Review recent performance trends for persistent underachievement. | Review expenditure patterns against implementation progress.,Recommended for human review; the model does not make operational decisions.
ES-005914,2026-02-01,Nutrition Support Programme,Nutrition,Borno,Dikwa,Dikwa Site 5,Low,1.3211063768551762e-25,Low staff availability,Lower data quality,Previous-month achievement pattern,Strong achievement,"Review staffing coverage, absences and field deployment capacity. | Validate source data, completeness and reporting quality. | Review recent performance trends for persistent underachievement.",Recommended for human review; the model does not make operational decisions.
ES-002746,2026-02-01,Livelihood Recovery Initiative,Livelihoods,Borno,Dikwa,Dikwa Site 2,High,0.9975551368969536,Low achievement,Low activity completion,Reporting delay,Limited supply delay,Review progress against targets and identify implementation bottlenecks. | Review delayed or incomplete activities and implementation constraints. | Validate reporting timeliness and follow up on delayed field submissions.,Recommended for human review; the model does not make operational decisions.
ES-001434,2026-02-01,Community Resilience Programme,Protection/Resilience,Borno,Gwoza,Gwoza Site 3,Low,2.0568370574781957e-23,Access constraints,Budget utilisation pattern,Low staff availability,Strong achievement,"Review access, movement and operational constraints affecting delivery. | Review expenditure patterns against implementation progress. | Review staffing coverage, absences and field deployment capacity.",Recommended for human review; the model does not make operational decisions.
ES-001210,2026-02-01,Community Resilience Programme,Protection/Resilience,Borno,Dikwa,Dikwa Site 2,Low,1.3413377836028707e-10,Reporting delay,Elevated complaints,Low staff availability,Strong achievement,"Validate reporting timeliness and follow up on delayed field submissions. | Review feedback and complaint records for recurring operational issues. | Review staffing coverage, absences and field deployment capacity.",Recommended for human review; the model does not make operational decisions.
ES-007610,2026-02-01,WASH Resilience Initiative,WASH,Borno,Gwoza,Gwoza Site 4,High,0.9998917516774608,Low achievement,Low activity completion,Supply delay,Lower access constraints,"Review progress against targets and identify implementation bottlenecks. | Review delayed or incomplete activities and implementation constraints. | Review procurement, logistics and supply-chain bottlenecks.",Recommended for human review; the model does not make operational decisions.
ES-006234,2026-02-01,WASH Resilience Initiative,WASH,Borno,Maiduguri,Maiduguri Site 3,Low,1.8681671524882023e-20,Elevated complaints,Reporting delay,Previous-month achievement pattern,Strong achievement,Review feedback and complaint records for recurring operational issues. | Validate reporting timeliness and follow up on delayed field submissions. | Review recent performance trends for persistent underachievement.,Recommended for human review; the model does not make operational decisions.
ES-000698,2026-02-01,Community Resilience Programme,Protection/Resilience,Borno,Mafa,Mafa Site 4,Low,1.935485130056584e-12,Supply delay,Access constraints,Lower data quality,Strong activity completion,"Review procurement, logistics and supply-chain bottlenecks. | Review access, movement and operational constraints affecting delivery. | Validate source data, completeness and reporting quality.",Recommended for human review; the model does not make operational decisions.
ES-002170,2026-02-01,Livelihood Recovery Initiative,Livelihoods,Borno,Mafa,Mafa Site 2,Medium,0.0381752421060197,Low achievement,Low activity completion,Reporting delay,Limited supply delay,Review progress against targets and identify implementation bottlenecks. | Review delayed or incomplete activities and implementation constraints. | Validate reporting timeliness and follow up on delayed field submissions.,Recommended for human review; the model does not make operational decisions.
ES-007418,2026-02-01,WASH Resilience Initiative,WASH,Borno,Dikwa,Dikwa Site 4,Low,2.7474830598290204e-13,Access constraints,Low staff availability,Budget utilisation pattern,Strong achievement,"Review access, movement and operational constraints affecting delivery. | Review staffing coverage, absences and field deployment capacity. | Review expenditure patterns against implementation progress.",Recommended for human review; the model does not make operational decisions.
ES-000538,2026-02-01,Community Resilience Programme,Protection/Resilience,Borno,Konduga,Konduga Site 5,Medium,2.0959775595747674e-05,Reporting delay,Low activity completion,Lower data quality,Strong achievement,"Validate reporting timeliness and follow up on delayed field submissions. | Review delayed or incomplete activities and implementation constraints. | Validate source data, completeness and reporting quality.",Recommended for human review; the model does not make operational decisions.
ES-000858,2026-02-01,Community Resilience Programme,Protection/Resilience,Borno,Bama,Bama Site 3,Low,1.120437710932882e-09,Low activity completion,Access constraints,Supply delay,Lower complaints,"Review delayed or incomplete activities and implementation constraints. | Review access, movement and operational constraints affecting delivery. | Review procurement, logistics and supply-chain bottlenecks.",Recommended for human review; the model does not make operational decisions.
ES-001178,2026-02-01,Community Resilience Programme,Protection/Resilience,Borno,Dikwa,Dikwa Site 1,Low,2.1187001824323066e-07,Reporting delay,Access constraints,Low activity completion,Limited supply delay,"Validate reporting timeliness and follow up on delayed field submissions. | Review access, movement and operational constraints affecting delivery. | Review delayed or incomplete activities and implementation constraints.",Recommended for human review; the model does not make operational decisions.
ES-007162,2026-02-01,WASH Resilience Initiative,WASH,Borno,Ngala,Ngala Site 2,Low,1.956648325951189e-13,Access constraints,Elevated complaints,Low achievement,Strong activity completion,"Review access, movement and operational constraints affecting delivery. | Review feedback and complaint records for recurring operational issues. | Review progress against targets and identify implementation bottlenecks.",Recommended for human review; the model does not make operational decisions.
ES-000442,2026-02-01,Community Resilience Programme,Protection/Resilience,Borno,Konduga,Konduga Site 2,Low,1.1862966595532018e-11,Elevated complaints,Access constraints,Low staff availability,Timely reporting,"Review feedback and complaint records for recurring operational issues. | Review access, movement and operational constraints affecting delivery. | Review staffing coverage, absences and field deployment capacity.",Recommended for human review; the model does not make operational decisions.
ES-000410,2026-02-01,Community Resilience Programme,Protection/Resilience,Borno,Konduga,Konduga Site 1,Low,9.309863884486473e-30,Access constraints,Previous-month achievement pattern,Budget utilisation pattern,Strong achievement,"Review access, movement and operational constraints affecting delivery. | Review recent performance trends for persistent underachievement. | Review expenditure patterns against implementation progress.",Recommended for human review; the model does not make operational decisions.
ES-004026,2026-02-01,Education Access Project,Education,Borno,Bama,Bama Site 6,Low,3.099244236700424e-08,Supply delay,Low activity completion,Low achievement,Timely reporting,"Review procurement, logistics and supply-chain bottlenecks. | Review delayed or incomplete activities and implementation constraints. | Review progress against targets and identify implementation bottlenecks.",Recommended for human review; the model does not make operational decisions.
ES-004282,2026-02-01,Education Access Project,Education,Borno,Dikwa,Dikwa Site 2,Low,1.2650768506936474e-10,Reporting delay,Supply delay,Access constraints,Strong activity completion,"Validate reporting timeliness and follow up on delayed field submissions. | Review procurement, logistics and supply-chain bottlenecks. | Review access, movement and operational constraints affecting delivery.",Recommended for human review; the model does not make operational decisions.
ES-001626,2026-02-01,Livelihood Recovery Initiative,Livelihoods,Borno,Maiduguri,Maiduguri Site 3,Low,2.112257743584156e-08,Low activity completion,Reporting delay,Supply delay,Strong achievement,"Review delayed or incomplete activities and implementation constraints. | Validate reporting timeliness and follow up on delayed field submissions. | Review procurement, logistics and supply-chain bottlenecks.",Recommended for human review; the model does not make operational decisions.
ES-002202,2026-02-01,Livelihood Recovery Initiative,Livelihoods,Borno,Mafa,Mafa Site 3,Medium,0.0172781235613488,Low achievement,Low activity completion,Elevated complaints,Limited supply delay,Review progress against targets and identify implementation bottlenecks. | Review delayed or incomplete activities and implementation constraints. | Review feedback and complaint records for recurring operational issues.,Recommended for human review; the model does not make operational decisions.
ES-002298,2026-02-01,Livelihood Recovery Initiative,Livelihoods,Borno,Mafa,Mafa Site 6,Medium,0.0005126669684395,Low activity completion,Elevated complaints,Reporting delay,Limited supply delay,Review delayed or incomplete activities and implementation constraints. | Review feedback and complaint records for recurring operational issues. | Validate reporting timeliness and follow up on delayed field submissions.,Recommended for human review; the model does not make operational decisions.
ES-005754,2026-02-01,Nutrition Support Programme,Nutrition,Borno,Ngala,Ngala Site 6,Low,7.446396477267211e-17,Low staff availability,Previous-month achievement pattern,Lower data quality,Strong achievement,"Review staffing coverage, absences and field deployment capacity. | Review recent performance trends for persistent underachievement. | Validate source data, completeness and reporting quality.",Recommended for human review; the model does not make operational decisions.
ES-004698,2026-02-01,Nutrition Support Programme,Nutrition,Borno,Maiduguri,Maiduguri Site 3,Low,3.4419255885332825e-24,Low activity completion,Lower data quality,Low staff availability,Strong achievement,"Review delayed or incomplete activities and implementation constraints. | Validate source data, completeness and reporting quality. | Review staffing coverage, absences and field deployment capacity.",Recommended for human review; the model does not make operational decisions.
ES-004250,2026-02-01,Education Access Project,Education,Borno,Dikwa,Dikwa Site 1,Medium,7.062809351122839e-05,Low achievement,Low activity completion,Elevated complaints,Timely reporting,Review progress against targets and identify implementation bottlenecks. | Review delayed or incomplete activities and implementation constraints. | Review feedback and complaint records for recurring operational issues.,Recommended for human review; the model does not make operational decisions.
ES-002586,2026-02-01,Livelihood Recovery Initiative,Livelihoods,Borno,Ngala,Ngala Site 3,Medium,3.683851523490969e-05,Low activity completion,Supply delay,Access constraints,Strong achievement,"Review delayed or incomplete activities and implementation constraints. | Review procurement, logistics and supply-chain bottlenecks. | Review access, movement and operational constraints affecting delivery.",Recommended for human review; the model does not make operational decisions.
ES-004762,2026-02-01,Nutrition Support Programme,Nutrition,Borno,Maiduguri,Maiduguri Site 5,Medium,0.0032239362029153,Low achievement,Low activity completion,Elevated complaints,Strong staff availability,Review progress against targets and identify implementation bottlenecks. | Review delayed or incomplete activities and implementation constraints. | Review feedback and complaint records for recurring operational issues.,Recommended for human review; the model does not make operational decisions.
ES-001658,2026-02-01,Livelihood Recovery Initiative,Livelihoods,Borno,Maiduguri,Maiduguri Site 4,Low,7.413520537066161e-10,Low activity completion,Supply delay,Reporting delay,Strong achievement,"Review delayed or incomplete activities and implementation constraints. | Review procurement, logistics and supply-chain bottlenecks. | Validate reporting timeliness and follow up on delayed field submissions.",Recommended for human review; the model does not make operational decisions.
ES-006714,2026-02-01,WASH Resilience Initiative,WASH,Borno,Konduga,Konduga Site 6,Medium,6.687505008060718e-05,Low achievement,Low staff availability,,Strong activity completion,"Review progress against targets and identify implementation bottlenecks. | Review staffing coverage, absences and field deployment capacity.",Recommended for human review; the model does not make operational decisions.
ES-000506,2026-02-01,Community Resilience Programme,Protection/Resilience,Borno,Konduga,Konduga Site 4,Low,3.26194719111472e-14,Low achievement,Access constraints,Previous-month achievement pattern,Strong activity completion,"Review progress against targets and identify implementation bottlenecks. | Review access, movement and operational constraints affecting delivery. | Review recent performance trends for persistent underachievement.",Recommended for human review; the model does not make operational decisions.
ES-001594,2026-02-01,Livelihood Recovery Initiative,Livelihoods,Borno,Maiduguri,Maiduguri Site 2,High,0.9913088971047906,Low achievement,Low activity completion,Reporting delay,Strong staff availability,Review progress against targets and identify implementation bottlenecks. | Review delayed or incomplete activities and implementation constraints. | Validate reporting timeliness and follow up on delayed field submissions.,Recommended for human review; the model does not make operational decisions.
ES-004730,2026-02-01,Nutrition Support Programme,Nutrition,Borno,Maiduguri,Maiduguri Site 4,Low,5.34442608487505e-12,Reporting delay,Low staff availability,Supply delay,Strong achievement,"Validate reporting timeliness and follow up on delayed field submissions. | Review staffing coverage, absences and field deployment capacity. | Review procurement, logistics and supply-chain bottlenecks.",Recommended for human review; the model does not make operational decisions.
ES-004794,2026-02-01,Nutrition Support Programme,Nutrition,Borno,Maiduguri,Maiduguri Site 6,Low,3.65574636875904e-08,Reporting delay,Supply delay,Low staff availability,Strong achievement,"Validate reporting timeliness and follow up on delayed field submissions. | Review procurement, logistics and supply-chain bottlenecks. | Review staffing coverage, absences and field deployment capacity.",Recommended for human review; the model does not make operational decisions.
ES-004346,2026-02-01,Education Access Project,Education,Borno,Dikwa,Dikwa Site 4,Medium,4.113041723932728e-05,Low achievement,Low activity completion,Lower data quality,Timely reporting,"Review progress against targets and identify implementation bottlenecks. | Review delayed or incomplete activities and implementation constraints. | Validate source data, completeness and reporting quality.",Recommended for human review; the model does not make operational decisions.
ES-005722,2026-02-01,Nutrition Support Programme,Nutrition,Borno,Ngala,Ngala Site 5,Low,2.0662096882865528e-12,Reporting delay,Supply delay,Access constraints,Strong achievement,"Validate reporting timeliness and follow up on delayed field submissions. | Review procurement, logistics and supply-chain bottlenecks. | Review access, movement and operational constraints affecting delivery.",Recommended for human review; the model does not make operational decisions.
ES-005082,2026-02-01,Nutrition Support Programme,Nutrition,Borno,Konduga,Konduga Site 3,Low,1.53257237415699e-23,Elevated complaints,Low staff availability,,Strong achievement,"Review feedback and complaint records for recurring operational issues. | Review staffing coverage, absences and field deployment capacity.",Recommended for human review; the model does not make operational decisions.
ES-004442,2026-02-01,Education Access Project,Education,Borno,Gwoza,Gwoza Site 1,Medium,0.0013269494746001,Low achievement,Low activity completion,Supply delay,Lower access constraints,"Review progress against targets and identify implementation bottlenecks. | Review delayed or incomplete activities and implementation constraints. | Review procurement, logistics and supply-chain bottlenecks.",Recommended for human review; the model does not make operational decisions.
ES-002618,2026-02-01,Livelihood Recovery Initiative,Livelihoods,Borno,Ngala,Ngala Site 4,Medium,0.1498859175504379,Low achievement,Low activity completion,Elevated complaints,Limited supply delay,Review progress against targets and identify implementation bottlenecks. | Review delayed or incomplete activities and implementation constraints. | Review feedback and complaint records for recurring operational issues.,Recommended for human review; the model does not make operational decisions.
ES-006874,2026-02-01,WASH Resilience Initiative,WASH,Borno,Mafa,Mafa Site 5,Medium,9.506340873879048e-05,Supply delay,Low achievement,Access constraints,Strong activity completion,"Review procurement, logistics and supply-chain bottlenecks. | Review progress against targets and identify implementation bottlenecks. | Review access, movement and operational constraints affecting delivery.",Recommended for human review; the model does not make operational decisions.
ES-002522,2026-02-01,Livelihood Recovery Initiative,Livelihoods,Borno,Ngala,Ngala Site 1,Medium,0.0895437988638037,Low achievement,Elevated complaints,Supply delay,Strong activity completion,"Review progress against targets and identify implementation bottlenecks. | Review feedback and complaint records for recurring operational issues. | Review procurement, logistics and supply-chain bottlenecks.",Recommended for human review; the model does not make operational decisions.
ES-000378,2026-02-01,Community Resilience Programme,Protection/Resilience,Borno,Jere,Jere Site 6,Medium,2.6922829007727806e-06,Supply delay,Access constraints,Low staff availability,Strong activity completion,"Review procurement, logistics and supply-chain bottlenecks. | Review access, movement and operational constraints affecting delivery. | Review staffing coverage, absences and field deployment capacity.",Recommended for human review; the model does not make operational decisions.
ES-006906,2026-02-01,WASH Resilience Initiative,WASH,Borno,Mafa,Mafa Site 6,Low,7.868876865496954e-16,Supply delay,Lower data quality,Previous-month achievement pattern,Strong achievement,"Review procurement, logistics and supply-chain bottlenecks. | Validate source data, completeness and reporting quality. | Review recent performance trends for persistent underachievement.",Recommended for human review; the model does not make operational decisions.
ES-005594,2026-02-01,Nutrition Support Programme,Nutrition,Borno,Ngala,Ngala Site 1,Low,9.476914291737297e-16,Reporting delay,Low activity completion,,Strong achievement,Validate reporting timeliness and follow up on delayed field submissions. | Review delayed or incomplete activities and implementation constraints.,Recommended for human review; the model does not make operational decisions.
ES-004474,2026-02-01,Education Access Project,Education,Borno,Gwoza,Gwoza Site 2,High,0.9999543689680914,Low achievement,Supply delay,Reporting delay,Strong activity completion,"Review progress against targets and identify implementation bottlenecks. | Review procurement, logistics and supply-chain bottlenecks. | Validate reporting timeliness and follow up on delayed field submissions.",Recommended for human review; the model does not make operational decisions.
ES-001690,2026-02-01,Livelihood Recovery Initiative,Livelihoods,Borno,Maiduguri,Maiduguri Site 5,Low,2.5827877127544707e-15,Access constraints,Elevated complaints,Lower data quality,Strong achievement,"Review access, movement and operational constraints affecting delivery. | Review feedback and complaint records for recurring operational issues. | Validate source data, completeness and reporting quality.",Recommended for human review; the model does not make operational decisions.
ES-003994,2026-02-01,Education Access Project,Education,Borno,Bama,Bama Site 5,Low,7.643551588613698e-14,Supply delay,Access constraints,Previous-month achievement pattern,Strong achievement,"Review procurement, logistics and supply-chain bottlenecks. | Review access, movement and operational constraints affecting delivery. | Review recent performance trends for persistent underachievement.",Recommended for human review; the model does not make operational decisions.
ES-000570,2026-02-01,Community Resilience Programme,Protection/Resilience,Borno,Konduga,Konduga Site 6,Low,2.44692937637631e-16,Reporting delay,Elevated complaints,Previous-month achievement pattern,Strong achievement,Validate reporting timeliness and follow up on delayed field submissions. | Review feedback and complaint records for recurring operational issues. | Review recent performance trends for persistent underachievement.,Recommended for human review; the model does not make operational decisions.
ES-005626,2026-02-01,Nutrition Support Programme,Nutrition,Borno,Ngala,Ngala Site 2,High,0.7739697494630702,Low achievement,Access constraints,Reporting delay,Limited supply delay,"Review progress against targets and identify implementation bottlenecks. | Review access, movement and operational constraints affecting delivery. | Validate reporting timeliness and follow up on delayed field submissions.",Recommended for human review; the model does not make operational decisions.
ES-005690,2026-02-01,Nutrition Support Programme,Nutrition,Borno,Ngala,Ngala Site 4,Medium,7.572690022898928e-05,Low achievement,Access constraints,Supply delay,Lower complaints,"Review progress against targets and identify implementation bottlenecks. | Review access, movement and operational constraints affecting delivery. | Review procurement, logistics and supply-chain bottlenecks.",Recommended for human review; the model does not make operational decisions.
ES-005658,2026-02-01,Nutrition Support Programme,Nutrition,Borno,Ngala,Ngala Site 3,Low,1.3135781737860578e-19,Reporting delay,Budget utilisation pattern,Previous-month achievement pattern,Strong achievement,Validate reporting timeliness and follow up on delayed field submissions. | Review expenditure patterns against implementation progress. | Review recent performance trends for persistent underachievement.,Recommended for human review; the model does not make operational decisions.
ES-004858,2026-02-01,Nutrition Support Programme,Nutrition,Borno,Jere,Jere Site 2,Medium,0.0340459647053495,Low activity completion,Supply delay,Elevated complaints,Lower access constraints,"Review delayed or incomplete activities and implementation constraints. | Review procurement, logistics and supply-chain bottlenecks. | Review feedback and complaint records for recurring operational issues.",Recommended for human review; the model does not make operational decisions.
ES-002650,2026-02-01,Livelihood Recovery Initiative,Livelihoods,Borno,Ngala,Ngala Site 5,High,0.9984227535601315,Elevated complaints,Low activity completion,Access constraints,Strong achievement,"Review feedback and complaint records for recurring operational issues. | Review delayed or incomplete activities and implementation constraints. | Review access, movement and operational constraints affecting delivery.",Recommended for human review; the model does not make operational decisions.
ES-000154,2026-02-01,Community Resilience Programme,Protection/Resilience,Borno,Maiduguri,Maiduguri Site 5,Low,2.580865728402509e-24,Elevated complaints,Lower data quality,,Strong achievement,"Review feedback and complaint records for recurring operational issues. | Validate source data, completeness and reporting quality.",Recommended for human review; the model does not make operational decisions.
ES-004506,2026-02-01,Education Access Project,Education,Borno,Gwoza,Gwoza Site 3,Low,1.3526109925288629e-08,Low achievement,Low staff availability,,Timely reporting,"Review progress against targets and identify implementation bottlenecks. | Review staffing coverage, absences and field deployment capacity.",Recommended for human review; the model does not make operational decisions.
ES-004378,2026-02-01,Education Access Project,Education,Borno,Dikwa,Dikwa Site 5,Medium,7.063815847729198e-05,Low achievement,Low activity completion,Reporting delay,Limited supply delay,Review progress against targets and identify implementation bottlenecks. | Review delayed or incomplete activities and implementation constraints. | Validate reporting timeliness and follow up on delayed field submissions.,Recommended for human review; the model does not make operational decisions.
ES-005402,2026-02-01,Nutrition Support Programme,Nutrition,Borno,Bama,Bama Site 1,Medium,4.758461048092568e-05,Low achievement,Low activity completion,Low staff availability,Limited supply delay,"Review progress against targets and identify implementation bottlenecks. | Review delayed or incomplete activities and implementation constraints. | Review staffing coverage, absences and field deployment capacity.",Recommended for human review; the model does not make operational decisions.
ES-001562,2026-02-01,Livelihood Recovery Initiative,Livelihoods,Borno,Maiduguri,Maiduguri Site 1,Medium,3.3246721413828277e-06,Low activity completion,Supply delay,Reporting delay,Strong achievement,"Review delayed or incomplete activities and implementation constraints. | Review procurement, logistics and supply-chain bottlenecks. | Validate reporting timeliness and follow up on delayed field submissions.",Recommended for human review; the model does not make operational decisions.
ES-004314,2026-02-01,Education Access Project,Education,Borno,Dikwa,Dikwa Site 3,Low,7.515521146371683e-25,Access constraints,Previous-month achievement pattern,,Strong activity completion,"Review access, movement and operational constraints affecting delivery. | Review recent performance trends for persistent underachievement.",Recommended for human review; the model does not make operational decisions.
ES-006938,2026-02-01,WASH Resilience Initiative,WASH,Borno,Bama,Bama Site 1,High,0.8832479158421565,Low achievement,Low activity completion,Elevated complaints,Strong staff availability,Review progress against targets and identify implementation bottlenecks. | Review delayed or incomplete activities and implementation constraints. | Review feedback and complaint records for recurring operational issues.,Recommended for human review; the model does not make operational decisions.
ES-000474,2026-02-01,Community Resilience Programme,Protection/Resilience,Borno,Konduga,Konduga Site 3,Low,3.202482535817841e-24,Low activity completion,Access constraints,Lower data quality,Strong achievement,"Review delayed or incomplete activities and implementation constraints. | Review access, movement and operational constraints affecting delivery. | Validate source data, completeness and reporting quality.",Recommended for human review; the model does not make operational decisions.
ES-001722,2026-02-01,Livelihood Recovery Initiative,Livelihoods,Borno,Maiduguri,Maiduguri Site 6,Medium,1.8441278937454164e-05,Reporting delay,Supply delay,Low staff availability,Lower complaints,"Validate reporting timeliness and follow up on delayed field submissions. | Review procurement, logistics and supply-chain bottlenecks. | Review staffing coverage, absences and field deployment capacity.",Recommended for human review; the model does not make operational decisions.
ES-004410,2026-02-01,Education Access Project,Education,Borno,Dikwa,Dikwa Site 6,Low,2.3904361596368757e-12,Low achievement,Elevated complaints,Low activity completion,Timely reporting,Review progress against targets and identify implementation bottlenecks. | Review feedback and complaint records for recurring operational issues. | Review delayed or incomplete activities and implementation constraints.,Recommended for human review; the model does not make operational decisions.
ES-002682,2026-02-01,Livelihood Recovery Initiative,Livelihoods,Borno,Ngala,Ngala Site 6,Medium,4.119564677472167e-05,Elevated complaints,Supply delay,Low activity completion,Lower access constraints,"Review feedback and complaint records for recurring operational issues. | Review procurement, logistics and supply-chain bottlenecks. | Review delayed or incomplete activities and implementation constraints.",Recommended for human review; the model does not make operational decisions.
ES-007258,2026-02-01,WASH Resilience Initiative,WASH,Borno,Ngala,Ngala Site 5,Medium,0.4306644508904865,Low achievement,Low activity completion,Supply delay,Timely reporting,"Review progress against targets and identify implementation bottlenecks. | Review delayed or incomplete activities and implementation constraints. | Review procurement, logistics and supply-chain bottlenecks.",Recommended for human review; the model does not make operational decisions.
ES-002266,2026-02-01,Livelihood Recovery Initiative,Livelihoods,Borno,Mafa,Mafa Site 5,High,0.949586984337636,Low achievement,Low activity completion,Reporting delay,Limited supply delay,Review progress against targets and identify implementation bottlenecks. | Review delayed or incomplete activities and implementation constraints. | Validate reporting timeliness and follow up on delayed field submissions.,Recommended for human review; the model does not make operational decisions.
ES-002234,2026-02-01,Livelihood Recovery Initiative,Livelihoods,Borno,Mafa,Mafa Site 4,Medium,1.678372411834168e-05,Low achievement,Supply delay,,Timely reporting,"Review progress against targets and identify implementation bottlenecks. | Review procurement, logistics and supply-chain bottlenecks.",Recommended for human review; the model does not make operational decisions.
ES-000251,2026-03-01,Community Resilience Programme,Protection/Resilience,Borno,Jere,Jere Site 2,Low,1.7550104728939891e-09,Low achievement,Access constraints,Previous-month achievement pattern,Strong activity completion,"Review progress against targets and identify implementation bottlenecks. | Review access, movement and operational constraints affecting delivery. | Review recent performance trends for persistent underachievement.",Recommended for human review; the model does not make operational decisions.
ES-003579,2026-03-01,Education Access Project,Education,Borno,Konduga,Konduga Site 4,High,0.8451957899384703,Low achievement,Low activity completion,Elevated complaints,Limited supply delay,Review progress against targets and identify implementation bottlenecks. | Review delayed or incomplete activities and implementation constraints. | Review feedback and complaint records for recurring operational issues.,Recommended for human review; the model does not make operational decisions.
ES-004091,2026-03-01,Education Access Project,Education,Borno,Ngala,Ngala Site 2,Low,5.983594941678509e-17,Lower data quality,Budget utilisation pattern,,Timely reporting,"Validate source data, completeness and reporting quality. | Review expenditure patterns against implementation progress.",Recommended for human review; the model does not make operational decisions.
ES-005563,2026-03-01,Nutrition Support Programme,Nutrition,Borno,Bama,Bama Site 6,Low,3.6723545712761465e-07,Low activity completion,Supply delay,Access constraints,Strong achievement,"Review delayed or incomplete activities and implementation constraints. | Review procurement, logistics and supply-chain bottlenecks. | Review access, movement and operational constraints affecting delivery.",Recommended for human review; the model does not make operational decisions.
ES-003771,2026-03-01,Education Access Project,Education,Borno,Mafa,Mafa Site 4,Low,2.1202587368413857e-17,Elevated complaints,Low staff availability,Budget utilisation pattern,Strong activity completion,"Review feedback and complaint records for recurring operational issues. | Review staffing coverage, absences and field deployment capacity. | Review expenditure patterns against implementation progress.",Recommended for human review; the model does not make operational decisions.
ES-006459,2026-03-01,WASH Resilience Initiative,WASH,Borno,Jere,Jere Site 4,Low,2.003610425632907e-14,Supply delay,Access constraints,Elevated complaints,Strong achievement,"Review procurement, logistics and supply-chain bottlenecks. | Review access, movement and operational constraints affecting delivery. | Review feedback and complaint records for recurring operational issues.",Recommended for human review; the model does not make operational decisions.
ES-007355,2026-03-01,WASH Resilience Initiative,WASH,Borno,Dikwa,Dikwa Site 2,Low,3.218743318783244e-20,Access constraints,Budget utilisation pattern,,Strong achievement,"Review access, movement and operational constraints affecting delivery. | Review expenditure patterns against implementation progress.",Recommended for human review; the model does not make operational decisions.
ES-003611,2026-03-01,Education Access Project,Education,Borno,Konduga,Konduga Site 5,Medium,0.2818226645750057,Low achievement,Elevated complaints,Low activity completion,Timely reporting,Review progress against targets and identify implementation bottlenecks. | Review feedback and complaint records for recurring operational issues. | Review delayed or incomplete activities and implementation constraints.,Recommended for human review; the model does not make operational decisions.
ES-000219,2026-03-01,Community Resilience Programme,Protection/Resilience,Borno,Jere,Jere Site 1,Low,1.2032815400519691e-27,Low activity completion,Low staff availability,Previous-month achievement pattern,Strong achievement,"Review delayed or incomplete activities and implementation constraints. | Review staffing coverage, absences and field deployment capacity. | Review recent performance trends for persistent underachievement.",Recommended for human review; the model does not make operational decisions.
ES-000539,2026-03-01,Community Resilience Programme,Protection/Resilience,Borno,Konduga,Konduga Site 5,Low,7.636646245048102e-20,Elevated complaints,Low activity completion,Supply delay,Strong achievement,"Review feedback and complaint records for recurring operational issues. | Review delayed or incomplete activities and implementation constraints. | Review procurement, logistics and supply-chain bottlenecks.",Recommended for human review; the model does not make operational decisions.
ES-005883,2026-03-01,Nutrition Support Programme,Nutrition,Borno,Dikwa,Dikwa Site 4,Low,1.7562302304485399e-28,Previous-month achievement pattern,,,Strong achievement,Review recent performance trends for persistent underachievement.,Recommended for human review; the model does not make operational decisions.
ES-003707,2026-03-01,Education Access Project,Education,Borno,Mafa,Mafa Site 2,High,0.8617243699712508,Supply delay,Reporting delay,Low activity completion,Lower access constraints,"Review procurement, logistics and supply-chain bottlenecks. | Validate reporting timeliness and follow up on delayed field submissions. | Review delayed or incomplete activities and implementation constraints.",Recommended for human review; the model does not make operational decisions.
ES-005723,2026-03-01,Nutrition Support Programme,Nutrition,Borno,Ngala,Ngala Site 5,Low,5.053679723936436e-17,Elevated complaints,Access constraints,Lower data quality,Strong achievement,"Review feedback and complaint records for recurring operational issues. | Review access, movement and operational constraints affecting delivery. | Validate source data, completeness and reporting quality.",Recommended for human review; the model does not make operational decisions.
ES-001275,2026-03-01,Community Resilience Programme,Protection/Resilience,Borno,Dikwa,Dikwa Site 4,Medium,0.0110722003197075,Reporting delay,Low achievement,Low activity completion,Limited supply delay,Validate reporting timeliness and follow up on delayed field submissions. | Review progress against targets and identify implementation bottlenecks. | Review delayed or incomplete activities and implementation constraints.,Recommended for human review; the model does not make operational decisions.
ES-000635,2026-03-01,Community Resilience Programme,Protection/Resilience,Borno,Mafa,Mafa Site 2,Low,1.516508131680563e-08,Supply delay,Access constraints,Low staff availability,Timely reporting,"Review procurement, logistics and supply-chain bottlenecks. | Review access, movement and operational constraints affecting delivery. | Review staffing coverage, absences and field deployment capacity.",Recommended for human review; the model does not make operational decisions.
ES-007515,2026-03-01,WASH Resilience Initiative,WASH,Borno,Gwoza,Gwoza Site 1,Medium,0.0016051082665609,Low achievement,Elevated complaints,Supply delay,Strong activity completion,"Review progress against targets and identify implementation bottlenecks. | Review feedback and complaint records for recurring operational issues. | Review procurement, logistics and supply-chain bottlenecks.",Recommended for human review; the model does not make operational decisions.
ES-000571,2026-03-01,Community Resilience Programme,Protection/Resilience,Borno,Konduga,Konduga Site 6,Low,2.786876891169526e-21,Supply delay,Reporting delay,Previous-month achievement pattern,Strong achievement,"Review procurement, logistics and supply-chain bottlenecks. | Validate reporting timeliness and follow up on delayed field submissions. | Review recent performance trends for persistent underachievement.",Recommended for human review; the model does not make operational decisions.
ES-001595,2026-03-01,Livelihood Recovery Initiative,Livelihoods,Borno,Maiduguri,Maiduguri Site 2,Medium,0.0081045283013561,Reporting delay,Supply delay,Elevated complaints,Strong activity completion,"Validate reporting timeliness and follow up on delayed field submissions. | Review procurement, logistics and supply-chain bottlenecks. | Review feedback and complaint records for recurring operational issues.",Recommended for human review; the model does not make operational decisions.
ES-005627,2026-03-01,Nutrition Support Programme,Nutrition,Borno,Ngala,Ngala Site 2,Medium,0.0433900882554039,Low achievement,Access constraints,Supply delay,Lower complaints,"Review progress against targets and identify implementation bottlenecks. | Review access, movement and operational constraints affecting delivery. | Review procurement, logistics and supply-chain bottlenecks.",Recommended for human review; the model does not make operational decisions.
ES-001755,2026-03-01,Livelihood Recovery Initiative,Livelihoods,Borno,Jere,Jere Site 1,Medium,0.0239672146197982,Low achievement,Supply delay,Elevated complaints,Strong activity completion,"Review progress against targets and identify implementation bottlenecks. | Review procurement, logistics and supply-chain bottlenecks. | Review feedback and complaint records for recurring operational issues.",Recommended for human review; the model does not make operational decisions.
ES-006747,2026-03-01,WASH Resilience Initiative,WASH,Borno,Mafa,Mafa Site 1,High,0.7450657005120453,Supply delay,Low achievement,Access constraints,Timely reporting,"Review procurement, logistics and supply-chain bottlenecks. | Review progress against targets and identify implementation bottlenecks. | Review access, movement and operational constraints affecting delivery.",Recommended for human review; the model does not make operational decisions.
ES-007387,2026-03-01,WASH Resilience Initiative,WASH,Borno,Dikwa,Dikwa Site 3,Medium,1.1742687460180498e-05,Low activity completion,Reporting delay,Elevated complaints,Limited supply delay,Review delayed or incomplete activities and implementation constraints. | Validate reporting timeliness and follow up on delayed field submissions. | Review feedback and complaint records for recurring operational issues.,Recommended for human review; the model does not make operational decisions.
ES-002811,2026-03-01,Livelihood Recovery Initiative,Livelihoods,Borno,Dikwa,Dikwa Site 4,Low,1.323144850814963e-07,Low activity completion,Reporting delay,Low achievement,Lower complaints,Review delayed or incomplete activities and implementation constraints. | Validate reporting timeliness and follow up on delayed field submissions. | Review progress against targets and identify implementation bottlenecks.,Recommended for human review; the model does not make operational decisions.
ES-005595,2026-03-01,Nutrition Support Programme,Nutrition,Borno,Ngala,Ngala Site 1,Low,9.430297952697192e-08,Supply delay,Low activity completion,Reporting delay,Strong achievement,"Review procurement, logistics and supply-chain bottlenecks. | Review delayed or incomplete activities and implementation constraints. | Validate reporting timeliness and follow up on delayed field submissions.",Recommended for human review; the model does not make operational decisions.
ES-006267,2026-03-01,WASH Resilience Initiative,WASH,Borno,Maiduguri,Maiduguri Site 4,Medium,6.008341629113673e-05,Elevated complaints,Supply delay,Low staff availability,Strong achievement,"Review feedback and complaint records for recurring operational issues. | Review procurement, logistics and supply-chain bottlenecks. | Review staffing coverage, absences and field deployment capacity.",Recommended for human review; the model does not make operational decisions.
ES-002267,2026-03-01,Livelihood Recovery Initiative,Livelihoods,Borno,Mafa,Mafa Site 5,Low,2.2903784714517123e-22,Low activity completion,Budget utilisation pattern,Lower data quality,Strong achievement,"Review delayed or incomplete activities and implementation constraints. | Review expenditure patterns against implementation progress. | Validate source data, completeness and reporting quality.",Recommended for human review; the model does not make operational decisions.
ES-007131,2026-03-01,WASH Resilience Initiative,WASH,Borno,Ngala,Ngala Site 1,Low,4.079745776661943e-11,Elevated complaints,Low activity completion,Previous-month achievement pattern,Timely reporting,Review feedback and complaint records for recurring operational issues. | Review delayed or incomplete activities and implementation constraints. | Review recent performance trends for persistent underachievement.,Recommended for human review; the model does not make operational decisions.
ES-005531,2026-03-01,Nutrition Support Programme,Nutrition,Borno,Bama,Bama Site 5,Medium,2.529258170579917e-06,Reporting delay,Low activity completion,Supply delay,Strong achievement,"Validate reporting timeliness and follow up on delayed field submissions. | Review delayed or incomplete activities and implementation constraints. | Review procurement, logistics and supply-chain bottlenecks.",Recommended for human review; the model does not make operational decisions.
ES-005659,2026-03-01,Nutrition Support Programme,Nutrition,Borno,Ngala,Ngala Site 3,Low,2.6784456871176496e-19,Elevated complaints,Supply delay,Previous-month achievement pattern,Strong achievement,"Review feedback and complaint records for recurring operational issues. | Review procurement, logistics and supply-chain bottlenecks. | Review recent performance trends for persistent underachievement.",Recommended for human review; the model does not make operational decisions.
ES-002683,2026-03-01,Livelihood Recovery Initiative,Livelihoods,Borno,Ngala,Ngala Site 6,Medium,4.271889854411364e-06,Low activity completion,Elevated complaints,Lower data quality,Timely reporting,"Review delayed or incomplete activities and implementation constraints. | Review feedback and complaint records for recurring operational issues. | Validate source data, completeness and reporting quality.",Recommended for human review; the model does not make operational decisions.
ES-005275,2026-03-01,Nutrition Support Programme,Nutrition,Borno,Mafa,Mafa Site 3,Medium,4.566955066397897e-06,Elevated complaints,Lower data quality,Previous-month achievement pattern,Strong achievement,"Review feedback and complaint records for recurring operational issues. | Validate source data, completeness and reporting quality. | Review recent performance trends for persistent underachievement.",Recommended for human review; the model does not make operational decisions.
ES-001819,2026-03-01,Livelihood Recovery Initiative,Livelihoods,Borno,Jere,Jere Site 3,Low,2.052484724220341e-11,Low activity completion,Elevated complaints,Lower data quality,Strong achievement,"Review delayed or incomplete activities and implementation constraints. | Review feedback and complaint records for recurring operational issues. | Validate source data, completeness and reporting quality.",Recommended for human review; the model does not make operational decisions.
ES-000155,2026-03-01,Community Resilience Programme,Protection/Resilience,Borno,Maiduguri,Maiduguri Site 5,Low,1.310173913294964e-19,Low activity completion,Previous-month achievement pattern,Budget utilisation pattern,Strong achievement,Review delayed or incomplete activities and implementation constraints. | Review recent performance trends for persistent underachievement. | Review expenditure patterns against implementation progress.,Recommended for human review; the model does not make operational decisions.
ES-001851,2026-03-01,Livelihood Recovery Initiative,Livelihoods,Borno,Jere,Jere Site 4,Low,2.1178569985303663e-14,Low activity completion,Low staff availability,,Strong achievement,"Review delayed or incomplete activities and implementation constraints. | Review staffing coverage, absences and field deployment capacity.",Recommended for human review; the model does not make operational decisions.
ES-006523,2026-03-01,WASH Resilience Initiative,WASH,Borno,Jere,Jere Site 6,Medium,0.0024844476224382,Access constraints,Reporting delay,Low achievement,Limited supply delay,"Review access, movement and operational constraints affecting delivery. | Validate reporting timeliness and follow up on delayed field submissions. | Review progress against targets and identify implementation bottlenecks.",Recommended for human review; the model does not make operational decisions.
ES-004059,2026-03-01,Education Access Project,Education,Borno,Ngala,Ngala Site 1,Medium,0.0569829502022094,Reporting delay,Low achievement,Access constraints,Limited supply delay,"Validate reporting timeliness and follow up on delayed field submissions. | Review progress against targets and identify implementation bottlenecks. | Review access, movement and operational constraints affecting delivery.",Recommended for human review; the model does not make operational decisions.
ES-006843,2026-03-01,WASH Resilience Initiative,WASH,Borno,Mafa,Mafa Site 4,Medium,0.0033206653169359,Low achievement,Low activity completion,Reporting delay,Lower complaints,Review progress against targets and identify implementation bottlenecks. | Review delayed or incomplete activities and implementation constraints. | Validate reporting timeliness and follow up on delayed field submissions.,Recommended for human review; the model does not make operational decisions.
ES-000763,2026-03-01,Community Resilience Programme,Protection/Resilience,Borno,Mafa,Mafa Site 6,Medium,0.0194006555822931,Low achievement,Access constraints,Reporting delay,Lower complaints,"Review progress against targets and identify implementation bottlenecks. | Review access, movement and operational constraints affecting delivery. | Validate reporting timeliness and follow up on delayed field submissions.",Recommended for human review; the model does not make operational decisions.
ES-000507,2026-03-01,Community Resilience Programme,Protection/Resilience,Borno,Konduga,Konduga Site 4,Low,4.824815107732732e-20,Reporting delay,Elevated complaints,Lower data quality,Strong activity completion,"Validate reporting timeliness and follow up on delayed field submissions. | Review feedback and complaint records for recurring operational issues. | Validate source data, completeness and reporting quality.",Recommended for human review; the model does not make operational decisions.
ES-004987,2026-03-01,Nutrition Support Programme,Nutrition,Borno,Jere,Jere Site 6,Medium,1.3669870710552592e-05,Low achievement,Reporting delay,Access constraints,Limited supply delay,"Review progress against targets and identify implementation bottlenecks. | Validate reporting timeliness and follow up on delayed field submissions. | Review access, movement and operational constraints affecting delivery.",Recommended for human review; the model does not make operational decisions.
ES-002779,2026-03-01,Livelihood Recovery Initiative,Livelihoods,Borno,Dikwa,Dikwa Site 3,Medium,0.0002265165086658,Low achievement,Elevated complaints,Low activity completion,Timely reporting,Review progress against targets and identify implementation bottlenecks. | Review feedback and complaint records for recurring operational issues. | Review delayed or incomplete activities and implementation constraints.,Recommended for human review; the model does not make operational decisions.
ES-001787,2026-03-01,Livelihood Recovery Initiative,Livelihoods,Borno,Jere,Jere Site 2,Medium,1.5946332394425233e-05,Reporting delay,Access constraints,Elevated complaints,Strong achievement,"Validate reporting timeliness and follow up on delayed field submissions. | Review access, movement and operational constraints affecting delivery. | Review feedback and complaint records for recurring operational issues.",Recommended for human review; the model does not make operational decisions.
ES-003355,2026-03-01,Education Access Project,Education,Borno,Jere,Jere Site 3,Low,3.8626369280662937e-10,Low staff availability,Low achievement,Elevated complaints,Strong activity completion,"Review staffing coverage, absences and field deployment capacity. | Review progress against targets and identify implementation bottlenecks. | Review feedback and complaint records for recurring operational issues.",Recommended for human review; the model does not make operational decisions.
ES-000411,2026-03-01,Community Resilience Programme,Protection/Resilience,Borno,Konduga,Konduga Site 1,Low,8.89618646250753e-16,Supply delay,Reporting delay,Previous-month achievement pattern,Strong achievement,"Review procurement, logistics and supply-chain bottlenecks. | Validate reporting timeliness and follow up on delayed field submissions. | Review recent performance trends for persistent underachievement.",Recommended for human review; the model does not make operational decisions.
ES-003899,2026-03-01,Education Access Project,Education,Borno,Bama,Bama Site 2,Medium,3.5486837067099465e-05,Low achievement,Supply delay,Low staff availability,Timely reporting,"Review progress against targets and identify implementation bottlenecks. | Review procurement, logistics and supply-chain bottlenecks. | Review staffing coverage, absences and field deployment capacity.",Recommended for human review; the model does not make operational decisions.
ES-005371,2026-03-01,Nutrition Support Programme,Nutrition,Borno,Mafa,Mafa Site 6,Medium,0.1380787036466575,Reporting delay,Low activity completion,Supply delay,Strong staff availability,"Validate reporting timeliness and follow up on delayed field submissions. | Review delayed or incomplete activities and implementation constraints. | Review procurement, logistics and supply-chain bottlenecks.",Recommended for human review; the model does not make operational decisions.
ES-002427,2026-03-01,Livelihood Recovery Initiative,Livelihoods,Borno,Bama,Bama Site 4,Low,3.3532533064935115e-10,Low activity completion,Elevated complaints,Low staff availability,Strong achievement,"Review delayed or incomplete activities and implementation constraints. | Review feedback and complaint records for recurring operational issues. | Review staffing coverage, absences and field deployment capacity.",Recommended for human review; the model does not make operational decisions.
ES-001115,2026-03-01,Community Resilience Programme,Protection/Resilience,Borno,Ngala,Ngala Site 5,Medium,0.000464928677682,Reporting delay,Low activity completion,Low staff availability,Limited supply delay,"Validate reporting timeliness and follow up on delayed field submissions. | Review delayed or incomplete activities and implementation constraints. | Review staffing coverage, absences and field deployment capacity.",Recommended for human review; the model does not make operational decisions.
ES-003387,2026-03-01,Education Access Project,Education,Borno,Jere,Jere Site 4,Medium,1.7697873140826866e-05,Low activity completion,Access constraints,Reporting delay,Strong achievement,"Review delayed or incomplete activities and implementation constraints. | Review access, movement and operational constraints affecting delivery. | Validate reporting timeliness and follow up on delayed field submissions.",Recommended for human review; the model does not make operational decisions.
ES-007579,2026-03-01,WASH Resilience Initiative,WASH,Borno,Gwoza,Gwoza Site 3,Medium,0.252158742731619,Supply delay,Low activity completion,Access constraints,Lower complaints,"Review procurement, logistics and supply-chain bottlenecks. | Review delayed or incomplete activities and implementation constraints. | Review access, movement and operational constraints affecting delivery.",Recommended for human review; the model does not make operational decisions.
ES-000443,2026-03-01,Community Resilience Programme,Protection/Resilience,Borno,Konduga,Konduga Site 2,Low,1.3094138937681372e-08,Low achievement,Access constraints,Elevated complaints,Strong activity completion,"Review progress against targets and identify implementation bottlenecks. | Review access, movement and operational constraints affecting delivery. | Review feedback and complaint records for recurring operational issues.",Recommended for human review; the model does not make operational decisions.
ES-004827,2026-03-01,Nutrition Support Programme,Nutrition,Borno,Jere,Jere Site 1,Low,7.417890497203521e-11,Supply delay,Elevated complaints,Low activity completion,Strong achievement,"Review procurement, logistics and supply-chain bottlenecks. | Review feedback and complaint records for recurring operational issues. | Review delayed or incomplete activities and implementation constraints.",Recommended for human review; the model does not make operational decisions.
ES-007483,2026-03-01,WASH Resilience Initiative,WASH,Borno,Dikwa,Dikwa Site 6,Low,2.741216173687448e-19,Low activity completion,Lower data quality,Low staff availability,Limited supply delay,"Review delayed or incomplete activities and implementation constraints. | Validate source data, completeness and reporting quality. | Review staffing coverage, absences and field deployment capacity.",Recommended for human review; the model does not make operational decisions.
ES-001147,2026-03-01,Community Resilience Programme,Protection/Resilience,Borno,Ngala,Ngala Site 6,Low,2.199420791707429e-12,Low staff availability,Supply delay,Lower data quality,Timely reporting,"Review staffing coverage, absences and field deployment capacity. | Review procurement, logistics and supply-chain bottlenecks. | Validate source data, completeness and reporting quality.",Recommended for human review; the model does not make operational decisions.
ES-003483,2026-03-01,Education Access Project,Education,Borno,Konduga,Konduga Site 1,Low,2.4507135692257607e-17,Low activity completion,Elevated complaints,Reporting delay,Strong achievement,Review delayed or incomplete activities and implementation constraints. | Review feedback and complaint records for recurring operational issues. | Validate reporting timeliness and follow up on delayed field submissions.,Recommended for human review; the model does not make operational decisions.
ES-005851,2026-03-01,Nutrition Support Programme,Nutrition,Borno,Dikwa,Dikwa Site 3,Low,1.5003288082926085e-19,Supply delay,Lower data quality,Low staff availability,Strong achievement,"Review procurement, logistics and supply-chain bottlenecks. | Validate source data, completeness and reporting quality. | Review staffing coverage, absences and field deployment capacity.",Recommended for human review; the model does not make operational decisions.
ES-000059,2026-03-01,Community Resilience Programme,Protection/Resilience,Borno,Maiduguri,Maiduguri Site 2,Low,1.9604182939266852e-14,Supply delay,Low staff availability,Low activity completion,Strong achievement,"Review procurement, logistics and supply-chain bottlenecks. | Review staffing coverage, absences and field deployment capacity. | Review delayed or incomplete activities and implementation constraints.",Recommended for human review; the model does not make operational decisions.
ES-000667,2026-03-01,Community Resilience Programme,Protection/Resilience,Borno,Mafa,Mafa Site 3,Low,1.824748131708515e-13,Supply delay,Low staff availability,Access constraints,Strong achievement,"Review procurement, logistics and supply-chain bottlenecks. | Review staffing coverage, absences and field deployment capacity. | Review access, movement and operational constraints affecting delivery.",Recommended for human review; the model does not make operational decisions.
ES-004411,2026-03-01,Education Access Project,Education,Borno,Dikwa,Dikwa Site 6,Low,3.3384265377215618e-15,No strong risk-increasing signal,,,Strong achievement,,Recommended for human review; the model does not make operational decisions.
ES-001723,2026-03-01,Livelihood Recovery Initiative,Livelihoods,Borno,Maiduguri,Maiduguri Site 6,Low,2.8857433651311304e-20,Supply delay,Low staff availability,Budget utilisation pattern,Strong achievement,"Review procurement, logistics and supply-chain bottlenecks. | Review staffing coverage, absences and field deployment capacity. | Review expenditure patterns against implementation progress.",Recommended for human review; the model does not make operational decisions.
ES-006811,2026-03-01,WASH Resilience Initiative,WASH,Borno,Mafa,Mafa Site 3,Medium,0.0026590443215493,Low activity completion,Low achievement,Lower data quality,Limited supply delay,"Review delayed or incomplete activities and implementation constraints. | Review progress against targets and identify implementation bottlenecks. | Validate source data, completeness and reporting quality.",Recommended for human review; the model does not make operational decisions.
ES-004763,2026-03-01,Nutrition Support Programme,Nutrition,Borno,Maiduguri,Maiduguri Site 5,Low,1.9874952654584133e-12,Low activity completion,Reporting delay,Lower data quality,Strong achievement,"Review delayed or incomplete activities and implementation constraints. | Validate reporting timeliness and follow up on delayed field submissions. | Validate source data, completeness and reporting quality.",Recommended for human review; the model does not make operational decisions.
ES-002875,2026-03-01,Livelihood Recovery Initiative,Livelihoods,Borno,Dikwa,Dikwa Site 6,Medium,5.663348611458825e-06,Low achievement,Access constraints,Lower data quality,Strong activity completion,"Review progress against targets and identify implementation bottlenecks. | Review access, movement and operational constraints affecting delivery. | Validate source data, completeness and reporting quality.",Recommended for human review; the model does not make operational decisions.
ES-006491,2026-03-01,WASH Resilience Initiative,WASH,Borno,Jere,Jere Site 5,Medium,0.033696544214845,Low activity completion,Reporting delay,Low achievement,Lower complaints,Review delayed or incomplete activities and implementation constraints. | Validate reporting timeliness and follow up on delayed field submissions. | Review progress against targets and identify implementation bottlenecks.,Recommended for human review; the model does not make operational decisions.
ES-002299,2026-03-01,Livelihood Recovery Initiative,Livelihoods,Borno,Mafa,Mafa Site 6,High,0.9999999991284978,Supply delay,Low activity completion,Access constraints,Timely reporting,"Review procurement, logistics and supply-chain bottlenecks. | Review delayed or incomplete activities and implementation constraints. | Review access, movement and operational constraints affecting delivery.",Recommended for human review; the model does not make operational decisions.
ES-003867,2026-03-01,Education Access Project,Education,Borno,Bama,Bama Site 1,High,0.5674941092983363,Low achievement,Low activity completion,Supply delay,Lower complaints,"Review progress against targets and identify implementation bottlenecks. | Review delayed or incomplete activities and implementation constraints. | Review procurement, logistics and supply-chain bottlenecks.",Recommended for human review; the model does not make operational decisions.
ES-003003,2026-03-01,Livelihood Recovery Initiative,Livelihoods,Borno,Gwoza,Gwoza Site 4,High,0.999999999336166,Supply delay,Reporting delay,Low activity completion,Strong achievement,"Review procurement, logistics and supply-chain bottlenecks. | Validate reporting timeliness and follow up on delayed field submissions. | Review delayed or incomplete activities and implementation constraints.",Recommended for human review; the model does not make operational decisions.
ES-004155,2026-03-01,Education Access Project,Education,Borno,Ngala,Ngala Site 4,Low,6.001242948250133e-09,Access constraints,Low activity completion,Low staff availability,Lower complaints,"Review access, movement and operational constraints affecting delivery. | Review delayed or incomplete activities and implementation constraints. | Review staffing coverage, absences and field deployment capacity.",Recommended for human review; the model does not make operational decisions.
ES-005691,2026-03-01,Nutrition Support Programme,Nutrition,Borno,Ngala,Ngala Site 4,Low,2.1460631673648662e-09,Low achievement,Access constraints,Low staff availability,Strong activity completion,"Review progress against targets and identify implementation bottlenecks. | Review access, movement and operational constraints affecting delivery. | Review staffing coverage, absences and field deployment capacity.",Recommended for human review; the model does not make operational decisions.
ES-002907,2026-03-01,Livelihood Recovery Initiative,Livelihoods,Borno,Gwoza,Gwoza Site 1,Medium,0.0002244912622139,Reporting delay,Low achievement,Elevated complaints,Lower access constraints,Validate reporting timeliness and follow up on delayed field submissions. | Review progress against targets and identify implementation bottlenecks. | Review feedback and complaint records for recurring operational issues.,Recommended for human review; the model does not make operational decisions.
ES-005819,2026-03-01,Nutrition Support Programme,Nutrition,Borno,Dikwa,Dikwa Site 2,Low,7.992146776182653e-07,Low activity completion,Access constraints,Low staff availability,Limited supply delay,"Review delayed or incomplete activities and implementation constraints. | Review access, movement and operational constraints affecting delivery. | Review staffing coverage, absences and field deployment capacity.",Recommended for human review; the model does not make operational decisions.
ES-001563,2026-03-01,Livelihood Recovery Initiative,Livelihoods,Borno,Maiduguri,Maiduguri Site 1,Low,1.7207794488022576e-17,Low activity completion,Reporting delay,Lower data quality,Strong achievement,"Review delayed or incomplete activities and implementation constraints. | Validate reporting timeliness and follow up on delayed field submissions. | Validate source data, completeness and reporting quality.",Recommended for human review; the model does not make operational decisions.
ES-002939,2026-03-01,Livelihood Recovery Initiative,Livelihoods,Borno,Gwoza,Gwoza Site 2,Low,5.020539563671568e-10,Supply delay,Access constraints,Low staff availability,Strong activity completion,"Review procurement, logistics and supply-chain bottlenecks. | Review access, movement and operational constraints affecting delivery. | Review staffing coverage, absences and field deployment capacity.",Recommended for human review; the model does not make operational decisions.
ES-005179,2026-03-01,Nutrition Support Programme,Nutrition,Borno,Konduga,Konduga Site 6,Medium,0.0697301912425088,Low activity completion,Reporting delay,Supply delay,Lower complaints,"Review delayed or incomplete activities and implementation constraints. | Validate reporting timeliness and follow up on delayed field submissions. | Review procurement, logistics and supply-chain bottlenecks.",Recommended for human review; the model does not make operational decisions.
ES-001307,2026-03-01,Community Resilience Programme,Protection/Resilience,Borno,Dikwa,Dikwa Site 5,Medium,0.0009514446663324,Low achievement,Elevated complaints,Low activity completion,Limited supply delay,Review progress against targets and identify implementation bottlenecks. | Review feedback and complaint records for recurring operational issues. | Review delayed or incomplete activities and implementation constraints.,Recommended for human review; the model does not make operational decisions.
ES-003803,2026-03-01,Education Access Project,Education,Borno,Mafa,Mafa Site 5,Low,1.558358635132955e-20,Low staff availability,Lower data quality,Previous-month achievement pattern,Strong achievement,"Review staffing coverage, absences and field deployment capacity. | Validate source data, completeness and reporting quality. | Review recent performance trends for persistent underachievement.",Recommended for human review; the model does not make operational decisions.
ES-002651,2026-03-01,Livelihood Recovery Initiative,Livelihoods,Borno,Ngala,Ngala Site 5,Low,3.4369164391422085e-08,Access constraints,Supply delay,Low staff availability,Strong achievement,"Review access, movement and operational constraints affecting delivery. | Review procurement, logistics and supply-chain bottlenecks. | Review staffing coverage, absences and field deployment capacity.",Recommended for human review; the model does not make operational decisions.
ES-005307,2026-03-01,Nutrition Support Programme,Nutrition,Borno,Mafa,Mafa Site 4,Low,2.151501554566897e-11,Low staff availability,Access constraints,Supply delay,Strong achievement,"Review staffing coverage, absences and field deployment capacity. | Review access, movement and operational constraints affecting delivery. | Review procurement, logistics and supply-chain bottlenecks.",Recommended for human review; the model does not make operational decisions.
ES-007163,2026-03-01,WASH Resilience Initiative,WASH,Borno,Ngala,Ngala Site 2,Low,1.993877736445108e-17,Low staff availability,Access constraints,,Strong achievement,"Review staffing coverage, absences and field deployment capacity. | Review access, movement and operational constraints affecting delivery.",Recommended for human review; the model does not make operational decisions.
ES-001499,2026-03-01,Community Resilience Programme,Protection/Resilience,Borno,Gwoza,Gwoza Site 5,Low,1.371734666694357e-07,Elevated complaints,Low achievement,Reporting delay,Limited supply delay,Review feedback and complaint records for recurring operational issues. | Review progress against targets and identify implementation bottlenecks. | Validate reporting timeliness and follow up on delayed field submissions.,Recommended for human review; the model does not make operational decisions.
ES-003515,2026-03-01,Education Access Project,Education,Borno,Konduga,Konduga Site 2,Medium,1.9340885308878154e-06,Low activity completion,Supply delay,Reporting delay,Strong achievement,"Review delayed or incomplete activities and implementation constraints. | Review procurement, logistics and supply-chain bottlenecks. | Validate reporting timeliness and follow up on delayed field submissions.",Recommended for human review; the model does not make operational decisions.
ES-002971,2026-03-01,Livelihood Recovery Initiative,Livelihoods,Borno,Gwoza,Gwoza Site 3,Medium,7.955535079069524e-06,Low activity completion,Reporting delay,Low achievement,Limited supply delay,Review delayed or incomplete activities and implementation constraints. | Validate reporting timeliness and follow up on delayed field submissions. | Review progress against targets and identify implementation bottlenecks.,Recommended for human review; the model does not make operational decisions.
ES-004315,2026-03-01,Education Access Project,Education,Borno,Dikwa,Dikwa Site 3,Low,1.62141535454289e-24,Access constraints,Elevated complaints,Previous-month achievement pattern,Strong achievement,"Review access, movement and operational constraints affecting delivery. | Review feedback and complaint records for recurring operational issues. | Review recent performance trends for persistent underachievement.",Recommended for human review; the model does not make operational decisions.
ES-006363,2026-03-01,WASH Resilience Initiative,WASH,Borno,Jere,Jere Site 1,Low,9.055673229950852e-25,Low staff availability,Reporting delay,Lower data quality,Strong achievement,"Review staffing coverage, absences and field deployment capacity. | Validate reporting timeliness and follow up on delayed field submissions. | Validate source data, completeness and reporting quality.",Recommended for human review; the model does not make operational decisions.
ES-006043,2026-03-01,Nutrition Support Programme,Nutrition,Borno,Gwoza,Gwoza Site 3,Medium,5.492063024477782e-07,Reporting delay,Low activity completion,Low staff availability,Strong achievement,"Validate reporting timeliness and follow up on delayed field submissions. | Review delayed or incomplete activities and implementation constraints. | Review staffing coverage, absences and field deployment capacity.",Recommended for human review; the model does not make operational decisions.
ES-004187,2026-03-01,Education Access Project,Education,Borno,Ngala,Ngala Site 5,High,0.9999999939656616,Reporting delay,Low achievement,Low activity completion,Limited supply delay,Validate reporting timeliness and follow up on delayed field submissions. | Review progress against targets and identify implementation bottlenecks. | Review delayed or incomplete activities and implementation constraints.,Recommended for human review; the model does not make operational decisions.
ES-004731,2026-03-01,Nutrition Support Programme,Nutrition,Borno,Maiduguri,Maiduguri Site 4,Low,1.2600886160662468e-08,Low activity completion,Low staff availability,Previous-month achievement pattern,Strong achievement,"Review delayed or incomplete activities and implementation constraints. | Review staffing coverage, absences and field deployment capacity. | Review recent performance trends for persistent underachievement.",Recommended for human review; the model does not make operational decisions.
ES-004027,2026-03-01,Education Access Project,Education,Borno,Bama,Bama Site 6,Low,8.67410502289305e-10,Access constraints,Supply delay,Low activity completion,Strong achievement,"Review access, movement and operational constraints affecting delivery. | Review procurement, logistics and supply-chain bottlenecks. | Review delayed or incomplete activities and implementation constraints.",Recommended for human review; the model does not make operational decisions.
ES-006651,2026-03-01,WASH Resilience Initiative,WASH,Borno,Konduga,Konduga Site 4,Low,1.9139530966348266e-12,Low staff availability,Access constraints,Lower data quality,Strong activity completion,"Review staffing coverage, absences and field deployment capacity. | Review access, movement and operational constraints affecting delivery. | Validate source data, completeness and reporting quality.",Recommended for human review; the model does not make operational decisions.
ES-002523,2026-03-01,Livelihood Recovery Initiative,Livelihoods,Borno,Ngala,Ngala Site 1,Low,1.4902565594858067e-09,Low achievement,Elevated complaints,Access constraints,Timely reporting,"Review progress against targets and identify implementation bottlenecks. | Review feedback and complaint records for recurring operational issues. | Review access, movement and operational constraints affecting delivery.",Recommended for human review; the model does not make operational decisions.
ES-001467,2026-03-01,Community Resilience Programme,Protection/Resilience,Borno,Gwoza,Gwoza Site 4,Low,5.266535070658747e-15,Elevated complaints,Supply delay,Access constraints,Strong activity completion,"Review feedback and complaint records for recurring operational issues. | Review procurement, logistics and supply-chain bottlenecks. | Review access, movement and operational constraints affecting delivery.",Recommended for human review; the model does not make operational decisions.
ES-000923,2026-03-01,Community Resilience Programme,Protection/Resilience,Borno,Bama,Bama Site 5,Low,1.786895937629697e-16,Low activity completion,Supply delay,Previous-month achievement pattern,Strong achievement,"Review delayed or incomplete activities and implementation constraints. | Review procurement, logistics and supply-chain bottlenecks. | Review recent performance trends for persistent underachievement.",Recommended for human review; the model does not make operational decisions.
ES-007419,2026-03-01,WASH Resilience Initiative,WASH,Borno,Dikwa,Dikwa Site 4,Medium,0.0002075436955584,Low achievement,Elevated complaints,Low activity completion,Timely reporting,Review progress against targets and identify implementation bottlenecks. | Review feedback and complaint records for recurring operational issues. | Review delayed or incomplete activities and implementation constraints.,Recommended for human review; the model does not make operational decisions.
ES-004379,2026-03-01,Education Access Project,Education,Borno,Dikwa,Dikwa Site 5,Medium,0.0016410972352058,Reporting delay,Low activity completion,Low achievement,Limited supply delay,Validate reporting timeliness and follow up on delayed field submissions. | Review delayed or incomplete activities and implementation constraints. | Review progress against targets and identify implementation bottlenecks.,Recommended for human review; the model does not make operational decisions.
ES-005339,2026-03-01,Nutrition Support Programme,Nutrition,Borno,Mafa,Mafa Site 5,Medium,1.2947737079995647e-05,Low activity completion,Elevated complaints,Access constraints,Strong achievement,"Review delayed or incomplete activities and implementation constraints. | Review feedback and complaint records for recurring operational issues. | Review access, movement and operational constraints affecting delivery.",Recommended for human review; the model does not make operational decisions.
ES-003067,2026-03-01,Livelihood Recovery Initiative,Livelihoods,Borno,Gwoza,Gwoza Site 6,Medium,0.0007143961827924,Low achievement,Low activity completion,Access constraints,Limited supply delay,"Review progress against targets and identify implementation bottlenecks. | Review delayed or incomplete activities and implementation constraints. | Review access, movement and operational constraints affecting delivery.",Recommended for human review; the model does not make operational decisions.
ES-002459,2026-03-01,Livelihood Recovery Initiative,Livelihoods,Borno,Bama,Bama Site 5,Medium,0.0079948746947919,Low activity completion,Supply delay,Low achievement,Strong staff availability,"Review delayed or incomplete activities and implementation constraints. | Review procurement, logistics and supply-chain bottlenecks. | Review progress against targets and identify implementation bottlenecks.",Recommended for human review; the model does not make operational decisions.
ES-006715,2026-03-01,WASH Resilience Initiative,WASH,Borno,Konduga,Konduga Site 6,Low,8.52094211508335e-10,Low activity completion,Elevated complaints,Lower data quality,Limited supply delay,"Review delayed or incomplete activities and implementation constraints. | Review feedback and complaint records for recurring operational issues. | Validate source data, completeness and reporting quality.",Recommended for human review; the model does not make operational decisions.
ES-006907,2026-03-01,WASH Resilience Initiative,WASH,Borno,Mafa,Mafa Site 6,Low,2.455589807847601e-19,Previous-month achievement pattern,,,Strong achievement,Review recent performance trends for persistent underachievement.,Recommended for human review; the model does not make operational decisions.
ES-000187,2026-03-01,Community Resilience Programme,Protection/Resilience,Borno,Maiduguri,Maiduguri Site 6,Medium,0.0032078940890046,Supply delay,Elevated complaints,Low achievement,Strong activity completion,"Review procurement, logistics and supply-chain bottlenecks. | Review feedback and complaint records for recurring operational issues. | Review progress against targets and identify implementation bottlenecks.",Recommended for human review; the model does not make operational decisions.
ES-003835,2026-03-01,Education Access Project,Education,Borno,Mafa,Mafa Site 6,Medium,1.951678023023308e-05,Low activity completion,Reporting delay,Previous-month achievement pattern,Lower complaints,Review delayed or incomplete activities and implementation constraints. | Validate reporting timeliness and follow up on delayed field submissions. | Review recent performance trends for persistent underachievement.,Recommended for human review; the model does not make operational decisions.
ES-003419,2026-03-01,Education Access Project,Education,Borno,Jere,Jere Site 5,Medium,0.0175010758834266,Low achievement,Low activity completion,Reporting delay,Limited supply delay,Review progress against targets and identify implementation bottlenecks. | Review delayed or incomplete activities and implementation constraints. | Validate reporting timeliness and follow up on delayed field submissions.,Recommended for human review; the model does not make operational decisions.
ES-004923,2026-03-01,Nutrition Support Programme,Nutrition,Borno,Jere,Jere Site 4,Medium,9.298751625237408e-05,Supply delay,Low activity completion,Low achievement,Strong staff availability,"Review procurement, logistics and supply-chain bottlenecks. | Review delayed or incomplete activities and implementation constraints. | Review progress against targets and identify implementation bottlenecks.",Recommended for human review; the model does not make operational decisions.
ES-006203,2026-03-01,WASH Resilience Initiative,WASH,Borno,Maiduguri,Maiduguri Site 2,Medium,1.5624895316229776e-06,Low achievement,Reporting delay,Low staff availability,Lower complaints,"Review progress against targets and identify implementation bottlenecks. | Validate reporting timeliness and follow up on delayed field submissions. | Review staffing coverage, absences and field deployment capacity.",Recommended for human review; the model does not make operational decisions.
ES-002843,2026-03-01,Livelihood Recovery Initiative,Livelihoods,Borno,Dikwa,Dikwa Site 5,Low,3.384607329759499e-15,Elevated complaints,Low activity completion,Budget utilisation pattern,Strong achievement,Review feedback and complaint records for recurring operational issues. | Review delayed or incomplete activities and implementation constraints. | Review expenditure patterns against implementation progress.,Recommended for human review; the model does not make operational decisions.
ES-001019,2026-03-01,Community Resilience Programme,Protection/Resilience,Borno,Ngala,Ngala Site 2,Medium,8.872159691012017e-06,Reporting delay,Low staff availability,Lower data quality,Lower complaints,"Validate reporting timeliness and follow up on delayed field submissions. | Review staffing coverage, absences and field deployment capacity. | Validate source data, completeness and reporting quality.",Recommended for human review; the model does not make operational decisions.
ES-004251,2026-03-01,Education Access Project,Education,Borno,Dikwa,Dikwa Site 1,Medium,9.8100336394073e-06,Low achievement,Supply delay,Reporting delay,Strong activity completion,"Review progress against targets and identify implementation bottlenecks. | Review procurement, logistics and supply-chain bottlenecks. | Validate reporting timeliness and follow up on delayed field submissions.",Recommended for human review; the model does not make operational decisions.
ES-000123,2026-03-01,Community Resilience Programme,Protection/Resilience,Borno,Maiduguri,Maiduguri Site 4,Low,4.2381832917089567e-32,Access constraints,Previous-month achievement pattern,,Strong achievement,"Review access, movement and operational constraints affecting delivery. | Review recent performance trends for persistent underachievement.",Recommended for human review; the model does not make operational decisions.
ES-003547,2026-03-01,Education Access Project,Education,Borno,Konduga,Konduga Site 3,Medium,0.0001447716030217,Low achievement,Reporting delay,Low activity completion,Limited supply delay,Review progress against targets and identify implementation bottlenecks. | Validate reporting timeliness and follow up on delayed field submissions. | Review delayed or incomplete activities and implementation constraints.,Recommended for human review; the model does not make operational decisions.
ES-007451,2026-03-01,WASH Resilience Initiative,WASH,Borno,Dikwa,Dikwa Site 5,Low,3.3158962781699466e-07,Elevated complaints,Supply delay,Previous-month achievement pattern,Strong achievement,"Review feedback and complaint records for recurring operational issues. | Review procurement, logistics and supply-chain bottlenecks. | Review recent performance trends for persistent underachievement.",Recommended for human review; the model does not make operational decisions.
ES-000027,2026-03-01,Community Resilience Programme,Protection/Resilience,Borno,Maiduguri,Maiduguri Site 1,Low,1.8274130059268583e-14,Access constraints,Low activity completion,Previous-month achievement pattern,Strong achievement,"Review access, movement and operational constraints affecting delivery. | Review delayed or incomplete activities and implementation constraints. | Review recent performance trends for persistent underachievement.",Recommended for human review; the model does not make operational decisions.
ES-005083,2026-03-01,Nutrition Support Programme,Nutrition,Borno,Konduga,Konduga Site 3,Low,2.5739061455090128e-33,Elevated complaints,Low staff availability,Previous-month achievement pattern,Strong achievement,"Review feedback and complaint records for recurring operational issues. | Review staffing coverage, absences and field deployment capacity. | Review recent performance trends for persistent underachievement.",Recommended for human review; the model does not make operational decisions.
ES-003035,2026-03-01,Livelihood Recovery Initiative,Livelihoods,Borno,Gwoza,Gwoza Site 5,Low,5.17547049845355e-13,Low activity completion,Low staff availability,Low achievement,Limited supply delay,"Review delayed or incomplete activities and implementation constraints. | Review staffing coverage, absences and field deployment capacity. | Review progress against targets and identify implementation bottlenecks.",Recommended for human review; the model does not make operational decisions.
ES-007547,2026-03-01,WASH Resilience Initiative,WASH,Borno,Gwoza,Gwoza Site 2,Low,3.1503064211804526e-11,Elevated complaints,Supply delay,Access constraints,Strong achievement,"Review feedback and complaint records for recurring operational issues. | Review procurement, logistics and supply-chain bottlenecks. | Review access, movement and operational constraints affecting delivery.",Recommended for human review; the model does not make operational decisions.
ES-002363,2026-03-01,Livelihood Recovery Initiative,Livelihoods,Borno,Bama,Bama Site 2,High,0.9999999999996768,Supply delay,Reporting delay,Low activity completion,Lower complaints,"Review procurement, logistics and supply-chain bottlenecks. | Validate reporting timeliness and follow up on delayed field submissions. | Review delayed or incomplete activities and implementation constraints.",Recommended for human review; the model does not make operational decisions.
ES-004955,2026-03-01,Nutrition Support Programme,Nutrition,Borno,Jere,Jere Site 5,Low,3.074826815808231e-13,Low activity completion,Reporting delay,Access constraints,Strong achievement,"Review delayed or incomplete activities and implementation constraints. | Validate reporting timeliness and follow up on delayed field submissions. | Review access, movement and operational constraints affecting delivery.",Recommended for human review; the model does not make operational decisions.
ES-003451,2026-03-01,Education Access Project,Education,Borno,Jere,Jere Site 6,Low,1.115847848965591e-15,Access constraints,Low activity completion,Elevated complaints,Strong achievement,"Review access, movement and operational constraints affecting delivery. | Review delayed or incomplete activities and implementation constraints. | Review feedback and complaint records for recurring operational issues.",Recommended for human review; the model does not make operational decisions.
ES-005787,2026-03-01,Nutrition Support Programme,Nutrition,Borno,Dikwa,Dikwa Site 1,Low,1.8439208396814343e-08,Low achievement,Access constraints,Lower data quality,Timely reporting,"Review progress against targets and identify implementation bottlenecks. | Review access, movement and operational constraints affecting delivery. | Validate source data, completeness and reporting quality.",Recommended for human review; the model does not make operational decisions.
ES-004443,2026-03-01,Education Access Project,Education,Borno,Gwoza,Gwoza Site 1,High,0.9841883001520104,Elevated complaints,Low achievement,Low activity completion,Lower access constraints,Review feedback and complaint records for recurring operational issues. | Review progress against targets and identify implementation bottlenecks. | Review delayed or incomplete activities and implementation constraints.,Recommended for human review; the model does not make operational decisions.
ES-001531,2026-03-01,Community Resilience Programme,Protection/Resilience,Borno,Gwoza,Gwoza Site 6,Low,3.6126478808629965e-10,Low activity completion,Low staff availability,Access constraints,Lower complaints,"Review delayed or incomplete activities and implementation constraints. | Review staffing coverage, absences and field deployment capacity. | Review access, movement and operational constraints affecting delivery.",Recommended for human review; the model does not make operational decisions.
ES-005115,2026-03-01,Nutrition Support Programme,Nutrition,Borno,Konduga,Konduga Site 4,Low,1.805422777274e-22,Access constraints,Low staff availability,,Strong achievement,"Review access, movement and operational constraints affecting delivery. | Review staffing coverage, absences and field deployment capacity.",Recommended for human review; the model does not make operational decisions.
ES-004123,2026-03-01,Education Access Project,Education,Borno,Ngala,Ngala Site 3,Medium,0.0005927818742236,Low achievement,Low activity completion,Access constraints,Limited supply delay,"Review progress against targets and identify implementation bottlenecks. | Review delayed or incomplete activities and implementation constraints. | Review access, movement and operational constraints affecting delivery.",Recommended for human review; the model does not make operational decisions.
ES-003739,2026-03-01,Education Access Project,Education,Borno,Mafa,Mafa Site 3,Low,3.9245801341840765e-09,Low activity completion,Supply delay,Low staff availability,Strong achievement,"Review delayed or incomplete activities and implementation constraints. | Review procurement, logistics and supply-chain bottlenecks. | Review staffing coverage, absences and field deployment capacity.",Recommended for human review; the model does not make operational decisions.
ES-002555,2026-03-01,Livelihood Recovery Initiative,Livelihoods,Borno,Ngala,Ngala Site 2,Low,1.8262887946312916e-20,Supply delay,Previous-month achievement pattern,,Strong activity completion,"Review procurement, logistics and supply-chain bottlenecks. | Review recent performance trends for persistent underachievement.",Recommended for human review; the model does not make operational decisions.
ES-001883,2026-03-01,Livelihood Recovery Initiative,Livelihoods,Borno,Jere,Jere Site 5,Low,8.169601126066469e-11,Access constraints,Elevated complaints,Supply delay,Strong achievement,"Review access, movement and operational constraints affecting delivery. | Review feedback and complaint records for recurring operational issues. | Review procurement, logistics and supply-chain bottlenecks.",Recommended for human review; the model does not make operational decisions.
ES-006235,2026-03-01,WASH Resilience Initiative,WASH,Borno,Maiduguri,Maiduguri Site 3,Low,6.032545143156517e-07,Reporting delay,Lower data quality,Low staff availability,Limited supply delay,"Validate reporting timeliness and follow up on delayed field submissions. | Validate source data, completeness and reporting quality. | Review staffing coverage, absences and field deployment capacity.",Recommended for human review; the model does not make operational decisions.
ES-000091,2026-03-01,Community Resilience Programme,Protection/Resilience,Borno,Maiduguri,Maiduguri Site 3,Low,9.445011191503272e-14,Low activity completion,Elevated complaints,Previous-month achievement pattern,Strong achievement,Review delayed or incomplete activities and implementation constraints. | Review feedback and complaint records for recurring operational issues. | Review recent performance trends for persistent underachievement.,Recommended for human review; the model does not make operational decisions.
ES-003643,2026-03-01,Education Access Project,Education,Borno,Konduga,Konduga Site 6,Low,5.781984166706689e-13,Supply delay,Previous-month achievement pattern,,Strong achievement,"Review procurement, logistics and supply-chain bottlenecks. | Review recent performance trends for persistent underachievement.",Recommended for human review; the model does not make operational decisions.
ES-002043,2026-03-01,Livelihood Recovery Initiative,Livelihoods,Borno,Konduga,Konduga Site 4,Low,3.2991602058554573e-21,Supply delay,Budget utilisation pattern,Previous-month achievement pattern,Strong achievement,"Review procurement, logistics and supply-chain bottlenecks. | Review expenditure patterns against implementation progress. | Review recent performance trends for persistent underachievement.",Recommended for human review; the model does not make operational decisions.
ES-002331,2026-03-01,Livelihood Recovery Initiative,Livelihoods,Borno,Bama,Bama Site 1,High,0.9999999999976336,Supply delay,Reporting delay,Low achievement,Lower access constraints,"Review procurement, logistics and supply-chain bottlenecks. | Validate reporting timeliness and follow up on delayed field submissions. | Review progress against targets and identify implementation bottlenecks.",Recommended for human review; the model does not make operational decisions.
ES-004283,2026-03-01,Education Access Project,Education,Borno,Dikwa,Dikwa Site 2,Low,5.667807031865657e-16,Supply delay,Low staff availability,Previous-month achievement pattern,Strong activity completion,"Review procurement, logistics and supply-chain bottlenecks. | Review staffing coverage, absences and field deployment capacity. | Review recent performance trends for persistent underachievement.",Recommended for human review; the model does not make operational decisions.
ES-005211,2026-03-01,Nutrition Support Programme,Nutrition,Borno,Mafa,Mafa Site 1,Low,1.62625295281386e-16,Low activity completion,Low staff availability,Previous-month achievement pattern,Strong achievement,"Review delayed or incomplete activities and implementation constraints. | Review staffing coverage, absences and field deployment capacity. | Review recent performance trends for persistent underachievement.",Recommended for human review; the model does not make operational decisions.
ES-005467,2026-03-01,Nutrition Support Programme,Nutrition,Borno,Bama,Bama Site 3,Low,5.431201350322415e-13,Reporting delay,Access constraints,Previous-month achievement pattern,Strong activity completion,"Validate reporting timeliness and follow up on delayed field submissions. | Review access, movement and operational constraints affecting delivery. | Review recent performance trends for persistent underachievement.",Recommended for human review; the model does not make operational decisions.
ES-000859,2026-03-01,Community Resilience Programme,Protection/Resilience,Borno,Bama,Bama Site 3,Medium,0.0002438598406994,Reporting delay,Supply delay,Low activity completion,Strong achievement,"Validate reporting timeliness and follow up on delayed field submissions. | Review procurement, logistics and supply-chain bottlenecks. | Review delayed or incomplete activities and implementation constraints.",Recommended for human review; the model does not make operational decisions.
ES-004571,2026-03-01,Education Access Project,Education,Borno,Gwoza,Gwoza Site 5,Medium,2.750635799117711e-05,Low achievement,Low activity completion,Access constraints,Timely reporting,"Review progress against targets and identify implementation bottlenecks. | Review delayed or incomplete activities and implementation constraints. | Review access, movement and operational constraints affecting delivery.",Recommended for human review; the model does not make operational decisions.
ES-006107,2026-03-01,Nutrition Support Programme,Nutrition,Borno,Gwoza,Gwoza Site 5,Medium,3.790343389073098e-05,Supply delay,Low achievement,Low staff availability,Strong activity completion,"Review procurement, logistics and supply-chain bottlenecks. | Review progress against targets and identify implementation bottlenecks. | Review staffing coverage, absences and field deployment capacity.",Recommended for human review; the model does not make operational decisions.
ES-004891,2026-03-01,Nutrition Support Programme,Nutrition,Borno,Jere,Jere Site 3,Low,1.911715514254601e-10,Low staff availability,Low activity completion,Supply delay,Strong achievement,"Review staffing coverage, absences and field deployment capacity. | Review delayed or incomplete activities and implementation constraints. | Review procurement, logistics and supply-chain bottlenecks.",Recommended for human review; the model does not make operational decisions.
ES-006427,2026-03-01,WASH Resilience Initiative,WASH,Borno,Jere,Jere Site 3,Low,2.757149218852013e-26,Reporting delay,Lower data quality,Access constraints,Strong achievement,"Validate reporting timeliness and follow up on delayed field submissions. | Validate source data, completeness and reporting quality. | Review access, movement and operational constraints affecting delivery.",Recommended for human review; the model does not make operational decisions.
ES-000603,2026-03-01,Community Resilience Programme,Protection/Resilience,Borno,Mafa,Mafa Site 1,Low,8.607906687302444e-29,Elevated complaints,Low staff availability,Lower data quality,Strong achievement,"Review feedback and complaint records for recurring operational issues. | Review staffing coverage, absences and field deployment capacity. | Validate source data, completeness and reporting quality.",Recommended for human review; the model does not make operational decisions.
ES-002075,2026-03-01,Livelihood Recovery Initiative,Livelihoods,Borno,Konduga,Konduga Site 5,Low,3.285796214384492e-12,Elevated complaints,Low staff availability,Lower data quality,Timely reporting,"Review feedback and complaint records for recurring operational issues. | Review staffing coverage, absences and field deployment capacity. | Validate source data, completeness and reporting quality.",Recommended for human review; the model does not make operational decisions.
ES-003195,2026-03-01,Education Access Project,Education,Borno,Maiduguri,Maiduguri Site 4,Low,2.0340268201170817e-18,Elevated complaints,Supply delay,,Strong activity completion,"Review feedback and complaint records for recurring operational issues. | Review procurement, logistics and supply-chain bottlenecks.",Recommended for human review; the model does not make operational decisions.
ES-003675,2026-03-01,Education Access Project,Education,Borno,Mafa,Mafa Site 1,Low,1.16266471923012e-19,Elevated complaints,Low staff availability,Access constraints,Strong activity completion,"Review feedback and complaint records for recurring operational issues. | Review staffing coverage, absences and field deployment capacity. | Review access, movement and operational constraints affecting delivery.",Recommended for human review; the model does not make operational decisions.
ES-007035,2026-03-01,WASH Resilience Initiative,WASH,Borno,Bama,Bama Site 4,Low,7.625023760315635e-13,Low achievement,Elevated complaints,Low staff availability,Limited supply delay,"Review progress against targets and identify implementation bottlenecks. | Review feedback and complaint records for recurring operational issues. | Review staffing coverage, absences and field deployment capacity.",Recommended for human review; the model does not make operational decisions.
ES-006619,2026-03-01,WASH Resilience Initiative,WASH,Borno,Konduga,Konduga Site 3,Medium,0.0017159119280962,Low achievement,Reporting delay,Low activity completion,Lower access constraints,Review progress against targets and identify implementation bottlenecks. | Validate reporting timeliness and follow up on delayed field submissions. | Review delayed or incomplete activities and implementation constraints.,Recommended for human review; the model does not make operational decisions.
ES-006139,2026-03-01,Nutrition Support Programme,Nutrition,Borno,Gwoza,Gwoza Site 6,Low,6.005790174090275e-14,Access constraints,Supply delay,Lower data quality,Strong achievement,"Review access, movement and operational constraints affecting delivery. | Review procurement, logistics and supply-chain bottlenecks. | Validate source data, completeness and reporting quality.",Recommended for human review; the model does not make operational decisions.
ES-003131,2026-03-01,Education Access Project,Education,Borno,Maiduguri,Maiduguri Site 2,Low,9.973365355456292e-08,Supply delay,Elevated complaints,Lower data quality,Strong achievement,"Review procurement, logistics and supply-chain bottlenecks. | Review feedback and complaint records for recurring operational issues. | Validate source data, completeness and reporting quality.",Recommended for human review; the model does not make operational decisions.
ES-004635,2026-03-01,Nutrition Support Programme,Nutrition,Borno,Maiduguri,Maiduguri Site 1,Low,1.133618118037436e-08,Elevated complaints,Supply delay,Lower data quality,Strong activity completion,"Review feedback and complaint records for recurring operational issues. | Review procurement, logistics and supply-chain bottlenecks. | Validate source data, completeness and reporting quality.",Recommended for human review; the model does not make operational decisions.
ES-002715,2026-03-01,Livelihood Recovery Initiative,Livelihoods,Borno,Dikwa,Dikwa Site 1,Medium,0.0003889892715109,Elevated complaints,Reporting delay,Low activity completion,Strong achievement,Review feedback and complaint records for recurring operational issues. | Validate reporting timeliness and follow up on delayed field submissions. | Review delayed or incomplete activities and implementation constraints.,Recommended for human review; the model does not make operational decisions.
ES-002011,2026-03-01,Livelihood Recovery Initiative,Livelihoods,Borno,Konduga,Konduga Site 3,Medium,1.7207889459454748e-05,Supply delay,Elevated complaints,Access constraints,Timely reporting,"Review procurement, logistics and supply-chain bottlenecks. | Review feedback and complaint records for recurring operational issues. | Review access, movement and operational constraints affecting delivery.",Recommended for human review; the model does not make operational decisions.
ES-006171,2026-03-01,WASH Resilience Initiative,WASH,Borno,Maiduguri,Maiduguri Site 1,Low,1.820593307818652e-08,Low activity completion,Low staff availability,Access constraints,Strong achievement,"Review delayed or incomplete activities and implementation constraints. | Review staffing coverage, absences and field deployment capacity. | Review access, movement and operational constraints affecting delivery.",Recommended for human review; the model does not make operational decisions.
ES-001211,2026-03-01,Community Resilience Programme,Protection/Resilience,Borno,Dikwa,Dikwa Site 2,Low,2.839000952288997e-12,Supply delay,Access constraints,Reporting delay,Strong achievement,"Review procurement, logistics and supply-chain bottlenecks. | Review access, movement and operational constraints affecting delivery. | Validate reporting timeliness and follow up on delayed field submissions.",Recommended for human review; the model does not make operational decisions.
ES-001627,2026-03-01,Livelihood Recovery Initiative,Livelihoods,Borno,Maiduguri,Maiduguri Site 3,Low,2.0319561944786765e-23,Low activity completion,Low staff availability,Previous-month achievement pattern,Strong achievement,"Review delayed or incomplete activities and implementation constraints. | Review staffing coverage, absences and field deployment capacity. | Review recent performance trends for persistent underachievement.",Recommended for human review; the model does not make operational decisions.
ES-004603,2026-03-01,Education Access Project,Education,Borno,Gwoza,Gwoza Site 6,Medium,0.0002570302503425,Low achievement,Elevated complaints,Access constraints,Strong activity completion,"Review progress against targets and identify implementation bottlenecks. | Review feedback and complaint records for recurring operational issues. | Review access, movement and operational constraints affecting delivery.",Recommended for human review; the model does not make operational decisions.
ES-000955,2026-03-01,Community Resilience Programme,Protection/Resilience,Borno,Bama,Bama Site 6,Low,8.298845687998081e-07,Low achievement,Reporting delay,Low staff availability,Strong activity completion,"Review progress against targets and identify implementation bottlenecks. | Validate reporting timeliness and follow up on delayed field submissions. | Review staffing coverage, absences and field deployment capacity.",Recommended for human review; the model does not make operational decisions.
ES-007643,2026-03-01,WASH Resilience Initiative,WASH,Borno,Gwoza,Gwoza Site 5,High,0.9801898894221034,Low achievement,Low activity completion,Supply delay,Lower access constraints,"Review progress against targets and identify implementation bottlenecks. | Review delayed or incomplete activities and implementation constraints. | Review procurement, logistics and supply-chain bottlenecks.",Recommended for human review; the model does not make operational decisions.
ES-000891,2026-03-01,Community Resilience Programme,Protection/Resilience,Borno,Bama,Bama Site 4,Low,6.760303795435716e-08,Supply delay,Low staff availability,Reporting delay,Strong achievement,"Review procurement, logistics and supply-chain bottlenecks. | Review staffing coverage, absences and field deployment capacity. | Validate reporting timeliness and follow up on delayed field submissions.",Recommended for human review; the model does not make operational decisions.
ES-000379,2026-03-01,Community Resilience Programme,Protection/Resilience,Borno,Jere,Jere Site 6,Medium,1.1711373821173854e-05,Supply delay,Access constraints,Reporting delay,Strong achievement,"Review procurement, logistics and supply-chain bottlenecks. | Review access, movement and operational constraints affecting delivery. | Validate reporting timeliness and follow up on delayed field submissions.",Recommended for human review; the model does not make operational decisions.
ES-001371,2026-03-01,Community Resilience Programme,Protection/Resilience,Borno,Gwoza,Gwoza Site 1,Low,5.510622217367412e-18,Low activity completion,Low staff availability,Budget utilisation pattern,Strong achievement,"Review delayed or incomplete activities and implementation constraints. | Review staffing coverage, absences and field deployment capacity. | Review expenditure patterns against implementation progress.",Recommended for human review; the model does not make operational decisions.
ES-003227,2026-03-01,Education Access Project,Education,Borno,Maiduguri,Maiduguri Site 5,Medium,4.303019478760197e-06,Access constraints,Low activity completion,Low achievement,Limited supply delay,"Review access, movement and operational constraints affecting delivery. | Review delayed or incomplete activities and implementation constraints. | Review progress against targets and identify implementation bottlenecks.",Recommended for human review; the model does not make operational decisions.
ES-005915,2026-03-01,Nutrition Support Programme,Nutrition,Borno,Dikwa,Dikwa Site 5,Low,1.34795250618088e-19,Low staff availability,Elevated complaints,Access constraints,Strong achievement,"Review staffing coverage, absences and field deployment capacity. | Review feedback and complaint records for recurring operational issues. | Review access, movement and operational constraints affecting delivery.",Recommended for human review; the model does not make operational decisions.
ES-006875,2026-03-01,WASH Resilience Initiative,WASH,Borno,Mafa,Mafa Site 5,Medium,0.000295445046529,Low activity completion,Low achievement,Reporting delay,Limited supply delay,Review delayed or incomplete activities and implementation constraints. | Review progress against targets and identify implementation bottlenecks. | Validate reporting timeliness and follow up on delayed field submissions.,Recommended for human review; the model does not make operational decisions.
ES-002203,2026-03-01,Livelihood Recovery Initiative,Livelihoods,Borno,Mafa,Mafa Site 3,Medium,0.0036066509665545,Low achievement,Supply delay,Low activity completion,Lower complaints,"Review progress against targets and identify implementation bottlenecks. | Review procurement, logistics and supply-chain bottlenecks. | Review delayed or incomplete activities and implementation constraints.",Recommended for human review; the model does not make operational decisions.
ES-001243,2026-03-01,Community Resilience Programme,Protection/Resilience,Borno,Dikwa,Dikwa Site 3,Low,1.5116712043402452e-12,Low activity completion,Elevated complaints,,Limited supply delay,Review delayed or incomplete activities and implementation constraints. | Review feedback and complaint records for recurring operational issues.,Recommended for human review; the model does not make operational decisions.
ES-006683,2026-03-01,WASH Resilience Initiative,WASH,Borno,Konduga,Konduga Site 5,High,0.9997859415853568,Low achievement,Low activity completion,Supply delay,Lower complaints,"Review progress against targets and identify implementation bottlenecks. | Review delayed or incomplete activities and implementation constraints. | Review procurement, logistics and supply-chain bottlenecks.",Recommended for human review; the model does not make operational decisions.
ES-007675,2026-03-01,WASH Resilience Initiative,WASH,Borno,Gwoza,Gwoza Site 6,High,0.9790897028020792,Low achievement,Low activity completion,Access constraints,Previous-month achievement pattern,"Review progress against targets and identify implementation bottlenecks. | Review delayed or incomplete activities and implementation constraints. | Review access, movement and operational constraints affecting delivery.",Recommended for human review; the model does not make operational decisions.
ES-006971,2026-03-01,WASH Resilience Initiative,WASH,Borno,Bama,Bama Site 2,Medium,0.193372247169131,Low achievement,Elevated complaints,Supply delay,Lower access constraints,"Review progress against targets and identify implementation bottlenecks. | Review feedback and complaint records for recurring operational issues. | Review procurement, logistics and supply-chain bottlenecks.",Recommended for human review; the model does not make operational decisions.
ES-005403,2026-03-01,Nutrition Support Programme,Nutrition,Borno,Bama,Bama Site 1,Low,6.611800626857376e-07,Supply delay,Low activity completion,Low staff availability,Strong achievement,"Review procurement, logistics and supply-chain bottlenecks. | Review delayed or incomplete activities and implementation constraints. | Review staffing coverage, absences and field deployment capacity.",Recommended for human review; the model does not make operational decisions.
ES-001051,2026-03-01,Community Resilience Programme,Protection/Resilience,Borno,Ngala,Ngala Site 3,Low,2.103361018504297e-30,Access constraints,Reporting delay,Supply delay,Strong achievement,"Review access, movement and operational constraints affecting delivery. | Validate reporting timeliness and follow up on delayed field submissions. | Review procurement, logistics and supply-chain bottlenecks.",Recommended for human review; the model does not make operational decisions.
ES-003163,2026-03-01,Education Access Project,Education,Borno,Maiduguri,Maiduguri Site 3,Low,1.5141535811354492e-14,Access constraints,Supply delay,Previous-month achievement pattern,Strong achievement,"Review access, movement and operational constraints affecting delivery. | Review procurement, logistics and supply-chain bottlenecks. | Review recent performance trends for persistent underachievement.",Recommended for human review; the model does not make operational decisions.
ES-006395,2026-03-01,WASH Resilience Initiative,WASH,Borno,Jere,Jere Site 2,Low,1.2584166765567672e-17,Reporting delay,Low staff availability,Budget utilisation pattern,Strong achievement,"Validate reporting timeliness and follow up on delayed field submissions. | Review staffing coverage, absences and field deployment capacity. | Review expenditure patterns against implementation progress.",Recommended for human review; the model does not make operational decisions.
ES-006779,2026-03-01,WASH Resilience Initiative,WASH,Borno,Mafa,Mafa Site 2,Low,5.294323132332073e-11,Elevated complaints,Supply delay,,Strong activity completion,"Review feedback and complaint records for recurring operational issues. | Review procurement, logistics and supply-chain bottlenecks.",Recommended for human review; the model does not make operational decisions.
ES-001083,2026-03-01,Community Resilience Programme,Protection/Resilience,Borno,Ngala,Ngala Site 4,Medium,0.1753772635712222,Low achievement,Low activity completion,Elevated complaints,Limited supply delay,Review progress against targets and identify implementation bottlenecks. | Review delayed or incomplete activities and implementation constraints. | Review feedback and complaint records for recurring operational issues.,Recommended for human review; the model does not make operational decisions.
ES-001659,2026-03-01,Livelihood Recovery Initiative,Livelihoods,Borno,Maiduguri,Maiduguri Site 4,Low,7.358166290892979e-14,Low activity completion,Reporting delay,Supply delay,Strong achievement,"Review delayed or incomplete activities and implementation constraints. | Validate reporting timeliness and follow up on delayed field submissions. | Review procurement, logistics and supply-chain bottlenecks.",Recommended for human review; the model does not make operational decisions.
ES-005435,2026-03-01,Nutrition Support Programme,Nutrition,Borno,Bama,Bama Site 2,Low,1.1581058221309887e-09,Reporting delay,Elevated complaints,Access constraints,Strong achievement,"Validate reporting timeliness and follow up on delayed field submissions. | Review feedback and complaint records for recurring operational issues. | Review access, movement and operational constraints affecting delivery.",Recommended for human review; the model does not make operational decisions.
ES-004507,2026-03-01,Education Access Project,Education,Borno,Gwoza,Gwoza Site 3,Medium,0.0002596724279834,Low achievement,Low activity completion,Low staff availability,Limited supply delay,"Review progress against targets and identify implementation bottlenecks. | Review delayed or incomplete activities and implementation constraints. | Review staffing coverage, absences and field deployment capacity.",Recommended for human review; the model does not make operational decisions.
ES-002171,2026-03-01,Livelihood Recovery Initiative,Livelihoods,Borno,Mafa,Mafa Site 2,Medium,0.0051572137373365,Low activity completion,Low achievement,Low staff availability,Timely reporting,"Review delayed or incomplete activities and implementation constraints. | Review progress against targets and identify implementation bottlenecks. | Review staffing coverage, absences and field deployment capacity.",Recommended for human review; the model does not make operational decisions.
ES-002139,2026-03-01,Livelihood Recovery Initiative,Livelihoods,Borno,Mafa,Mafa Site 1,Medium,0.1018165046461883,Low achievement,Access constraints,Low activity completion,Limited supply delay,"Review progress against targets and identify implementation bottlenecks. | Review access, movement and operational constraints affecting delivery. | Review delayed or incomplete activities and implementation constraints.",Recommended for human review; the model does not make operational decisions.
ES-001403,2026-03-01,Community Resilience Programme,Protection/Resilience,Borno,Gwoza,Gwoza Site 2,Low,3.4308198002446604e-08,Low achievement,Reporting delay,Low activity completion,Limited supply delay,Review progress against targets and identify implementation bottlenecks. | Validate reporting timeliness and follow up on delayed field submissions. | Review delayed or incomplete activities and implementation constraints.,Recommended for human review; the model does not make operational decisions.
ES-000475,2026-03-01,Community Resilience Programme,Protection/Resilience,Borno,Konduga,Konduga Site 3,Medium,3.339753025431463e-05,Low activity completion,Access constraints,Reporting delay,Lower complaints,"Review delayed or incomplete activities and implementation constraints. | Review access, movement and operational constraints affecting delivery. | Validate reporting timeliness and follow up on delayed field submissions.",Recommended for human review; the model does not make operational decisions.
ES-005947,2026-03-01,Nutrition Support Programme,Nutrition,Borno,Dikwa,Dikwa Site 6,Low,5.445760707770013e-09,Reporting delay,Previous-month achievement pattern,,Strong activity completion,Validate reporting timeliness and follow up on delayed field submissions. | Review recent performance trends for persistent underachievement.,Recommended for human review; the model does not make operational decisions.
ES-007259,2026-03-01,WASH Resilience Initiative,WASH,Borno,Ngala,Ngala Site 5,Medium,0.0022695571753365,Low achievement,Low activity completion,Low staff availability,Lower access constraints,"Review progress against targets and identify implementation bottlenecks. | Review delayed or incomplete activities and implementation constraints. | Review staffing coverage, absences and field deployment capacity.",Recommended for human review; the model does not make operational decisions.
ES-007003,2026-03-01,WASH Resilience Initiative,WASH,Borno,Bama,Bama Site 3,Medium,0.001983265138942,Low achievement,Reporting delay,Supply delay,Strong activity completion,"Review progress against targets and identify implementation bottlenecks. | Validate reporting timeliness and follow up on delayed field submissions. | Review procurement, logistics and supply-chain bottlenecks.",Recommended for human review; the model does not make operational decisions.
ES-002491,2026-03-01,Livelihood Recovery Initiative,Livelihoods,Borno,Bama,Bama Site 6,High,0.9999803411335524,Low activity completion,Low achievement,Reporting delay,Limited supply delay,Review delayed or incomplete activities and implementation constraints. | Review progress against targets and identify implementation bottlenecks. | Validate reporting timeliness and follow up on delayed field submissions.,Recommended for human review; the model does not make operational decisions.
ES-003963,2026-03-01,Education Access Project,Education,Borno,Bama,Bama Site 4,Medium,8.330265183698434e-05,Elevated complaints,Low achievement,Supply delay,Timely reporting,"Review feedback and complaint records for recurring operational issues. | Review progress against targets and identify implementation bottlenecks. | Review procurement, logistics and supply-chain bottlenecks.",Recommended for human review; the model does not make operational decisions.
ES-004859,2026-03-01,Nutrition Support Programme,Nutrition,Borno,Jere,Jere Site 2,Medium,1.589044501923926e-05,Low activity completion,Low achievement,,Limited supply delay,Review delayed or incomplete activities and implementation constraints. | Review progress against targets and identify implementation bottlenecks.,Recommended for human review; the model does not make operational decisions.
ES-000987,2026-03-01,Community Resilience Programme,Protection/Resilience,Borno,Ngala,Ngala Site 1,Low,7.3950226436759605e-25,Elevated complaints,Access constraints,Lower data quality,Strong achievement,"Review feedback and complaint records for recurring operational issues. | Review access, movement and operational constraints affecting delivery. | Validate source data, completeness and reporting quality.",Recommended for human review; the model does not make operational decisions.
ES-000347,2026-03-01,Community Resilience Programme,Protection/Resilience,Borno,Jere,Jere Site 5,Low,2.7520149023086107e-16,Low activity completion,Elevated complaints,Low staff availability,Strong achievement,"Review delayed or incomplete activities and implementation constraints. | Review feedback and complaint records for recurring operational issues. | Review staffing coverage, absences and field deployment capacity.",Recommended for human review; the model does not make operational decisions.
ES-003995,2026-03-01,Education Access Project,Education,Borno,Bama,Bama Site 5,Low,6.711909666775776e-17,Access constraints,Previous-month achievement pattern,,Lower complaints,"Review access, movement and operational constraints affecting delivery. | Review recent performance trends for persistent underachievement.",Recommended for human review; the model does not make operational decisions.
ES-005243,2026-03-01,Nutrition Support Programme,Nutrition,Borno,Mafa,Mafa Site 2,High,0.9999999944515544,Supply delay,Low achievement,Lower data quality,Strong staff availability,"Review procurement, logistics and supply-chain bottlenecks. | Review progress against targets and identify implementation bottlenecks. | Validate source data, completeness and reporting quality.",Recommended for human review; the model does not make operational decisions.
ES-006587,2026-03-01,WASH Resilience Initiative,WASH,Borno,Konduga,Konduga Site 2,Medium,7.59351620243649e-06,Low achievement,Elevated complaints,Access constraints,Timely reporting,"Review progress against targets and identify implementation bottlenecks. | Review feedback and complaint records for recurring operational issues. | Review access, movement and operational constraints affecting delivery.",Recommended for human review; the model does not make operational decisions.
ES-004539,2026-03-01,Education Access Project,Education,Borno,Gwoza,Gwoza Site 4,Low,4.700957246254367e-15,Low activity completion,Previous-month achievement pattern,Budget utilisation pattern,Strong achievement,Review delayed or incomplete activities and implementation constraints. | Review recent performance trends for persistent underachievement. | Review expenditure patterns against implementation progress.,Recommended for human review; the model does not make operational decisions.
ES-006939,2026-03-01,WASH Resilience Initiative,WASH,Borno,Bama,Bama Site 1,High,0.9996535446467502,Low achievement,Reporting delay,Low activity completion,Limited supply delay,Review progress against targets and identify implementation bottlenecks. | Validate reporting timeliness and follow up on delayed field submissions. | Review delayed or incomplete activities and implementation constraints.,Recommended for human review; the model does not make operational decisions.
ES-001691,2026-03-01,Livelihood Recovery Initiative,Livelihoods,Borno,Maiduguri,Maiduguri Site 5,Low,1.3198477752113047e-24,Access constraints,Low activity completion,Reporting delay,Strong achievement,"Review access, movement and operational constraints affecting delivery. | Review delayed or incomplete activities and implementation constraints. | Validate reporting timeliness and follow up on delayed field submissions.",Recommended for human review; the model does not make operational decisions.
ES-004667,2026-03-01,Nutrition Support Programme,Nutrition,Borno,Maiduguri,Maiduguri Site 2,Low,4.9605787489945136e-17,Supply delay,Lower data quality,Previous-month achievement pattern,Strong achievement,"Review procurement, logistics and supply-chain bottlenecks. | Validate source data, completeness and reporting quality. | Review recent performance trends for persistent underachievement.",Recommended for human review; the model does not make operational decisions.
ES-002107,2026-03-01,Livelihood Recovery Initiative,Livelihoods,Borno,Konduga,Konduga Site 6,Low,1.2042599492212684e-30,Low staff availability,Budget utilisation pattern,Previous-month achievement pattern,Strong achievement,"Review staffing coverage, absences and field deployment capacity. | Review expenditure patterns against implementation progress. | Review recent performance trends for persistent underachievement.",Recommended for human review; the model does not make operational decisions.
ES-007067,2026-03-01,WASH Resilience Initiative,WASH,Borno,Bama,Bama Site 5,Medium,3.626547835469723e-05,Supply delay,Low activity completion,Low staff availability,Strong achievement,"Review procurement, logistics and supply-chain bottlenecks. | Review delayed or incomplete activities and implementation constraints. | Review staffing coverage, absences and field deployment capacity.",Recommended for human review; the model does not make operational decisions.
ES-000315,2026-03-01,Community Resilience Programme,Protection/Resilience,Borno,Jere,Jere Site 4,Low,3.695602355631225e-24,Supply delay,Previous-month achievement pattern,Low staff availability,Strong achievement,"Review procurement, logistics and supply-chain bottlenecks. | Review recent performance trends for persistent underachievement. | Review staffing coverage, absences and field deployment capacity.",Recommended for human review; the model does not make operational decisions.
ES-005979,2026-03-01,Nutrition Support Programme,Nutrition,Borno,Gwoza,Gwoza Site 1,Medium,0.0056868403175484,Low achievement,Reporting delay,Elevated complaints,Strong activity completion,Review progress against targets and identify implementation bottlenecks. | Validate reporting timeliness and follow up on delayed field submissions. | Review feedback and complaint records for recurring operational issues.,Recommended for human review; the model does not make operational decisions.
ES-002747,2026-03-01,Livelihood Recovery Initiative,Livelihoods,Borno,Dikwa,Dikwa Site 2,Medium,0.0001341476904392,Elevated complaints,Access constraints,Low achievement,Limited supply delay,"Review feedback and complaint records for recurring operational issues. | Review access, movement and operational constraints affecting delivery. | Review progress against targets and identify implementation bottlenecks.",Recommended for human review; the model does not make operational decisions.
ES-006075,2026-03-01,Nutrition Support Programme,Nutrition,Borno,Gwoza,Gwoza Site 4,Medium,0.0586447425082152,Low achievement,Low activity completion,Lower data quality,Limited supply delay,"Review progress against targets and identify implementation bottlenecks. | Review delayed or incomplete activities and implementation constraints. | Validate source data, completeness and reporting quality.",Recommended for human review; the model does not make operational decisions.
ES-003291,2026-03-01,Education Access Project,Education,Borno,Jere,Jere Site 1,High,0.9999999982300788,Reporting delay,Low achievement,Low activity completion,Limited supply delay,Validate reporting timeliness and follow up on delayed field submissions. | Review progress against targets and identify implementation bottlenecks. | Review delayed or incomplete activities and implementation constraints.,Recommended for human review; the model does not make operational decisions.
ES-006011,2026-03-01,Nutrition Support Programme,Nutrition,Borno,Gwoza,Gwoza Site 2,Low,1.7948998935044864e-12,Supply delay,Access constraints,Budget utilisation pattern,Strong activity completion,"Review procurement, logistics and supply-chain bottlenecks. | Review access, movement and operational constraints affecting delivery. | Review expenditure patterns against implementation progress.",Recommended for human review; the model does not make operational decisions.
ES-007611,2026-03-01,WASH Resilience Initiative,WASH,Borno,Gwoza,Gwoza Site 4,Medium,1.1560165619414468e-05,Low activity completion,Reporting delay,Low staff availability,Lower complaints,"Review delayed or incomplete activities and implementation constraints. | Validate reporting timeliness and follow up on delayed field submissions. | Review staffing coverage, absences and field deployment capacity.",Recommended for human review; the model does not make operational decisions.
ES-003259,2026-03-01,Education Access Project,Education,Borno,Maiduguri,Maiduguri Site 6,Low,1.860728397789764e-32,Lower data quality,Previous-month achievement pattern,Budget utilisation pattern,Strong achievement,"Validate source data, completeness and reporting quality. | Review recent performance trends for persistent underachievement. | Review expenditure patterns against implementation progress.",Recommended for human review; the model does not make operational decisions.
ES-001435,2026-03-01,Community Resilience Programme,Protection/Resilience,Borno,Gwoza,Gwoza Site 3,Low,4.8076926117349706e-23,Reporting delay,Previous-month achievement pattern,Lower data quality,Strong achievement,"Validate reporting timeliness and follow up on delayed field submissions. | Review recent performance trends for persistent underachievement. | Validate source data, completeness and reporting quality.",Recommended for human review; the model does not make operational decisions.
ES-001947,2026-03-01,Livelihood Recovery Initiative,Livelihoods,Borno,Konduga,Konduga Site 1,Low,1.0041905524260336e-15,Access constraints,Previous-month achievement pattern,Lower data quality,Strong achievement,"Review access, movement and operational constraints affecting delivery. | Review recent performance trends for persistent underachievement. | Validate source data, completeness and reporting quality.",Recommended for human review; the model does not make operational decisions.
ES-003323,2026-03-01,Education Access Project,Education,Borno,Jere,Jere Site 2,Low,9.674762834184749e-18,Elevated complaints,Supply delay,Access constraints,Strong achievement,"Review feedback and complaint records for recurring operational issues. | Review procurement, logistics and supply-chain bottlenecks. | Review access, movement and operational constraints affecting delivery.",Recommended for human review; the model does not make operational decisions.
ES-000731,2026-03-01,Community Resilience Programme,Protection/Resilience,Borno,Mafa,Mafa Site 5,Low,3.769833940618124e-19,Access constraints,Lower data quality,Previous-month achievement pattern,Strong achievement,"Review access, movement and operational constraints affecting delivery. | Validate source data, completeness and reporting quality. | Review recent performance trends for persistent underachievement.",Recommended for human review; the model does not make operational decisions.
ES-005499,2026-03-01,Nutrition Support Programme,Nutrition,Borno,Bama,Bama Site 4,Medium,0.0002620750328033,Reporting delay,Elevated complaints,Lower data quality,Strong activity completion,"Validate reporting timeliness and follow up on delayed field submissions. | Review feedback and complaint records for recurring operational issues. | Validate source data, completeness and reporting quality.",Recommended for human review; the model does not make operational decisions.
ES-000699,2026-03-01,Community Resilience Programme,Protection/Resilience,Borno,Mafa,Mafa Site 4,Low,7.424618889322542e-28,Supply delay,Elevated complaints,Access constraints,Strong activity completion,"Review procurement, logistics and supply-chain bottlenecks. | Review feedback and complaint records for recurring operational issues. | Review access, movement and operational constraints affecting delivery.",Recommended for human review; the model does not make operational decisions.
ES-005755,2026-03-01,Nutrition Support Programme,Nutrition,Borno,Ngala,Ngala Site 6,Medium,6.80242384798765e-05,Supply delay,Elevated complaints,Lower data quality,Timely reporting,"Review procurement, logistics and supply-chain bottlenecks. | Review feedback and complaint records for recurring operational issues. | Validate source data, completeness and reporting quality.",Recommended for human review; the model does not make operational decisions.
ES-003931,2026-03-01,Education Access Project,Education,Borno,Bama,Bama Site 3,Low,5.583406332738114e-11,Access constraints,Supply delay,Lower data quality,Strong activity completion,"Review access, movement and operational constraints affecting delivery. | Review procurement, logistics and supply-chain bottlenecks. | Validate source data, completeness and reporting quality.",Recommended for human review; the model does not make operational decisions.
ES-004699,2026-03-01,Nutrition Support Programme,Nutrition,Borno,Maiduguri,Maiduguri Site 3,Low,2.0375869522791724e-12,Reporting delay,Low activity completion,Low staff availability,Strong achievement,"Validate reporting timeliness and follow up on delayed field submissions. | Review delayed or incomplete activities and implementation constraints. | Review staffing coverage, absences and field deployment capacity.",Recommended for human review; the model does not make operational decisions.
ES-001339,2026-03-01,Community Resilience Programme,Protection/Resilience,Borno,Dikwa,Dikwa Site 6,Low,3.65493350768005e-18,Reporting delay,Supply delay,Previous-month achievement pattern,Strong activity completion,"Validate reporting timeliness and follow up on delayed field submissions. | Review procurement, logistics and supply-chain bottlenecks. | Review recent performance trends for persistent underachievement.",Recommended for human review; the model does not make operational decisions.
ES-007099,2026-03-01,WASH Resilience Initiative,WASH,Borno,Bama,Bama Site 6,Medium,2.827667359703588e-05,Low activity completion,Access constraints,Elevated complaints,Limited supply delay,"Review delayed or incomplete activities and implementation constraints. | Review access, movement and operational constraints affecting delivery. | Review feedback and complaint records for recurring operational issues.",Recommended for human review; the model does not make operational decisions.
ES-004219,2026-03-01,Education Access Project,Education,Borno,Ngala,Ngala Site 6,Medium,9.089707998031928e-06,Reporting delay,Access constraints,Supply delay,Lower complaints,"Validate reporting timeliness and follow up on delayed field submissions. | Review access, movement and operational constraints affecting delivery. | Review procurement, logistics and supply-chain bottlenecks.",Recommended for human review; the model does not make operational decisions.
ES-007291,2026-03-01,WASH Resilience Initiative,WASH,Borno,Ngala,Ngala Site 6,Medium,0.0043759113449416,Low achievement,Supply delay,Access constraints,Strong activity completion,"Review progress against targets and identify implementation bottlenecks. | Review procurement, logistics and supply-chain bottlenecks. | Review access, movement and operational constraints affecting delivery.",Recommended for human review; the model does not make operational decisions.
ES-001915,2026-03-01,Livelihood Recovery Initiative,Livelihoods,Borno,Jere,Jere Site 6,Low,2.1002959048363344e-08,Reporting delay,Low activity completion,Low staff availability,Strong achievement,"Validate reporting timeliness and follow up on delayed field submissions. | Review delayed or incomplete activities and implementation constraints. | Review staffing coverage, absences and field deployment capacity.",Recommended for human review; the model does not make operational decisions.
ES-005051,2026-03-01,Nutrition Support Programme,Nutrition,Borno,Konduga,Konduga Site 2,Low,2.154389878933429e-15,Low activity completion,Low staff availability,Supply delay,Strong achievement,"Review delayed or incomplete activities and implementation constraints. | Review staffing coverage, absences and field deployment capacity. | Review procurement, logistics and supply-chain bottlenecks.",Recommended for human review; the model does not make operational decisions.
ES-007227,2026-03-01,WASH Resilience Initiative,WASH,Borno,Ngala,Ngala Site 4,Medium,8.421430667139019e-05,Low achievement,Reporting delay,Access constraints,Limited supply delay,"Review progress against targets and identify implementation bottlenecks. | Validate reporting timeliness and follow up on delayed field submissions. | Review access, movement and operational constraints affecting delivery.",Recommended for human review; the model does not make operational decisions.
ES-001179,2026-03-01,Community Resilience Programme,Protection/Resilience,Borno,Dikwa,Dikwa Site 1,Medium,3.2710857760350748e-06,Low activity completion,Supply delay,Access constraints,Strong achievement,"Review delayed or incomplete activities and implementation constraints. | Review procurement, logistics and supply-chain bottlenecks. | Review access, movement and operational constraints affecting delivery.",Recommended for human review; the model does not make operational decisions.
ES-004347,2026-03-01,Education Access Project,Education,Borno,Dikwa,Dikwa Site 4,Low,1.5000821416354282e-19,Supply delay,Access constraints,Low activity completion,Strong achievement,"Review procurement, logistics and supply-chain bottlenecks. | Review access, movement and operational constraints affecting delivery. | Review delayed or incomplete activities and implementation constraints.",Recommended for human review; the model does not make operational decisions.
ES-003099,2026-03-01,Education Access Project,Education,Borno,Maiduguri,Maiduguri Site 1,Medium,0.0226163597039689,Low activity completion,Reporting delay,Supply delay,Strong achievement,"Review delayed or incomplete activities and implementation constraints. | Validate reporting timeliness and follow up on delayed field submissions. | Review procurement, logistics and supply-chain bottlenecks.",Recommended for human review; the model does not make operational decisions.
ES-007195,2026-03-01,WASH Resilience Initiative,WASH,Borno,Ngala,Ngala Site 3,Medium,0.0064840302866739,Low achievement,Elevated complaints,Supply delay,Lower access constraints,"Review progress against targets and identify implementation bottlenecks. | Review feedback and complaint records for recurring operational issues. | Review procurement, logistics and supply-chain bottlenecks.",Recommended for human review; the model does not make operational decisions.
ES-005147,2026-03-01,Nutrition Support Programme,Nutrition,Borno,Konduga,Konduga Site 5,Low,3.442702845217053e-16,Supply delay,Previous-month achievement pattern,Budget utilisation pattern,Strong achievement,"Review procurement, logistics and supply-chain bottlenecks. | Review recent performance trends for persistent underachievement. | Review expenditure patterns against implementation progress.",Recommended for human review; the model does not make operational decisions.
ES-007323,2026-03-01,WASH Resilience Initiative,WASH,Borno,Dikwa,Dikwa Site 1,Medium,6.756208013068771e-06,Supply delay,Low activity completion,Low achievement,Lower complaints,"Review procurement, logistics and supply-chain bottlenecks. | Review delayed or incomplete activities and implementation constraints. | Review progress against targets and identify implementation bottlenecks.",Recommended for human review; the model does not make operational decisions.
ES-001979,2026-03-01,Livelihood Recovery Initiative,Livelihoods,Borno,Konduga,Konduga Site 2,Low,8.855821584072388e-14,Low activity completion,Low staff availability,Access constraints,Strong achievement,"Review delayed or incomplete activities and implementation constraints. | Review staffing coverage, absences and field deployment capacity. | Review access, movement and operational constraints affecting delivery.",Recommended for human review; the model does not make operational decisions.
ES-005019,2026-03-01,Nutrition Support Programme,Nutrition,Borno,Konduga,Konduga Site 1,Medium,5.072856638801636e-06,Low activity completion,Low staff availability,Elevated complaints,Timely reporting,"Review delayed or incomplete activities and implementation constraints. | Review staffing coverage, absences and field deployment capacity. | Review feedback and complaint records for recurring operational issues.",Recommended for human review; the model does not make operational decisions.
ES-002395,2026-03-01,Livelihood Recovery Initiative,Livelihoods,Borno,Bama,Bama Site 3,Low,2.871124432716053e-10,Supply delay,Access constraints,Elevated complaints,Strong achievement,"Review procurement, logistics and supply-chain bottlenecks. | Review access, movement and operational constraints affecting delivery. | Review feedback and complaint records for recurring operational issues.",Recommended for human review; the model does not make operational decisions.
ES-006555,2026-03-01,WASH Resilience Initiative,WASH,Borno,Konduga,Konduga Site 1,Low,1.5068021681879953e-18,Elevated complaints,Low staff availability,Access constraints,Strong achievement,"Review feedback and complaint records for recurring operational issues. | Review staffing coverage, absences and field deployment capacity. | Review access, movement and operational constraints affecting delivery.",Recommended for human review; the model does not make operational decisions.
ES-002235,2026-03-01,Livelihood Recovery Initiative,Livelihoods,Borno,Mafa,Mafa Site 4,Medium,0.0011885827680741,Elevated complaints,Reporting delay,Low achievement,Strong staff availability,Review feedback and complaint records for recurring operational issues. | Validate reporting timeliness and follow up on delayed field submissions. | Review progress against targets and identify implementation bottlenecks.,Recommended for human review; the model does not make operational decisions.
ES-002619,2026-03-01,Livelihood Recovery Initiative,Livelihoods,Borno,Ngala,Ngala Site 4,High,0.9999970731682802,Supply delay,Low activity completion,Reporting delay,Strong achievement,"Review procurement, logistics and supply-chain bottlenecks. | Review delayed or incomplete activities and implementation constraints. | Validate reporting timeliness and follow up on delayed field submissions.",Recommended for human review; the model does not make operational decisions.
ES-004475,2026-03-01,Education Access Project,Education,Borno,Gwoza,Gwoza Site 2,Low,6.542858418254771e-09,Supply delay,Access constraints,Low achievement,Timely reporting,"Review procurement, logistics and supply-chain bottlenecks. | Review access, movement and operational constraints affecting delivery. | Review progress against targets and identify implementation bottlenecks.",Recommended for human review; the model does not make operational decisions.
ES-000827,2026-03-01,Community Resilience Programme,Protection/Resilience,Borno,Bama,Bama Site 2,Low,1.707016436132443e-11,Access constraints,Supply delay,Lower data quality,Strong achievement,"Review access, movement and operational constraints affecting delivery. | Review procurement, logistics and supply-chain bottlenecks. | Validate source data, completeness and reporting quality.",Recommended for human review; the model does not make operational decisions.
ES-002587,2026-03-01,Livelihood Recovery Initiative,Livelihoods,Borno,Ngala,Ngala Site 3,High,0.999516456071308,Supply delay,Low activity completion,Low achievement,Strong staff availability,"Review procurement, logistics and supply-chain bottlenecks. | Review delayed or incomplete activities and implementation constraints. | Review progress against targets and identify implementation bottlenecks.",Recommended for human review; the model does not make operational decisions.
ES-006299,2026-03-01,WASH Resilience Initiative,WASH,Borno,Maiduguri,Maiduguri Site 5,High,0.9999999886528748,Elevated complaints,Low achievement,Low activity completion,Limited supply delay,Review feedback and complaint records for recurring operational issues. | Review progress against targets and identify implementation bottlenecks. | Review delayed or incomplete activities and implementation constraints.,Recommended for human review; the model does not make operational decisions.
ES-000795,2026-03-01,Community Resilience Programme,Protection/Resilience,Borno,Bama,Bama Site 1,Low,1.3300805714673875e-09,Supply delay,Reporting delay,Elevated complaints,Strong achievement,"Review procurement, logistics and supply-chain bottlenecks. | Validate reporting timeliness and follow up on delayed field submissions. | Review feedback and complaint records for recurring operational issues.",Recommended for human review; the model does not make operational decisions.
ES-000283,2026-03-01,Community Resilience Programme,Protection/Resilience,Borno,Jere,Jere Site 3,Low,6.177496676879642e-08,Low activity completion,Access constraints,Supply delay,Strong achievement,"Review delayed or incomplete activities and implementation constraints. | Review access, movement and operational constraints affecting delivery. | Review procurement, logistics and supply-chain bottlenecks.",Recommended for human review; the model does not make operational decisions.
ES-006331,2026-03-01,WASH Resilience Initiative,WASH,Borno,Maiduguri,Maiduguri Site 6,High,0.9999575681706264,Low achievement,Reporting delay,Low activity completion,Limited supply delay,Review progress against targets and identify implementation bottlenecks. | Validate reporting timeliness and follow up on delayed field submissions. | Review delayed or incomplete activities and implementation constraints.,Recommended for human review; the model does not make operational decisions.
ES-004795,2026-03-01,Nutrition Support Programme,Nutrition,Borno,Maiduguri,Maiduguri Site 6,Low,1.8903390329413563e-31,Reporting delay,Low staff availability,Previous-month achievement pattern,Strong achievement,"Validate reporting timeliness and follow up on delayed field submissions. | Review staffing coverage, absences and field deployment capacity. | Review recent performance trends for persistent underachievement.",Recommended for human review; the model does not make operational decisions.
ES-001084,2026-04-01,Community Resilience Programme,Protection/Resilience,Borno,Ngala,Ngala Site 4,Low,2.056138639277618e-08,Low activity completion,Reporting delay,Lower data quality,Limited supply delay,"Review delayed or incomplete activities and implementation constraints. | Validate reporting timeliness and follow up on delayed field submissions. | Validate source data, completeness and reporting quality.",Recommended for human review; the model does not make operational decisions.
ES-000700,2026-04-01,Community Resilience Programme,Protection/Resilience,Borno,Mafa,Mafa Site 4,Low,2.8694332876306135e-14,Elevated complaints,Lower data quality,Supply delay,Strong activity completion,"Review feedback and complaint records for recurring operational issues. | Validate source data, completeness and reporting quality. | Review procurement, logistics and supply-chain bottlenecks.",Recommended for human review; the model does not make operational decisions.
ES-005852,2026-04-01,Nutrition Support Programme,Nutrition,Borno,Dikwa,Dikwa Site 3,Low,2.089486231346335e-24,Elevated complaints,Lower data quality,Low staff availability,Strong activity completion,"Review feedback and complaint records for recurring operational issues. | Validate source data, completeness and reporting quality. | Review staffing coverage, absences and field deployment capacity.",Recommended for human review; the model does not make operational decisions.
ES-000124,2026-04-01,Community Resilience Programme,Protection/Resilience,Borno,Maiduguri,Maiduguri Site 4,Low,3.428215544069616e-23,Low activity completion,Low staff availability,Lower data quality,Strong achievement,"Review delayed or incomplete activities and implementation constraints. | Review staffing coverage, absences and field deployment capacity. | Validate source data, completeness and reporting quality.",Recommended for human review; the model does not make operational decisions.
ES-005628,2026-04-01,Nutrition Support Programme,Nutrition,Borno,Ngala,Ngala Site 2,Medium,2.4063284446495658e-05,Low achievement,Low staff availability,Access constraints,Lower complaints,"Review progress against targets and identify implementation bottlenecks. | Review staffing coverage, absences and field deployment capacity. | Review access, movement and operational constraints affecting delivery.",Recommended for human review; the model does not make operational decisions.
ES-002460,2026-04-01,Livelihood Recovery Initiative,Livelihoods,Borno,Bama,Bama Site 5,High,0.9999999999989388,Elevated complaints,Reporting delay,Supply delay,Strong data quality,"Review feedback and complaint records for recurring operational issues. | Validate reporting timeliness and follow up on delayed field submissions. | Review procurement, logistics and supply-chain bottlenecks.",Recommended for human review; the model does not make operational decisions.
ES-002780,2026-04-01,Livelihood Recovery Initiative,Livelihoods,Borno,Dikwa,Dikwa Site 3,Low,8.505321941945021e-15,Reporting delay,Low staff availability,Low activity completion,Strong achievement,"Validate reporting timeliness and follow up on delayed field submissions. | Review staffing coverage, absences and field deployment capacity. | Review delayed or incomplete activities and implementation constraints.",Recommended for human review; the model does not make operational decisions.
ES-007516,2026-04-01,WASH Resilience Initiative,WASH,Borno,Gwoza,Gwoza Site 1,High,0.8070018087667886,Low achievement,Elevated complaints,Access constraints,Timely reporting,"Review progress against targets and identify implementation bottlenecks. | Review feedback and complaint records for recurring operational issues. | Review access, movement and operational constraints affecting delivery.",Recommended for human review; the model does not make operational decisions.
ES-004028,2026-04-01,Education Access Project,Education,Borno,Bama,Bama Site 6,Low,1.2363722009330221e-13,Access constraints,Low staff availability,Previous-month achievement pattern,Strong achievement,"Review access, movement and operational constraints affecting delivery. | Review staffing coverage, absences and field deployment capacity. | Review recent performance trends for persistent underachievement.",Recommended for human review; the model does not make operational decisions.
ES-006236,2026-04-01,WASH Resilience Initiative,WASH,Borno,Maiduguri,Maiduguri Site 3,Medium,0.0020931854666054,Low achievement,Reporting delay,Access constraints,Limited supply delay,"Review progress against targets and identify implementation bottlenecks. | Validate reporting timeliness and follow up on delayed field submissions. | Review access, movement and operational constraints affecting delivery.",Recommended for human review; the model does not make operational decisions.
ES-005948,2026-04-01,Nutrition Support Programme,Nutrition,Borno,Dikwa,Dikwa Site 6,Low,4.035626462281623e-29,Low staff availability,Lower data quality,Previous-month achievement pattern,Strong achievement,"Review staffing coverage, absences and field deployment capacity. | Validate source data, completeness and reporting quality. | Review recent performance trends for persistent underachievement.",Recommended for human review; the model does not make operational decisions.
ES-001148,2026-04-01,Community Resilience Programme,Protection/Resilience,Borno,Ngala,Ngala Site 6,Medium,6.347382946296022e-07,Reporting delay,Elevated complaints,Low staff availability,Strong achievement,"Validate reporting timeliness and follow up on delayed field submissions. | Review feedback and complaint records for recurring operational issues. | Review staffing coverage, absences and field deployment capacity.",Recommended for human review; the model does not make operational decisions.
ES-001052,2026-04-01,Community Resilience Programme,Protection/Resilience,Borno,Ngala,Ngala Site 3,Low,4.395880106682758e-13,Supply delay,Reporting delay,Elevated complaints,Strong achievement,"Review procurement, logistics and supply-chain bottlenecks. | Validate reporting timeliness and follow up on delayed field submissions. | Review feedback and complaint records for recurring operational issues.",Recommended for human review; the model does not make operational decisions.
ES-003612,2026-04-01,Education Access Project,Education,Borno,Konduga,Konduga Site 5,Low,3.409406256386982e-07,Elevated complaints,Low activity completion,Access constraints,Limited supply delay,"Review feedback and complaint records for recurring operational issues. | Review delayed or incomplete activities and implementation constraints. | Review access, movement and operational constraints affecting delivery.",Recommended for human review; the model does not make operational decisions.
ES-004380,2026-04-01,Education Access Project,Education,Borno,Dikwa,Dikwa Site 5,Medium,0.003929535945405,Supply delay,Low activity completion,Elevated complaints,Strong achievement,"Review procurement, logistics and supply-chain bottlenecks. | Review delayed or incomplete activities and implementation constraints. | Review feedback and complaint records for recurring operational issues.",Recommended for human review; the model does not make operational decisions.
ES-003516,2026-04-01,Education Access Project,Education,Borno,Konduga,Konduga Site 2,Low,3.7406496727083085e-10,Supply delay,Previous-month achievement pattern,,Strong achievement,"Review procurement, logistics and supply-chain bottlenecks. | Review recent performance trends for persistent underachievement.",Recommended for human review; the model does not make operational decisions.
ES-005116,2026-04-01,Nutrition Support Programme,Nutrition,Borno,Konduga,Konduga Site 4,Low,1.1107930317748927e-09,Supply delay,Elevated complaints,Access constraints,Strong achievement,"Review procurement, logistics and supply-chain bottlenecks. | Review feedback and complaint records for recurring operational issues. | Review access, movement and operational constraints affecting delivery.",Recommended for human review; the model does not make operational decisions.
ES-000188,2026-04-01,Community Resilience Programme,Protection/Resilience,Borno,Maiduguri,Maiduguri Site 6,Medium,6.630980179015822e-05,Supply delay,Low activity completion,Low achievement,Lower complaints,"Review procurement, logistics and supply-chain bottlenecks. | Review delayed or incomplete activities and implementation constraints. | Review progress against targets and identify implementation bottlenecks.",Recommended for human review; the model does not make operational decisions.
ES-000540,2026-04-01,Community Resilience Programme,Protection/Resilience,Borno,Konduga,Konduga Site 5,Low,2.3635443973954673e-22,Low activity completion,Previous-month achievement pattern,Low staff availability,Strong achievement,"Review delayed or incomplete activities and implementation constraints. | Review recent performance trends for persistent underachievement. | Review staffing coverage, absences and field deployment capacity.",Recommended for human review; the model does not make operational decisions.
ES-007676,2026-04-01,WASH Resilience Initiative,WASH,Borno,Gwoza,Gwoza Site 6,High,0.9933883027956942,Supply delay,Low achievement,Low activity completion,Lower complaints,"Review procurement, logistics and supply-chain bottlenecks. | Review progress against targets and identify implementation bottlenecks. | Review delayed or incomplete activities and implementation constraints.",Recommended for human review; the model does not make operational decisions.
ES-003772,2026-04-01,Education Access Project,Education,Borno,Mafa,Mafa Site 4,Low,8.745398472616904e-20,Access constraints,Lower data quality,Low staff availability,Strong achievement,"Review access, movement and operational constraints affecting delivery. | Validate source data, completeness and reporting quality. | Review staffing coverage, absences and field deployment capacity.",Recommended for human review; the model does not make operational decisions.
ES-002908,2026-04-01,Livelihood Recovery Initiative,Livelihoods,Borno,Gwoza,Gwoza Site 1,Low,7.922703742904923e-12,Reporting delay,Low achievement,Lower data quality,Lower access constraints,"Validate reporting timeliness and follow up on delayed field submissions. | Review progress against targets and identify implementation bottlenecks. | Validate source data, completeness and reporting quality.",Recommended for human review; the model does not make operational decisions.
ES-004732,2026-04-01,Nutrition Support Programme,Nutrition,Borno,Maiduguri,Maiduguri Site 4,Low,1.6545895650100602e-09,Low activity completion,Reporting delay,Supply delay,Strong achievement,"Review delayed or incomplete activities and implementation constraints. | Validate reporting timeliness and follow up on delayed field submissions. | Review procurement, logistics and supply-chain bottlenecks.",Recommended for human review; the model does not make operational decisions.
ES-006012,2026-04-01,Nutrition Support Programme,Nutrition,Borno,Gwoza,Gwoza Site 2,Low,3.731363878757978e-15,Elevated complaints,Access constraints,Low staff availability,Strong activity completion,"Review feedback and complaint records for recurring operational issues. | Review access, movement and operational constraints affecting delivery. | Review staffing coverage, absences and field deployment capacity.",Recommended for human review; the model does not make operational decisions.
ES-000476,2026-04-01,Community Resilience Programme,Protection/Resilience,Borno,Konduga,Konduga Site 3,Medium,1.6005505437084783e-06,Low activity completion,Low achievement,Access constraints,Limited supply delay,"Review delayed or incomplete activities and implementation constraints. | Review progress against targets and identify implementation bottlenecks. | Review access, movement and operational constraints affecting delivery.",Recommended for human review; the model does not make operational decisions.
ES-005180,2026-04-01,Nutrition Support Programme,Nutrition,Borno,Konduga,Konduga Site 6,Medium,9.442997197208465e-05,Low activity completion,Low achievement,Reporting delay,Limited supply delay,Review delayed or incomplete activities and implementation constraints. | Review progress against targets and identify implementation bottlenecks. | Validate reporting timeliness and follow up on delayed field submissions.,Recommended for human review; the model does not make operational decisions.
ES-001116,2026-04-01,Community Resilience Programme,Protection/Resilience,Borno,Ngala,Ngala Site 5,Medium,4.251131626963151e-05,Low achievement,Low activity completion,Reporting delay,Limited supply delay,Review progress against targets and identify implementation bottlenecks. | Review delayed or incomplete activities and implementation constraints. | Validate reporting timeliness and follow up on delayed field submissions.,Recommended for human review; the model does not make operational decisions.
ES-001692,2026-04-01,Livelihood Recovery Initiative,Livelihoods,Borno,Maiduguri,Maiduguri Site 5,Low,4.445254936989846e-09,Supply delay,Access constraints,Reporting delay,Strong achievement,"Review procurement, logistics and supply-chain bottlenecks. | Review access, movement and operational constraints affecting delivery. | Validate reporting timeliness and follow up on delayed field submissions.",Recommended for human review; the model does not make operational decisions.
ES-001596,2026-04-01,Livelihood Recovery Initiative,Livelihoods,Borno,Maiduguri,Maiduguri Site 2,Medium,0.0449838701150643,Low achievement,Low activity completion,Elevated complaints,Strong staff availability,Review progress against targets and identify implementation bottlenecks. | Review delayed or incomplete activities and implementation constraints. | Review feedback and complaint records for recurring operational issues.,Recommended for human review; the model does not make operational decisions.
ES-005596,2026-04-01,Nutrition Support Programme,Nutrition,Borno,Ngala,Ngala Site 1,Low,6.995193101400394e-14,Reporting delay,Supply delay,Lower data quality,Strong achievement,"Validate reporting timeliness and follow up on delayed field submissions. | Review procurement, logistics and supply-chain bottlenecks. | Validate source data, completeness and reporting quality.",Recommended for human review; the model does not make operational decisions.
ES-003644,2026-04-01,Education Access Project,Education,Borno,Konduga,Konduga Site 6,Medium,0.0126545614379944,Reporting delay,Low activity completion,Low achievement,Lower access constraints,Validate reporting timeliness and follow up on delayed field submissions. | Review delayed or incomplete activities and implementation constraints. | Review progress against targets and identify implementation bottlenecks.,Recommended for human review; the model does not make operational decisions.
ES-006748,2026-04-01,WASH Resilience Initiative,WASH,Borno,Mafa,Mafa Site 1,Low,3.010947394176792e-07,Low activity completion,Supply delay,Access constraints,Timely reporting,"Review delayed or incomplete activities and implementation constraints. | Review procurement, logistics and supply-chain bottlenecks. | Review access, movement and operational constraints affecting delivery.",Recommended for human review; the model does not make operational decisions.
ES-002844,2026-04-01,Livelihood Recovery Initiative,Livelihoods,Borno,Dikwa,Dikwa Site 5,Low,1.586256724545719e-09,Low activity completion,Reporting delay,Access constraints,Strong achievement,"Review delayed or incomplete activities and implementation constraints. | Validate reporting timeliness and follow up on delayed field submissions. | Review access, movement and operational constraints affecting delivery.",Recommended for human review; the model does not make operational decisions.
ES-006460,2026-04-01,WASH Resilience Initiative,WASH,Borno,Jere,Jere Site 4,Low,4.263544040876385e-22,Access constraints,Low staff availability,Low activity completion,Strong achievement,"Review access, movement and operational constraints affecting delivery. | Review staffing coverage, absences and field deployment capacity. | Review delayed or incomplete activities and implementation constraints.",Recommended for human review; the model does not make operational decisions.
ES-004860,2026-04-01,Nutrition Support Programme,Nutrition,Borno,Jere,Jere Site 2,Medium,4.839245953506329e-06,Reporting delay,Low activity completion,Supply delay,Strong achievement,"Validate reporting timeliness and follow up on delayed field submissions. | Review delayed or incomplete activities and implementation constraints. | Review procurement, logistics and supply-chain bottlenecks.",Recommended for human review; the model does not make operational decisions.
ES-001468,2026-04-01,Community Resilience Programme,Protection/Resilience,Borno,Gwoza,Gwoza Site 4,Low,3.627577182876195e-11,Low activity completion,Low achievement,Previous-month achievement pattern,Timely reporting,Review delayed or incomplete activities and implementation constraints. | Review progress against targets and identify implementation bottlenecks. | Review recent performance trends for persistent underachievement.,Recommended for human review; the model does not make operational decisions.
ES-006620,2026-04-01,WASH Resilience Initiative,WASH,Borno,Konduga,Konduga Site 3,Low,1.0936841727818174e-14,Supply delay,Elevated complaints,Lower data quality,Strong achievement,"Review procurement, logistics and supply-chain bottlenecks. | Review feedback and complaint records for recurring operational issues. | Validate source data, completeness and reporting quality.",Recommended for human review; the model does not make operational decisions.
ES-001212,2026-04-01,Community Resilience Programme,Protection/Resilience,Borno,Dikwa,Dikwa Site 2,Low,2.183677699035409e-13,Supply delay,Access constraints,Elevated complaints,Strong achievement,"Review procurement, logistics and supply-chain bottlenecks. | Review access, movement and operational constraints affecting delivery. | Review feedback and complaint records for recurring operational issues.",Recommended for human review; the model does not make operational decisions.
ES-002428,2026-04-01,Livelihood Recovery Initiative,Livelihoods,Borno,Bama,Bama Site 4,Medium,2.3497425757418748e-06,Low activity completion,Reporting delay,Supply delay,Strong achievement,"Review delayed or incomplete activities and implementation constraints. | Validate reporting timeliness and follow up on delayed field submissions. | Review procurement, logistics and supply-chain bottlenecks.",Recommended for human review; the model does not make operational decisions.
ES-007644,2026-04-01,WASH Resilience Initiative,WASH,Borno,Gwoza,Gwoza Site 5,High,0.5046029168790457,Low achievement,Low activity completion,Supply delay,Lower access constraints,"Review progress against targets and identify implementation bottlenecks. | Review delayed or incomplete activities and implementation constraints. | Review procurement, logistics and supply-chain bottlenecks.",Recommended for human review; the model does not make operational decisions.
ES-004316,2026-04-01,Education Access Project,Education,Borno,Dikwa,Dikwa Site 3,High,0.5469713212132818,Low achievement,Elevated complaints,Access constraints,Strong activity completion,"Review progress against targets and identify implementation bottlenecks. | Review feedback and complaint records for recurring operational issues. | Review access, movement and operational constraints affecting delivery.",Recommended for human review; the model does not make operational decisions.
ES-001628,2026-04-01,Livelihood Recovery Initiative,Livelihoods,Borno,Maiduguri,Maiduguri Site 3,Low,3.505225373322381e-09,Reporting delay,Low activity completion,Supply delay,Strong achievement,"Validate reporting timeliness and follow up on delayed field submissions. | Review delayed or incomplete activities and implementation constraints. | Review procurement, logistics and supply-chain bottlenecks.",Recommended for human review; the model does not make operational decisions.
ES-005020,2026-04-01,Nutrition Support Programme,Nutrition,Borno,Konduga,Konduga Site 1,Medium,1.9635980488142423e-05,Low activity completion,Supply delay,Elevated complaints,Strong achievement,"Review delayed or incomplete activities and implementation constraints. | Review procurement, logistics and supply-chain bottlenecks. | Review feedback and complaint records for recurring operational issues.",Recommended for human review; the model does not make operational decisions.
ES-003580,2026-04-01,Education Access Project,Education,Borno,Konduga,Konduga Site 4,Low,3.45845428572639e-08,Low activity completion,Elevated complaints,Lower data quality,Strong achievement,"Review delayed or incomplete activities and implementation constraints. | Review feedback and complaint records for recurring operational issues. | Validate source data, completeness and reporting quality.",Recommended for human review; the model does not make operational decisions.
ES-000796,2026-04-01,Community Resilience Programme,Protection/Resilience,Borno,Bama,Bama Site 1,High,0.8970882446955829,Elevated complaints,Low achievement,Access constraints,Strong activity completion,"Review feedback and complaint records for recurring operational issues. | Review progress against targets and identify implementation bottlenecks. | Review access, movement and operational constraints affecting delivery.",Recommended for human review; the model does not make operational decisions.
ES-005916,2026-04-01,Nutrition Support Programme,Nutrition,Borno,Dikwa,Dikwa Site 5,Low,4.3973921171178454e-07,Elevated complaints,Low activity completion,Access constraints,Strong achievement,"Review feedback and complaint records for recurring operational issues. | Review delayed or incomplete activities and implementation constraints. | Review access, movement and operational constraints affecting delivery.",Recommended for human review; the model does not make operational decisions.
ES-002716,2026-04-01,Livelihood Recovery Initiative,Livelihoods,Borno,Dikwa,Dikwa Site 1,Low,3.9877128073970434e-12,Reporting delay,Low activity completion,Previous-month achievement pattern,Strong achievement,Validate reporting timeliness and follow up on delayed field submissions. | Review delayed or incomplete activities and implementation constraints. | Review recent performance trends for persistent underachievement.,Recommended for human review; the model does not make operational decisions.
ES-001340,2026-04-01,Community Resilience Programme,Protection/Resilience,Borno,Dikwa,Dikwa Site 6,Low,5.797477805386231e-23,Supply delay,Access constraints,Previous-month achievement pattern,Strong achievement,"Review procurement, logistics and supply-chain bottlenecks. | Review access, movement and operational constraints affecting delivery. | Review recent performance trends for persistent underachievement.",Recommended for human review; the model does not make operational decisions.
ES-002812,2026-04-01,Livelihood Recovery Initiative,Livelihoods,Borno,Dikwa,Dikwa Site 4,Low,2.0041444127925702e-20,Low staff availability,Budget utilisation pattern,,Strong achievement,"Review staffing coverage, absences and field deployment capacity. | Review expenditure patterns against implementation progress.",Recommended for human review; the model does not make operational decisions.
ES-002620,2026-04-01,Livelihood Recovery Initiative,Livelihoods,Borno,Ngala,Ngala Site 4,Medium,0.0024188226503104,Access constraints,Low achievement,Low activity completion,Timely reporting,"Review access, movement and operational constraints affecting delivery. | Review progress against targets and identify implementation bottlenecks. | Review delayed or incomplete activities and implementation constraints.",Recommended for human review; the model does not make operational decisions.
ES-005244,2026-04-01,Nutrition Support Programme,Nutrition,Borno,Mafa,Mafa Site 2,Medium,0.0008376670017637,Low achievement,Supply delay,Low activity completion,Lower access constraints,"Review progress against targets and identify implementation bottlenecks. | Review procurement, logistics and supply-chain bottlenecks. | Review delayed or incomplete activities and implementation constraints.",Recommended for human review; the model does not make operational decisions.
ES-005276,2026-04-01,Nutrition Support Programme,Nutrition,Borno,Mafa,Mafa Site 3,High,0.9965117856866644,Low achievement,Lower data quality,Previous-month achievement pattern,Strong activity completion,"Review progress against targets and identify implementation bottlenecks. | Validate source data, completeness and reporting quality. | Review recent performance trends for persistent underachievement.",Recommended for human review; the model does not make operational decisions.
ES-007612,2026-04-01,WASH Resilience Initiative,WASH,Borno,Gwoza,Gwoza Site 4,Low,3.812468999266162e-17,Lower data quality,Access constraints,,Strong achievement,"Validate source data, completeness and reporting quality. | Review access, movement and operational constraints affecting delivery.",Recommended for human review; the model does not make operational decisions.
ES-000924,2026-04-01,Community Resilience Programme,Protection/Resilience,Borno,Bama,Bama Site 5,Low,3.336300656653512e-30,Lower data quality,Low activity completion,Previous-month achievement pattern,Strong achievement,"Validate source data, completeness and reporting quality. | Review delayed or incomplete activities and implementation constraints. | Review recent performance trends for persistent underachievement.",Recommended for human review; the model does not make operational decisions.
ES-007260,2026-04-01,WASH Resilience Initiative,WASH,Borno,Ngala,Ngala Site 5,Medium,0.0004265400120807,Low achievement,Low activity completion,Elevated complaints,Limited supply delay,Review progress against targets and identify implementation bottlenecks. | Review delayed or incomplete activities and implementation constraints. | Review feedback and complaint records for recurring operational issues.,Recommended for human review; the model does not make operational decisions.
ES-005884,2026-04-01,Nutrition Support Programme,Nutrition,Borno,Dikwa,Dikwa Site 4,Low,1.8184559430042528e-22,Supply delay,Previous-month achievement pattern,Lower data quality,Strong achievement,"Review procurement, logistics and supply-chain bottlenecks. | Review recent performance trends for persistent underachievement. | Validate source data, completeness and reporting quality.",Recommended for human review; the model does not make operational decisions.
ES-002492,2026-04-01,Livelihood Recovery Initiative,Livelihoods,Borno,Bama,Bama Site 6,Medium,0.0051702298873644,Low activity completion,Elevated complaints,Low achievement,Timely reporting,Review delayed or incomplete activities and implementation constraints. | Review feedback and complaint records for recurring operational issues. | Review progress against targets and identify implementation bottlenecks.,Recommended for human review; the model does not make operational decisions.
ES-002748,2026-04-01,Livelihood Recovery Initiative,Livelihoods,Borno,Dikwa,Dikwa Site 2,Low,5.633320897014073e-09,Reporting delay,Low achievement,Elevated complaints,Strong activity completion,Validate reporting timeliness and follow up on delayed field submissions. | Review progress against targets and identify implementation bottlenecks. | Review feedback and complaint records for recurring operational issues.,Recommended for human review; the model does not make operational decisions.
ES-004220,2026-04-01,Education Access Project,Education,Borno,Ngala,Ngala Site 6,Medium,1.2461282856135865e-06,Low achievement,Access constraints,Low staff availability,Limited supply delay,"Review progress against targets and identify implementation bottlenecks. | Review access, movement and operational constraints affecting delivery. | Review staffing coverage, absences and field deployment capacity.",Recommended for human review; the model does not make operational decisions.
ES-005660,2026-04-01,Nutrition Support Programme,Nutrition,Borno,Ngala,Ngala Site 3,Low,5.103749488729287e-22,Low activity completion,Previous-month achievement pattern,,Strong achievement,Review delayed or incomplete activities and implementation constraints. | Review recent performance trends for persistent underachievement.,Recommended for human review; the model does not make operational decisions.
ES-002588,2026-04-01,Livelihood Recovery Initiative,Livelihoods,Borno,Ngala,Ngala Site 3,Low,5.31988318391381e-09,Supply delay,Low activity completion,,Strong achievement,"Review procurement, logistics and supply-chain bottlenecks. | Review delayed or incomplete activities and implementation constraints.",Recommended for human review; the model does not make operational decisions.
ES-003676,2026-04-01,Education Access Project,Education,Borno,Mafa,Mafa Site 1,Medium,8.58529812452103e-06,Reporting delay,Low achievement,Previous-month achievement pattern,Strong activity completion,Validate reporting timeliness and follow up on delayed field submissions. | Review progress against targets and identify implementation bottlenecks. | Review recent performance trends for persistent underachievement.,Recommended for human review; the model does not make operational decisions.
ES-006268,2026-04-01,WASH Resilience Initiative,WASH,Borno,Maiduguri,Maiduguri Site 4,Low,5.952160527560958e-32,Low staff availability,Reporting delay,Previous-month achievement pattern,Strong achievement,"Review staffing coverage, absences and field deployment capacity. | Validate reporting timeliness and follow up on delayed field submissions. | Review recent performance trends for persistent underachievement.",Recommended for human review; the model does not make operational decisions.
ES-000444,2026-04-01,Community Resilience Programme,Protection/Resilience,Borno,Konduga,Konduga Site 2,Medium,3.0325539891545567e-06,Supply delay,Access constraints,Lower data quality,Strong activity completion,"Review procurement, logistics and supply-chain bottlenecks. | Review access, movement and operational constraints affecting delivery. | Validate source data, completeness and reporting quality.",Recommended for human review; the model does not make operational decisions.
ES-007580,2026-04-01,WASH Resilience Initiative,WASH,Borno,Gwoza,Gwoza Site 3,Medium,2.584461300974738e-06,Access constraints,Low activity completion,Reporting delay,Strong achievement,"Review access, movement and operational constraints affecting delivery. | Review delayed or incomplete activities and implementation constraints. | Validate reporting timeliness and follow up on delayed field submissions.",Recommended for human review; the model does not make operational decisions.
ES-001436,2026-04-01,Community Resilience Programme,Protection/Resilience,Borno,Gwoza,Gwoza Site 3,Low,1.520351846281598e-20,Supply delay,Lower data quality,Previous-month achievement pattern,Strong achievement,"Review procurement, logistics and supply-chain bottlenecks. | Validate source data, completeness and reporting quality. | Review recent performance trends for persistent underachievement.",Recommended for human review; the model does not make operational decisions.
ES-007548,2026-04-01,WASH Resilience Initiative,WASH,Borno,Gwoza,Gwoza Site 2,Low,1.4652548390697046e-15,Low activity completion,Low staff availability,Previous-month achievement pattern,Strong achievement,"Review delayed or incomplete activities and implementation constraints. | Review staffing coverage, absences and field deployment capacity. | Review recent performance trends for persistent underachievement.",Recommended for human review; the model does not make operational decisions.
ES-006428,2026-04-01,WASH Resilience Initiative,WASH,Borno,Jere,Jere Site 3,Low,8.650896771997491e-12,Reporting delay,Low achievement,Previous-month achievement pattern,Limited supply delay,Validate reporting timeliness and follow up on delayed field submissions. | Review progress against targets and identify implementation bottlenecks. | Review recent performance trends for persistent underachievement.,Recommended for human review; the model does not make operational decisions.
ES-004188,2026-04-01,Education Access Project,Education,Borno,Ngala,Ngala Site 5,Low,3.8614799023746295e-08,Low achievement,Reporting delay,Access constraints,Strong activity completion,"Review progress against targets and identify implementation bottlenecks. | Validate reporting timeliness and follow up on delayed field submissions. | Review access, movement and operational constraints affecting delivery.",Recommended for human review; the model does not make operational decisions.
ES-003548,2026-04-01,Education Access Project,Education,Borno,Konduga,Konduga Site 3,Medium,0.0007737354582721,Low achievement,Low activity completion,Elevated complaints,Timely reporting,Review progress against targets and identify implementation bottlenecks. | Review delayed or incomplete activities and implementation constraints. | Review feedback and complaint records for recurring operational issues.,Recommended for human review; the model does not make operational decisions.
ES-002332,2026-04-01,Livelihood Recovery Initiative,Livelihoods,Borno,Bama,Bama Site 1,Low,4.895965831370454e-07,Supply delay,Low achievement,Low activity completion,Timely reporting,"Review procurement, logistics and supply-chain bottlenecks. | Review progress against targets and identify implementation bottlenecks. | Review delayed or incomplete activities and implementation constraints.",Recommended for human review; the model does not make operational decisions.
ES-002876,2026-04-01,Livelihood Recovery Initiative,Livelihoods,Borno,Dikwa,Dikwa Site 6,Medium,0.0001351686374234,Low achievement,Access constraints,,Limited supply delay,"Review progress against targets and identify implementation bottlenecks. | Review access, movement and operational constraints affecting delivery.",Recommended for human review; the model does not make operational decisions.
ES-001404,2026-04-01,Community Resilience Programme,Protection/Resilience,Borno,Gwoza,Gwoza Site 2,Medium,0.0094918890592842,Low activity completion,Low achievement,Access constraints,Timely reporting,"Review delayed or incomplete activities and implementation constraints. | Review progress against targets and identify implementation bottlenecks. | Review access, movement and operational constraints affecting delivery.",Recommended for human review; the model does not make operational decisions.
ES-005340,2026-04-01,Nutrition Support Programme,Nutrition,Borno,Mafa,Mafa Site 5,Medium,0.346868552020873,Reporting delay,Low achievement,Elevated complaints,Strong staff availability,Validate reporting timeliness and follow up on delayed field submissions. | Review progress against targets and identify implementation bottlenecks. | Review feedback and complaint records for recurring operational issues.,Recommended for human review; the model does not make operational decisions.
ES-005820,2026-04-01,Nutrition Support Programme,Nutrition,Borno,Dikwa,Dikwa Site 2,Medium,8.415483879270645e-06,Supply delay,Low activity completion,Elevated complaints,Strong achievement,"Review procurement, logistics and supply-chain bottlenecks. | Review delayed or incomplete activities and implementation constraints. | Review feedback and complaint records for recurring operational issues.",Recommended for human review; the model does not make operational decisions.
ES-005148,2026-04-01,Nutrition Support Programme,Nutrition,Borno,Konduga,Konduga Site 5,Low,5.749938102744014e-23,Previous-month achievement pattern,Budget utilisation pattern,Low staff availability,Strong achievement,"Review recent performance trends for persistent underachievement. | Review expenditure patterns against implementation progress. | Review staffing coverage, absences and field deployment capacity.",Recommended for human review; the model does not make operational decisions.
ES-001180,2026-04-01,Community Resilience Programme,Protection/Resilience,Borno,Dikwa,Dikwa Site 1,Medium,1.443737886177618e-05,Low activity completion,Reporting delay,Access constraints,Lower complaints,"Review delayed or incomplete activities and implementation constraints. | Validate reporting timeliness and follow up on delayed field submissions. | Review access, movement and operational constraints affecting delivery.",Recommended for human review; the model does not make operational decisions.
ES-000284,2026-04-01,Community Resilience Programme,Protection/Resilience,Borno,Jere,Jere Site 3,Low,1.2614685316717174e-11,Reporting delay,Access constraints,Low staff availability,Strong achievement,"Validate reporting timeliness and follow up on delayed field submissions. | Review access, movement and operational constraints affecting delivery. | Review staffing coverage, absences and field deployment capacity.",Recommended for human review; the model does not make operational decisions.
ES-002396,2026-04-01,Livelihood Recovery Initiative,Livelihoods,Borno,Bama,Bama Site 3,Low,4.790780939407088e-26,Previous-month achievement pattern,Budget utilisation pattern,Low staff availability,Strong achievement,"Review recent performance trends for persistent underachievement. | Review expenditure patterns against implementation progress. | Review staffing coverage, absences and field deployment capacity.",Recommended for human review; the model does not make operational decisions.
ES-006556,2026-04-01,WASH Resilience Initiative,WASH,Borno,Konduga,Konduga Site 1,Low,7.683514234797976e-17,Reporting delay,Previous-month achievement pattern,Lower data quality,Strong activity completion,"Validate reporting timeliness and follow up on delayed field submissions. | Review recent performance trends for persistent underachievement. | Validate source data, completeness and reporting quality.",Recommended for human review; the model does not make operational decisions.
ES-001980,2026-04-01,Livelihood Recovery Initiative,Livelihoods,Borno,Konduga,Konduga Site 2,Medium,7.841638034963596e-07,Access constraints,Low activity completion,Supply delay,Lower complaints,"Review access, movement and operational constraints affecting delivery. | Review delayed or incomplete activities and implementation constraints. | Review procurement, logistics and supply-chain bottlenecks.",Recommended for human review; the model does not make operational decisions.
ES-004796,2026-04-01,Nutrition Support Programme,Nutrition,Borno,Maiduguri,Maiduguri Site 6,Low,5.648320893029506e-17,Reporting delay,Supply delay,Low staff availability,Strong achievement,"Validate reporting timeliness and follow up on delayed field submissions. | Review procurement, logistics and supply-chain bottlenecks. | Review staffing coverage, absences and field deployment capacity.",Recommended for human review; the model does not make operational decisions.
ES-007068,2026-04-01,WASH Resilience Initiative,WASH,Borno,Bama,Bama Site 5,Medium,4.833589068832224e-06,Reporting delay,Low staff availability,Low achievement,Lower complaints,"Validate reporting timeliness and follow up on delayed field submissions. | Review staffing coverage, absences and field deployment capacity. | Review progress against targets and identify implementation bottlenecks.",Recommended for human review; the model does not make operational decisions.
ES-004476,2026-04-01,Education Access Project,Education,Borno,Gwoza,Gwoza Site 2,Low,1.9108566379476896e-12,Supply delay,Access constraints,,Timely reporting,"Review procurement, logistics and supply-chain bottlenecks. | Review access, movement and operational constraints affecting delivery.",Recommended for human review; the model does not make operational decisions.
ES-006172,2026-04-01,WASH Resilience Initiative,WASH,Borno,Maiduguri,Maiduguri Site 1,Low,1.5967594955444618e-27,Low staff availability,Supply delay,Previous-month achievement pattern,Strong achievement,"Review staffing coverage, absences and field deployment capacity. | Review procurement, logistics and supply-chain bottlenecks. | Review recent performance trends for persistent underachievement.",Recommended for human review; the model does not make operational decisions.
ES-003132,2026-04-01,Education Access Project,Education,Borno,Maiduguri,Maiduguri Site 2,Low,2.8468868890141483e-22,Access constraints,Low activity completion,Previous-month achievement pattern,Strong achievement,"Review access, movement and operational constraints affecting delivery. | Review delayed or incomplete activities and implementation constraints. | Review recent performance trends for persistent underachievement.",Recommended for human review; the model does not make operational decisions.
ES-004636,2026-04-01,Nutrition Support Programme,Nutrition,Borno,Maiduguri,Maiduguri Site 1,Low,6.498362742505941e-09,Low achievement,Reporting delay,Previous-month achievement pattern,Strong activity completion,Review progress against targets and identify implementation bottlenecks. | Validate reporting timeliness and follow up on delayed field submissions. | Review recent performance trends for persistent underachievement.,Recommended for human review; the model does not make operational decisions.
ES-004252,2026-04-01,Education Access Project,Education,Borno,Dikwa,Dikwa Site 1,Medium,7.612035836185181e-06,Supply delay,Reporting delay,Low achievement,Lower complaints,"Review procurement, logistics and supply-chain bottlenecks. | Validate reporting timeliness and follow up on delayed field submissions. | Review progress against targets and identify implementation bottlenecks.",Recommended for human review; the model does not make operational decisions.
ES-002012,2026-04-01,Livelihood Recovery Initiative,Livelihoods,Borno,Konduga,Konduga Site 3,Medium,0.0001696454129664,Reporting delay,Low activity completion,Low achievement,Limited supply delay,Validate reporting timeliness and follow up on delayed field submissions. | Review delayed or incomplete activities and implementation constraints. | Review progress against targets and identify implementation bottlenecks.,Recommended for human review; the model does not make operational decisions.
ES-003228,2026-04-01,Education Access Project,Education,Borno,Maiduguri,Maiduguri Site 5,Medium,0.1209227228459746,Low achievement,Low activity completion,Access constraints,Timely reporting,"Review progress against targets and identify implementation bottlenecks. | Review delayed or incomplete activities and implementation constraints. | Review access, movement and operational constraints affecting delivery.",Recommended for human review; the model does not make operational decisions.
ES-004604,2026-04-01,Education Access Project,Education,Borno,Gwoza,Gwoza Site 6,Medium,0.0011480109195368,Supply delay,Access constraints,Low staff availability,Timely reporting,"Review procurement, logistics and supply-chain bottlenecks. | Review access, movement and operational constraints affecting delivery. | Review staffing coverage, absences and field deployment capacity.",Recommended for human review; the model does not make operational decisions.
ES-000380,2026-04-01,Community Resilience Programme,Protection/Resilience,Borno,Jere,Jere Site 6,Low,1.1757851486476757e-23,Access constraints,Low staff availability,Lower data quality,Strong achievement,"Review access, movement and operational constraints affecting delivery. | Review staffing coverage, absences and field deployment capacity. | Validate source data, completeness and reporting quality.",Recommended for human review; the model does not make operational decisions.
ES-003292,2026-04-01,Education Access Project,Education,Borno,Jere,Jere Site 1,Low,1.0984702310118623e-10,Reporting delay,Supply delay,Lower data quality,Strong achievement,"Validate reporting timeliness and follow up on delayed field submissions. | Review procurement, logistics and supply-chain bottlenecks. | Validate source data, completeness and reporting quality.",Recommended for human review; the model does not make operational decisions.
ES-004956,2026-04-01,Nutrition Support Programme,Nutrition,Borno,Jere,Jere Site 5,Medium,6.887414740342035e-07,Reporting delay,Low activity completion,Access constraints,Strong achievement,"Validate reporting timeliness and follow up on delayed field submissions. | Review delayed or incomplete activities and implementation constraints. | Review access, movement and operational constraints affecting delivery.",Recommended for human review; the model does not make operational decisions.
ES-006780,2026-04-01,WASH Resilience Initiative,WASH,Borno,Mafa,Mafa Site 2,Low,3.397393694371144e-16,Supply delay,Budget utilisation pattern,Previous-month achievement pattern,Timely reporting,"Review procurement, logistics and supply-chain bottlenecks. | Review expenditure patterns against implementation progress. | Review recent performance trends for persistent underachievement.",Recommended for human review; the model does not make operational decisions.
ES-001948,2026-04-01,Livelihood Recovery Initiative,Livelihoods,Borno,Konduga,Konduga Site 1,Medium,9.379756571535592e-05,Reporting delay,Low achievement,Access constraints,Lower complaints,"Validate reporting timeliness and follow up on delayed field submissions. | Review progress against targets and identify implementation bottlenecks. | Review access, movement and operational constraints affecting delivery.",Recommended for human review; the model does not make operational decisions.
ES-001884,2026-04-01,Livelihood Recovery Initiative,Livelihoods,Borno,Jere,Jere Site 5,Low,4.1610069076322036e-11,Access constraints,Supply delay,Previous-month achievement pattern,Strong activity completion,"Review access, movement and operational constraints affecting delivery. | Review procurement, logistics and supply-chain bottlenecks. | Review recent performance trends for persistent underachievement.",Recommended for human review; the model does not make operational decisions.
ES-007324,2026-04-01,WASH Resilience Initiative,WASH,Borno,Dikwa,Dikwa Site 1,Low,1.1614678969136402e-15,Elevated complaints,Access constraints,Low staff availability,Strong activity completion,"Review feedback and complaint records for recurring operational issues. | Review access, movement and operational constraints affecting delivery. | Review staffing coverage, absences and field deployment capacity.",Recommended for human review; the model does not make operational decisions.
ES-002684,2026-04-01,Livelihood Recovery Initiative,Livelihoods,Borno,Ngala,Ngala Site 6,Medium,0.0002209215122463,Low activity completion,Elevated complaints,Supply delay,Timely reporting,"Review delayed or incomplete activities and implementation constraints. | Review feedback and complaint records for recurring operational issues. | Review procurement, logistics and supply-chain bottlenecks.",Recommended for human review; the model does not make operational decisions.
ES-000828,2026-04-01,Community Resilience Programme,Protection/Resilience,Borno,Bama,Bama Site 2,Medium,0.0004224493360994,Elevated complaints,Reporting delay,Access constraints,Strong achievement,"Review feedback and complaint records for recurring operational issues. | Validate reporting timeliness and follow up on delayed field submissions. | Review access, movement and operational constraints affecting delivery.",Recommended for human review; the model does not make operational decisions.
ES-006076,2026-04-01,Nutrition Support Programme,Nutrition,Borno,Gwoza,Gwoza Site 4,High,0.9979877226346576,Low achievement,Supply delay,Low activity completion,Lower complaints,"Review progress against targets and identify implementation bottlenecks. | Review procurement, logistics and supply-chain bottlenecks. | Review delayed or incomplete activities and implementation constraints.",Recommended for human review; the model does not make operational decisions.
ES-003324,2026-04-01,Education Access Project,Education,Borno,Jere,Jere Site 2,Low,4.673065956116482e-19,Supply delay,Access constraints,Elevated complaints,Strong achievement,"Review procurement, logistics and supply-chain bottlenecks. | Review access, movement and operational constraints affecting delivery. | Review feedback and complaint records for recurring operational issues.",Recommended for human review; the model does not make operational decisions.
ES-004700,2026-04-01,Nutrition Support Programme,Nutrition,Borno,Maiduguri,Maiduguri Site 3,Low,2.882125503671258e-16,Elevated complaints,Low activity completion,Low staff availability,Strong achievement,"Review feedback and complaint records for recurring operational issues. | Review delayed or incomplete activities and implementation constraints. | Review staffing coverage, absences and field deployment capacity.",Recommended for human review; the model does not make operational decisions.
ES-001916,2026-04-01,Livelihood Recovery Initiative,Livelihoods,Borno,Jere,Jere Site 6,Medium,4.841385960351337e-06,Supply delay,Low activity completion,Elevated complaints,Strong achievement,"Review procurement, logistics and supply-chain bottlenecks. | Review delayed or incomplete activities and implementation constraints. | Review feedback and complaint records for recurring operational issues.",Recommended for human review; the model does not make operational decisions.
ES-003100,2026-04-01,Education Access Project,Education,Borno,Maiduguri,Maiduguri Site 1,Medium,0.118699191552803,Low activity completion,Supply delay,Low achievement,Lower complaints,"Review delayed or incomplete activities and implementation constraints. | Review procurement, logistics and supply-chain bottlenecks. | Review progress against targets and identify implementation bottlenecks.",Recommended for human review; the model does not make operational decisions.
ES-003932,2026-04-01,Education Access Project,Education,Borno,Bama,Bama Site 3,High,0.5149827203142512,Low activity completion,Low achievement,Reporting delay,Lower access constraints,Review delayed or incomplete activities and implementation constraints. | Review progress against targets and identify implementation bottlenecks. | Validate reporting timeliness and follow up on delayed field submissions.,Recommended for human review; the model does not make operational decisions.
ES-000732,2026-04-01,Community Resilience Programme,Protection/Resilience,Borno,Mafa,Mafa Site 5,Low,1.9074328759590756e-14,Supply delay,Reporting delay,Access constraints,Strong achievement,"Review procurement, logistics and supply-chain bottlenecks. | Validate reporting timeliness and follow up on delayed field submissions. | Review access, movement and operational constraints affecting delivery.",Recommended for human review; the model does not make operational decisions.
ES-005052,2026-04-01,Nutrition Support Programme,Nutrition,Borno,Konduga,Konduga Site 2,Low,1.2485135768747865e-11,Low staff availability,Access constraints,Low activity completion,Strong achievement,"Review staffing coverage, absences and field deployment capacity. | Review access, movement and operational constraints affecting delivery. | Review delayed or incomplete activities and implementation constraints.",Recommended for human review; the model does not make operational decisions.
ES-005980,2026-04-01,Nutrition Support Programme,Nutrition,Borno,Gwoza,Gwoza Site 1,Low,5.14691323967168e-20,Reporting delay,Lower data quality,Budget utilisation pattern,Strong achievement,"Validate reporting timeliness and follow up on delayed field submissions. | Validate source data, completeness and reporting quality. | Review expenditure patterns against implementation progress.",Recommended for human review; the model does not make operational decisions.
ES-005500,2026-04-01,Nutrition Support Programme,Nutrition,Borno,Bama,Bama Site 4,Low,2.735158135077933e-21,Reporting delay,Low staff availability,Budget utilisation pattern,Strong achievement,"Validate reporting timeliness and follow up on delayed field submissions. | Review staffing coverage, absences and field deployment capacity. | Review expenditure patterns against implementation progress.",Recommended for human review; the model does not make operational decisions.
ES-003260,2026-04-01,Education Access Project,Education,Borno,Maiduguri,Maiduguri Site 6,Low,7.191597784123834e-22,Low activity completion,Access constraints,Previous-month achievement pattern,Strong achievement,"Review delayed or incomplete activities and implementation constraints. | Review access, movement and operational constraints affecting delivery. | Review recent performance trends for persistent underachievement.",Recommended for human review; the model does not make operational decisions.
ES-007100,2026-04-01,WASH Resilience Initiative,WASH,Borno,Bama,Bama Site 6,Low,1.5539724408476878e-10,Low activity completion,Access constraints,Previous-month achievement pattern,Lower complaints,"Review delayed or incomplete activities and implementation constraints. | Review access, movement and operational constraints affecting delivery. | Review recent performance trends for persistent underachievement.",Recommended for human review; the model does not make operational decisions.
ES-005756,2026-04-01,Nutrition Support Programme,Nutrition,Borno,Ngala,Ngala Site 6,Medium,0.0005666597064194,Low achievement,Low activity completion,Elevated complaints,Limited supply delay,Review progress against targets and identify implementation bottlenecks. | Review delayed or incomplete activities and implementation constraints. | Review feedback and complaint records for recurring operational issues.,Recommended for human review; the model does not make operational decisions.
ES-007228,2026-04-01,WASH Resilience Initiative,WASH,Borno,Ngala,Ngala Site 4,Medium,3.137756388902536e-06,Low achievement,Access constraints,Reporting delay,Strong activity completion,"Review progress against targets and identify implementation bottlenecks. | Review access, movement and operational constraints affecting delivery. | Validate reporting timeliness and follow up on delayed field submissions.",Recommended for human review; the model does not make operational decisions.
ES-000892,2026-04-01,Community Resilience Programme,Protection/Resilience,Borno,Bama,Bama Site 4,Low,1.2285406163169378e-07,Low activity completion,Access constraints,Low staff availability,Strong achievement,"Review delayed or incomplete activities and implementation constraints. | Review access, movement and operational constraints affecting delivery. | Review staffing coverage, absences and field deployment capacity.",Recommended for human review; the model does not make operational decisions.
ES-000956,2026-04-01,Community Resilience Programme,Protection/Resilience,Borno,Bama,Bama Site 6,Medium,0.0005546233384216,Low achievement,Low activity completion,Reporting delay,Lower access constraints,Review progress against targets and identify implementation bottlenecks. | Review delayed or incomplete activities and implementation constraints. | Validate reporting timeliness and follow up on delayed field submissions.,Recommended for human review; the model does not make operational decisions.
ES-000316,2026-04-01,Community Resilience Programme,Protection/Resilience,Borno,Jere,Jere Site 4,Low,4.120581977136505e-13,Supply delay,Access constraints,Low staff availability,Strong achievement,"Review procurement, logistics and supply-chain bottlenecks. | Review access, movement and operational constraints affecting delivery. | Review staffing coverage, absences and field deployment capacity.",Recommended for human review; the model does not make operational decisions.
ES-006940,2026-04-01,WASH Resilience Initiative,WASH,Borno,Bama,Bama Site 1,Medium,0.0332808848718849,Low achievement,Low activity completion,Access constraints,Strong data quality,"Review progress against targets and identify implementation bottlenecks. | Review delayed or incomplete activities and implementation constraints. | Review access, movement and operational constraints affecting delivery.",Recommended for human review; the model does not make operational decisions.
ES-006588,2026-04-01,WASH Resilience Initiative,WASH,Borno,Konduga,Konduga Site 2,Low,6.802930678335042e-17,Access constraints,Low staff availability,Budget utilisation pattern,Strong achievement,"Review access, movement and operational constraints affecting delivery. | Review staffing coverage, absences and field deployment capacity. | Review expenditure patterns against implementation progress.",Recommended for human review; the model does not make operational decisions.
ES-004668,2026-04-01,Nutrition Support Programme,Nutrition,Borno,Maiduguri,Maiduguri Site 2,Low,2.248986683239953e-28,Elevated complaints,Lower data quality,Previous-month achievement pattern,Strong achievement,"Review feedback and complaint records for recurring operational issues. | Validate source data, completeness and reporting quality. | Review recent performance trends for persistent underachievement.",Recommended for human review; the model does not make operational decisions.
ES-000348,2026-04-01,Community Resilience Programme,Protection/Resilience,Borno,Jere,Jere Site 5,Low,2.383815269909456e-12,Supply delay,Reporting delay,Lower data quality,Strong achievement,"Review procurement, logistics and supply-chain bottlenecks. | Validate reporting timeliness and follow up on delayed field submissions. | Validate source data, completeness and reporting quality.",Recommended for human review; the model does not make operational decisions.
ES-003164,2026-04-01,Education Access Project,Education,Borno,Maiduguri,Maiduguri Site 3,Medium,7.129845705370957e-06,Supply delay,Access constraints,Low staff availability,Strong activity completion,"Review procurement, logistics and supply-chain bottlenecks. | Review access, movement and operational constraints affecting delivery. | Review staffing coverage, absences and field deployment capacity.",Recommended for human review; the model does not make operational decisions.
ES-005212,2026-04-01,Nutrition Support Programme,Nutrition,Borno,Mafa,Mafa Site 1,Low,4.806651481206499e-13,Low achievement,Previous-month achievement pattern,,Lower complaints,Review progress against targets and identify implementation bottlenecks. | Review recent performance trends for persistent underachievement.,Recommended for human review; the model does not make operational decisions.
ES-001244,2026-04-01,Community Resilience Programme,Protection/Resilience,Borno,Dikwa,Dikwa Site 3,Medium,2.6578553378847447e-05,Low activity completion,Reporting delay,Low achievement,Limited supply delay,Review delayed or incomplete activities and implementation constraints. | Validate reporting timeliness and follow up on delayed field submissions. | Review progress against targets and identify implementation bottlenecks.,Recommended for human review; the model does not make operational decisions.
ES-006684,2026-04-01,WASH Resilience Initiative,WASH,Borno,Konduga,Konduga Site 5,Medium,9.420982599826887e-06,Low activity completion,Reporting delay,Low achievement,Lower complaints,Review delayed or incomplete activities and implementation constraints. | Validate reporting timeliness and follow up on delayed field submissions. | Review progress against targets and identify implementation bottlenecks.,Recommended for human review; the model does not make operational decisions.
ES-006972,2026-04-01,WASH Resilience Initiative,WASH,Borno,Bama,Bama Site 2,Medium,1.7011374028171533e-05,Low achievement,Low activity completion,Supply delay,Timely reporting,"Review progress against targets and identify implementation bottlenecks. | Review delayed or incomplete activities and implementation constraints. | Review procurement, logistics and supply-chain bottlenecks.",Recommended for human review; the model does not make operational decisions.
ES-005404,2026-04-01,Nutrition Support Programme,Nutrition,Borno,Bama,Bama Site 1,Low,2.9408106214448936e-10,Low activity completion,Low staff availability,Supply delay,Timely reporting,"Review delayed or incomplete activities and implementation constraints. | Review staffing coverage, absences and field deployment capacity. | Review procurement, logistics and supply-chain bottlenecks.",Recommended for human review; the model does not make operational decisions.
ES-005436,2026-04-01,Nutrition Support Programme,Nutrition,Borno,Bama,Bama Site 2,Low,1.8038731465597208e-21,Low activity completion,Previous-month achievement pattern,Low staff availability,Strong achievement,"Review delayed or incomplete activities and implementation constraints. | Review recent performance trends for persistent underachievement. | Review staffing coverage, absences and field deployment capacity.",Recommended for human review; the model does not make operational decisions.
ES-002140,2026-04-01,Livelihood Recovery Initiative,Livelihoods,Borno,Mafa,Mafa Site 1,Medium,3.3058305575023142e-06,Access constraints,Low staff availability,Low activity completion,Strong achievement,"Review access, movement and operational constraints affecting delivery. | Review staffing coverage, absences and field deployment capacity. | Review delayed or incomplete activities and implementation constraints.",Recommended for human review; the model does not make operational decisions.
ES-002556,2026-04-01,Livelihood Recovery Initiative,Livelihoods,Borno,Ngala,Ngala Site 2,Low,5.877010877078468e-34,Access constraints,Previous-month achievement pattern,Budget utilisation pattern,Strong achievement,"Review access, movement and operational constraints affecting delivery. | Review recent performance trends for persistent underachievement. | Review expenditure patterns against implementation progress.",Recommended for human review; the model does not make operational decisions.
ES-006396,2026-04-01,WASH Resilience Initiative,WASH,Borno,Jere,Jere Site 2,Low,7.87764606549452e-22,Supply delay,Previous-month achievement pattern,,Strong achievement,"Review procurement, logistics and supply-chain bottlenecks. | Review recent performance trends for persistent underachievement.",Recommended for human review; the model does not make operational decisions.
ES-004508,2026-04-01,Education Access Project,Education,Borno,Gwoza,Gwoza Site 3,Medium,0.0059035968760938,Low achievement,Low staff availability,Reporting delay,Lower access constraints,"Review progress against targets and identify implementation bottlenecks. | Review staffing coverage, absences and field deployment capacity. | Validate reporting timeliness and follow up on delayed field submissions.",Recommended for human review; the model does not make operational decisions.
ES-000028,2026-04-01,Community Resilience Programme,Protection/Resilience,Borno,Maiduguri,Maiduguri Site 1,Medium,0.038132369250391,Low activity completion,Reporting delay,Access constraints,Strong achievement,"Review delayed or incomplete activities and implementation constraints. | Validate reporting timeliness and follow up on delayed field submissions. | Review access, movement and operational constraints affecting delivery.",Recommended for human review; the model does not make operational decisions.
ES-002172,2026-04-01,Livelihood Recovery Initiative,Livelihoods,Borno,Mafa,Mafa Site 2,Medium,0.3577819198705583,Low achievement,Low activity completion,Access constraints,Timely reporting,"Review progress against targets and identify implementation bottlenecks. | Review delayed or incomplete activities and implementation constraints. | Review access, movement and operational constraints affecting delivery.",Recommended for human review; the model does not make operational decisions.
ES-004540,2026-04-01,Education Access Project,Education,Borno,Gwoza,Gwoza Site 4,Medium,0.0002727393344412,Low achievement,Elevated complaints,Low activity completion,Limited supply delay,Review progress against targets and identify implementation bottlenecks. | Review feedback and complaint records for recurring operational issues. | Review delayed or incomplete activities and implementation constraints.,Recommended for human review; the model does not make operational decisions.
ES-006876,2026-04-01,WASH Resilience Initiative,WASH,Borno,Mafa,Mafa Site 5,Medium,5.023280186211564e-06,Reporting delay,Supply delay,Budget utilisation pattern,Strong achievement,"Validate reporting timeliness and follow up on delayed field submissions. | Review procurement, logistics and supply-chain bottlenecks. | Review expenditure patterns against implementation progress.",Recommended for human review; the model does not make operational decisions.
ES-002108,2026-04-01,Livelihood Recovery Initiative,Livelihoods,Borno,Konduga,Konduga Site 6,Low,1.9371612187876092e-29,Supply delay,Access constraints,Previous-month achievement pattern,Strong achievement,"Review procurement, logistics and supply-chain bottlenecks. | Review access, movement and operational constraints affecting delivery. | Review recent performance trends for persistent underachievement.",Recommended for human review; the model does not make operational decisions.
ES-003964,2026-04-01,Education Access Project,Education,Borno,Bama,Bama Site 4,Medium,2.766677690951524e-06,Reporting delay,Low staff availability,Low achievement,Lower complaints,"Validate reporting timeliness and follow up on delayed field submissions. | Review staffing coverage, absences and field deployment capacity. | Review progress against targets and identify implementation bottlenecks.",Recommended for human review; the model does not make operational decisions.
ES-006332,2026-04-01,WASH Resilience Initiative,WASH,Borno,Maiduguri,Maiduguri Site 6,Low,3.7435435238273184e-27,Lower data quality,Low staff availability,Previous-month achievement pattern,Strong achievement,"Validate source data, completeness and reporting quality. | Review staffing coverage, absences and field deployment capacity. | Review recent performance trends for persistent underachievement.",Recommended for human review; the model does not make operational decisions.
ES-004892,2026-04-01,Nutrition Support Programme,Nutrition,Borno,Jere,Jere Site 3,Low,5.4876708226172276e-21,Access constraints,Low activity completion,Low staff availability,Strong achievement,"Review access, movement and operational constraints affecting delivery. | Review delayed or incomplete activities and implementation constraints. | Review staffing coverage, absences and field deployment capacity.",Recommended for human review; the model does not make operational decisions.
ES-004284,2026-04-01,Education Access Project,Education,Borno,Dikwa,Dikwa Site 2,Low,8.320622955867959e-15,Access constraints,Elevated complaints,Supply delay,Strong activity completion,"Review access, movement and operational constraints affecting delivery. | Review feedback and complaint records for recurring operational issues. | Review procurement, logistics and supply-chain bottlenecks.",Recommended for human review; the model does not make operational decisions.
ES-007036,2026-04-01,WASH Resilience Initiative,WASH,Borno,Bama,Bama Site 4,Low,3.9183036120903755e-13,Reporting delay,Low activity completion,Low staff availability,Strong achievement,"Validate reporting timeliness and follow up on delayed field submissions. | Review delayed or incomplete activities and implementation constraints. | Review staffing coverage, absences and field deployment capacity.",Recommended for human review; the model does not make operational decisions.
ES-005468,2026-04-01,Nutrition Support Programme,Nutrition,Borno,Bama,Bama Site 3,Low,7.717026075736197e-24,Access constraints,Low staff availability,Budget utilisation pattern,Strong achievement,"Review access, movement and operational constraints affecting delivery. | Review staffing coverage, absences and field deployment capacity. | Review expenditure patterns against implementation progress.",Recommended for human review; the model does not make operational decisions.
ES-000092,2026-04-01,Community Resilience Programme,Protection/Resilience,Borno,Maiduguri,Maiduguri Site 3,Medium,0.074460234468001,Low activity completion,Supply delay,Reporting delay,Strong achievement,"Review delayed or incomplete activities and implementation constraints. | Review procurement, logistics and supply-chain bottlenecks. | Validate reporting timeliness and follow up on delayed field submissions.",Recommended for human review; the model does not make operational decisions.
ES-000860,2026-04-01,Community Resilience Programme,Protection/Resilience,Borno,Bama,Bama Site 3,Low,2.6878590153662405e-15,Low activity completion,Access constraints,Reporting delay,Strong achievement,"Review delayed or incomplete activities and implementation constraints. | Review access, movement and operational constraints affecting delivery. | Validate reporting timeliness and follow up on delayed field submissions.",Recommended for human review; the model does not make operational decisions.
ES-002044,2026-04-01,Livelihood Recovery Initiative,Livelihoods,Borno,Konduga,Konduga Site 4,Low,6.3649370679098275e-21,Supply delay,Access constraints,Previous-month achievement pattern,Strong achievement,"Review procurement, logistics and supply-chain bottlenecks. | Review access, movement and operational constraints affecting delivery. | Review recent performance trends for persistent underachievement.",Recommended for human review; the model does not make operational decisions.
ES-002236,2026-04-01,Livelihood Recovery Initiative,Livelihoods,Borno,Mafa,Mafa Site 4,Medium,0.0002774455931913,Low activity completion,Access constraints,Low achievement,Limited supply delay,"Review delayed or incomplete activities and implementation constraints. | Review access, movement and operational constraints affecting delivery. | Review progress against targets and identify implementation bottlenecks.",Recommended for human review; the model does not make operational decisions.
ES-003196,2026-04-01,Education Access Project,Education,Borno,Maiduguri,Maiduguri Site 4,Low,2.1015006393034327e-11,Reporting delay,Supply delay,Elevated complaints,Strong achievement,"Validate reporting timeliness and follow up on delayed field submissions. | Review procurement, logistics and supply-chain bottlenecks. | Review feedback and complaint records for recurring operational issues.",Recommended for human review; the model does not make operational decisions.
ES-000604,2026-04-01,Community Resilience Programme,Protection/Resilience,Borno,Mafa,Mafa Site 1,Low,3.240004398796025e-26,Elevated complaints,Previous-month achievement pattern,Low staff availability,Strong achievement,"Review feedback and complaint records for recurring operational issues. | Review recent performance trends for persistent underachievement. | Review staffing coverage, absences and field deployment capacity.",Recommended for human review; the model does not make operational decisions.
ES-006108,2026-04-01,Nutrition Support Programme,Nutrition,Borno,Gwoza,Gwoza Site 5,Low,2.2834220100799245e-08,Supply delay,Low activity completion,Lower data quality,Lower complaints,"Review procurement, logistics and supply-chain bottlenecks. | Review delayed or incomplete activities and implementation constraints. | Validate source data, completeness and reporting quality.",Recommended for human review; the model does not make operational decisions.
ES-002076,2026-04-01,Livelihood Recovery Initiative,Livelihoods,Borno,Konduga,Konduga Site 5,Medium,2.3074176726332312e-05,Low activity completion,Low achievement,Low staff availability,Timely reporting,"Review delayed or incomplete activities and implementation constraints. | Review progress against targets and identify implementation bottlenecks. | Review staffing coverage, absences and field deployment capacity.",Recommended for human review; the model does not make operational decisions.
ES-002364,2026-04-01,Livelihood Recovery Initiative,Livelihoods,Borno,Bama,Bama Site 2,Medium,1.53464410376004e-06,Reporting delay,Low activity completion,Elevated complaints,Strong achievement,Validate reporting timeliness and follow up on delayed field submissions. | Review delayed or incomplete activities and implementation constraints. | Review feedback and complaint records for recurring operational issues.,Recommended for human review; the model does not make operational decisions.
ES-000988,2026-04-01,Community Resilience Programme,Protection/Resilience,Borno,Ngala,Ngala Site 1,Low,5.362293796692531e-18,Lower data quality,Previous-month achievement pattern,Budget utilisation pattern,Strong achievement,"Validate source data, completeness and reporting quality. | Review recent performance trends for persistent underachievement. | Review expenditure patterns against implementation progress.",Recommended for human review; the model does not make operational decisions.
ES-002204,2026-04-01,Livelihood Recovery Initiative,Livelihoods,Borno,Mafa,Mafa Site 3,Medium,0.0010868867743074,Low achievement,Low activity completion,Low staff availability,Timely reporting,"Review progress against targets and identify implementation bottlenecks. | Review delayed or incomplete activities and implementation constraints. | Review staffing coverage, absences and field deployment capacity.",Recommended for human review; the model does not make operational decisions.
ES-007004,2026-04-01,WASH Resilience Initiative,WASH,Borno,Bama,Bama Site 3,Low,1.135308805295816e-06,Supply delay,Low achievement,Low staff availability,Timely reporting,"Review procurement, logistics and supply-chain bottlenecks. | Review progress against targets and identify implementation bottlenecks. | Review staffing coverage, absences and field deployment capacity.",Recommended for human review; the model does not make operational decisions.
ES-003996,2026-04-01,Education Access Project,Education,Borno,Bama,Bama Site 5,Medium,6.270002830123007e-05,Elevated complaints,Low achievement,Low activity completion,Strong staff availability,Review feedback and complaint records for recurring operational issues. | Review progress against targets and identify implementation bottlenecks. | Review delayed or incomplete activities and implementation constraints.,Recommended for human review; the model does not make operational decisions.
ES-004572,2026-04-01,Education Access Project,Education,Borno,Gwoza,Gwoza Site 5,Low,8.772128932165226e-09,Low achievement,Supply delay,Lower data quality,Strong activity completion,"Review progress against targets and identify implementation bottlenecks. | Review procurement, logistics and supply-chain bottlenecks. | Validate source data, completeness and reporting quality.",Recommended for human review; the model does not make operational decisions.
ES-001308,2026-04-01,Community Resilience Programme,Protection/Resilience,Borno,Dikwa,Dikwa Site 5,Medium,0.0018879229647891,Reporting delay,Low activity completion,Elevated complaints,Limited supply delay,Validate reporting timeliness and follow up on delayed field submissions. | Review delayed or incomplete activities and implementation constraints. | Review feedback and complaint records for recurring operational issues.,Recommended for human review; the model does not make operational decisions.
ES-002524,2026-04-01,Livelihood Recovery Initiative,Livelihoods,Borno,Ngala,Ngala Site 1,Low,8.89706311245977e-08,Low activity completion,Low achievement,Access constraints,Timely reporting,"Review delayed or incomplete activities and implementation constraints. | Review progress against targets and identify implementation bottlenecks. | Review access, movement and operational constraints affecting delivery.",Recommended for human review; the model does not make operational decisions.
ES-006300,2026-04-01,WASH Resilience Initiative,WASH,Borno,Maiduguri,Maiduguri Site 5,Medium,0.0022575160891417,Access constraints,Low achievement,Elevated complaints,Strong activity completion,"Review access, movement and operational constraints affecting delivery. | Review progress against targets and identify implementation bottlenecks. | Review feedback and complaint records for recurring operational issues.",Recommended for human review; the model does not make operational decisions.
ES-004764,2026-04-01,Nutrition Support Programme,Nutrition,Borno,Maiduguri,Maiduguri Site 5,Low,6.240963855520967e-25,Supply delay,Previous-month achievement pattern,Budget utilisation pattern,Strong achievement,"Review procurement, logistics and supply-chain bottlenecks. | Review recent performance trends for persistent underachievement. | Review expenditure patterns against implementation progress.",Recommended for human review; the model does not make operational decisions.
ES-002300,2026-04-01,Livelihood Recovery Initiative,Livelihoods,Borno,Mafa,Mafa Site 6,Low,4.731489205563319e-08,Reporting delay,Access constraints,Low activity completion,Strong achievement,"Validate reporting timeliness and follow up on delayed field submissions. | Review access, movement and operational constraints affecting delivery. | Review delayed or incomplete activities and implementation constraints.",Recommended for human review; the model does not make operational decisions.
ES-003868,2026-04-01,Education Access Project,Education,Borno,Bama,Bama Site 1,Medium,0.0003308806723375,Low achievement,Low activity completion,Access constraints,Limited supply delay,"Review progress against targets and identify implementation bottlenecks. | Review delayed or incomplete activities and implementation constraints. | Review access, movement and operational constraints affecting delivery.",Recommended for human review; the model does not make operational decisions.
ES-006492,2026-04-01,WASH Resilience Initiative,WASH,Borno,Jere,Jere Site 5,Medium,0.0001397958031486,Low activity completion,Supply delay,Reporting delay,Lower complaints,"Review delayed or incomplete activities and implementation constraints. | Review procurement, logistics and supply-chain bottlenecks. | Validate reporting timeliness and follow up on delayed field submissions.",Recommended for human review; the model does not make operational decisions.
ES-006652,2026-04-01,WASH Resilience Initiative,WASH,Borno,Konduga,Konduga Site 4,Low,3.465826605146342e-20,Access constraints,Supply delay,Lower data quality,Strong achievement,"Review access, movement and operational constraints affecting delivery. | Review procurement, logistics and supply-chain bottlenecks. | Validate source data, completeness and reporting quality.",Recommended for human review; the model does not make operational decisions.
ES-003804,2026-04-01,Education Access Project,Education,Borno,Mafa,Mafa Site 5,Low,2.3506019376484536e-16,Supply delay,Low staff availability,Lower data quality,Timely reporting,"Review procurement, logistics and supply-chain bottlenecks. | Review staffing coverage, absences and field deployment capacity. | Validate source data, completeness and reporting quality.",Recommended for human review; the model does not make operational decisions.
ES-007452,2026-04-01,WASH Resilience Initiative,WASH,Borno,Dikwa,Dikwa Site 5,Low,1.8198305139073297e-12,Low achievement,Low staff availability,Low activity completion,Lower complaints,"Review progress against targets and identify implementation bottlenecks. | Review staffing coverage, absences and field deployment capacity. | Review delayed or incomplete activities and implementation constraints.",Recommended for human review; the model does not make operational decisions.
ES-007292,2026-04-01,WASH Resilience Initiative,WASH,Borno,Ngala,Ngala Site 6,Medium,0.0129091675029511,Low achievement,Elevated complaints,Access constraints,Strong activity completion,"Review progress against targets and identify implementation bottlenecks. | Review feedback and complaint records for recurring operational issues. | Review access, movement and operational constraints affecting delivery.",Recommended for human review; the model does not make operational decisions.
ES-005788,2026-04-01,Nutrition Support Programme,Nutrition,Borno,Dikwa,Dikwa Site 1,High,0.9998697166293462,Elevated complaints,Low achievement,Reporting delay,Strong activity completion,Review feedback and complaint records for recurring operational issues. | Review progress against targets and identify implementation bottlenecks. | Validate reporting timeliness and follow up on delayed field submissions.,Recommended for human review; the model does not make operational decisions.
ES-003036,2026-04-01,Livelihood Recovery Initiative,Livelihoods,Borno,Gwoza,Gwoza Site 5,Low,1.4203178064102884e-15,Low activity completion,Low staff availability,,Timely reporting,"Review delayed or incomplete activities and implementation constraints. | Review staffing coverage, absences and field deployment capacity.",Recommended for human review; the model does not make operational decisions.
ES-005084,2026-04-01,Nutrition Support Programme,Nutrition,Borno,Konduga,Konduga Site 3,Low,6.2951309536285495e-12,Low activity completion,Low staff availability,Supply delay,Strong achievement,"Review delayed or incomplete activities and implementation constraints. | Review staffing coverage, absences and field deployment capacity. | Review procurement, logistics and supply-chain bottlenecks.",Recommended for human review; the model does not make operational decisions.
ES-004124,2026-04-01,Education Access Project,Education,Borno,Ngala,Ngala Site 3,Medium,0.0001069459586972,Low achievement,Low staff availability,Low activity completion,Timely reporting,"Review progress against targets and identify implementation bottlenecks. | Review staffing coverage, absences and field deployment capacity. | Review delayed or incomplete activities and implementation constraints.",Recommended for human review; the model does not make operational decisions.
ES-003452,2026-04-01,Education Access Project,Education,Borno,Jere,Jere Site 6,Medium,1.0108059183807235e-06,Low activity completion,Elevated complaints,Access constraints,Strong achievement,"Review delayed or incomplete activities and implementation constraints. | Review feedback and complaint records for recurring operational issues. | Review access, movement and operational constraints affecting delivery.",Recommended for human review; the model does not make operational decisions.
ES-001532,2026-04-01,Community Resilience Programme,Protection/Resilience,Borno,Gwoza,Gwoza Site 6,Low,3.493359938831947e-07,Low activity completion,Access constraints,Low staff availability,Timely reporting,"Review delayed or incomplete activities and implementation constraints. | Review access, movement and operational constraints affecting delivery. | Review staffing coverage, absences and field deployment capacity.",Recommended for human review; the model does not make operational decisions.
ES-001020,2026-04-01,Community Resilience Programme,Protection/Resilience,Borno,Ngala,Ngala Site 2,Medium,1.900822356872097e-05,Low achievement,Elevated complaints,Low staff availability,Strong activity completion,"Review progress against targets and identify implementation bottlenecks. | Review feedback and complaint records for recurring operational issues. | Review staffing coverage, absences and field deployment capacity.",Recommended for human review; the model does not make operational decisions.
ES-004924,2026-04-01,Nutrition Support Programme,Nutrition,Borno,Jere,Jere Site 4,Low,8.969781772972032e-18,Access constraints,Budget utilisation pattern,,Strong achievement,"Review access, movement and operational constraints affecting delivery. | Review expenditure patterns against implementation progress.",Recommended for human review; the model does not make operational decisions.
ES-004444,2026-04-01,Education Access Project,Education,Borno,Gwoza,Gwoza Site 1,Low,3.998928642005073e-16,Low activity completion,,,Timely reporting,Review delayed or incomplete activities and implementation constraints.,Recommended for human review; the model does not make operational decisions.
ES-003004,2026-04-01,Livelihood Recovery Initiative,Livelihoods,Borno,Gwoza,Gwoza Site 4,Low,6.423667758890768e-07,Reporting delay,Supply delay,Low activity completion,Strong achievement,"Validate reporting timeliness and follow up on delayed field submissions. | Review procurement, logistics and supply-chain bottlenecks. | Review delayed or incomplete activities and implementation constraints.",Recommended for human review; the model does not make operational decisions.
ES-000252,2026-04-01,Community Resilience Programme,Protection/Resilience,Borno,Jere,Jere Site 2,Low,6.228062119436863e-16,Supply delay,Access constraints,,Strong activity completion,"Review procurement, logistics and supply-chain bottlenecks. | Review access, movement and operational constraints affecting delivery.",Recommended for human review; the model does not make operational decisions.
ES-006812,2026-04-01,WASH Resilience Initiative,WASH,Borno,Mafa,Mafa Site 3,Low,1.1402467707265865e-07,Supply delay,Low achievement,Low staff availability,Timely reporting,"Review procurement, logistics and supply-chain bottlenecks. | Review progress against targets and identify implementation bottlenecks. | Review staffing coverage, absences and field deployment capacity.",Recommended for human review; the model does not make operational decisions.
ES-006364,2026-04-01,WASH Resilience Initiative,WASH,Borno,Jere,Jere Site 1,Medium,9.064197358474643e-05,Reporting delay,Access constraints,Lower data quality,Strong activity completion,"Validate reporting timeliness and follow up on delayed field submissions. | Review access, movement and operational constraints affecting delivery. | Validate source data, completeness and reporting quality.",Recommended for human review; the model does not make operational decisions.
ES-001564,2026-04-01,Livelihood Recovery Initiative,Livelihoods,Borno,Maiduguri,Maiduguri Site 1,Low,3.22925590880887e-27,Elevated complaints,Previous-month achievement pattern,Budget utilisation pattern,Strong achievement,Review feedback and complaint records for recurring operational issues. | Review recent performance trends for persistent underachievement. | Review expenditure patterns against implementation progress.,Recommended for human review; the model does not make operational decisions.
ES-002940,2026-04-01,Livelihood Recovery Initiative,Livelihoods,Borno,Gwoza,Gwoza Site 2,Low,4.532584792637789e-21,Access constraints,Elevated complaints,Lower data quality,Strong achievement,"Review access, movement and operational constraints affecting delivery. | Review feedback and complaint records for recurring operational issues. | Validate source data, completeness and reporting quality.",Recommended for human review; the model does not make operational decisions.
ES-001724,2026-04-01,Livelihood Recovery Initiative,Livelihoods,Borno,Maiduguri,Maiduguri Site 6,Low,1.7373983814990346e-23,Low activity completion,Previous-month achievement pattern,Low staff availability,Strong achievement,"Review delayed or incomplete activities and implementation constraints. | Review recent performance trends for persistent underachievement. | Review staffing coverage, absences and field deployment capacity.",Recommended for human review; the model does not make operational decisions.
ES-005308,2026-04-01,Nutrition Support Programme,Nutrition,Borno,Mafa,Mafa Site 4,Low,1.901428996140196e-22,Access constraints,Low staff availability,Lower data quality,Strong achievement,"Review access, movement and operational constraints affecting delivery. | Review staffing coverage, absences and field deployment capacity. | Validate source data, completeness and reporting quality.",Recommended for human review; the model does not make operational decisions.
ES-002652,2026-04-01,Livelihood Recovery Initiative,Livelihoods,Borno,Ngala,Ngala Site 5,High,0.999999886125955,Supply delay,Access constraints,Previous-month achievement pattern,Strong activity completion,"Review procurement, logistics and supply-chain bottlenecks. | Review access, movement and operational constraints affecting delivery. | Review recent performance trends for persistent underachievement.",Recommended for human review; the model does not make operational decisions.
ES-001500,2026-04-01,Community Resilience Programme,Protection/Resilience,Borno,Gwoza,Gwoza Site 5,Low,8.819802291144844e-15,Low activity completion,Access constraints,,Strong achievement,"Review delayed or incomplete activities and implementation constraints. | Review access, movement and operational constraints affecting delivery.",Recommended for human review; the model does not make operational decisions.
ES-003740,2026-04-01,Education Access Project,Education,Borno,Mafa,Mafa Site 3,Medium,5.262597914340112e-06,Low achievement,Access constraints,Low staff availability,Timely reporting,"Review progress against targets and identify implementation bottlenecks. | Review access, movement and operational constraints affecting delivery. | Review staffing coverage, absences and field deployment capacity.",Recommended for human review; the model does not make operational decisions.
ES-002972,2026-04-01,Livelihood Recovery Initiative,Livelihoods,Borno,Gwoza,Gwoza Site 3,Low,2.4436978862301622e-18,Budget utilisation pattern,,,Strong achievement,Review expenditure patterns against implementation progress.,Recommended for human review; the model does not make operational decisions.
ES-000060,2026-04-01,Community Resilience Programme,Protection/Resilience,Borno,Maiduguri,Maiduguri Site 2,Low,4.5966080824519575e-20,Reporting delay,Access constraints,Low staff availability,Strong achievement,"Validate reporting timeliness and follow up on delayed field submissions. | Review access, movement and operational constraints affecting delivery. | Review staffing coverage, absences and field deployment capacity.",Recommended for human review; the model does not make operational decisions.
ES-004156,2026-04-01,Education Access Project,Education,Borno,Ngala,Ngala Site 4,Medium,2.576510773044618e-06,Low activity completion,Low achievement,Reporting delay,Limited supply delay,Review delayed or incomplete activities and implementation constraints. | Review progress against targets and identify implementation bottlenecks. | Validate reporting timeliness and follow up on delayed field submissions.,Recommended for human review; the model does not make operational decisions.
ES-003484,2026-04-01,Education Access Project,Education,Borno,Konduga,Konduga Site 1,Low,9.558701709571459e-16,Reporting delay,Supply delay,Elevated complaints,Strong achievement,"Validate reporting timeliness and follow up on delayed field submissions. | Review procurement, logistics and supply-chain bottlenecks. | Review feedback and complaint records for recurring operational issues.",Recommended for human review; the model does not make operational decisions.
ES-007484,2026-04-01,WASH Resilience Initiative,WASH,Borno,Dikwa,Dikwa Site 6,Low,2.861527561808755e-07,Reporting delay,Supply delay,Low achievement,Strong activity completion,"Validate reporting timeliness and follow up on delayed field submissions. | Review procurement, logistics and supply-chain bottlenecks. | Review progress against targets and identify implementation bottlenecks.",Recommended for human review; the model does not make operational decisions.
ES-005692,2026-04-01,Nutrition Support Programme,Nutrition,Borno,Ngala,Ngala Site 4,Medium,0.0132876092854282,Reporting delay,Low achievement,Elevated complaints,Strong activity completion,Validate reporting timeliness and follow up on delayed field submissions. | Review progress against targets and identify implementation bottlenecks. | Review feedback and complaint records for recurring operational issues.,Recommended for human review; the model does not make operational decisions.
ES-007132,2026-04-01,WASH Resilience Initiative,WASH,Borno,Ngala,Ngala Site 1,Low,3.5227686073666883e-16,Reporting delay,Elevated complaints,Previous-month achievement pattern,Strong achievement,Validate reporting timeliness and follow up on delayed field submissions. | Review feedback and complaint records for recurring operational issues. | Review recent performance trends for persistent underachievement.,Recommended for human review; the model does not make operational decisions.
ES-004412,2026-04-01,Education Access Project,Education,Borno,Dikwa,Dikwa Site 6,Low,9.584770202458925e-19,Lower data quality,Low staff availability,Previous-month achievement pattern,Limited supply delay,"Validate source data, completeness and reporting quality. | Review staffing coverage, absences and field deployment capacity. | Review recent performance trends for persistent underachievement.",Recommended for human review; the model does not make operational decisions.
ES-006044,2026-04-01,Nutrition Support Programme,Nutrition,Borno,Gwoza,Gwoza Site 3,High,1.0,Supply delay,Reporting delay,Low achievement,Lower access constraints,"Review procurement, logistics and supply-chain bottlenecks. | Validate reporting timeliness and follow up on delayed field submissions. | Review progress against targets and identify implementation bottlenecks.",Recommended for human review; the model does not make operational decisions.
ES-000668,2026-04-01,Community Resilience Programme,Protection/Resilience,Borno,Mafa,Mafa Site 3,Low,8.859860404381252e-24,Supply delay,Lower data quality,Access constraints,Strong achievement,"Review procurement, logistics and supply-chain bottlenecks. | Validate source data, completeness and reporting quality. | Review access, movement and operational constraints affecting delivery.",Recommended for human review; the model does not make operational decisions.
ES-007164,2026-04-01,WASH Resilience Initiative,WASH,Borno,Ngala,Ngala Site 2,Low,6.102311333824639e-18,Elevated complaints,Low staff availability,Access constraints,Strong activity completion,"Review feedback and complaint records for recurring operational issues. | Review staffing coverage, absences and field deployment capacity. | Review access, movement and operational constraints affecting delivery.",Recommended for human review; the model does not make operational decisions.
ES-003068,2026-04-01,Livelihood Recovery Initiative,Livelihoods,Borno,Gwoza,Gwoza Site 6,Medium,0.0005416331329428,Low achievement,Elevated complaints,Low activity completion,Timely reporting,Review progress against targets and identify implementation bottlenecks. | Review feedback and complaint records for recurring operational issues. | Review delayed or incomplete activities and implementation constraints.,Recommended for human review; the model does not make operational decisions.
ES-006716,2026-04-01,WASH Resilience Initiative,WASH,Borno,Konduga,Konduga Site 6,High,0.9999999999999268,Low achievement,Reporting delay,Low activity completion,Lower complaints,Review progress against targets and identify implementation bottlenecks. | Validate reporting timeliness and follow up on delayed field submissions. | Review delayed or incomplete activities and implementation constraints.,Recommended for human review; the model does not make operational decisions.
ES-007420,2026-04-01,WASH Resilience Initiative,WASH,Borno,Dikwa,Dikwa Site 4,High,0.6075350653302921,Reporting delay,Low achievement,Access constraints,Lower complaints,"Validate reporting timeliness and follow up on delayed field submissions. | Review progress against targets and identify implementation bottlenecks. | Review access, movement and operational constraints affecting delivery.",Recommended for human review; the model does not make operational decisions.
ES-006204,2026-04-01,WASH Resilience Initiative,WASH,Borno,Maiduguri,Maiduguri Site 2,Low,2.02453320799652e-13,Reporting delay,Low staff availability,Budget utilisation pattern,Strong activity completion,"Validate reporting timeliness and follow up on delayed field submissions. | Review staffing coverage, absences and field deployment capacity. | Review expenditure patterns against implementation progress.",Recommended for human review; the model does not make operational decisions.
ES-005532,2026-04-01,Nutrition Support Programme,Nutrition,Borno,Bama,Bama Site 5,High,0.8020116792059551,Low activity completion,Reporting delay,Elevated complaints,Limited supply delay,Review delayed or incomplete activities and implementation constraints. | Validate reporting timeliness and follow up on delayed field submissions. | Review feedback and complaint records for recurring operational issues.,Recommended for human review; the model does not make operational decisions.
ES-003708,2026-04-01,Education Access Project,Education,Borno,Mafa,Mafa Site 2,Low,6.490911574991169e-17,Elevated complaints,Low staff availability,Budget utilisation pattern,Timely reporting,"Review feedback and complaint records for recurring operational issues. | Review staffing coverage, absences and field deployment capacity. | Review expenditure patterns against implementation progress.",Recommended for human review; the model does not make operational decisions.
ES-001820,2026-04-01,Livelihood Recovery Initiative,Livelihoods,Borno,Jere,Jere Site 3,Medium,0.0007488921848375,Reporting delay,Low activity completion,Supply delay,Strong achievement,"Validate reporting timeliness and follow up on delayed field submissions. | Review delayed or incomplete activities and implementation constraints. | Review procurement, logistics and supply-chain bottlenecks.",Recommended for human review; the model does not make operational decisions.
ES-004988,2026-04-01,Nutrition Support Programme,Nutrition,Borno,Jere,Jere Site 6,High,0.9892327798820242,Supply delay,Low achievement,Access constraints,Timely reporting,"Review procurement, logistics and supply-chain bottlenecks. | Review progress against targets and identify implementation bottlenecks. | Review access, movement and operational constraints affecting delivery.",Recommended for human review; the model does not make operational decisions.
ES-002268,2026-04-01,Livelihood Recovery Initiative,Livelihoods,Borno,Mafa,Mafa Site 5,Low,1.2923119363918636e-12,Supply delay,Low activity completion,Lower data quality,Strong achievement,"Review procurement, logistics and supply-chain bottlenecks. | Review delayed or incomplete activities and implementation constraints. | Validate source data, completeness and reporting quality.",Recommended for human review; the model does not make operational decisions.
ES-000764,2026-04-01,Community Resilience Programme,Protection/Resilience,Borno,Mafa,Mafa Site 6,Medium,0.0009929729287796,Low activity completion,Supply delay,Reporting delay,Strong data quality,"Review delayed or incomplete activities and implementation constraints. | Review procurement, logistics and supply-chain bottlenecks. | Validate reporting timeliness and follow up on delayed field submissions.",Recommended for human review; the model does not make operational decisions.
ES-007356,2026-04-01,WASH Resilience Initiative,WASH,Borno,Dikwa,Dikwa Site 2,Low,1.897253178210096e-22,Reporting delay,Previous-month achievement pattern,Lower data quality,Strong achievement,"Validate reporting timeliness and follow up on delayed field submissions. | Review recent performance trends for persistent underachievement. | Validate source data, completeness and reporting quality.",Recommended for human review; the model does not make operational decisions.
ES-000156,2026-04-01,Community Resilience Programme,Protection/Resilience,Borno,Maiduguri,Maiduguri Site 5,Low,3.205042731592716e-11,Low activity completion,Elevated complaints,Lower data quality,Strong achievement,"Review delayed or incomplete activities and implementation constraints. | Review feedback and complaint records for recurring operational issues. | Validate source data, completeness and reporting quality.",Recommended for human review; the model does not make operational decisions.
ES-001852,2026-04-01,Livelihood Recovery Initiative,Livelihoods,Borno,Jere,Jere Site 4,Medium,0.0001413481575165,Low achievement,Supply delay,Reporting delay,Lower complaints,"Review progress against targets and identify implementation bottlenecks. | Review procurement, logistics and supply-chain bottlenecks. | Validate reporting timeliness and follow up on delayed field submissions.",Recommended for human review; the model does not make operational decisions.
ES-007196,2026-04-01,WASH Resilience Initiative,WASH,Borno,Ngala,Ngala Site 3,Medium,0.2588561445094879,Low achievement,Reporting delay,Access constraints,Limited supply delay,"Review progress against targets and identify implementation bottlenecks. | Validate reporting timeliness and follow up on delayed field submissions. | Review access, movement and operational constraints affecting delivery.",Recommended for human review; the model does not make operational decisions.
ES-003356,2026-04-01,Education Access Project,Education,Borno,Jere,Jere Site 3,Medium,0.0283830893743534,Low achievement,Low activity completion,Low staff availability,Timely reporting,"Review progress against targets and identify implementation bottlenecks. | Review delayed or incomplete activities and implementation constraints. | Review staffing coverage, absences and field deployment capacity.",Recommended for human review; the model does not make operational decisions.
ES-004060,2026-04-01,Education Access Project,Education,Borno,Ngala,Ngala Site 1,Medium,0.1643793051041128,Low activity completion,Supply delay,Reporting delay,Previous-month achievement pattern,"Review delayed or incomplete activities and implementation constraints. | Review procurement, logistics and supply-chain bottlenecks. | Validate reporting timeliness and follow up on delayed field submissions.",Recommended for human review; the model does not make operational decisions.
ES-005372,2026-04-01,Nutrition Support Programme,Nutrition,Borno,Mafa,Mafa Site 6,Low,4.658649473687854e-10,Low activity completion,Reporting delay,Lower data quality,Limited supply delay,"Review delayed or incomplete activities and implementation constraints. | Validate reporting timeliness and follow up on delayed field submissions. | Validate source data, completeness and reporting quality.",Recommended for human review; the model does not make operational decisions.
ES-001372,2026-04-01,Community Resilience Programme,Protection/Resilience,Borno,Gwoza,Gwoza Site 1,Low,4.590003592665908e-13,Reporting delay,Low staff availability,Previous-month achievement pattern,Strong achievement,"Validate reporting timeliness and follow up on delayed field submissions. | Review staffing coverage, absences and field deployment capacity. | Review recent performance trends for persistent underachievement.",Recommended for human review; the model does not make operational decisions.
ES-001276,2026-04-01,Community Resilience Programme,Protection/Resilience,Borno,Dikwa,Dikwa Site 4,Medium,8.7924879128841e-07,Low achievement,Low activity completion,Supply delay,Lower complaints,"Review progress against targets and identify implementation bottlenecks. | Review delayed or incomplete activities and implementation constraints. | Review procurement, logistics and supply-chain bottlenecks.",Recommended for human review; the model does not make operational decisions.
ES-000636,2026-04-01,Community Resilience Programme,Protection/Resilience,Borno,Mafa,Mafa Site 2,Low,2.7872632351288026e-23,Access constraints,Low staff availability,Budget utilisation pattern,Strong achievement,"Review access, movement and operational constraints affecting delivery. | Review staffing coverage, absences and field deployment capacity. | Review expenditure patterns against implementation progress.",Recommended for human review; the model does not make operational decisions.
ES-000508,2026-04-01,Community Resilience Programme,Protection/Resilience,Borno,Konduga,Konduga Site 4,Low,2.9843896367582964e-19,Elevated complaints,Reporting delay,Previous-month achievement pattern,Strong achievement,Review feedback and complaint records for recurring operational issues. | Validate reporting timeliness and follow up on delayed field submissions. | Review recent performance trends for persistent underachievement.,Recommended for human review; the model does not make operational decisions.
ES-006844,2026-04-01,WASH Resilience Initiative,WASH,Borno,Mafa,Mafa Site 4,Medium,0.0012290582102664,Low activity completion,Reporting delay,Low staff availability,Limited supply delay,"Review delayed or incomplete activities and implementation constraints. | Validate reporting timeliness and follow up on delayed field submissions. | Review staffing coverage, absences and field deployment capacity.",Recommended for human review; the model does not make operational decisions.
ES-006524,2026-04-01,WASH Resilience Initiative,WASH,Borno,Jere,Jere Site 6,Medium,0.0148307977425163,Low activity completion,Low achievement,Reporting delay,Strong staff availability,Review delayed or incomplete activities and implementation constraints. | Review progress against targets and identify implementation bottlenecks. | Validate reporting timeliness and follow up on delayed field submissions.,Recommended for human review; the model does not make operational decisions.
ES-001788,2026-04-01,Livelihood Recovery Initiative,Livelihoods,Borno,Jere,Jere Site 2,Low,2.9023983241852593e-08,Supply delay,Low activity completion,Elevated complaints,Strong achievement,"Review procurement, logistics and supply-chain bottlenecks. | Review delayed or incomplete activities and implementation constraints. | Review feedback and complaint records for recurring operational issues.",Recommended for human review; the model does not make operational decisions.
ES-006908,2026-04-01,WASH Resilience Initiative,WASH,Borno,Mafa,Mafa Site 6,Low,4.6112852672412896e-14,Access constraints,Lower data quality,Low activity completion,Strong achievement,"Review access, movement and operational constraints affecting delivery. | Validate source data, completeness and reporting quality. | Review delayed or incomplete activities and implementation constraints.",Recommended for human review; the model does not make operational decisions.
ES-003420,2026-04-01,Education Access Project,Education,Borno,Jere,Jere Site 5,Low,7.022507500063511e-12,Elevated complaints,Low staff availability,Low activity completion,Limited supply delay,"Review feedback and complaint records for recurring operational issues. | Review staffing coverage, absences and field deployment capacity. | Review delayed or incomplete activities and implementation constraints.",Recommended for human review; the model does not make operational decisions.
ES-003836,2026-04-01,Education Access Project,Education,Borno,Mafa,Mafa Site 6,Medium,6.9441992283049815e-06,Low activity completion,Access constraints,Supply delay,Lower complaints,"Review delayed or incomplete activities and implementation constraints. | Review access, movement and operational constraints affecting delivery. | Review procurement, logistics and supply-chain bottlenecks.",Recommended for human review; the model does not make operational decisions.
ES-001756,2026-04-01,Livelihood Recovery Initiative,Livelihoods,Borno,Jere,Jere Site 1,Medium,4.3360628111346603e-07,Reporting delay,Low activity completion,Access constraints,Strong achievement,"Validate reporting timeliness and follow up on delayed field submissions. | Review delayed or incomplete activities and implementation constraints. | Review access, movement and operational constraints affecting delivery.",Recommended for human review; the model does not make operational decisions.
ES-004348,2026-04-01,Education Access Project,Education,Borno,Dikwa,Dikwa Site 4,Low,2.91379362407364e-20,Access constraints,Previous-month achievement pattern,Budget utilisation pattern,Strong achievement,"Review access, movement and operational constraints affecting delivery. | Review recent performance trends for persistent underachievement. | Review expenditure patterns against implementation progress.",Recommended for human review; the model does not make operational decisions.
ES-003388,2026-04-01,Education Access Project,Education,Borno,Jere,Jere Site 4,Low,1.6900213318479258e-10,Low activity completion,Access constraints,Reporting delay,Strong achievement,"Review delayed or incomplete activities and implementation constraints. | Review access, movement and operational constraints affecting delivery. | Validate reporting timeliness and follow up on delayed field submissions.",Recommended for human review; the model does not make operational decisions.
ES-005724,2026-04-01,Nutrition Support Programme,Nutrition,Borno,Ngala,Ngala Site 5,Low,1.422576286512121e-19,Low activity completion,Reporting delay,Elevated complaints,Strong achievement,Review delayed or incomplete activities and implementation constraints. | Validate reporting timeliness and follow up on delayed field submissions. | Review feedback and complaint records for recurring operational issues.,Recommended for human review; the model does not make operational decisions.
ES-000220,2026-04-01,Community Resilience Programme,Protection/Resilience,Borno,Jere,Jere Site 1,Low,1.2715216299431843e-20,Elevated complaints,Reporting delay,Access constraints,Strong achievement,"Review feedback and complaint records for recurring operational issues. | Validate reporting timeliness and follow up on delayed field submissions. | Review access, movement and operational constraints affecting delivery.",Recommended for human review; the model does not make operational decisions.
ES-005564,2026-04-01,Nutrition Support Programme,Nutrition,Borno,Bama,Bama Site 6,High,0.8253945678326493,Low achievement,Supply delay,Reporting delay,Lower complaints,"Review progress against targets and identify implementation bottlenecks. | Review procurement, logistics and supply-chain bottlenecks. | Validate reporting timeliness and follow up on delayed field submissions.",Recommended for human review; the model does not make operational decisions.
ES-000572,2026-04-01,Community Resilience Programme,Protection/Resilience,Borno,Konduga,Konduga Site 6,Low,3.930746261990205e-30,Reporting delay,Elevated complaints,Lower data quality,Strong achievement,"Validate reporting timeliness and follow up on delayed field submissions. | Review feedback and complaint records for recurring operational issues. | Validate source data, completeness and reporting quality.",Recommended for human review; the model does not make operational decisions.
ES-007388,2026-04-01,WASH Resilience Initiative,WASH,Borno,Dikwa,Dikwa Site 3,Medium,0.0004881482748162,Low activity completion,Elevated complaints,Reporting delay,Lower access constraints,Review delayed or incomplete activities and implementation constraints. | Review feedback and complaint records for recurring operational issues. | Validate reporting timeliness and follow up on delayed field submissions.,Recommended for human review; the model does not make operational decisions.
ES-006140,2026-04-01,Nutrition Support Programme,Nutrition,Borno,Gwoza,Gwoza Site 6,Low,1.432157091763979e-17,Low activity completion,Supply delay,Lower data quality,Strong achievement,"Review delayed or incomplete activities and implementation constraints. | Review procurement, logistics and supply-chain bottlenecks. | Validate source data, completeness and reporting quality.",Recommended for human review; the model does not make operational decisions.
ES-004828,2026-04-01,Nutrition Support Programme,Nutrition,Borno,Jere,Jere Site 1,Low,3.0681727432260486e-09,Low activity completion,Access constraints,Low staff availability,Timely reporting,"Review delayed or incomplete activities and implementation constraints. | Review access, movement and operational constraints affecting delivery. | Review staffing coverage, absences and field deployment capacity.",Recommended for human review; the model does not make operational decisions.
ES-000412,2026-04-01,Community Resilience Programme,Protection/Resilience,Borno,Konduga,Konduga Site 1,Low,7.5297617484753185e-31,Elevated complaints,Low staff availability,Previous-month achievement pattern,Strong achievement,"Review feedback and complaint records for recurring operational issues. | Review staffing coverage, absences and field deployment capacity. | Review recent performance trends for persistent underachievement.",Recommended for human review; the model does not make operational decisions.
ES-003900,2026-04-01,Education Access Project,Education,Borno,Bama,Bama Site 2,Medium,2.421435839400736e-05,Low achievement,Access constraints,Supply delay,Strong activity completion,"Review progress against targets and identify implementation bottlenecks. | Review access, movement and operational constraints affecting delivery. | Review procurement, logistics and supply-chain bottlenecks.",Recommended for human review; the model does not make operational decisions.
ES-004092,2026-04-01,Education Access Project,Education,Borno,Ngala,Ngala Site 2,Low,8.484799790867373e-12,Reporting delay,Supply delay,Access constraints,Lower complaints,"Validate reporting timeliness and follow up on delayed field submissions. | Review procurement, logistics and supply-chain bottlenecks. | Review access, movement and operational constraints affecting delivery.",Recommended for human review; the model does not make operational decisions.
ES-001660,2026-04-01,Livelihood Recovery Initiative,Livelihoods,Borno,Maiduguri,Maiduguri Site 4,Medium,0.0001600359594322,Low activity completion,Reporting delay,Access constraints,Strong achievement,"Review delayed or incomplete activities and implementation constraints. | Validate reporting timeliness and follow up on delayed field submissions. | Review access, movement and operational constraints affecting delivery.",Recommended for human review; the model does not make operational decisions.
ES-000477,2026-05-01,Community Resilience Programme,Protection/Resilience,Borno,Konduga,Konduga Site 3,Low,7.174191204930924e-13,Low staff availability,Access constraints,Low activity completion,Strong achievement,"Review staffing coverage, absences and field deployment capacity. | Review access, movement and operational constraints affecting delivery. | Review delayed or incomplete activities and implementation constraints.",Recommended for human review; the model does not make operational decisions.
ES-005981,2026-05-01,Nutrition Support Programme,Nutrition,Borno,Gwoza,Gwoza Site 1,Low,1.4459589347973602e-18,Supply delay,Access constraints,Previous-month achievement pattern,Strong achievement,"Review procurement, logistics and supply-chain bottlenecks. | Review access, movement and operational constraints affecting delivery. | Review recent performance trends for persistent underachievement.",Recommended for human review; the model does not make operational decisions.
ES-004957,2026-05-01,Nutrition Support Programme,Nutrition,Borno,Jere,Jere Site 5,Medium,1.9191512504699675e-06,Supply delay,Low activity completion,Access constraints,Strong achievement,"Review procurement, logistics and supply-chain bottlenecks. | Review delayed or incomplete activities and implementation constraints. | Review access, movement and operational constraints affecting delivery.",Recommended for human review; the model does not make operational decisions.
ES-002589,2026-05-01,Livelihood Recovery Initiative,Livelihoods,Borno,Ngala,Ngala Site 3,Medium,0.0002155222062666,Reporting delay,Low activity completion,Low achievement,Strong staff availability,Validate reporting timeliness and follow up on delayed field submissions. | Review delayed or incomplete activities and implementation constraints. | Review progress against targets and identify implementation bottlenecks.,Recommended for human review; the model does not make operational decisions.
ES-003741,2026-05-01,Education Access Project,Education,Borno,Mafa,Mafa Site 3,High,0.6850999939958035,Low achievement,Supply delay,Reporting delay,Lower complaints,"Review progress against targets and identify implementation bottlenecks. | Review procurement, logistics and supply-chain bottlenecks. | Validate reporting timeliness and follow up on delayed field submissions.",Recommended for human review; the model does not make operational decisions.
ES-002333,2026-05-01,Livelihood Recovery Initiative,Livelihoods,Borno,Bama,Bama Site 1,Medium,5.168387927837159e-05,Low activity completion,Low achievement,Elevated complaints,Timely reporting,Review delayed or incomplete activities and implementation constraints. | Review progress against targets and identify implementation bottlenecks. | Review feedback and complaint records for recurring operational issues.,Recommended for human review; the model does not make operational decisions.
ES-001021,2026-05-01,Community Resilience Programme,Protection/Resilience,Borno,Ngala,Ngala Site 2,Low,8.36706335198035e-09,Supply delay,Access constraints,Low activity completion,Strong achievement,"Review procurement, logistics and supply-chain bottlenecks. | Review access, movement and operational constraints affecting delivery. | Review delayed or incomplete activities and implementation constraints.",Recommended for human review; the model does not make operational decisions.
ES-001693,2026-05-01,Livelihood Recovery Initiative,Livelihoods,Borno,Maiduguri,Maiduguri Site 5,Low,1.727272667904788e-22,Access constraints,Elevated complaints,Lower data quality,Strong achievement,"Review access, movement and operational constraints affecting delivery. | Review feedback and complaint records for recurring operational issues. | Validate source data, completeness and reporting quality.",Recommended for human review; the model does not make operational decisions.
ES-000765,2026-05-01,Community Resilience Programme,Protection/Resilience,Borno,Mafa,Mafa Site 6,Medium,4.147732785186882e-06,Supply delay,Lower data quality,Access constraints,Strong achievement,"Review procurement, logistics and supply-chain bottlenecks. | Validate source data, completeness and reporting quality. | Review access, movement and operational constraints affecting delivery.",Recommended for human review; the model does not make operational decisions.
ES-004061,2026-05-01,Education Access Project,Education,Borno,Ngala,Ngala Site 1,Medium,0.0036860289426279,Low activity completion,Low achievement,Elevated complaints,Limited supply delay,Review delayed or incomplete activities and implementation constraints. | Review progress against targets and identify implementation bottlenecks. | Review feedback and complaint records for recurring operational issues.,Recommended for human review; the model does not make operational decisions.
ES-000509,2026-05-01,Community Resilience Programme,Protection/Resilience,Borno,Konduga,Konduga Site 4,Low,5.719792108765625e-29,Low activity completion,Supply delay,Previous-month achievement pattern,Strong achievement,"Review delayed or incomplete activities and implementation constraints. | Review procurement, logistics and supply-chain bottlenecks. | Review recent performance trends for persistent underachievement.",Recommended for human review; the model does not make operational decisions.
ES-001277,2026-05-01,Community Resilience Programme,Protection/Resilience,Borno,Dikwa,Dikwa Site 4,Low,9.698727047515772e-13,Low activity completion,Lower data quality,Low staff availability,Timely reporting,"Review delayed or incomplete activities and implementation constraints. | Validate source data, completeness and reporting quality. | Review staffing coverage, absences and field deployment capacity.",Recommended for human review; the model does not make operational decisions.
ES-002525,2026-05-01,Livelihood Recovery Initiative,Livelihoods,Borno,Ngala,Ngala Site 1,Low,1.36729198944137e-19,Supply delay,Lower data quality,,Strong achievement,"Review procurement, logistics and supply-chain bottlenecks. | Validate source data, completeness and reporting quality.",Recommended for human review; the model does not make operational decisions.
ES-006077,2026-05-01,Nutrition Support Programme,Nutrition,Borno,Gwoza,Gwoza Site 4,Medium,0.0007734412366236,Low achievement,Low activity completion,Reporting delay,Limited supply delay,Review progress against targets and identify implementation bottlenecks. | Review delayed or incomplete activities and implementation constraints. | Validate reporting timeliness and follow up on delayed field submissions.,Recommended for human review; the model does not make operational decisions.
ES-006301,2026-05-01,WASH Resilience Initiative,WASH,Borno,Maiduguri,Maiduguri Site 5,Medium,5.380183056837463e-06,Low activity completion,Low achievement,Access constraints,Strong staff availability,"Review delayed or incomplete activities and implementation constraints. | Review progress against targets and identify implementation bottlenecks. | Review access, movement and operational constraints affecting delivery.",Recommended for human review; the model does not make operational decisions.
ES-003101,2026-05-01,Education Access Project,Education,Borno,Maiduguri,Maiduguri Site 1,Low,3.4765750255735775e-12,Low activity completion,Access constraints,Low staff availability,Strong achievement,"Review delayed or incomplete activities and implementation constraints. | Review access, movement and operational constraints affecting delivery. | Review staffing coverage, absences and field deployment capacity.",Recommended for human review; the model does not make operational decisions.
ES-003261,2026-05-01,Education Access Project,Education,Borno,Maiduguri,Maiduguri Site 6,Low,2.175995169395056e-18,Reporting delay,Low activity completion,Supply delay,Strong achievement,"Validate reporting timeliness and follow up on delayed field submissions. | Review delayed or incomplete activities and implementation constraints. | Review procurement, logistics and supply-chain bottlenecks.",Recommended for human review; the model does not make operational decisions.
ES-005149,2026-05-01,Nutrition Support Programme,Nutrition,Borno,Konduga,Konduga Site 5,Low,1.4374828073022068e-10,Low staff availability,Previous-month achievement pattern,Budget utilisation pattern,Limited supply delay,"Review staffing coverage, absences and field deployment capacity. | Review recent performance trends for persistent underachievement. | Review expenditure patterns against implementation progress.",Recommended for human review; the model does not make operational decisions.
ES-004797,2026-05-01,Nutrition Support Programme,Nutrition,Borno,Maiduguri,Maiduguri Site 6,Medium,1.1216601393080323e-06,Reporting delay,Low activity completion,Low staff availability,Strong achievement,"Validate reporting timeliness and follow up on delayed field submissions. | Review delayed or incomplete activities and implementation constraints. | Review staffing coverage, absences and field deployment capacity.",Recommended for human review; the model does not make operational decisions.
ES-006525,2026-05-01,WASH Resilience Initiative,WASH,Borno,Jere,Jere Site 6,Low,1.768640098143843e-18,Elevated complaints,Lower data quality,Budget utilisation pattern,Strong achievement,"Review feedback and complaint records for recurring operational issues. | Validate source data, completeness and reporting quality. | Review expenditure patterns against implementation progress.",Recommended for human review; the model does not make operational decisions.
ES-006557,2026-05-01,WASH Resilience Initiative,WASH,Borno,Konduga,Konduga Site 1,Low,2.3085415591391763e-18,Low staff availability,Previous-month achievement pattern,Budget utilisation pattern,Lower complaints,"Review staffing coverage, absences and field deployment capacity. | Review recent performance trends for persistent underachievement. | Review expenditure patterns against implementation progress.",Recommended for human review; the model does not make operational decisions.
ES-003133,2026-05-01,Education Access Project,Education,Borno,Maiduguri,Maiduguri Site 2,Low,3.759761815320001e-07,Supply delay,Elevated complaints,Low achievement,Strong activity completion,"Review procurement, logistics and supply-chain bottlenecks. | Review feedback and complaint records for recurring operational issues. | Review progress against targets and identify implementation bottlenecks.",Recommended for human review; the model does not make operational decisions.
ES-003229,2026-05-01,Education Access Project,Education,Borno,Maiduguri,Maiduguri Site 5,Medium,5.924428280167288e-06,Access constraints,Supply delay,Low activity completion,Strong achievement,"Review access, movement and operational constraints affecting delivery. | Review procurement, logistics and supply-chain bottlenecks. | Review delayed or incomplete activities and implementation constraints.",Recommended for human review; the model does not make operational decisions.
ES-006877,2026-05-01,WASH Resilience Initiative,WASH,Borno,Mafa,Mafa Site 5,Low,9.992821712419293e-23,Lower data quality,Low staff availability,Previous-month achievement pattern,Strong achievement,"Validate source data, completeness and reporting quality. | Review staffing coverage, absences and field deployment capacity. | Review recent performance trends for persistent underachievement.",Recommended for human review; the model does not make operational decisions.
ES-004285,2026-05-01,Education Access Project,Education,Borno,Dikwa,Dikwa Site 2,Low,1.0124520927210004e-17,Lower data quality,Low staff availability,Previous-month achievement pattern,Strong achievement,"Validate source data, completeness and reporting quality. | Review staffing coverage, absences and field deployment capacity. | Review recent performance trends for persistent underachievement.",Recommended for human review; the model does not make operational decisions.
ES-003197,2026-05-01,Education Access Project,Education,Borno,Maiduguri,Maiduguri Site 4,Low,1.2074895513612409e-12,Low activity completion,Reporting delay,Elevated complaints,Strong achievement,Review delayed or incomplete activities and implementation constraints. | Validate reporting timeliness and follow up on delayed field submissions. | Review feedback and complaint records for recurring operational issues.,Recommended for human review; the model does not make operational decisions.
ES-006109,2026-05-01,Nutrition Support Programme,Nutrition,Borno,Gwoza,Gwoza Site 5,Low,4.0561394717598356e-20,Access constraints,Low staff availability,Budget utilisation pattern,Strong achievement,"Review access, movement and operational constraints affecting delivery. | Review staffing coverage, absences and field deployment capacity. | Review expenditure patterns against implementation progress.",Recommended for human review; the model does not make operational decisions.
ES-006589,2026-05-01,WASH Resilience Initiative,WASH,Borno,Konduga,Konduga Site 2,Low,5.529555179132472e-16,Low staff availability,Elevated complaints,Low activity completion,Timely reporting,"Review staffing coverage, absences and field deployment capacity. | Review feedback and complaint records for recurring operational issues. | Review delayed or incomplete activities and implementation constraints.",Recommended for human review; the model does not make operational decisions.
ES-001245,2026-05-01,Community Resilience Programme,Protection/Resilience,Borno,Dikwa,Dikwa Site 3,Medium,1.379851589404346e-05,Low activity completion,Low achievement,Low staff availability,Timely reporting,"Review delayed or incomplete activities and implementation constraints. | Review progress against targets and identify implementation bottlenecks. | Review staffing coverage, absences and field deployment capacity.",Recommended for human review; the model does not make operational decisions.
ES-005085,2026-05-01,Nutrition Support Programme,Nutrition,Borno,Konduga,Konduga Site 3,Low,7.098376833379568e-12,Low activity completion,Reporting delay,Low staff availability,Strong achievement,"Review delayed or incomplete activities and implementation constraints. | Validate reporting timeliness and follow up on delayed field submissions. | Review staffing coverage, absences and field deployment capacity.",Recommended for human review; the model does not make operational decisions.
ES-002557,2026-05-01,Livelihood Recovery Initiative,Livelihoods,Borno,Ngala,Ngala Site 2,Low,5.370268815590865e-38,Elevated complaints,Previous-month achievement pattern,Access constraints,Strong achievement,"Review feedback and complaint records for recurring operational issues. | Review recent performance trends for persistent underachievement. | Review access, movement and operational constraints affecting delivery.",Recommended for human review; the model does not make operational decisions.
ES-003165,2026-05-01,Education Access Project,Education,Borno,Maiduguri,Maiduguri Site 3,Low,6.484585905708011e-20,Access constraints,Supply delay,Low staff availability,Strong achievement,"Review access, movement and operational constraints affecting delivery. | Review procurement, logistics and supply-chain bottlenecks. | Review staffing coverage, absences and field deployment capacity.",Recommended for human review; the model does not make operational decisions.
ES-000989,2026-05-01,Community Resilience Programme,Protection/Resilience,Borno,Ngala,Ngala Site 1,Low,7.303297257112439e-33,Elevated complaints,Previous-month achievement pattern,Budget utilisation pattern,Strong achievement,Review feedback and complaint records for recurring operational issues. | Review recent performance trends for persistent underachievement. | Review expenditure patterns against implementation progress.,Recommended for human review; the model does not make operational decisions.
ES-001053,2026-05-01,Community Resilience Programme,Protection/Resilience,Borno,Ngala,Ngala Site 3,Low,1.5314714144579975e-24,Access constraints,Supply delay,Previous-month achievement pattern,Strong achievement,"Review access, movement and operational constraints affecting delivery. | Review procurement, logistics and supply-chain bottlenecks. | Review recent performance trends for persistent underachievement.",Recommended for human review; the model does not make operational decisions.
ES-004093,2026-05-01,Education Access Project,Education,Borno,Ngala,Ngala Site 2,Low,8.493952850769491e-12,Supply delay,Low staff availability,Elevated complaints,Strong achievement,"Review procurement, logistics and supply-chain bottlenecks. | Review staffing coverage, absences and field deployment capacity. | Review feedback and complaint records for recurring operational issues.",Recommended for human review; the model does not make operational decisions.
ES-006141,2026-05-01,Nutrition Support Programme,Nutrition,Borno,Gwoza,Gwoza Site 6,Low,9.966372954345761e-10,Low activity completion,Reporting delay,Access constraints,Strong achievement,"Review delayed or incomplete activities and implementation constraints. | Validate reporting timeliness and follow up on delayed field submissions. | Review access, movement and operational constraints affecting delivery.",Recommended for human review; the model does not make operational decisions.
ES-004221,2026-05-01,Education Access Project,Education,Borno,Ngala,Ngala Site 6,Medium,6.345143032888307e-05,Low achievement,Supply delay,Access constraints,Timely reporting,"Review progress against targets and identify implementation bottlenecks. | Review procurement, logistics and supply-chain bottlenecks. | Review access, movement and operational constraints affecting delivery.",Recommended for human review; the model does not make operational decisions.
ES-005117,2026-05-01,Nutrition Support Programme,Nutrition,Borno,Konduga,Konduga Site 4,Low,3.9663679421910156e-14,Low staff availability,Access constraints,Supply delay,Strong achievement,"Review staffing coverage, absences and field deployment capacity. | Review access, movement and operational constraints affecting delivery. | Review procurement, logistics and supply-chain bottlenecks.",Recommended for human review; the model does not make operational decisions.
ES-004317,2026-05-01,Education Access Project,Education,Borno,Dikwa,Dikwa Site 3,Medium,0.0002866418949139,Supply delay,Access constraints,Low staff availability,Timely reporting,"Review procurement, logistics and supply-chain bottlenecks. | Review access, movement and operational constraints affecting delivery. | Review staffing coverage, absences and field deployment capacity.",Recommended for human review; the model does not make operational decisions.
ES-006429,2026-05-01,WASH Resilience Initiative,WASH,Borno,Jere,Jere Site 3,Low,2.656782997136101e-08,Low activity completion,Elevated complaints,Reporting delay,Strong achievement,Review delayed or incomplete activities and implementation constraints. | Review feedback and complaint records for recurring operational issues. | Validate reporting timeliness and follow up on delayed field submissions.,Recommended for human review; the model does not make operational decisions.
ES-001341,2026-05-01,Community Resilience Programme,Protection/Resilience,Borno,Dikwa,Dikwa Site 6,Low,6.502698883176696e-18,Previous-month achievement pattern,,,Strong achievement,Review recent performance trends for persistent underachievement.,Recommended for human review; the model does not make operational decisions.
ES-000733,2026-05-01,Community Resilience Programme,Protection/Resilience,Borno,Mafa,Mafa Site 5,Low,1.9759952089475922e-14,Low activity completion,Lower data quality,Supply delay,Strong achievement,"Review delayed or incomplete activities and implementation constraints. | Validate source data, completeness and reporting quality. | Review procurement, logistics and supply-chain bottlenecks.",Recommended for human review; the model does not make operational decisions.
ES-006013,2026-05-01,Nutrition Support Programme,Nutrition,Borno,Gwoza,Gwoza Site 2,Low,9.372467344161996e-07,Reporting delay,Access constraints,Elevated complaints,Strong activity completion,"Validate reporting timeliness and follow up on delayed field submissions. | Review access, movement and operational constraints affecting delivery. | Review feedback and complaint records for recurring operational issues.",Recommended for human review; the model does not make operational decisions.
ES-005597,2026-05-01,Nutrition Support Programme,Nutrition,Borno,Ngala,Ngala Site 1,Low,4.536015384391413e-23,Low activity completion,Previous-month achievement pattern,Budget utilisation pattern,Strong achievement,Review delayed or incomplete activities and implementation constraints. | Review recent performance trends for persistent underachievement. | Review expenditure patterns against implementation progress.,Recommended for human review; the model does not make operational decisions.
ES-003773,2026-05-01,Education Access Project,Education,Borno,Mafa,Mafa Site 4,Medium,1.3324544074974248e-05,Supply delay,Elevated complaints,Access constraints,Strong activity completion,"Review procurement, logistics and supply-chain bottlenecks. | Review feedback and complaint records for recurring operational issues. | Review access, movement and operational constraints affecting delivery.",Recommended for human review; the model does not make operational decisions.
ES-006269,2026-05-01,WASH Resilience Initiative,WASH,Borno,Maiduguri,Maiduguri Site 4,Low,2.1092043082612786e-08,Reporting delay,Low staff availability,Supply delay,Strong achievement,"Validate reporting timeliness and follow up on delayed field submissions. | Review staffing coverage, absences and field deployment capacity. | Review procurement, logistics and supply-chain bottlenecks.",Recommended for human review; the model does not make operational decisions.
ES-006813,2026-05-01,WASH Resilience Initiative,WASH,Borno,Mafa,Mafa Site 3,Low,1.3426738513745425e-18,Low staff availability,Lower data quality,Budget utilisation pattern,Strong achievement,"Review staffing coverage, absences and field deployment capacity. | Validate source data, completeness and reporting quality. | Review expenditure patterns against implementation progress.",Recommended for human review; the model does not make operational decisions.
ES-003837,2026-05-01,Education Access Project,Education,Borno,Mafa,Mafa Site 6,Medium,0.0048654260478914,Low achievement,Supply delay,Access constraints,Strong activity completion,"Review progress against targets and identify implementation bottlenecks. | Review procurement, logistics and supply-chain bottlenecks. | Review access, movement and operational constraints affecting delivery.",Recommended for human review; the model does not make operational decisions.
ES-000189,2026-05-01,Community Resilience Programme,Protection/Resilience,Borno,Maiduguri,Maiduguri Site 6,Medium,6.301902575972703e-05,Low achievement,Low activity completion,Reporting delay,Lower access constraints,Review progress against targets and identify implementation bottlenecks. | Review delayed or incomplete activities and implementation constraints. | Validate reporting timeliness and follow up on delayed field submissions.,Recommended for human review; the model does not make operational decisions.
ES-004189,2026-05-01,Education Access Project,Education,Borno,Ngala,Ngala Site 5,Low,2.0306003455804722e-16,Access constraints,Low staff availability,,Strong achievement,"Review access, movement and operational constraints affecting delivery. | Review staffing coverage, absences and field deployment capacity.",Recommended for human review; the model does not make operational decisions.
ES-005181,2026-05-01,Nutrition Support Programme,Nutrition,Borno,Konduga,Konduga Site 6,Medium,0.0002891527217933,Low activity completion,Supply delay,Low achievement,Strong staff availability,"Review delayed or incomplete activities and implementation constraints. | Review procurement, logistics and supply-chain bottlenecks. | Review progress against targets and identify implementation bottlenecks.",Recommended for human review; the model does not make operational decisions.
ES-000093,2026-05-01,Community Resilience Programme,Protection/Resilience,Borno,Maiduguri,Maiduguri Site 3,Medium,8.537973220908869e-06,Reporting delay,Access constraints,Low activity completion,Strong achievement,"Validate reporting timeliness and follow up on delayed field submissions. | Review access, movement and operational constraints affecting delivery. | Review delayed or incomplete activities and implementation constraints.",Recommended for human review; the model does not make operational decisions.
ES-001309,2026-05-01,Community Resilience Programme,Protection/Resilience,Borno,Dikwa,Dikwa Site 5,High,0.7408973069469393,Low achievement,Low activity completion,Elevated complaints,Timely reporting,Review progress against targets and identify implementation bottlenecks. | Review delayed or incomplete activities and implementation constraints. | Review feedback and complaint records for recurring operational issues.,Recommended for human review; the model does not make operational decisions.
ES-001725,2026-05-01,Livelihood Recovery Initiative,Livelihoods,Borno,Maiduguri,Maiduguri Site 6,Low,1.08740676865404e-17,Access constraints,Supply delay,Low staff availability,Strong achievement,"Review access, movement and operational constraints affecting delivery. | Review procurement, logistics and supply-chain bottlenecks. | Review staffing coverage, absences and field deployment capacity.",Recommended for human review; the model does not make operational decisions.
ES-004157,2026-05-01,Education Access Project,Education,Borno,Ngala,Ngala Site 4,High,0.9996797639801108,Low activity completion,Low achievement,Reporting delay,Limited supply delay,Review delayed or incomplete activities and implementation constraints. | Review progress against targets and identify implementation bottlenecks. | Validate reporting timeliness and follow up on delayed field submissions.,Recommended for human review; the model does not make operational decisions.
ES-006045,2026-05-01,Nutrition Support Programme,Nutrition,Borno,Gwoza,Gwoza Site 3,Low,8.629682281863122e-28,Low staff availability,Lower data quality,,Strong achievement,"Review staffing coverage, absences and field deployment capacity. | Validate source data, completeness and reporting quality.",Recommended for human review; the model does not make operational decisions.
ES-006493,2026-05-01,WASH Resilience Initiative,WASH,Borno,Jere,Jere Site 5,Medium,5.976638709491538e-05,Low activity completion,Supply delay,Lower data quality,Timely reporting,"Review delayed or incomplete activities and implementation constraints. | Review procurement, logistics and supply-chain bottlenecks. | Validate source data, completeness and reporting quality.",Recommended for human review; the model does not make operational decisions.
ES-003805,2026-05-01,Education Access Project,Education,Borno,Mafa,Mafa Site 5,Medium,0.000626182346926,Low achievement,Supply delay,Low staff availability,Timely reporting,"Review progress against targets and identify implementation bottlenecks. | Review procurement, logistics and supply-chain bottlenecks. | Review staffing coverage, absences and field deployment capacity.",Recommended for human review; the model does not make operational decisions.
ES-004125,2026-05-01,Education Access Project,Education,Borno,Ngala,Ngala Site 3,Medium,8.258136942272695e-05,Low achievement,Elevated complaints,Supply delay,Timely reporting,"Review progress against targets and identify implementation bottlenecks. | Review feedback and complaint records for recurring operational issues. | Review procurement, logistics and supply-chain bottlenecks.",Recommended for human review; the model does not make operational decisions.
ES-004765,2026-05-01,Nutrition Support Programme,Nutrition,Borno,Maiduguri,Maiduguri Site 5,Low,2.230905144949938e-25,Low staff availability,Lower data quality,Previous-month achievement pattern,Limited supply delay,"Review staffing coverage, absences and field deployment capacity. | Validate source data, completeness and reporting quality. | Review recent performance trends for persistent underachievement.",Recommended for human review; the model does not make operational decisions.
ES-006461,2026-05-01,WASH Resilience Initiative,WASH,Borno,Jere,Jere Site 4,Medium,4.373643782066587e-05,Low activity completion,Elevated complaints,Reporting delay,Limited supply delay,Review delayed or incomplete activities and implementation constraints. | Review feedback and complaint records for recurring operational issues. | Validate reporting timeliness and follow up on delayed field submissions.,Recommended for human review; the model does not make operational decisions.
ES-006621,2026-05-01,WASH Resilience Initiative,WASH,Borno,Konduga,Konduga Site 3,Low,4.5050785640361516e-10,Supply delay,Low achievement,Elevated complaints,Strong activity completion,"Review procurement, logistics and supply-chain bottlenecks. | Review progress against targets and identify implementation bottlenecks. | Review feedback and complaint records for recurring operational issues.",Recommended for human review; the model does not make operational decisions.
ES-002173,2026-05-01,Livelihood Recovery Initiative,Livelihoods,Borno,Mafa,Mafa Site 2,Medium,1.563752912662794e-05,Low achievement,Access constraints,Reporting delay,Strong activity completion,"Review progress against targets and identify implementation bottlenecks. | Review access, movement and operational constraints affecting delivery. | Validate reporting timeliness and follow up on delayed field submissions.",Recommended for human review; the model does not make operational decisions.
ES-006397,2026-05-01,WASH Resilience Initiative,WASH,Borno,Jere,Jere Site 2,Low,9.630841033887965e-16,Supply delay,Reporting delay,Lower data quality,Strong achievement,"Review procurement, logistics and supply-chain bottlenecks. | Validate reporting timeliness and follow up on delayed field submissions. | Validate source data, completeness and reporting quality.",Recommended for human review; the model does not make operational decisions.
ES-005533,2026-05-01,Nutrition Support Programme,Nutrition,Borno,Bama,Bama Site 5,Medium,0.0002910901848044,Supply delay,Elevated complaints,Low activity completion,Strong achievement,"Review procurement, logistics and supply-chain bottlenecks. | Review feedback and complaint records for recurring operational issues. | Review delayed or incomplete activities and implementation constraints.",Recommended for human review; the model does not make operational decisions.
ES-007133,2026-05-01,WASH Resilience Initiative,WASH,Borno,Ngala,Ngala Site 1,Low,1.705627204487594e-19,Access constraints,Lower data quality,Previous-month achievement pattern,Strong achievement,"Review access, movement and operational constraints affecting delivery. | Validate source data, completeness and reporting quality. | Review recent performance trends for persistent underachievement.",Recommended for human review; the model does not make operational decisions.
ES-001821,2026-05-01,Livelihood Recovery Initiative,Livelihoods,Borno,Jere,Jere Site 3,Low,2.8214819194934667e-17,Reporting delay,Low activity completion,Lower data quality,Strong achievement,"Validate reporting timeliness and follow up on delayed field submissions. | Review delayed or incomplete activities and implementation constraints. | Validate source data, completeness and reporting quality.",Recommended for human review; the model does not make operational decisions.
ES-007357,2026-05-01,WASH Resilience Initiative,WASH,Borno,Dikwa,Dikwa Site 2,Low,9.20979393143236e-22,Previous-month achievement pattern,Access constraints,Budget utilisation pattern,Limited supply delay,"Review recent performance trends for persistent underachievement. | Review access, movement and operational constraints affecting delivery. | Review expenditure patterns against implementation progress.",Recommended for human review; the model does not make operational decisions.
ES-001853,2026-05-01,Livelihood Recovery Initiative,Livelihoods,Borno,Jere,Jere Site 4,High,0.6752157807281,Supply delay,Access constraints,Reporting delay,Strong achievement,"Review procurement, logistics and supply-chain bottlenecks. | Review access, movement and operational constraints affecting delivery. | Validate reporting timeliness and follow up on delayed field submissions.",Recommended for human review; the model does not make operational decisions.
ES-003357,2026-05-01,Education Access Project,Education,Borno,Jere,Jere Site 3,Low,2.7609536842902314e-10,Access constraints,Low staff availability,Low achievement,Timely reporting,"Review access, movement and operational constraints affecting delivery. | Review staffing coverage, absences and field deployment capacity. | Review progress against targets and identify implementation bottlenecks.",Recommended for human review; the model does not make operational decisions.
ES-006909,2026-05-01,WASH Resilience Initiative,WASH,Borno,Mafa,Mafa Site 6,Low,8.74949997453126e-13,Reporting delay,Previous-month achievement pattern,Budget utilisation pattern,Strong achievement,Validate reporting timeliness and follow up on delayed field submissions. | Review recent performance trends for persistent underachievement. | Review expenditure patterns against implementation progress.,Recommended for human review; the model does not make operational decisions.
ES-005373,2026-05-01,Nutrition Support Programme,Nutrition,Borno,Mafa,Mafa Site 6,Low,4.86336872974259e-13,Elevated complaints,Lower data quality,Previous-month achievement pattern,Strong achievement,"Review feedback and complaint records for recurring operational issues. | Validate source data, completeness and reporting quality. | Review recent performance trends for persistent underachievement.",Recommended for human review; the model does not make operational decisions.
ES-004829,2026-05-01,Nutrition Support Programme,Nutrition,Borno,Jere,Jere Site 1,Low,6.402530215535004e-28,Access constraints,Lower data quality,Previous-month achievement pattern,Strong achievement,"Review access, movement and operational constraints affecting delivery. | Validate source data, completeness and reporting quality. | Review recent performance trends for persistent underachievement.",Recommended for human review; the model does not make operational decisions.
ES-000637,2026-05-01,Community Resilience Programme,Protection/Resilience,Borno,Mafa,Mafa Site 2,Low,2.620731246509868e-29,Access constraints,Low staff availability,Previous-month achievement pattern,Strong achievement,"Review access, movement and operational constraints affecting delivery. | Review staffing coverage, absences and field deployment capacity. | Review recent performance trends for persistent underachievement.",Recommended for human review; the model does not make operational decisions.
ES-000253,2026-05-01,Community Resilience Programme,Protection/Resilience,Borno,Jere,Jere Site 2,Medium,0.000254228072863,Supply delay,Reporting delay,Access constraints,Strong achievement,"Review procurement, logistics and supply-chain bottlenecks. | Validate reporting timeliness and follow up on delayed field submissions. | Review access, movement and operational constraints affecting delivery.",Recommended for human review; the model does not make operational decisions.
ES-002237,2026-05-01,Livelihood Recovery Initiative,Livelihoods,Borno,Mafa,Mafa Site 4,Medium,0.0002854332659598,Low activity completion,Low achievement,Supply delay,Lower complaints,"Review delayed or incomplete activities and implementation constraints. | Review progress against targets and identify implementation bottlenecks. | Review procurement, logistics and supply-chain bottlenecks.",Recommended for human review; the model does not make operational decisions.
ES-001885,2026-05-01,Livelihood Recovery Initiative,Livelihoods,Borno,Jere,Jere Site 5,Low,9.947607816209268e-19,Supply delay,Access constraints,Elevated complaints,Strong achievement,"Review procurement, logistics and supply-chain bottlenecks. | Review access, movement and operational constraints affecting delivery. | Review feedback and complaint records for recurring operational issues.",Recommended for human review; the model does not make operational decisions.
ES-007325,2026-05-01,WASH Resilience Initiative,WASH,Borno,Dikwa,Dikwa Site 1,Low,8.4799192179936e-14,Reporting delay,Previous-month achievement pattern,Budget utilisation pattern,Strong activity completion,Validate reporting timeliness and follow up on delayed field submissions. | Review recent performance trends for persistent underachievement. | Review expenditure patterns against implementation progress.,Recommended for human review; the model does not make operational decisions.
ES-000829,2026-05-01,Community Resilience Programme,Protection/Resilience,Borno,Bama,Bama Site 2,Low,2.4234343364385026e-13,Elevated complaints,Access constraints,Lower data quality,Strong achievement,"Review feedback and complaint records for recurring operational issues. | Review access, movement and operational constraints affecting delivery. | Validate source data, completeness and reporting quality.",Recommended for human review; the model does not make operational decisions.
ES-003325,2026-05-01,Education Access Project,Education,Borno,Jere,Jere Site 2,Low,5.6926915444842186e-24,Elevated complaints,Previous-month achievement pattern,Lower data quality,Strong achievement,"Review feedback and complaint records for recurring operational issues. | Review recent performance trends for persistent underachievement. | Validate source data, completeness and reporting quality.",Recommended for human review; the model does not make operational decisions.
ES-004701,2026-05-01,Nutrition Support Programme,Nutrition,Borno,Maiduguri,Maiduguri Site 3,Low,2.401494461391493e-10,Low activity completion,Reporting delay,Elevated complaints,Strong achievement,Review delayed or incomplete activities and implementation constraints. | Validate reporting timeliness and follow up on delayed field submissions. | Review feedback and complaint records for recurring operational issues.,Recommended for human review; the model does not make operational decisions.
ES-001917,2026-05-01,Livelihood Recovery Initiative,Livelihoods,Borno,Jere,Jere Site 6,Low,9.828955805145968e-24,Low activity completion,Lower data quality,Previous-month achievement pattern,Strong achievement,"Review delayed or incomplete activities and implementation constraints. | Validate source data, completeness and reporting quality. | Review recent performance trends for persistent underachievement.",Recommended for human review; the model does not make operational decisions.
ES-007293,2026-05-01,WASH Resilience Initiative,WASH,Borno,Ngala,Ngala Site 6,Medium,0.0073914365325887,Low achievement,Elevated complaints,Access constraints,Strong activity completion,"Review progress against targets and identify implementation bottlenecks. | Review feedback and complaint records for recurring operational issues. | Review access, movement and operational constraints affecting delivery.",Recommended for human review; the model does not make operational decisions.
ES-006845,2026-05-01,WASH Resilience Initiative,WASH,Borno,Mafa,Mafa Site 4,High,0.8395705488904097,Supply delay,Low activity completion,Low achievement,Lower complaints,"Review procurement, logistics and supply-chain bottlenecks. | Review delayed or incomplete activities and implementation constraints. | Review progress against targets and identify implementation bottlenecks.",Recommended for human review; the model does not make operational decisions.
ES-003389,2026-05-01,Education Access Project,Education,Borno,Jere,Jere Site 4,Low,5.584073617235138e-09,Low activity completion,Supply delay,Low staff availability,Strong achievement,"Review delayed or incomplete activities and implementation constraints. | Review procurement, logistics and supply-chain bottlenecks. | Review staffing coverage, absences and field deployment capacity.",Recommended for human review; the model does not make operational decisions.
ES-003901,2026-05-01,Education Access Project,Education,Borno,Bama,Bama Site 2,Medium,5.742949891300096e-06,Low achievement,Supply delay,Access constraints,Strong activity completion,"Review progress against targets and identify implementation bottlenecks. | Review procurement, logistics and supply-chain bottlenecks. | Review access, movement and operational constraints affecting delivery.",Recommended for human review; the model does not make operational decisions.
ES-001789,2026-05-01,Livelihood Recovery Initiative,Livelihoods,Borno,Jere,Jere Site 2,Medium,7.907481880598366e-06,Low activity completion,Reporting delay,Low staff availability,Strong achievement,"Review delayed or incomplete activities and implementation constraints. | Validate reporting timeliness and follow up on delayed field submissions. | Review staffing coverage, absences and field deployment capacity.",Recommended for human review; the model does not make operational decisions.
ES-005789,2026-05-01,Nutrition Support Programme,Nutrition,Borno,Dikwa,Dikwa Site 1,Low,8.498648798581594e-22,Access constraints,Lower data quality,Budget utilisation pattern,Timely reporting,"Review access, movement and operational constraints affecting delivery. | Validate source data, completeness and reporting quality. | Review expenditure patterns against implementation progress.",Recommended for human review; the model does not make operational decisions.
ES-003037,2026-05-01,Livelihood Recovery Initiative,Livelihoods,Borno,Gwoza,Gwoza Site 5,High,0.7733651240776764,Supply delay,Low achievement,Low activity completion,Lower access constraints,"Review procurement, logistics and supply-chain bottlenecks. | Review progress against targets and identify implementation bottlenecks. | Review delayed or incomplete activities and implementation constraints.",Recommended for human review; the model does not make operational decisions.
ES-006205,2026-05-01,WASH Resilience Initiative,WASH,Borno,Maiduguri,Maiduguri Site 2,Low,4.776212725728734e-07,Supply delay,Low staff availability,Access constraints,Timely reporting,"Review procurement, logistics and supply-chain bottlenecks. | Review staffing coverage, absences and field deployment capacity. | Review access, movement and operational constraints affecting delivery.",Recommended for human review; the model does not make operational decisions.
ES-001533,2026-05-01,Community Resilience Programme,Protection/Resilience,Borno,Gwoza,Gwoza Site 6,Medium,3.8101097167246e-05,Low achievement,Elevated complaints,Access constraints,Timely reporting,"Review progress against targets and identify implementation bottlenecks. | Review feedback and complaint records for recurring operational issues. | Review access, movement and operational constraints affecting delivery.",Recommended for human review; the model does not make operational decisions.
ES-006653,2026-05-01,WASH Resilience Initiative,WASH,Borno,Konduga,Konduga Site 4,Low,1.7300537030549665e-15,Access constraints,Elevated complaints,Low staff availability,Strong activity completion,"Review access, movement and operational constraints affecting delivery. | Review feedback and complaint records for recurring operational issues. | Review staffing coverage, absences and field deployment capacity.",Recommended for human review; the model does not make operational decisions.
ES-004925,2026-05-01,Nutrition Support Programme,Nutrition,Borno,Jere,Jere Site 4,Low,2.1818117976469464e-19,Previous-month achievement pattern,Access constraints,,Strong achievement,"Review recent performance trends for persistent underachievement. | Review access, movement and operational constraints affecting delivery.",Recommended for human review; the model does not make operational decisions.
ES-004445,2026-05-01,Education Access Project,Education,Borno,Gwoza,Gwoza Site 1,Medium,1.509588995713972e-05,Low achievement,Reporting delay,Supply delay,Lower complaints,"Review progress against targets and identify implementation bottlenecks. | Validate reporting timeliness and follow up on delayed field submissions. | Review procurement, logistics and supply-chain bottlenecks.",Recommended for human review; the model does not make operational decisions.
ES-003069,2026-05-01,Livelihood Recovery Initiative,Livelihoods,Borno,Gwoza,Gwoza Site 6,Medium,0.319229388911044,Low achievement,Low activity completion,Supply delay,Lower complaints,"Review progress against targets and identify implementation bottlenecks. | Review delayed or incomplete activities and implementation constraints. | Review procurement, logistics and supply-chain bottlenecks.",Recommended for human review; the model does not make operational decisions.
ES-007165,2026-05-01,WASH Resilience Initiative,WASH,Borno,Ngala,Ngala Site 2,Low,1.7407821727690875e-17,Low staff availability,Supply delay,Access constraints,Strong achievement,"Review staffing coverage, absences and field deployment capacity. | Review procurement, logistics and supply-chain bottlenecks. | Review access, movement and operational constraints affecting delivery.",Recommended for human review; the model does not make operational decisions.
ES-005501,2026-05-01,Nutrition Support Programme,Nutrition,Borno,Bama,Bama Site 4,Low,2.987019464145116e-31,Previous-month achievement pattern,Lower data quality,Budget utilisation pattern,Strong achievement,"Review recent performance trends for persistent underachievement. | Validate source data, completeness and reporting quality. | Review expenditure patterns against implementation progress.",Recommended for human review; the model does not make operational decisions.
ES-007421,2026-05-01,WASH Resilience Initiative,WASH,Borno,Dikwa,Dikwa Site 4,Low,2.9913563662684833e-16,Reporting delay,Lower data quality,,Strong activity completion,"Validate reporting timeliness and follow up on delayed field submissions. | Validate source data, completeness and reporting quality.",Recommended for human review; the model does not make operational decisions.
ES-003421,2026-05-01,Education Access Project,Education,Borno,Jere,Jere Site 5,Low,2.381369043319136e-20,Elevated complaints,Low staff availability,Access constraints,Strong achievement,"Review feedback and complaint records for recurring operational issues. | Review staffing coverage, absences and field deployment capacity. | Review access, movement and operational constraints affecting delivery.",Recommended for human review; the model does not make operational decisions.
ES-002269,2026-05-01,Livelihood Recovery Initiative,Livelihoods,Borno,Mafa,Mafa Site 5,High,0.9966388491423894,Low achievement,Reporting delay,Low activity completion,Lower access constraints,Review progress against targets and identify implementation bottlenecks. | Validate reporting timeliness and follow up on delayed field submissions. | Review delayed or incomplete activities and implementation constraints.,Recommended for human review; the model does not make operational decisions.
ES-001757,2026-05-01,Livelihood Recovery Initiative,Livelihoods,Borno,Jere,Jere Site 1,Medium,6.0887099456937765e-06,Access constraints,Low activity completion,Supply delay,Timely reporting,"Review access, movement and operational constraints affecting delivery. | Review delayed or incomplete activities and implementation constraints. | Review procurement, logistics and supply-chain bottlenecks.",Recommended for human review; the model does not make operational decisions.
ES-005565,2026-05-01,Nutrition Support Programme,Nutrition,Borno,Bama,Bama Site 6,High,0.9999607021111286,Reporting delay,Low achievement,Low activity completion,Strong staff availability,Validate reporting timeliness and follow up on delayed field submissions. | Review progress against targets and identify implementation bottlenecks. | Review delayed or incomplete activities and implementation constraints.,Recommended for human review; the model does not make operational decisions.
ES-000221,2026-05-01,Community Resilience Programme,Protection/Resilience,Borno,Jere,Jere Site 1,Low,2.5975021023031795e-40,Access constraints,Previous-month achievement pattern,Budget utilisation pattern,Strong achievement,"Review access, movement and operational constraints affecting delivery. | Review recent performance trends for persistent underachievement. | Review expenditure patterns against implementation progress.",Recommended for human review; the model does not make operational decisions.
ES-005725,2026-05-01,Nutrition Support Programme,Nutrition,Borno,Ngala,Ngala Site 5,Low,4.1080384977089213e-19,Low activity completion,Supply delay,Previous-month achievement pattern,Strong achievement,"Review delayed or incomplete activities and implementation constraints. | Review procurement, logistics and supply-chain bottlenecks. | Review recent performance trends for persistent underachievement.",Recommended for human review; the model does not make operational decisions.
ES-007389,2026-05-01,WASH Resilience Initiative,WASH,Borno,Dikwa,Dikwa Site 3,Low,4.886000096345848e-12,Supply delay,Low activity completion,,Timely reporting,"Review procurement, logistics and supply-chain bottlenecks. | Review delayed or incomplete activities and implementation constraints.",Recommended for human review; the model does not make operational decisions.
ES-000573,2026-05-01,Community Resilience Programme,Protection/Resilience,Borno,Konduga,Konduga Site 6,Low,5.330354717404047e-31,Low staff availability,Previous-month achievement pattern,Budget utilisation pattern,Strong achievement,"Review staffing coverage, absences and field deployment capacity. | Review recent performance trends for persistent underachievement. | Review expenditure patterns against implementation progress.",Recommended for human review; the model does not make operational decisions.
ES-000413,2026-05-01,Community Resilience Programme,Protection/Resilience,Borno,Konduga,Konduga Site 1,Low,5.843986763529315e-19,Low activity completion,Reporting delay,Lower data quality,Strong achievement,"Review delayed or incomplete activities and implementation constraints. | Validate reporting timeliness and follow up on delayed field submissions. | Validate source data, completeness and reporting quality.",Recommended for human review; the model does not make operational decisions.
ES-005341,2026-05-01,Nutrition Support Programme,Nutrition,Borno,Mafa,Mafa Site 5,Low,1.2085080026574065e-21,Supply delay,Access constraints,Lower data quality,Strong achievement,"Review procurement, logistics and supply-chain bottlenecks. | Review access, movement and operational constraints affecting delivery. | Validate source data, completeness and reporting quality.",Recommended for human review; the model does not make operational decisions.
ES-000157,2026-05-01,Community Resilience Programme,Protection/Resilience,Borno,Maiduguri,Maiduguri Site 5,Low,2.0032063285072798e-10,Low activity completion,Elevated complaints,Previous-month achievement pattern,Strong achievement,Review delayed or incomplete activities and implementation constraints. | Review feedback and complaint records for recurring operational issues. | Review recent performance trends for persistent underachievement.,Recommended for human review; the model does not make operational decisions.
ES-007101,2026-05-01,WASH Resilience Initiative,WASH,Borno,Bama,Bama Site 6,Medium,3.018488670412807e-05,Elevated complaints,Low activity completion,Budget utilisation pattern,Limited supply delay,Review feedback and complaint records for recurring operational issues. | Review delayed or incomplete activities and implementation constraints. | Review expenditure patterns against implementation progress.,Recommended for human review; the model does not make operational decisions.
ES-003293,2026-05-01,Education Access Project,Education,Borno,Jere,Jere Site 1,Low,7.436741999303229e-14,Low activity completion,Access constraints,Previous-month achievement pattern,Strong achievement,"Review delayed or incomplete activities and implementation constraints. | Review access, movement and operational constraints affecting delivery. | Review recent performance trends for persistent underachievement.",Recommended for human review; the model does not make operational decisions.
ES-000605,2026-05-01,Community Resilience Programme,Protection/Resilience,Borno,Mafa,Mafa Site 1,Low,1.4762597163657992e-45,Low staff availability,Previous-month achievement pattern,Budget utilisation pattern,Strong achievement,"Review staffing coverage, absences and field deployment capacity. | Review recent performance trends for persistent underachievement. | Review expenditure patterns against implementation progress.",Recommended for human review; the model does not make operational decisions.
ES-003997,2026-05-01,Education Access Project,Education,Borno,Bama,Bama Site 5,Low,5.0087276792314086e-14,Access constraints,Lower data quality,Low activity completion,Timely reporting,"Review access, movement and operational constraints affecting delivery. | Validate source data, completeness and reporting quality. | Review delayed or incomplete activities and implementation constraints.",Recommended for human review; the model does not make operational decisions.
ES-002077,2026-05-01,Livelihood Recovery Initiative,Livelihoods,Borno,Konduga,Konduga Site 5,Low,1.940186050177655e-22,Low activity completion,Low staff availability,Budget utilisation pattern,Strong achievement,"Review delayed or incomplete activities and implementation constraints. | Review staffing coverage, absences and field deployment capacity. | Review expenditure patterns against implementation progress.",Recommended for human review; the model does not make operational decisions.
ES-002205,2026-05-01,Livelihood Recovery Initiative,Livelihoods,Borno,Mafa,Mafa Site 3,High,0.9969360193735112,Reporting delay,Low activity completion,Low achievement,Strong data quality,Validate reporting timeliness and follow up on delayed field submissions. | Review delayed or incomplete activities and implementation constraints. | Review progress against targets and identify implementation bottlenecks.,Recommended for human review; the model does not make operational decisions.
ES-006333,2026-05-01,WASH Resilience Initiative,WASH,Borno,Maiduguri,Maiduguri Site 6,Low,4.8237989724681095e-14,Supply delay,Elevated complaints,Previous-month achievement pattern,Strong achievement,"Review procurement, logistics and supply-chain bottlenecks. | Review feedback and complaint records for recurring operational issues. | Review recent performance trends for persistent underachievement.",Recommended for human review; the model does not make operational decisions.
ES-007005,2026-05-01,WASH Resilience Initiative,WASH,Borno,Bama,Bama Site 3,Medium,4.151175624552635e-06,Reporting delay,Low achievement,Low staff availability,Strong activity completion,"Validate reporting timeliness and follow up on delayed field submissions. | Review progress against targets and identify implementation bottlenecks. | Review staffing coverage, absences and field deployment capacity.",Recommended for human review; the model does not make operational decisions.
ES-003965,2026-05-01,Education Access Project,Education,Borno,Bama,Bama Site 4,Medium,0.0182343264967123,Reporting delay,Low activity completion,Supply delay,Lower access constraints,"Validate reporting timeliness and follow up on delayed field submissions. | Review delayed or incomplete activities and implementation constraints. | Review procurement, logistics and supply-chain bottlenecks.",Recommended for human review; the model does not make operational decisions.
ES-002109,2026-05-01,Livelihood Recovery Initiative,Livelihoods,Borno,Konduga,Konduga Site 6,Low,2.9590787939645203e-25,Access constraints,Previous-month achievement pattern,,Strong achievement,"Review access, movement and operational constraints affecting delivery. | Review recent performance trends for persistent underachievement.",Recommended for human review; the model does not make operational decisions.
ES-004541,2026-05-01,Education Access Project,Education,Borno,Gwoza,Gwoza Site 4,Medium,0.0021288666061123,Supply delay,Reporting delay,Low activity completion,Lower access constraints,"Review procurement, logistics and supply-chain bottlenecks. | Validate reporting timeliness and follow up on delayed field submissions. | Review delayed or incomplete activities and implementation constraints.",Recommended for human review; the model does not make operational decisions.
ES-006941,2026-05-01,WASH Resilience Initiative,WASH,Borno,Bama,Bama Site 1,Medium,0.0427148241980235,Supply delay,Access constraints,Low activity completion,Strong staff availability,"Review procurement, logistics and supply-chain bottlenecks. | Review access, movement and operational constraints affecting delivery. | Review delayed or incomplete activities and implementation constraints.",Recommended for human review; the model does not make operational decisions.
ES-000029,2026-05-01,Community Resilience Programme,Protection/Resilience,Borno,Maiduguri,Maiduguri Site 1,Medium,6.872038147788562e-05,Low activity completion,Supply delay,Access constraints,Strong achievement,"Review delayed or incomplete activities and implementation constraints. | Review procurement, logistics and supply-chain bottlenecks. | Review access, movement and operational constraints affecting delivery.",Recommended for human review; the model does not make operational decisions.
ES-000349,2026-05-01,Community Resilience Programme,Protection/Resilience,Borno,Jere,Jere Site 5,Low,3.483561114046816e-21,Supply delay,Low staff availability,Lower data quality,Strong achievement,"Review procurement, logistics and supply-chain bottlenecks. | Review staffing coverage, absences and field deployment capacity. | Validate source data, completeness and reporting quality.",Recommended for human review; the model does not make operational decisions.
ES-004669,2026-05-01,Nutrition Support Programme,Nutrition,Borno,Maiduguri,Maiduguri Site 2,Low,2.550014985455734e-08,Reporting delay,Low staff availability,Lower data quality,Strong achievement,"Validate reporting timeliness and follow up on delayed field submissions. | Review staffing coverage, absences and field deployment capacity. | Validate source data, completeness and reporting quality.",Recommended for human review; the model does not make operational decisions.
ES-005437,2026-05-01,Nutrition Support Programme,Nutrition,Borno,Bama,Bama Site 2,Medium,2.189415770229518e-06,Supply delay,Access constraints,Elevated complaints,Strong achievement,"Review procurement, logistics and supply-chain bottlenecks. | Review access, movement and operational constraints affecting delivery. | Review feedback and complaint records for recurring operational issues.",Recommended for human review; the model does not make operational decisions.
ES-006685,2026-05-01,WASH Resilience Initiative,WASH,Borno,Konduga,Konduga Site 5,Medium,0.2352678642062041,Low activity completion,Reporting delay,Low achievement,Limited supply delay,Review delayed or incomplete activities and implementation constraints. | Validate reporting timeliness and follow up on delayed field submissions. | Review progress against targets and identify implementation bottlenecks.,Recommended for human review; the model does not make operational decisions.
ES-006973,2026-05-01,WASH Resilience Initiative,WASH,Borno,Bama,Bama Site 2,Low,5.476706620817881e-20,Low achievement,,,Limited supply delay,Review progress against targets and identify implementation bottlenecks.,Recommended for human review; the model does not make operational decisions.
ES-005405,2026-05-01,Nutrition Support Programme,Nutrition,Borno,Bama,Bama Site 1,Medium,0.0374499657814904,Low activity completion,Low achievement,Reporting delay,Limited supply delay,Review delayed or incomplete activities and implementation constraints. | Review progress against targets and identify implementation bottlenecks. | Validate reporting timeliness and follow up on delayed field submissions.,Recommended for human review; the model does not make operational decisions.
ES-002141,2026-05-01,Livelihood Recovery Initiative,Livelihoods,Borno,Mafa,Mafa Site 1,Low,6.0882103566280795e-22,Low staff availability,Access constraints,Supply delay,Strong achievement,"Review staffing coverage, absences and field deployment capacity. | Review access, movement and operational constraints affecting delivery. | Review procurement, logistics and supply-chain bottlenecks.",Recommended for human review; the model does not make operational decisions.
ES-004509,2026-05-01,Education Access Project,Education,Borno,Gwoza,Gwoza Site 3,Low,7.361177232073177e-11,Low achievement,Low staff availability,,Strong activity completion,"Review progress against targets and identify implementation bottlenecks. | Review staffing coverage, absences and field deployment capacity.",Recommended for human review; the model does not make operational decisions.
ES-000317,2026-05-01,Community Resilience Programme,Protection/Resilience,Borno,Jere,Jere Site 4,Low,1.1300363222648461e-17,Elevated complaints,Supply delay,Access constraints,Strong achievement,"Review feedback and complaint records for recurring operational issues. | Review procurement, logistics and supply-chain bottlenecks. | Review access, movement and operational constraints affecting delivery.",Recommended for human review; the model does not make operational decisions.
ES-004573,2026-05-01,Education Access Project,Education,Borno,Gwoza,Gwoza Site 5,Low,1.277511569146214e-15,Access constraints,Low achievement,,Limited supply delay,"Review access, movement and operational constraints affecting delivery. | Review progress against targets and identify implementation bottlenecks.",Recommended for human review; the model does not make operational decisions.
ES-000957,2026-05-01,Community Resilience Programme,Protection/Resilience,Borno,Bama,Bama Site 6,Medium,0.0013614226625552,Low achievement,Low activity completion,Supply delay,Timely reporting,"Review progress against targets and identify implementation bottlenecks. | Review delayed or incomplete activities and implementation constraints. | Review procurement, logistics and supply-chain bottlenecks.",Recommended for human review; the model does not make operational decisions.
ES-002045,2026-05-01,Livelihood Recovery Initiative,Livelihoods,Borno,Konduga,Konduga Site 4,Low,5.030504841360863e-07,Supply delay,Elevated complaints,Previous-month achievement pattern,Strong activity completion,"Review procurement, logistics and supply-chain bottlenecks. | Review feedback and complaint records for recurring operational issues. | Review recent performance trends for persistent underachievement.",Recommended for human review; the model does not make operational decisions.
ES-005757,2026-05-01,Nutrition Support Programme,Nutrition,Borno,Ngala,Ngala Site 6,Low,2.8738725238715096e-24,Access constraints,Elevated complaints,Low staff availability,Strong achievement,"Review access, movement and operational constraints affecting delivery. | Review feedback and complaint records for recurring operational issues. | Review staffing coverage, absences and field deployment capacity.",Recommended for human review; the model does not make operational decisions.
ES-005053,2026-05-01,Nutrition Support Programme,Nutrition,Borno,Konduga,Konduga Site 2,Low,2.347130304577219e-07,Low activity completion,Reporting delay,Low staff availability,Limited supply delay,"Review delayed or incomplete activities and implementation constraints. | Validate reporting timeliness and follow up on delayed field submissions. | Review staffing coverage, absences and field deployment capacity.",Recommended for human review; the model does not make operational decisions.
ES-003933,2026-05-01,Education Access Project,Education,Borno,Bama,Bama Site 3,High,0.9910606233880144,Low activity completion,Low achievement,Reporting delay,Lower complaints,Review delayed or incomplete activities and implementation constraints. | Review progress against targets and identify implementation bottlenecks. | Validate reporting timeliness and follow up on delayed field submissions.,Recommended for human review; the model does not make operational decisions.
ES-000285,2026-05-01,Community Resilience Programme,Protection/Resilience,Borno,Jere,Jere Site 3,Low,1.0681313686501344e-11,Low activity completion,Reporting delay,Low staff availability,Strong achievement,"Review delayed or incomplete activities and implementation constraints. | Validate reporting timeliness and follow up on delayed field submissions. | Review staffing coverage, absences and field deployment capacity.",Recommended for human review; the model does not make operational decisions.
ES-000893,2026-05-01,Community Resilience Programme,Protection/Resilience,Borno,Bama,Bama Site 4,Low,5.622352635758577e-07,Low activity completion,Reporting delay,Supply delay,Strong achievement,"Review delayed or incomplete activities and implementation constraints. | Validate reporting timeliness and follow up on delayed field submissions. | Review procurement, logistics and supply-chain bottlenecks.",Recommended for human review; the model does not make operational decisions.
ES-001981,2026-05-01,Livelihood Recovery Initiative,Livelihoods,Borno,Konduga,Konduga Site 2,Medium,0.0007322675488655,Low activity completion,Access constraints,Low achievement,Limited supply delay,"Review delayed or incomplete activities and implementation constraints. | Review access, movement and operational constraints affecting delivery. | Review progress against targets and identify implementation bottlenecks.",Recommended for human review; the model does not make operational decisions.
ES-007069,2026-05-01,WASH Resilience Initiative,WASH,Borno,Bama,Bama Site 5,Medium,0.0001681262766192,Low activity completion,Supply delay,Low staff availability,Lower complaints,"Review delayed or incomplete activities and implementation constraints. | Review procurement, logistics and supply-chain bottlenecks. | Review staffing coverage, absences and field deployment capacity.",Recommended for human review; the model does not make operational decisions.
ES-004477,2026-05-01,Education Access Project,Education,Borno,Gwoza,Gwoza Site 2,Medium,0.0002982694439329,Low achievement,Low activity completion,Access constraints,Limited supply delay,"Review progress against targets and identify implementation bottlenecks. | Review delayed or incomplete activities and implementation constraints. | Review access, movement and operational constraints affecting delivery.",Recommended for human review; the model does not make operational decisions.
ES-001181,2026-05-01,Community Resilience Programme,Protection/Resilience,Borno,Dikwa,Dikwa Site 1,Medium,1.7895632856514265e-06,Low activity completion,Access constraints,Budget utilisation pattern,Timely reporting,"Review delayed or incomplete activities and implementation constraints. | Review access, movement and operational constraints affecting delivery. | Review expenditure patterns against implementation progress.",Recommended for human review; the model does not make operational decisions.
ES-001949,2026-05-01,Livelihood Recovery Initiative,Livelihoods,Borno,Konduga,Konduga Site 1,Medium,3.227906682948644e-07,Reporting delay,Elevated complaints,Access constraints,Strong achievement,"Validate reporting timeliness and follow up on delayed field submissions. | Review feedback and complaint records for recurring operational issues. | Review access, movement and operational constraints affecting delivery.",Recommended for human review; the model does not make operational decisions.
ES-007229,2026-05-01,WASH Resilience Initiative,WASH,Borno,Ngala,Ngala Site 4,Medium,0.4348614932285283,Low achievement,Access constraints,Low activity completion,Lower complaints,"Review progress against targets and identify implementation bottlenecks. | Review access, movement and operational constraints affecting delivery. | Review delayed or incomplete activities and implementation constraints.",Recommended for human review; the model does not make operational decisions.
ES-004893,2026-05-01,Nutrition Support Programme,Nutrition,Borno,Jere,Jere Site 3,Low,2.3721519412534585e-13,Low activity completion,Elevated complaints,Reporting delay,Strong achievement,Review delayed or incomplete activities and implementation constraints. | Review feedback and complaint records for recurring operational issues. | Validate reporting timeliness and follow up on delayed field submissions.,Recommended for human review; the model does not make operational decisions.
ES-002013,2026-05-01,Livelihood Recovery Initiative,Livelihoods,Borno,Konduga,Konduga Site 3,Medium,7.590736527360978e-05,Low activity completion,Low achievement,,Timely reporting,Review delayed or incomplete activities and implementation constraints. | Review progress against targets and identify implementation bottlenecks.,Recommended for human review; the model does not make operational decisions.
ES-000381,2026-05-01,Community Resilience Programme,Protection/Resilience,Borno,Jere,Jere Site 6,Low,6.967954585626157e-27,Access constraints,Elevated complaints,Low staff availability,Strong achievement,"Review access, movement and operational constraints affecting delivery. | Review feedback and complaint records for recurring operational issues. | Review staffing coverage, absences and field deployment capacity.",Recommended for human review; the model does not make operational decisions.
ES-004605,2026-05-01,Education Access Project,Education,Borno,Gwoza,Gwoza Site 6,Medium,1.451176983334038e-05,Supply delay,Reporting delay,Low activity completion,Strong data quality,"Review procurement, logistics and supply-chain bottlenecks. | Validate reporting timeliness and follow up on delayed field submissions. | Review delayed or incomplete activities and implementation constraints.",Recommended for human review; the model does not make operational decisions.
ES-004637,2026-05-01,Nutrition Support Programme,Nutrition,Borno,Maiduguri,Maiduguri Site 1,Low,5.155550170408856e-18,Elevated complaints,Access constraints,Budget utilisation pattern,Strong achievement,"Review feedback and complaint records for recurring operational issues. | Review access, movement and operational constraints affecting delivery. | Review expenditure patterns against implementation progress.",Recommended for human review; the model does not make operational decisions.
ES-005469,2026-05-01,Nutrition Support Programme,Nutrition,Borno,Bama,Bama Site 3,Low,9.032713038478995e-10,Supply delay,Access constraints,Reporting delay,Strong achievement,"Review procurement, logistics and supply-chain bottlenecks. | Review access, movement and operational constraints affecting delivery. | Validate reporting timeliness and follow up on delayed field submissions.",Recommended for human review; the model does not make operational decisions.
ES-007037,2026-05-01,WASH Resilience Initiative,WASH,Borno,Bama,Bama Site 4,Low,3.3159514914248633e-28,Previous-month achievement pattern,Budget utilisation pattern,,Strong achievement,Review recent performance trends for persistent underachievement. | Review expenditure patterns against implementation progress.,Recommended for human review; the model does not make operational decisions.
ES-002685,2026-05-01,Livelihood Recovery Initiative,Livelihoods,Borno,Ngala,Ngala Site 6,Medium,0.1520275384633234,Reporting delay,Low achievement,Low activity completion,Lower access constraints,Validate reporting timeliness and follow up on delayed field submissions. | Review progress against targets and identify implementation bottlenecks. | Review delayed or incomplete activities and implementation constraints.,Recommended for human review; the model does not make operational decisions.
ES-000861,2026-05-01,Community Resilience Programme,Protection/Resilience,Borno,Bama,Bama Site 3,Low,3.290128851977721e-12,Reporting delay,Low staff availability,Previous-month achievement pattern,Strong achievement,"Validate reporting timeliness and follow up on delayed field submissions. | Review staffing coverage, absences and field deployment capacity. | Review recent performance trends for persistent underachievement.",Recommended for human review; the model does not make operational decisions.
ES-006173,2026-05-01,WASH Resilience Initiative,WASH,Borno,Maiduguri,Maiduguri Site 1,Low,1.6898373423202737e-24,Elevated complaints,Supply delay,Access constraints,Strong achievement,"Review feedback and complaint records for recurring operational issues. | Review procurement, logistics and supply-chain bottlenecks. | Review access, movement and operational constraints affecting delivery.",Recommended for human review; the model does not make operational decisions.
ES-007453,2026-05-01,WASH Resilience Initiative,WASH,Borno,Dikwa,Dikwa Site 5,Low,6.1143604013502405e-15,Lower data quality,Low staff availability,Low activity completion,Strong achievement,"Validate source data, completeness and reporting quality. | Review staffing coverage, absences and field deployment capacity. | Review delayed or incomplete activities and implementation constraints.",Recommended for human review; the model does not make operational decisions.
ES-003453,2026-05-01,Education Access Project,Education,Borno,Jere,Jere Site 6,Medium,1.7225380390997068e-05,Supply delay,Low activity completion,Access constraints,Strong achievement,"Review procurement, logistics and supply-chain bottlenecks. | Review delayed or incomplete activities and implementation constraints. | Review access, movement and operational constraints affecting delivery.",Recommended for human review; the model does not make operational decisions.
ES-003869,2026-05-01,Education Access Project,Education,Borno,Bama,Bama Site 1,Medium,3.24216329678085e-05,Elevated complaints,Supply delay,Access constraints,Strong activity completion,"Review feedback and complaint records for recurring operational issues. | Review procurement, logistics and supply-chain bottlenecks. | Review access, movement and operational constraints affecting delivery.",Recommended for human review; the model does not make operational decisions.
ES-003645,2026-05-01,Education Access Project,Education,Borno,Konduga,Konduga Site 6,Low,4.392938921002974e-15,Reporting delay,Low staff availability,Lower data quality,Strong achievement,"Validate reporting timeliness and follow up on delayed field submissions. | Review staffing coverage, absences and field deployment capacity. | Validate source data, completeness and reporting quality.",Recommended for human review; the model does not make operational decisions.
ES-005245,2026-05-01,Nutrition Support Programme,Nutrition,Borno,Mafa,Mafa Site 2,Medium,9.89072797017248e-05,Low achievement,Supply delay,Low activity completion,Lower access constraints,"Review progress against targets and identify implementation bottlenecks. | Review procurement, logistics and supply-chain bottlenecks. | Review delayed or incomplete activities and implementation constraints.",Recommended for human review; the model does not make operational decisions.
ES-007645,2026-05-01,WASH Resilience Initiative,WASH,Borno,Gwoza,Gwoza Site 5,High,0.9995261147293836,Low achievement,Reporting delay,Elevated complaints,Strong activity completion,Review progress against targets and identify implementation bottlenecks. | Validate reporting timeliness and follow up on delayed field submissions. | Review feedback and complaint records for recurring operational issues.,Recommended for human review; the model does not make operational decisions.
ES-001629,2026-05-01,Livelihood Recovery Initiative,Livelihoods,Borno,Maiduguri,Maiduguri Site 3,Low,4.417307915107432e-21,Low staff availability,Low activity completion,Previous-month achievement pattern,Strong achievement,"Review staffing coverage, absences and field deployment capacity. | Review delayed or incomplete activities and implementation constraints. | Review recent performance trends for persistent underachievement.",Recommended for human review; the model does not make operational decisions.
ES-005917,2026-05-01,Nutrition Support Programme,Nutrition,Borno,Dikwa,Dikwa Site 5,Low,3.331021914675496e-09,Reporting delay,Supply delay,Elevated complaints,Strong achievement,"Validate reporting timeliness and follow up on delayed field submissions. | Review procurement, logistics and supply-chain bottlenecks. | Review feedback and complaint records for recurring operational issues.",Recommended for human review; the model does not make operational decisions.
ES-002717,2026-05-01,Livelihood Recovery Initiative,Livelihoods,Borno,Dikwa,Dikwa Site 1,Low,1.2751674680110954e-24,Low activity completion,Previous-month achievement pattern,Budget utilisation pattern,Strong achievement,Review delayed or incomplete activities and implementation constraints. | Review recent performance trends for persistent underachievement. | Review expenditure patterns against implementation progress.,Recommended for human review; the model does not make operational decisions.
ES-007261,2026-05-01,WASH Resilience Initiative,WASH,Borno,Ngala,Ngala Site 5,Medium,0.0001312293311362,Low activity completion,Low achievement,Reporting delay,Limited supply delay,Review delayed or incomplete activities and implementation constraints. | Review progress against targets and identify implementation bottlenecks. | Validate reporting timeliness and follow up on delayed field submissions.,Recommended for human review; the model does not make operational decisions.
ES-004861,2026-05-01,Nutrition Support Programme,Nutrition,Borno,Jere,Jere Site 2,High,0.9999998881269916,Low achievement,Low activity completion,Low staff availability,Lower complaints,"Review progress against targets and identify implementation bottlenecks. | Review delayed or incomplete activities and implementation constraints. | Review staffing coverage, absences and field deployment capacity.",Recommended for human review; the model does not make operational decisions.
ES-002493,2026-05-01,Livelihood Recovery Initiative,Livelihoods,Borno,Bama,Bama Site 6,High,0.9998484329091596,Low achievement,Low activity completion,Reporting delay,Limited supply delay,Review progress against targets and identify implementation bottlenecks. | Review delayed or incomplete activities and implementation constraints. | Validate reporting timeliness and follow up on delayed field submissions.,Recommended for human review; the model does not make operational decisions.
ES-006749,2026-05-01,WASH Resilience Initiative,WASH,Borno,Mafa,Mafa Site 1,Low,1.31068168389675e-07,Low achievement,Elevated complaints,Lower data quality,Timely reporting,"Review progress against targets and identify implementation bottlenecks. | Review feedback and complaint records for recurring operational issues. | Validate source data, completeness and reporting quality.",Recommended for human review; the model does not make operational decisions.
ES-002621,2026-05-01,Livelihood Recovery Initiative,Livelihoods,Borno,Ngala,Ngala Site 4,Medium,0.0015542973365106,Access constraints,Supply delay,Low achievement,Timely reporting,"Review access, movement and operational constraints affecting delivery. | Review procurement, logistics and supply-chain bottlenecks. | Review progress against targets and identify implementation bottlenecks.",Recommended for human review; the model does not make operational decisions.
ES-000701,2026-05-01,Community Resilience Programme,Protection/Resilience,Borno,Mafa,Mafa Site 4,Low,1.5770847792221089e-18,Supply delay,Reporting delay,Lower data quality,Strong activity completion,"Review procurement, logistics and supply-chain bottlenecks. | Validate reporting timeliness and follow up on delayed field submissions. | Validate source data, completeness and reporting quality.",Recommended for human review; the model does not make operational decisions.
ES-007613,2026-05-01,WASH Resilience Initiative,WASH,Borno,Gwoza,Gwoza Site 4,High,0.9321514342670206,Low achievement,Low activity completion,Reporting delay,Budget utilisation pattern,Review progress against targets and identify implementation bottlenecks. | Review delayed or incomplete activities and implementation constraints. | Validate reporting timeliness and follow up on delayed field submissions.,Recommended for human review; the model does not make operational decisions.
ES-002749,2026-05-01,Livelihood Recovery Initiative,Livelihoods,Borno,Dikwa,Dikwa Site 2,Medium,0.0091483880120831,Low achievement,Supply delay,Reporting delay,Strong activity completion,"Review progress against targets and identify implementation bottlenecks. | Review procurement, logistics and supply-chain bottlenecks. | Validate reporting timeliness and follow up on delayed field submissions.",Recommended for human review; the model does not make operational decisions.
ES-006237,2026-05-01,WASH Resilience Initiative,WASH,Borno,Maiduguri,Maiduguri Site 3,Low,7.919247335514825e-12,Access constraints,Reporting delay,Supply delay,Strong achievement,"Review access, movement and operational constraints affecting delivery. | Validate reporting timeliness and follow up on delayed field submissions. | Review procurement, logistics and supply-chain bottlenecks.",Recommended for human review; the model does not make operational decisions.
ES-003613,2026-05-01,Education Access Project,Education,Borno,Konduga,Konduga Site 5,Low,1.7118990546002596e-16,Supply delay,Access constraints,Low staff availability,Strong achievement,"Review procurement, logistics and supply-chain bottlenecks. | Review access, movement and operational constraints affecting delivery. | Review staffing coverage, absences and field deployment capacity.",Recommended for human review; the model does not make operational decisions.
ES-004381,2026-05-01,Education Access Project,Education,Borno,Dikwa,Dikwa Site 5,Medium,2.052639648126999e-05,Low activity completion,Reporting delay,Supply delay,Lower complaints,"Review delayed or incomplete activities and implementation constraints. | Validate reporting timeliness and follow up on delayed field submissions. | Review procurement, logistics and supply-chain bottlenecks.",Recommended for human review; the model does not make operational decisions.
ES-004733,2026-05-01,Nutrition Support Programme,Nutrition,Borno,Maiduguri,Maiduguri Site 4,Low,4.3415930245936604e-16,Low activity completion,Elevated complaints,Previous-month achievement pattern,Strong achievement,Review delayed or incomplete activities and implementation constraints. | Review feedback and complaint records for recurring operational issues. | Review recent performance trends for persistent underachievement.,Recommended for human review; the model does not make operational decisions.
ES-001437,2026-05-01,Community Resilience Programme,Protection/Resilience,Borno,Gwoza,Gwoza Site 3,Low,4.314388542859181e-10,Supply delay,Elevated complaints,Low activity completion,Strong achievement,"Review procurement, logistics and supply-chain bottlenecks. | Review feedback and complaint records for recurring operational issues. | Review delayed or incomplete activities and implementation constraints.",Recommended for human review; the model does not make operational decisions.
ES-001213,2026-05-01,Community Resilience Programme,Protection/Resilience,Borno,Dikwa,Dikwa Site 2,Low,3.810613352726766e-07,Low activity completion,Access constraints,Elevated complaints,Strong achievement,"Review delayed or incomplete activities and implementation constraints. | Review access, movement and operational constraints affecting delivery. | Review feedback and complaint records for recurring operational issues.",Recommended for human review; the model does not make operational decisions.
ES-001405,2026-05-01,Community Resilience Programme,Protection/Resilience,Borno,Gwoza,Gwoza Site 2,Low,1.219296799467441e-06,Elevated complaints,Low staff availability,Access constraints,Strong achievement,"Review feedback and complaint records for recurring operational issues. | Review staffing coverage, absences and field deployment capacity. | Review access, movement and operational constraints affecting delivery.",Recommended for human review; the model does not make operational decisions.
ES-006717,2026-05-01,WASH Resilience Initiative,WASH,Borno,Konduga,Konduga Site 6,Low,1.701074315443363e-08,Low activity completion,Reporting delay,Low staff availability,Strong achievement,"Review delayed or incomplete activities and implementation constraints. | Validate reporting timeliness and follow up on delayed field submissions. | Review staffing coverage, absences and field deployment capacity.",Recommended for human review; the model does not make operational decisions.
ES-005213,2026-05-01,Nutrition Support Programme,Nutrition,Borno,Mafa,Mafa Site 1,Low,1.2688242862873942e-14,Access constraints,Low activity completion,Lower data quality,Strong achievement,"Review access, movement and operational constraints affecting delivery. | Review delayed or incomplete activities and implementation constraints. | Validate source data, completeness and reporting quality.",Recommended for human review; the model does not make operational decisions.
ES-002365,2026-05-01,Livelihood Recovery Initiative,Livelihoods,Borno,Bama,Bama Site 2,Medium,6.574229424361683e-05,Elevated complaints,Supply delay,Access constraints,Timely reporting,"Review feedback and complaint records for recurring operational issues. | Review procurement, logistics and supply-chain bottlenecks. | Review access, movement and operational constraints affecting delivery.",Recommended for human review; the model does not make operational decisions.
ES-007197,2026-05-01,WASH Resilience Initiative,WASH,Borno,Ngala,Ngala Site 3,High,0.99999816660924,Low achievement,Access constraints,Low staff availability,Strong activity completion,"Review progress against targets and identify implementation bottlenecks. | Review access, movement and operational constraints affecting delivery. | Review staffing coverage, absences and field deployment capacity.",Recommended for human review; the model does not make operational decisions.
ES-004253,2026-05-01,Education Access Project,Education,Borno,Dikwa,Dikwa Site 1,Medium,1.5632269170740906e-06,Reporting delay,Access constraints,,Limited supply delay,"Validate reporting timeliness and follow up on delayed field submissions. | Review access, movement and operational constraints affecting delivery.",Recommended for human review; the model does not make operational decisions.
ES-002397,2026-05-01,Livelihood Recovery Initiative,Livelihoods,Borno,Bama,Bama Site 3,Low,2.562063999673321e-15,Elevated complaints,Low staff availability,Low activity completion,Strong achievement,"Review feedback and complaint records for recurring operational issues. | Review staffing coverage, absences and field deployment capacity. | Review delayed or incomplete activities and implementation constraints.",Recommended for human review; the model does not make operational decisions.
ES-001373,2026-05-01,Community Resilience Programme,Protection/Resilience,Borno,Gwoza,Gwoza Site 1,Low,2.962613156912488e-17,Supply delay,Low staff availability,Lower data quality,Strong achievement,"Review procurement, logistics and supply-chain bottlenecks. | Review staffing coverage, absences and field deployment capacity. | Validate source data, completeness and reporting quality.",Recommended for human review; the model does not make operational decisions.
ES-003709,2026-05-01,Education Access Project,Education,Borno,Mafa,Mafa Site 2,Medium,0.0372983150164369,Low activity completion,Low achievement,Elevated complaints,Limited supply delay,Review delayed or incomplete activities and implementation constraints. | Review progress against targets and identify implementation bottlenecks. | Review feedback and complaint records for recurring operational issues.,Recommended for human review; the model does not make operational decisions.
ES-004349,2026-05-01,Education Access Project,Education,Borno,Dikwa,Dikwa Site 4,Low,6.260385115450219e-12,Access constraints,Lower data quality,Previous-month achievement pattern,Timely reporting,"Review access, movement and operational constraints affecting delivery. | Validate source data, completeness and reporting quality. | Review recent performance trends for persistent underachievement.",Recommended for human review; the model does not make operational decisions.
ES-006365,2026-05-01,WASH Resilience Initiative,WASH,Borno,Jere,Jere Site 1,Low,1.879094711019983e-18,Elevated complaints,Supply delay,Lower data quality,Strong achievement,"Review feedback and complaint records for recurring operational issues. | Review procurement, logistics and supply-chain bottlenecks. | Validate source data, completeness and reporting quality.",Recommended for human review; the model does not make operational decisions.
ES-001661,2026-05-01,Livelihood Recovery Initiative,Livelihoods,Borno,Maiduguri,Maiduguri Site 4,Medium,7.702617666991092e-05,Low activity completion,Supply delay,Access constraints,Timely reporting,"Review delayed or incomplete activities and implementation constraints. | Review procurement, logistics and supply-chain bottlenecks. | Review access, movement and operational constraints affecting delivery.",Recommended for human review; the model does not make operational decisions.
ES-000541,2026-05-01,Community Resilience Programme,Protection/Resilience,Borno,Konduga,Konduga Site 5,Low,1.2080458667753195e-09,Low activity completion,Access constraints,Previous-month achievement pattern,Strong achievement,"Review delayed or incomplete activities and implementation constraints. | Review access, movement and operational constraints affecting delivery. | Review recent performance trends for persistent underachievement.",Recommended for human review; the model does not make operational decisions.
ES-002429,2026-05-01,Livelihood Recovery Initiative,Livelihoods,Borno,Bama,Bama Site 4,Low,8.744506077965481e-09,Reporting delay,Low activity completion,Low staff availability,Strong achievement,"Validate reporting timeliness and follow up on delayed field submissions. | Review delayed or incomplete activities and implementation constraints. | Review staffing coverage, absences and field deployment capacity.",Recommended for human review; the model does not make operational decisions.
ES-003677,2026-05-01,Education Access Project,Education,Borno,Mafa,Mafa Site 1,Medium,3.1024845511279635e-05,Supply delay,Low achievement,Lower data quality,Strong activity completion,"Review procurement, logistics and supply-chain bottlenecks. | Review progress against targets and identify implementation bottlenecks. | Validate source data, completeness and reporting quality.",Recommended for human review; the model does not make operational decisions.
ES-005629,2026-05-01,Nutrition Support Programme,Nutrition,Borno,Ngala,Ngala Site 2,Low,3.243646015020366e-10,Low activity completion,Reporting delay,Supply delay,Strong achievement,"Review delayed or incomplete activities and implementation constraints. | Validate reporting timeliness and follow up on delayed field submissions. | Review procurement, logistics and supply-chain bottlenecks.",Recommended for human review; the model does not make operational decisions.
ES-001085,2026-05-01,Community Resilience Programme,Protection/Resilience,Borno,Ngala,Ngala Site 4,Medium,0.0207718304199811,Low activity completion,Low achievement,Reporting delay,Lower access constraints,Review delayed or incomplete activities and implementation constraints. | Review progress against targets and identify implementation bottlenecks. | Validate reporting timeliness and follow up on delayed field submissions.,Recommended for human review; the model does not make operational decisions.
ES-002461,2026-05-01,Livelihood Recovery Initiative,Livelihoods,Borno,Bama,Bama Site 5,Medium,3.979787418151779e-05,Low activity completion,Elevated complaints,Reporting delay,Strong achievement,Review delayed or incomplete activities and implementation constraints. | Review feedback and complaint records for recurring operational issues. | Validate reporting timeliness and follow up on delayed field submissions.,Recommended for human review; the model does not make operational decisions.
ES-000797,2026-05-01,Community Resilience Programme,Protection/Resilience,Borno,Bama,Bama Site 1,Low,6.59627922571416e-10,Supply delay,Low staff availability,Lower data quality,Strong activity completion,"Review procurement, logistics and supply-chain bottlenecks. | Review staffing coverage, absences and field deployment capacity. | Validate source data, completeness and reporting quality.",Recommended for human review; the model does not make operational decisions.
ES-007677,2026-05-01,WASH Resilience Initiative,WASH,Borno,Gwoza,Gwoza Site 6,Medium,1.1617376285197278e-05,Elevated complaints,Supply delay,Low achievement,Strong activity completion,"Review feedback and complaint records for recurring operational issues. | Review procurement, logistics and supply-chain bottlenecks. | Review progress against targets and identify implementation bottlenecks.",Recommended for human review; the model does not make operational decisions.
ES-005949,2026-05-01,Nutrition Support Programme,Nutrition,Borno,Dikwa,Dikwa Site 6,Medium,0.0009543791181512,Reporting delay,Supply delay,Low staff availability,Strong achievement,"Validate reporting timeliness and follow up on delayed field submissions. | Review procurement, logistics and supply-chain bottlenecks. | Review staffing coverage, absences and field deployment capacity.",Recommended for human review; the model does not make operational decisions.
ES-002781,2026-05-01,Livelihood Recovery Initiative,Livelihoods,Borno,Dikwa,Dikwa Site 3,Low,1.955754945733665e-07,Low activity completion,Elevated complaints,Low achievement,Timely reporting,Review delayed or incomplete activities and implementation constraints. | Review feedback and complaint records for recurring operational issues. | Review progress against targets and identify implementation bottlenecks.,Recommended for human review; the model does not make operational decisions.
ES-001117,2026-05-01,Community Resilience Programme,Protection/Resilience,Borno,Ngala,Ngala Site 5,Low,1.808489292594333e-09,Reporting delay,Elevated complaints,Lower data quality,Strong achievement,"Validate reporting timeliness and follow up on delayed field submissions. | Review feedback and complaint records for recurring operational issues. | Validate source data, completeness and reporting quality.",Recommended for human review; the model does not make operational decisions.
ES-005021,2026-05-01,Nutrition Support Programme,Nutrition,Borno,Konduga,Konduga Site 1,Low,7.112364218685675e-13,Low activity completion,Elevated complaints,Low staff availability,Strong achievement,"Review delayed or incomplete activities and implementation constraints. | Review feedback and complaint records for recurring operational issues. | Review staffing coverage, absences and field deployment capacity.",Recommended for human review; the model does not make operational decisions.
ES-007581,2026-05-01,WASH Resilience Initiative,WASH,Borno,Gwoza,Gwoza Site 3,Low,5.601132074575339e-13,Access constraints,Lower data quality,Previous-month achievement pattern,Strong achievement,"Review access, movement and operational constraints affecting delivery. | Validate source data, completeness and reporting quality. | Review recent performance trends for persistent underachievement.",Recommended for human review; the model does not make operational decisions.
ES-003517,2026-05-01,Education Access Project,Education,Borno,Konduga,Konduga Site 2,Low,6.344960277704099e-20,Supply delay,Budget utilisation pattern,Previous-month achievement pattern,Strong achievement,"Review procurement, logistics and supply-chain bottlenecks. | Review expenditure patterns against implementation progress. | Review recent performance trends for persistent underachievement.",Recommended for human review; the model does not make operational decisions.
ES-001149,2026-05-01,Community Resilience Programme,Protection/Resilience,Borno,Ngala,Ngala Site 6,Low,3.132089451237651e-07,Supply delay,Elevated complaints,Low staff availability,Strong achievement,"Review procurement, logistics and supply-chain bottlenecks. | Review feedback and complaint records for recurring operational issues. | Review staffing coverage, absences and field deployment capacity.",Recommended for human review; the model does not make operational decisions.
ES-005885,2026-05-01,Nutrition Support Programme,Nutrition,Borno,Dikwa,Dikwa Site 4,Low,4.8837551722186133e-23,Low activity completion,Reporting delay,Supply delay,Strong achievement,"Review delayed or incomplete activities and implementation constraints. | Validate reporting timeliness and follow up on delayed field submissions. | Review procurement, logistics and supply-chain bottlenecks.",Recommended for human review; the model does not make operational decisions.
ES-000125,2026-05-01,Community Resilience Programme,Protection/Resilience,Borno,Maiduguri,Maiduguri Site 4,Low,1.0017559059423882e-20,Low activity completion,Low staff availability,Previous-month achievement pattern,Strong achievement,"Review delayed or incomplete activities and implementation constraints. | Review staffing coverage, absences and field deployment capacity. | Review recent performance trends for persistent underachievement.",Recommended for human review; the model does not make operational decisions.
ES-007517,2026-05-01,WASH Resilience Initiative,WASH,Borno,Gwoza,Gwoza Site 1,Medium,3.086451689690056e-05,Low achievement,Elevated complaints,Access constraints,Limited supply delay,"Review progress against targets and identify implementation bottlenecks. | Review feedback and complaint records for recurring operational issues. | Review access, movement and operational constraints affecting delivery.",Recommended for human review; the model does not make operational decisions.
ES-001565,2026-05-01,Livelihood Recovery Initiative,Livelihoods,Borno,Maiduguri,Maiduguri Site 1,Low,7.228051818976976e-19,Reporting delay,Elevated complaints,Previous-month achievement pattern,Strong achievement,Validate reporting timeliness and follow up on delayed field submissions. | Review feedback and complaint records for recurring operational issues. | Review recent performance trends for persistent underachievement.,Recommended for human review; the model does not make operational decisions.
ES-005821,2026-05-01,Nutrition Support Programme,Nutrition,Borno,Dikwa,Dikwa Site 2,Low,2.09046610412112e-12,Reporting delay,Access constraints,Low activity completion,Strong achievement,"Validate reporting timeliness and follow up on delayed field submissions. | Review access, movement and operational constraints affecting delivery. | Review delayed or incomplete activities and implementation constraints.",Recommended for human review; the model does not make operational decisions.
ES-002941,2026-05-01,Livelihood Recovery Initiative,Livelihoods,Borno,Gwoza,Gwoza Site 2,Low,2.27211824895924e-23,Access constraints,Supply delay,Previous-month achievement pattern,Strong activity completion,"Review access, movement and operational constraints affecting delivery. | Review procurement, logistics and supply-chain bottlenecks. | Review recent performance trends for persistent underachievement.",Recommended for human review; the model does not make operational decisions.
ES-006781,2026-05-01,WASH Resilience Initiative,WASH,Borno,Mafa,Mafa Site 2,Medium,0.0278082402271308,Supply delay,Low activity completion,Low achievement,Lower complaints,"Review procurement, logistics and supply-chain bottlenecks. | Review delayed or incomplete activities and implementation constraints. | Review progress against targets and identify implementation bottlenecks.",Recommended for human review; the model does not make operational decisions.
ES-000061,2026-05-01,Community Resilience Programme,Protection/Resilience,Borno,Maiduguri,Maiduguri Site 2,Low,2.9095615087923705e-13,Supply delay,Low staff availability,Previous-month achievement pattern,Strong achievement,"Review procurement, logistics and supply-chain bottlenecks. | Review staffing coverage, absences and field deployment capacity. | Review recent performance trends for persistent underachievement.",Recommended for human review; the model does not make operational decisions.
ES-002909,2026-05-01,Livelihood Recovery Initiative,Livelihoods,Borno,Gwoza,Gwoza Site 1,Low,1.1419656024592553e-08,Reporting delay,Low activity completion,Lower data quality,Lower access constraints,"Validate reporting timeliness and follow up on delayed field submissions. | Review delayed or incomplete activities and implementation constraints. | Validate source data, completeness and reporting quality.",Recommended for human review; the model does not make operational decisions.
ES-001501,2026-05-01,Community Resilience Programme,Protection/Resilience,Borno,Gwoza,Gwoza Site 5,Low,1.023792997586918e-13,Low activity completion,Lower data quality,Previous-month achievement pattern,Limited supply delay,"Review delayed or incomplete activities and implementation constraints. | Validate source data, completeness and reporting quality. | Review recent performance trends for persistent underachievement.",Recommended for human review; the model does not make operational decisions.
ES-002973,2026-05-01,Livelihood Recovery Initiative,Livelihoods,Borno,Gwoza,Gwoza Site 3,Low,6.835748972621524e-14,Access constraints,Low activity completion,Lower data quality,Strong achievement,"Review access, movement and operational constraints affecting delivery. | Review delayed or incomplete activities and implementation constraints. | Validate source data, completeness and reporting quality.",Recommended for human review; the model does not make operational decisions.
ES-003485,2026-05-01,Education Access Project,Education,Borno,Konduga,Konduga Site 1,Low,1.806861791902092e-14,Elevated complaints,Supply delay,Lower data quality,Strong achievement,"Review feedback and complaint records for recurring operational issues. | Review procurement, logistics and supply-chain bottlenecks. | Validate source data, completeness and reporting quality.",Recommended for human review; the model does not make operational decisions.
ES-007485,2026-05-01,WASH Resilience Initiative,WASH,Borno,Dikwa,Dikwa Site 6,Low,1.175515494538766e-12,Reporting delay,Supply delay,Lower data quality,Strong achievement,"Validate reporting timeliness and follow up on delayed field submissions. | Review procurement, logistics and supply-chain bottlenecks. | Validate source data, completeness and reporting quality.",Recommended for human review; the model does not make operational decisions.
ES-005693,2026-05-01,Nutrition Support Programme,Nutrition,Borno,Ngala,Ngala Site 4,Low,6.09898143680774e-20,Access constraints,Lower data quality,Budget utilisation pattern,Timely reporting,"Review access, movement and operational constraints affecting delivery. | Validate source data, completeness and reporting quality. | Review expenditure patterns against implementation progress.",Recommended for human review; the model does not make operational decisions.
ES-000669,2026-05-01,Community Resilience Programme,Protection/Resilience,Borno,Mafa,Mafa Site 3,Low,5.680673058245446e-23,Supply delay,Elevated complaints,Access constraints,Strong achievement,"Review procurement, logistics and supply-chain bottlenecks. | Review feedback and complaint records for recurring operational issues. | Review access, movement and operational constraints affecting delivery.",Recommended for human review; the model does not make operational decisions.
ES-004413,2026-05-01,Education Access Project,Education,Borno,Dikwa,Dikwa Site 6,Low,5.645591706570938e-07,Supply delay,Low staff availability,Elevated complaints,Strong achievement,"Review procurement, logistics and supply-chain bottlenecks. | Review staffing coverage, absences and field deployment capacity. | Review feedback and complaint records for recurring operational issues.",Recommended for human review; the model does not make operational decisions.
ES-000925,2026-05-01,Community Resilience Programme,Protection/Resilience,Borno,Bama,Bama Site 5,Low,2.2495553617732435e-35,Previous-month achievement pattern,Lower data quality,Budget utilisation pattern,Strong achievement,"Review recent performance trends for persistent underachievement. | Validate source data, completeness and reporting quality. | Review expenditure patterns against implementation progress.",Recommended for human review; the model does not make operational decisions.
ES-003005,2026-05-01,Livelihood Recovery Initiative,Livelihoods,Borno,Gwoza,Gwoza Site 4,Low,4.594801380681593e-09,Supply delay,Low activity completion,Reporting delay,Lower access constraints,"Review procurement, logistics and supply-chain bottlenecks. | Review delayed or incomplete activities and implementation constraints. | Validate reporting timeliness and follow up on delayed field submissions.",Recommended for human review; the model does not make operational decisions.
ES-002653,2026-05-01,Livelihood Recovery Initiative,Livelihoods,Borno,Ngala,Ngala Site 5,Low,1.8634649456911444e-18,Supply delay,Access constraints,Low staff availability,Strong achievement,"Review procurement, logistics and supply-chain bottlenecks. | Review access, movement and operational constraints affecting delivery. | Review staffing coverage, absences and field deployment capacity.",Recommended for human review; the model does not make operational decisions.
ES-002301,2026-05-01,Livelihood Recovery Initiative,Livelihoods,Borno,Mafa,Mafa Site 6,Medium,0.3245085988566561,Elevated complaints,Low activity completion,Reporting delay,Strong achievement,Review feedback and complaint records for recurring operational issues. | Review delayed or incomplete activities and implementation constraints. | Validate reporting timeliness and follow up on delayed field submissions.,Recommended for human review; the model does not make operational decisions.
ES-005309,2026-05-01,Nutrition Support Programme,Nutrition,Borno,Mafa,Mafa Site 4,Low,5.251952007114102e-18,Access constraints,Low staff availability,Previous-month achievement pattern,Strong achievement,"Review access, movement and operational constraints affecting delivery. | Review staffing coverage, absences and field deployment capacity. | Review recent performance trends for persistent underachievement.",Recommended for human review; the model does not make operational decisions.
ES-002877,2026-05-01,Livelihood Recovery Initiative,Livelihoods,Borno,Dikwa,Dikwa Site 6,Medium,1.608017164350549e-05,Low achievement,Elevated complaints,Reporting delay,Limited supply delay,Review progress against targets and identify implementation bottlenecks. | Review feedback and complaint records for recurring operational issues. | Validate reporting timeliness and follow up on delayed field submissions.,Recommended for human review; the model does not make operational decisions.
ES-004989,2026-05-01,Nutrition Support Programme,Nutrition,Borno,Jere,Jere Site 6,Medium,0.3682004391888621,Elevated complaints,Low activity completion,Access constraints,Strong achievement,"Review feedback and complaint records for recurring operational issues. | Review delayed or incomplete activities and implementation constraints. | Review access, movement and operational constraints affecting delivery.",Recommended for human review; the model does not make operational decisions.
ES-001597,2026-05-01,Livelihood Recovery Initiative,Livelihoods,Borno,Maiduguri,Maiduguri Site 2,Low,5.30541963782812e-08,Supply delay,Access constraints,Reporting delay,Strong achievement,"Review procurement, logistics and supply-chain bottlenecks. | Review access, movement and operational constraints affecting delivery. | Validate reporting timeliness and follow up on delayed field submissions.",Recommended for human review; the model does not make operational decisions.
ES-005853,2026-05-01,Nutrition Support Programme,Nutrition,Borno,Dikwa,Dikwa Site 3,Medium,8.823219789990861e-06,Supply delay,Reporting delay,Elevated complaints,Strong activity completion,"Review procurement, logistics and supply-chain bottlenecks. | Validate reporting timeliness and follow up on delayed field submissions. | Review feedback and complaint records for recurring operational issues.",Recommended for human review; the model does not make operational decisions.
ES-004029,2026-05-01,Education Access Project,Education,Borno,Bama,Bama Site 6,Medium,1.3503798228586056e-05,Supply delay,Reporting delay,Low staff availability,Strong activity completion,"Review procurement, logistics and supply-chain bottlenecks. | Validate reporting timeliness and follow up on delayed field submissions. | Review staffing coverage, absences and field deployment capacity.",Recommended for human review; the model does not make operational decisions.
ES-005661,2026-05-01,Nutrition Support Programme,Nutrition,Borno,Ngala,Ngala Site 3,Low,9.32530707721146e-17,Supply delay,Lower data quality,Previous-month achievement pattern,Timely reporting,"Review procurement, logistics and supply-chain bottlenecks. | Validate source data, completeness and reporting quality. | Review recent performance trends for persistent underachievement.",Recommended for human review; the model does not make operational decisions.
ES-007549,2026-05-01,WASH Resilience Initiative,WASH,Borno,Gwoza,Gwoza Site 2,Low,1.156396521540883e-15,Low staff availability,Supply delay,Lower data quality,Strong achievement,"Review staffing coverage, absences and field deployment capacity. | Review procurement, logistics and supply-chain bottlenecks. | Validate source data, completeness and reporting quality.",Recommended for human review; the model does not make operational decisions.
ES-001469,2026-05-01,Community Resilience Programme,Protection/Resilience,Borno,Gwoza,Gwoza Site 4,Medium,2.237407242166992e-05,Reporting delay,Low activity completion,Low achievement,Limited supply delay,Validate reporting timeliness and follow up on delayed field submissions. | Review delayed or incomplete activities and implementation constraints. | Review progress against targets and identify implementation bottlenecks.,Recommended for human review; the model does not make operational decisions.
ES-003549,2026-05-01,Education Access Project,Education,Borno,Konduga,Konduga Site 3,Medium,0.0001729081681064,Reporting delay,Low achievement,Access constraints,Strong activity completion,"Validate reporting timeliness and follow up on delayed field submissions. | Review progress against targets and identify implementation bottlenecks. | Review access, movement and operational constraints affecting delivery.",Recommended for human review; the model does not make operational decisions.
ES-005277,2026-05-01,Nutrition Support Programme,Nutrition,Borno,Mafa,Mafa Site 3,Low,6.035885473108359e-23,Low staff availability,Previous-month achievement pattern,Budget utilisation pattern,Strong achievement,"Review staffing coverage, absences and field deployment capacity. | Review recent performance trends for persistent underachievement. | Review expenditure patterns against implementation progress.",Recommended for human review; the model does not make operational decisions.
ES-003581,2026-05-01,Education Access Project,Education,Borno,Konduga,Konduga Site 4,Low,3.908565107851149e-11,Low activity completion,Elevated complaints,Lower data quality,Strong achievement,"Review delayed or incomplete activities and implementation constraints. | Review feedback and complaint records for recurring operational issues. | Validate source data, completeness and reporting quality.",Recommended for human review; the model does not make operational decisions.
ES-000445,2026-05-01,Community Resilience Programme,Protection/Resilience,Borno,Konduga,Konduga Site 2,Low,2.0095515711052082e-18,Elevated complaints,Access constraints,Budget utilisation pattern,Strong achievement,"Review feedback and complaint records for recurring operational issues. | Review access, movement and operational constraints affecting delivery. | Review expenditure patterns against implementation progress.",Recommended for human review; the model does not make operational decisions.
ES-002813,2026-05-01,Livelihood Recovery Initiative,Livelihoods,Borno,Dikwa,Dikwa Site 4,Low,1.6611085420657018e-10,Elevated complaints,Low staff availability,Access constraints,Strong achievement,"Review feedback and complaint records for recurring operational issues. | Review staffing coverage, absences and field deployment capacity. | Review access, movement and operational constraints affecting delivery.",Recommended for human review; the model does not make operational decisions.
ES-002845,2026-05-01,Livelihood Recovery Initiative,Livelihoods,Borno,Dikwa,Dikwa Site 5,Low,3.021727600166687e-12,Low activity completion,Access constraints,Previous-month achievement pattern,Lower complaints,"Review delayed or incomplete activities and implementation constraints. | Review access, movement and operational constraints affecting delivery. | Review recent performance trends for persistent underachievement.",Recommended for human review; the model does not make operational decisions.
ES-000862,2026-06-01,Community Resilience Programme,Protection/Resilience,Borno,Bama,Bama Site 3,Low,1.4046289783973653e-07,Reporting delay,Elevated complaints,Low achievement,Limited supply delay,Validate reporting timeliness and follow up on delayed field submissions. | Review feedback and complaint records for recurring operational issues. | Review progress against targets and identify implementation bottlenecks.,Recommended for human review; the model does not make operational decisions.
ES-006654,2026-06-01,WASH Resilience Initiative,WASH,Borno,Konduga,Konduga Site 4,Low,1.0777089958052765e-12,Access constraints,Supply delay,Low achievement,Strong activity completion,"Review access, movement and operational constraints affecting delivery. | Review procurement, logistics and supply-chain bottlenecks. | Review progress against targets and identify implementation bottlenecks.",Recommended for human review; the model does not make operational decisions.
ES-006622,2026-06-01,WASH Resilience Initiative,WASH,Borno,Konduga,Konduga Site 3,Medium,0.0450251265355342,Elevated complaints,Low achievement,,Timely reporting,Review feedback and complaint records for recurring operational issues. | Review progress against targets and identify implementation bottlenecks.,Recommended for human review; the model does not make operational decisions.
ES-006686,2026-06-01,WASH Resilience Initiative,WASH,Borno,Konduga,Konduga Site 5,Medium,1.3039257082909628e-06,Low achievement,Low activity completion,Low staff availability,Timely reporting,"Review progress against targets and identify implementation bottlenecks. | Review delayed or incomplete activities and implementation constraints. | Review staffing coverage, absences and field deployment capacity.",Recommended for human review; the model does not make operational decisions.
ES-006206,2026-06-01,WASH Resilience Initiative,WASH,Borno,Maiduguri,Maiduguri Site 2,Medium,0.1693068338953851,Low activity completion,Reporting delay,Low achievement,Limited supply delay,Review delayed or incomplete activities and implementation constraints. | Validate reporting timeliness and follow up on delayed field submissions. | Review progress against targets and identify implementation bottlenecks.,Recommended for human review; the model does not make operational decisions.
ES-000830,2026-06-01,Community Resilience Programme,Protection/Resilience,Borno,Bama,Bama Site 2,Low,1.7404598415127552e-14,Low staff availability,Access constraints,Supply delay,Strong activity completion,"Review staffing coverage, absences and field deployment capacity. | Review access, movement and operational constraints affecting delivery. | Review procurement, logistics and supply-chain bottlenecks.",Recommended for human review; the model does not make operational decisions.
ES-006782,2026-06-01,WASH Resilience Initiative,WASH,Borno,Mafa,Mafa Site 2,Medium,1.3709418289964644e-06,Low achievement,Reporting delay,Elevated complaints,Lower access constraints,Review progress against targets and identify implementation bottlenecks. | Validate reporting timeliness and follow up on delayed field submissions. | Review feedback and complaint records for recurring operational issues.,Recommended for human review; the model does not make operational decisions.
ES-006910,2026-06-01,WASH Resilience Initiative,WASH,Borno,Mafa,Mafa Site 6,Medium,9.651679550499712e-05,Low achievement,Low activity completion,Lower data quality,Timely reporting,"Review progress against targets and identify implementation bottlenecks. | Review delayed or incomplete activities and implementation constraints. | Validate source data, completeness and reporting quality.",Recommended for human review; the model does not make operational decisions.
ES-006302,2026-06-01,WASH Resilience Initiative,WASH,Borno,Maiduguri,Maiduguri Site 5,Medium,0.0090955718388682,Low achievement,Reporting delay,Elevated complaints,Strong staff availability,Review progress against targets and identify implementation bottlenecks. | Validate reporting timeliness and follow up on delayed field submissions. | Review feedback and complaint records for recurring operational issues.,Recommended for human review; the model does not make operational decisions.
ES-001182,2026-06-01,Community Resilience Programme,Protection/Resilience,Borno,Dikwa,Dikwa Site 1,High,0.9889137891579376,Low achievement,Low activity completion,Supply delay,Strong staff availability,"Review progress against targets and identify implementation bottlenecks. | Review delayed or incomplete activities and implementation constraints. | Review procurement, logistics and supply-chain bottlenecks.",Recommended for human review; the model does not make operational decisions.
ES-000926,2026-06-01,Community Resilience Programme,Protection/Resilience,Borno,Bama,Bama Site 5,Low,4.574304038088657e-15,Low activity completion,Reporting delay,Lower data quality,Strong achievement,"Review delayed or incomplete activities and implementation constraints. | Validate reporting timeliness and follow up on delayed field submissions. | Validate source data, completeness and reporting quality.",Recommended for human review; the model does not make operational decisions.
ES-006878,2026-06-01,WASH Resilience Initiative,WASH,Borno,Mafa,Mafa Site 5,Low,4.699006026562238e-22,Low staff availability,Supply delay,Previous-month achievement pattern,Strong achievement,"Review staffing coverage, absences and field deployment capacity. | Review procurement, logistics and supply-chain bottlenecks. | Review recent performance trends for persistent underachievement.",Recommended for human review; the model does not make operational decisions.
ES-006750,2026-06-01,WASH Resilience Initiative,WASH,Borno,Mafa,Mafa Site 1,High,0.6875419786519802,Reporting delay,Low achievement,Supply delay,Lower complaints,"Validate reporting timeliness and follow up on delayed field submissions. | Review progress against targets and identify implementation bottlenecks. | Review procurement, logistics and supply-chain bottlenecks.",Recommended for human review; the model does not make operational decisions.
ES-000798,2026-06-01,Community Resilience Programme,Protection/Resilience,Borno,Bama,Bama Site 1,Low,3.184772162816118e-07,Low achievement,Supply delay,Access constraints,Strong data quality,"Review progress against targets and identify implementation bottlenecks. | Review procurement, logistics and supply-chain bottlenecks. | Review access, movement and operational constraints affecting delivery.",Recommended for human review; the model does not make operational decisions.
ES-006270,2026-06-01,WASH Resilience Initiative,WASH,Borno,Maiduguri,Maiduguri Site 4,Low,3.145049906254611e-13,Elevated complaints,Low staff availability,Supply delay,Strong achievement,"Review feedback and complaint records for recurring operational issues. | Review staffing coverage, absences and field deployment capacity. | Review procurement, logistics and supply-chain bottlenecks.",Recommended for human review; the model does not make operational decisions.
ES-000958,2026-06-01,Community Resilience Programme,Protection/Resilience,Borno,Bama,Bama Site 6,Medium,0.1697962854209815,Low activity completion,Low achievement,Elevated complaints,Limited supply delay,Review delayed or incomplete activities and implementation constraints. | Review progress against targets and identify implementation bottlenecks. | Review feedback and complaint records for recurring operational issues.,Recommended for human review; the model does not make operational decisions.
ES-000894,2026-06-01,Community Resilience Programme,Protection/Resilience,Borno,Bama,Bama Site 4,Low,1.7189727062690712e-20,Low staff availability,Access constraints,Supply delay,Strong achievement,"Review staffing coverage, absences and field deployment capacity. | Review access, movement and operational constraints affecting delivery. | Review procurement, logistics and supply-chain bottlenecks.",Recommended for human review; the model does not make operational decisions.
ES-006718,2026-06-01,WASH Resilience Initiative,WASH,Borno,Konduga,Konduga Site 6,Medium,0.0279569735224078,Reporting delay,Low activity completion,Supply delay,Strong achievement,"Validate reporting timeliness and follow up on delayed field submissions. | Review delayed or incomplete activities and implementation constraints. | Review procurement, logistics and supply-chain bottlenecks.",Recommended for human review; the model does not make operational decisions.
ES-001214,2026-06-01,Community Resilience Programme,Protection/Resilience,Borno,Dikwa,Dikwa Site 2,Medium,0.0015321940207513,Reporting delay,Low activity completion,Low achievement,Limited supply delay,Validate reporting timeliness and follow up on delayed field submissions. | Review delayed or incomplete activities and implementation constraints. | Review progress against targets and identify implementation bottlenecks.,Recommended for human review; the model does not make operational decisions.
ES-006174,2026-06-01,WASH Resilience Initiative,WASH,Borno,Maiduguri,Maiduguri Site 1,Low,2.745355923529893e-17,Low activity completion,Low staff availability,Previous-month achievement pattern,Strong achievement,"Review delayed or incomplete activities and implementation constraints. | Review staffing coverage, absences and field deployment capacity. | Review recent performance trends for persistent underachievement.",Recommended for human review; the model does not make operational decisions.
ES-006238,2026-06-01,WASH Resilience Initiative,WASH,Borno,Maiduguri,Maiduguri Site 3,Low,2.991712149850045e-12,Access constraints,Supply delay,Previous-month achievement pattern,Timely reporting,"Review access, movement and operational constraints affecting delivery. | Review procurement, logistics and supply-chain bottlenecks. | Review recent performance trends for persistent underachievement.",Recommended for human review; the model does not make operational decisions.
ES-006846,2026-06-01,WASH Resilience Initiative,WASH,Borno,Mafa,Mafa Site 4,Medium,0.1687512158254721,Reporting delay,Low achievement,Low activity completion,Previous-month achievement pattern,Validate reporting timeliness and follow up on delayed field submissions. | Review progress against targets and identify implementation bottlenecks. | Review delayed or incomplete activities and implementation constraints.,Recommended for human review; the model does not make operational decisions.
ES-006814,2026-06-01,WASH Resilience Initiative,WASH,Borno,Mafa,Mafa Site 3,Low,2.1490858827855258e-11,Low activity completion,Access constraints,Low achievement,Limited supply delay,"Review delayed or incomplete activities and implementation constraints. | Review access, movement and operational constraints affecting delivery. | Review progress against targets and identify implementation bottlenecks.",Recommended for human review; the model does not make operational decisions.
ES-007294,2026-06-01,WASH Resilience Initiative,WASH,Borno,Ngala,Ngala Site 6,Low,1.0038170489765056e-23,Low staff availability,Access constraints,,Strong activity completion,"Review staffing coverage, absences and field deployment capacity. | Review access, movement and operational constraints affecting delivery.",Recommended for human review; the model does not make operational decisions.
ES-003166,2026-06-01,Education Access Project,Education,Borno,Maiduguri,Maiduguri Site 3,Low,2.3696581678610736e-22,Access constraints,Supply delay,Low staff availability,Strong achievement,"Review access, movement and operational constraints affecting delivery. | Review procurement, logistics and supply-chain bottlenecks. | Review staffing coverage, absences and field deployment capacity.",Recommended for human review; the model does not make operational decisions.
ES-006590,2026-06-01,WASH Resilience Initiative,WASH,Borno,Konduga,Konduga Site 2,Low,1.0195601819017313e-07,Low achievement,Reporting delay,Low staff availability,Limited supply delay,"Review progress against targets and identify implementation bottlenecks. | Validate reporting timeliness and follow up on delayed field submissions. | Review staffing coverage, absences and field deployment capacity.",Recommended for human review; the model does not make operational decisions.
ES-002686,2026-06-01,Livelihood Recovery Initiative,Livelihoods,Borno,Ngala,Ngala Site 6,Low,8.349671262820717e-10,Supply delay,Low activity completion,Low staff availability,Strong achievement,"Review procurement, logistics and supply-chain bottlenecks. | Review delayed or incomplete activities and implementation constraints. | Review staffing coverage, absences and field deployment capacity.",Recommended for human review; the model does not make operational decisions.
ES-003998,2026-06-01,Education Access Project,Education,Borno,Bama,Bama Site 5,Low,8.559425013319473e-09,Elevated complaints,Supply delay,Low activity completion,Strong achievement,"Review feedback and complaint records for recurring operational issues. | Review procurement, logistics and supply-chain bottlenecks. | Review delayed or incomplete activities and implementation constraints.",Recommended for human review; the model does not make operational decisions.
ES-005406,2026-06-01,Nutrition Support Programme,Nutrition,Borno,Bama,Bama Site 1,Medium,8.41948481095178e-05,Low achievement,Low activity completion,Low staff availability,Timely reporting,"Review progress against targets and identify implementation bottlenecks. | Review delayed or incomplete activities and implementation constraints. | Review staffing coverage, absences and field deployment capacity.",Recommended for human review; the model does not make operational decisions.
ES-005438,2026-06-01,Nutrition Support Programme,Nutrition,Borno,Bama,Bama Site 2,Low,2.0396223867128783e-10,Supply delay,Access constraints,Low activity completion,Strong achievement,"Review procurement, logistics and supply-chain bottlenecks. | Review access, movement and operational constraints affecting delivery. | Review delayed or incomplete activities and implementation constraints.",Recommended for human review; the model does not make operational decisions.
ES-003966,2026-06-01,Education Access Project,Education,Borno,Bama,Bama Site 4,Medium,0.0102186414688909,Low activity completion,Supply delay,Reporting delay,Lower access constraints,"Review delayed or incomplete activities and implementation constraints. | Review procurement, logistics and supply-chain bottlenecks. | Validate reporting timeliness and follow up on delayed field submissions.",Recommended for human review; the model does not make operational decisions.
ES-005470,2026-06-01,Nutrition Support Programme,Nutrition,Borno,Bama,Bama Site 3,Low,1.7606918547605253e-17,Access constraints,Supply delay,Low staff availability,Strong achievement,"Review access, movement and operational constraints affecting delivery. | Review procurement, logistics and supply-chain bottlenecks. | Review staffing coverage, absences and field deployment capacity.",Recommended for human review; the model does not make operational decisions.
ES-002654,2026-06-01,Livelihood Recovery Initiative,Livelihoods,Borno,Ngala,Ngala Site 5,Medium,3.997636276680293e-06,Reporting delay,Access constraints,Low achievement,Limited supply delay,"Validate reporting timeliness and follow up on delayed field submissions. | Review access, movement and operational constraints affecting delivery. | Review progress against targets and identify implementation bottlenecks.",Recommended for human review; the model does not make operational decisions.
ES-003934,2026-06-01,Education Access Project,Education,Borno,Bama,Bama Site 3,High,0.93635019631808,Low achievement,Low activity completion,Reporting delay,Limited supply delay,Review progress against targets and identify implementation bottlenecks. | Review delayed or incomplete activities and implementation constraints. | Validate reporting timeliness and follow up on delayed field submissions.,Recommended for human review; the model does not make operational decisions.
ES-005534,2026-06-01,Nutrition Support Programme,Nutrition,Borno,Bama,Bama Site 5,Medium,0.0002284081556836,Low activity completion,Reporting delay,Supply delay,Strong achievement,"Review delayed or incomplete activities and implementation constraints. | Validate reporting timeliness and follow up on delayed field submissions. | Review procurement, logistics and supply-chain bottlenecks.",Recommended for human review; the model does not make operational decisions.
ES-003902,2026-06-01,Education Access Project,Education,Borno,Bama,Bama Site 2,Medium,0.010904297825681,Low achievement,Elevated complaints,Reporting delay,Limited supply delay,Review progress against targets and identify implementation bottlenecks. | Review feedback and complaint records for recurring operational issues. | Validate reporting timeliness and follow up on delayed field submissions.,Recommended for human review; the model does not make operational decisions.
ES-005566,2026-06-01,Nutrition Support Programme,Nutrition,Borno,Bama,Bama Site 6,Low,6.279431643849981e-10,Reporting delay,,,Lower access constraints,Validate reporting timeliness and follow up on delayed field submissions.,Recommended for human review; the model does not make operational decisions.
ES-005790,2026-06-01,Nutrition Support Programme,Nutrition,Borno,Dikwa,Dikwa Site 1,Medium,0.0002724377909517,Reporting delay,Access constraints,Low staff availability,Strong achievement,"Validate reporting timeliness and follow up on delayed field submissions. | Review access, movement and operational constraints affecting delivery. | Review staffing coverage, absences and field deployment capacity.",Recommended for human review; the model does not make operational decisions.
ES-003870,2026-06-01,Education Access Project,Education,Borno,Bama,Bama Site 1,Medium,0.4887166862063984,Low achievement,Supply delay,Elevated complaints,Strong activity completion,"Review progress against targets and identify implementation bottlenecks. | Review procurement, logistics and supply-chain bottlenecks. | Review feedback and complaint records for recurring operational issues.",Recommended for human review; the model does not make operational decisions.
ES-005822,2026-06-01,Nutrition Support Programme,Nutrition,Borno,Dikwa,Dikwa Site 2,Low,6.142355538764302e-08,Reporting delay,Elevated complaints,Access constraints,Strong achievement,"Validate reporting timeliness and follow up on delayed field submissions. | Review feedback and complaint records for recurring operational issues. | Review access, movement and operational constraints affecting delivery.",Recommended for human review; the model does not make operational decisions.
ES-005502,2026-06-01,Nutrition Support Programme,Nutrition,Borno,Bama,Bama Site 4,Low,1.6099582039715456e-20,Elevated complaints,Previous-month achievement pattern,Low staff availability,Strong achievement,"Review feedback and complaint records for recurring operational issues. | Review recent performance trends for persistent underachievement. | Review staffing coverage, absences and field deployment capacity.",Recommended for human review; the model does not make operational decisions.
ES-001150,2026-06-01,Community Resilience Programme,Protection/Resilience,Borno,Ngala,Ngala Site 6,Medium,2.824073966605067e-07,Reporting delay,Low activity completion,Lower data quality,Strong achievement,"Validate reporting timeliness and follow up on delayed field submissions. | Review delayed or incomplete activities and implementation constraints. | Validate source data, completeness and reporting quality.",Recommended for human review; the model does not make operational decisions.
ES-004030,2026-06-01,Education Access Project,Education,Borno,Bama,Bama Site 6,Low,1.0190548026090688e-18,Elevated complaints,Lower data quality,,Strong achievement,"Review feedback and complaint records for recurring operational issues. | Validate source data, completeness and reporting quality.",Recommended for human review; the model does not make operational decisions.
ES-004254,2026-06-01,Education Access Project,Education,Borno,Dikwa,Dikwa Site 1,Medium,5.747627332843669e-06,Low achievement,Elevated complaints,Supply delay,Strong activity completion,"Review progress against targets and identify implementation bottlenecks. | Review feedback and complaint records for recurring operational issues. | Review procurement, logistics and supply-chain bottlenecks.",Recommended for human review; the model does not make operational decisions.
ES-004414,2026-06-01,Education Access Project,Education,Borno,Dikwa,Dikwa Site 6,Low,1.0613802342300462e-12,Reporting delay,Elevated complaints,Supply delay,Strong achievement,"Validate reporting timeliness and follow up on delayed field submissions. | Review feedback and complaint records for recurring operational issues. | Review procurement, logistics and supply-chain bottlenecks.",Recommended for human review; the model does not make operational decisions.
ES-001566,2026-06-01,Livelihood Recovery Initiative,Livelihoods,Borno,Maiduguri,Maiduguri Site 1,Low,2.457761896259794e-07,Low activity completion,Reporting delay,Low staff availability,Strong achievement,"Review delayed or incomplete activities and implementation constraints. | Validate reporting timeliness and follow up on delayed field submissions. | Review staffing coverage, absences and field deployment capacity.",Recommended for human review; the model does not make operational decisions.
ES-001598,2026-06-01,Livelihood Recovery Initiative,Livelihoods,Borno,Maiduguri,Maiduguri Site 2,Medium,2.9138111779019657e-06,Elevated complaints,Supply delay,Low achievement,Timely reporting,"Review feedback and complaint records for recurring operational issues. | Review procurement, logistics and supply-chain bottlenecks. | Review progress against targets and identify implementation bottlenecks.",Recommended for human review; the model does not make operational decisions.
ES-004382,2026-06-01,Education Access Project,Education,Borno,Dikwa,Dikwa Site 5,Low,3.3455490176183066e-14,Reporting delay,Low staff availability,Low activity completion,Strong achievement,"Validate reporting timeliness and follow up on delayed field submissions. | Review staffing coverage, absences and field deployment capacity. | Review delayed or incomplete activities and implementation constraints.",Recommended for human review; the model does not make operational decisions.
ES-001630,2026-06-01,Livelihood Recovery Initiative,Livelihoods,Borno,Maiduguri,Maiduguri Site 3,Low,1.5736478375273453e-11,Supply delay,Low activity completion,Elevated complaints,Strong achievement,"Review procurement, logistics and supply-chain bottlenecks. | Review delayed or incomplete activities and implementation constraints. | Review feedback and complaint records for recurring operational issues.",Recommended for human review; the model does not make operational decisions.
ES-001662,2026-06-01,Livelihood Recovery Initiative,Livelihoods,Borno,Maiduguri,Maiduguri Site 4,Medium,5.741311664264703e-05,Supply delay,Elevated complaints,Low staff availability,Timely reporting,"Review procurement, logistics and supply-chain bottlenecks. | Review feedback and complaint records for recurring operational issues. | Review staffing coverage, absences and field deployment capacity.",Recommended for human review; the model does not make operational decisions.
ES-002622,2026-06-01,Livelihood Recovery Initiative,Livelihoods,Borno,Ngala,Ngala Site 4,Medium,0.0736673170327208,Low achievement,Elevated complaints,Low activity completion,Limited supply delay,Review progress against targets and identify implementation bottlenecks. | Review feedback and complaint records for recurring operational issues. | Review delayed or incomplete activities and implementation constraints.,Recommended for human review; the model does not make operational decisions.
ES-004350,2026-06-01,Education Access Project,Education,Borno,Dikwa,Dikwa Site 4,Medium,1.319747283946846e-07,Reporting delay,Access constraints,Lower data quality,Strong activity completion,"Validate reporting timeliness and follow up on delayed field submissions. | Review access, movement and operational constraints affecting delivery. | Validate source data, completeness and reporting quality.",Recommended for human review; the model does not make operational decisions.
ES-004318,2026-06-01,Education Access Project,Education,Borno,Dikwa,Dikwa Site 3,Medium,0.4914443479224648,Low achievement,Low activity completion,Access constraints,Timely reporting,"Review progress against targets and identify implementation bottlenecks. | Review delayed or incomplete activities and implementation constraints. | Review access, movement and operational constraints affecting delivery.",Recommended for human review; the model does not make operational decisions.
ES-001726,2026-06-01,Livelihood Recovery Initiative,Livelihoods,Borno,Maiduguri,Maiduguri Site 6,Low,1.194984335833005e-17,Access constraints,Reporting delay,Previous-month achievement pattern,Strong achievement,"Review access, movement and operational constraints affecting delivery. | Validate reporting timeliness and follow up on delayed field submissions. | Review recent performance trends for persistent underachievement.",Recommended for human review; the model does not make operational decisions.
ES-002526,2026-06-01,Livelihood Recovery Initiative,Livelihoods,Borno,Ngala,Ngala Site 1,Low,2.2711371893382792e-12,Low activity completion,Access constraints,Previous-month achievement pattern,Lower complaints,"Review delayed or incomplete activities and implementation constraints. | Review access, movement and operational constraints affecting delivery. | Review recent performance trends for persistent underachievement.",Recommended for human review; the model does not make operational decisions.
ES-004286,2026-06-01,Education Access Project,Education,Borno,Dikwa,Dikwa Site 2,Low,1.2876540901068343e-09,Low achievement,Low staff availability,Previous-month achievement pattern,Strong activity completion,"Review progress against targets and identify implementation bottlenecks. | Review staffing coverage, absences and field deployment capacity. | Review recent performance trends for persistent underachievement.",Recommended for human review; the model does not make operational decisions.
ES-002558,2026-06-01,Livelihood Recovery Initiative,Livelihoods,Borno,Ngala,Ngala Site 2,Low,2.833692808759717e-25,Access constraints,Previous-month achievement pattern,Lower data quality,Strong achievement,"Review access, movement and operational constraints affecting delivery. | Review recent performance trends for persistent underachievement. | Validate source data, completeness and reporting quality.",Recommended for human review; the model does not make operational decisions.
ES-002590,2026-06-01,Livelihood Recovery Initiative,Livelihoods,Borno,Ngala,Ngala Site 3,Medium,0.002265627013283,Low activity completion,Reporting delay,Supply delay,Strong achievement,"Review delayed or incomplete activities and implementation constraints. | Validate reporting timeliness and follow up on delayed field submissions. | Review procurement, logistics and supply-chain bottlenecks.",Recommended for human review; the model does not make operational decisions.
ES-001694,2026-06-01,Livelihood Recovery Initiative,Livelihoods,Borno,Maiduguri,Maiduguri Site 5,Low,1.1432992688917333e-26,Low staff availability,Supply delay,Access constraints,Strong achievement,"Review staffing coverage, absences and field deployment capacity. | Review procurement, logistics and supply-chain bottlenecks. | Review access, movement and operational constraints affecting delivery.",Recommended for human review; the model does not make operational decisions.
ES-005886,2026-06-01,Nutrition Support Programme,Nutrition,Borno,Dikwa,Dikwa Site 4,Low,6.192668636658723e-22,Low activity completion,Lower data quality,Previous-month achievement pattern,Strong achievement,"Review delayed or incomplete activities and implementation constraints. | Validate source data, completeness and reporting quality. | Review recent performance trends for persistent underachievement.",Recommended for human review; the model does not make operational decisions.
ES-001118,2026-06-01,Community Resilience Programme,Protection/Resilience,Borno,Ngala,Ngala Site 5,Low,1.933854795472422e-11,Low activity completion,Reporting delay,Previous-month achievement pattern,Strong achievement,Review delayed or incomplete activities and implementation constraints. | Validate reporting timeliness and follow up on delayed field submissions. | Review recent performance trends for persistent underachievement.,Recommended for human review; the model does not make operational decisions.
ES-005918,2026-06-01,Nutrition Support Programme,Nutrition,Borno,Dikwa,Dikwa Site 5,Low,1.3946142367010137e-18,Low activity completion,Low staff availability,Previous-month achievement pattern,Strong achievement,"Review delayed or incomplete activities and implementation constraints. | Review staffing coverage, absences and field deployment capacity. | Review recent performance trends for persistent underachievement.",Recommended for human review; the model does not make operational decisions.
ES-004958,2026-06-01,Nutrition Support Programme,Nutrition,Borno,Jere,Jere Site 5,Low,2.537926320015356e-07,Low activity completion,Access constraints,Elevated complaints,Strong achievement,"Review delayed or incomplete activities and implementation constraints. | Review access, movement and operational constraints affecting delivery. | Review feedback and complaint records for recurring operational issues.",Recommended for human review; the model does not make operational decisions.
ES-000094,2026-06-01,Community Resilience Programme,Protection/Resilience,Borno,Maiduguri,Maiduguri Site 3,Low,2.3198432112529687e-20,Supply delay,Access constraints,Previous-month achievement pattern,Strong achievement,"Review procurement, logistics and supply-chain bottlenecks. | Review access, movement and operational constraints affecting delivery. | Review recent performance trends for persistent underachievement.",Recommended for human review; the model does not make operational decisions.
ES-004990,2026-06-01,Nutrition Support Programme,Nutrition,Borno,Jere,Jere Site 6,Medium,0.1799659710974796,Low activity completion,Reporting delay,Supply delay,Strong achievement,"Review delayed or incomplete activities and implementation constraints. | Validate reporting timeliness and follow up on delayed field submissions. | Review procurement, logistics and supply-chain bottlenecks.",Recommended for human review; the model does not make operational decisions.
ES-005022,2026-06-01,Nutrition Support Programme,Nutrition,Borno,Konduga,Konduga Site 1,Low,1.953806274349936e-20,Previous-month achievement pattern,Lower data quality,Budget utilisation pattern,Strong achievement,"Review recent performance trends for persistent underachievement. | Validate source data, completeness and reporting quality. | Review expenditure patterns against implementation progress.",Recommended for human review; the model does not make operational decisions.
ES-000062,2026-06-01,Community Resilience Programme,Protection/Resilience,Borno,Maiduguri,Maiduguri Site 2,Low,3.1787733945886163e-10,Low activity completion,Supply delay,Low staff availability,Strong achievement,"Review delayed or incomplete activities and implementation constraints. | Review procurement, logistics and supply-chain bottlenecks. | Review staffing coverage, absences and field deployment capacity.",Recommended for human review; the model does not make operational decisions.
ES-005054,2026-06-01,Nutrition Support Programme,Nutrition,Borno,Konduga,Konduga Site 2,Low,1.2529112675454692e-14,Elevated complaints,Low activity completion,Budget utilisation pattern,Limited supply delay,Review feedback and complaint records for recurring operational issues. | Review delayed or incomplete activities and implementation constraints. | Review expenditure patterns against implementation progress.,Recommended for human review; the model does not make operational decisions.
ES-000126,2026-06-01,Community Resilience Programme,Protection/Resilience,Borno,Maiduguri,Maiduguri Site 4,Low,8.588710954600487e-14,Low activity completion,Low staff availability,Reporting delay,Strong achievement,"Review delayed or incomplete activities and implementation constraints. | Review staffing coverage, absences and field deployment capacity. | Validate reporting timeliness and follow up on delayed field submissions.",Recommended for human review; the model does not make operational decisions.
ES-005086,2026-06-01,Nutrition Support Programme,Nutrition,Borno,Konduga,Konduga Site 3,Medium,2.52256333978744e-05,Low achievement,Low activity completion,Low staff availability,Timely reporting,"Review progress against targets and identify implementation bottlenecks. | Review delayed or incomplete activities and implementation constraints. | Review staffing coverage, absences and field deployment capacity.",Recommended for human review; the model does not make operational decisions.
ES-005118,2026-06-01,Nutrition Support Programme,Nutrition,Borno,Konduga,Konduga Site 4,Medium,0.0010199850869088,Reporting delay,Low activity completion,Access constraints,Strong achievement,"Validate reporting timeliness and follow up on delayed field submissions. | Review delayed or incomplete activities and implementation constraints. | Review access, movement and operational constraints affecting delivery.",Recommended for human review; the model does not make operational decisions.
ES-005150,2026-06-01,Nutrition Support Programme,Nutrition,Borno,Konduga,Konduga Site 5,Low,3.583186566517229e-09,Reporting delay,Access constraints,Low staff availability,Strong achievement,"Validate reporting timeliness and follow up on delayed field submissions. | Review access, movement and operational constraints affecting delivery. | Review staffing coverage, absences and field deployment capacity.",Recommended for human review; the model does not make operational decisions.
ES-000766,2026-06-01,Community Resilience Programme,Protection/Resilience,Borno,Mafa,Mafa Site 6,High,0.9491435270249774,Reporting delay,Access constraints,Supply delay,Strong achievement,"Validate reporting timeliness and follow up on delayed field submissions. | Review access, movement and operational constraints affecting delivery. | Review procurement, logistics and supply-chain bottlenecks.",Recommended for human review; the model does not make operational decisions.
ES-005182,2026-06-01,Nutrition Support Programme,Nutrition,Borno,Konduga,Konduga Site 6,Low,1.8879784887928248e-10,Low activity completion,Access constraints,Lower data quality,Strong achievement,"Review delayed or incomplete activities and implementation constraints. | Review access, movement and operational constraints affecting delivery. | Validate source data, completeness and reporting quality.",Recommended for human review; the model does not make operational decisions.
ES-000734,2026-06-01,Community Resilience Programme,Protection/Resilience,Borno,Mafa,Mafa Site 5,Low,4.488353321322804e-18,Elevated complaints,Reporting delay,Previous-month achievement pattern,Strong achievement,Review feedback and complaint records for recurring operational issues. | Validate reporting timeliness and follow up on delayed field submissions. | Review recent performance trends for persistent underachievement.,Recommended for human review; the model does not make operational decisions.
ES-005214,2026-06-01,Nutrition Support Programme,Nutrition,Borno,Mafa,Mafa Site 1,Low,1.306276212309554e-11,Low achievement,Lower data quality,Access constraints,Limited supply delay,"Review progress against targets and identify implementation bottlenecks. | Validate source data, completeness and reporting quality. | Review access, movement and operational constraints affecting delivery.",Recommended for human review; the model does not make operational decisions.
ES-000030,2026-06-01,Community Resilience Programme,Protection/Resilience,Borno,Maiduguri,Maiduguri Site 1,High,0.6988205516341157,Low activity completion,Low achievement,Elevated complaints,Strong staff availability,Review delayed or incomplete activities and implementation constraints. | Review progress against targets and identify implementation bottlenecks. | Review feedback and complaint records for recurring operational issues.,Recommended for human review; the model does not make operational decisions.
ES-004926,2026-06-01,Nutrition Support Programme,Nutrition,Borno,Jere,Jere Site 4,Low,9.526314382042496e-19,Lower data quality,Previous-month achievement pattern,Low staff availability,Strong achievement,"Validate source data, completeness and reporting quality. | Review recent performance trends for persistent underachievement. | Review staffing coverage, absences and field deployment capacity.",Recommended for human review; the model does not make operational decisions.
ES-004894,2026-06-01,Nutrition Support Programme,Nutrition,Borno,Jere,Jere Site 3,Medium,7.167763354485735e-06,Low activity completion,Low achievement,Elevated complaints,Timely reporting,Review delayed or incomplete activities and implementation constraints. | Review progress against targets and identify implementation bottlenecks. | Review feedback and complaint records for recurring operational issues.,Recommended for human review; the model does not make operational decisions.
ES-000158,2026-06-01,Community Resilience Programme,Protection/Resilience,Borno,Maiduguri,Maiduguri Site 5,Low,9.430479112889263e-24,Access constraints,Lower data quality,Budget utilisation pattern,Strong achievement,"Review access, movement and operational constraints affecting delivery. | Validate source data, completeness and reporting quality. | Review expenditure patterns against implementation progress.",Recommended for human review; the model does not make operational decisions.
ES-001086,2026-06-01,Community Resilience Programme,Protection/Resilience,Borno,Ngala,Ngala Site 4,High,0.9783569952305884,Low achievement,Low activity completion,Supply delay,Lower access constraints,"Review progress against targets and identify implementation bottlenecks. | Review delayed or incomplete activities and implementation constraints. | Review procurement, logistics and supply-chain bottlenecks.",Recommended for human review; the model does not make operational decisions.
ES-005950,2026-06-01,Nutrition Support Programme,Nutrition,Borno,Dikwa,Dikwa Site 6,Medium,0.0002845593165443,Reporting delay,Low activity completion,Access constraints,Limited supply delay,"Validate reporting timeliness and follow up on delayed field submissions. | Review delayed or incomplete activities and implementation constraints. | Review access, movement and operational constraints affecting delivery.",Recommended for human review; the model does not make operational decisions.
ES-005982,2026-06-01,Nutrition Support Programme,Nutrition,Borno,Gwoza,Gwoza Site 1,Low,1.3116287774511541e-20,Access constraints,Previous-month achievement pattern,Budget utilisation pattern,Strong achievement,"Review access, movement and operational constraints affecting delivery. | Review recent performance trends for persistent underachievement. | Review expenditure patterns against implementation progress.",Recommended for human review; the model does not make operational decisions.
ES-001054,2026-06-01,Community Resilience Programme,Protection/Resilience,Borno,Ngala,Ngala Site 3,Low,9.71762070638374e-17,Supply delay,Previous-month achievement pattern,Lower data quality,Strong achievement,"Review procurement, logistics and supply-chain bottlenecks. | Review recent performance trends for persistent underachievement. | Validate source data, completeness and reporting quality.",Recommended for human review; the model does not make operational decisions.
ES-006014,2026-06-01,Nutrition Support Programme,Nutrition,Borno,Gwoza,Gwoza Site 2,Medium,0.0117540540529655,Reporting delay,Access constraints,Elevated complaints,Strong activity completion,"Validate reporting timeliness and follow up on delayed field submissions. | Review access, movement and operational constraints affecting delivery. | Review feedback and complaint records for recurring operational issues.",Recommended for human review; the model does not make operational decisions.
ES-006046,2026-06-01,Nutrition Support Programme,Nutrition,Borno,Gwoza,Gwoza Site 3,Low,7.301519156465263e-14,Elevated complaints,Reporting delay,Previous-month achievement pattern,Limited supply delay,Review feedback and complaint records for recurring operational issues. | Validate reporting timeliness and follow up on delayed field submissions. | Review recent performance trends for persistent underachievement.,Recommended for human review; the model does not make operational decisions.
ES-001022,2026-06-01,Community Resilience Programme,Protection/Resilience,Borno,Ngala,Ngala Site 2,Low,8.976631320818601e-26,Access constraints,Lower data quality,Previous-month achievement pattern,Strong achievement,"Review access, movement and operational constraints affecting delivery. | Validate source data, completeness and reporting quality. | Review recent performance trends for persistent underachievement.",Recommended for human review; the model does not make operational decisions.
ES-006078,2026-06-01,Nutrition Support Programme,Nutrition,Borno,Gwoza,Gwoza Site 4,High,0.9543338115922704,Low achievement,Low activity completion,Reporting delay,Limited supply delay,Review progress against targets and identify implementation bottlenecks. | Review delayed or incomplete activities and implementation constraints. | Validate reporting timeliness and follow up on delayed field submissions.,Recommended for human review; the model does not make operational decisions.
ES-000990,2026-06-01,Community Resilience Programme,Protection/Resilience,Borno,Ngala,Ngala Site 1,Low,4.3653907047030925e-07,Reporting delay,Supply delay,Previous-month achievement pattern,Strong activity completion,"Validate reporting timeliness and follow up on delayed field submissions. | Review procurement, logistics and supply-chain bottlenecks. | Review recent performance trends for persistent underachievement.",Recommended for human review; the model does not make operational decisions.
ES-006110,2026-06-01,Nutrition Support Programme,Nutrition,Borno,Gwoza,Gwoza Site 5,Low,2.4321458202613602e-20,Access constraints,Reporting delay,Previous-month achievement pattern,Strong achievement,"Review access, movement and operational constraints affecting delivery. | Validate reporting timeliness and follow up on delayed field submissions. | Review recent performance trends for persistent underachievement.",Recommended for human review; the model does not make operational decisions.
ES-006142,2026-06-01,Nutrition Support Programme,Nutrition,Borno,Gwoza,Gwoza Site 6,Medium,6.851824785675362e-05,Low activity completion,Reporting delay,Access constraints,Strong achievement,"Review delayed or incomplete activities and implementation constraints. | Validate reporting timeliness and follow up on delayed field submissions. | Review access, movement and operational constraints affecting delivery.",Recommended for human review; the model does not make operational decisions.
ES-007134,2026-06-01,WASH Resilience Initiative,WASH,Borno,Ngala,Ngala Site 1,Low,6.450286403324092e-15,Elevated complaints,Access constraints,Previous-month achievement pattern,Timely reporting,"Review feedback and complaint records for recurring operational issues. | Review access, movement and operational constraints affecting delivery. | Review recent performance trends for persistent underachievement.",Recommended for human review; the model does not make operational decisions.
ES-000190,2026-06-01,Community Resilience Programme,Protection/Resilience,Borno,Maiduguri,Maiduguri Site 6,Medium,0.0176174436033997,Low achievement,Elevated complaints,Low activity completion,Limited supply delay,Review progress against targets and identify implementation bottlenecks. | Review feedback and complaint records for recurring operational issues. | Review delayed or incomplete activities and implementation constraints.,Recommended for human review; the model does not make operational decisions.
ES-004830,2026-06-01,Nutrition Support Programme,Nutrition,Borno,Jere,Jere Site 1,Low,1.8876979452619328e-09,Elevated complaints,Access constraints,Supply delay,Strong achievement,"Review feedback and complaint records for recurring operational issues. | Review access, movement and operational constraints affecting delivery. | Review procurement, logistics and supply-chain bottlenecks.",Recommended for human review; the model does not make operational decisions.
ES-004862,2026-06-01,Nutrition Support Programme,Nutrition,Borno,Jere,Jere Site 2,Low,1.597400649510232e-09,Low activity completion,Low achievement,Supply delay,Timely reporting,"Review delayed or incomplete activities and implementation constraints. | Review progress against targets and identify implementation bottlenecks. | Review procurement, logistics and supply-chain bottlenecks.",Recommended for human review; the model does not make operational decisions.
ES-002302,2026-06-01,Livelihood Recovery Initiative,Livelihoods,Borno,Mafa,Mafa Site 6,High,0.7537919736657298,Low activity completion,Access constraints,Low achievement,Lower complaints,"Review delayed or incomplete activities and implementation constraints. | Review access, movement and operational constraints affecting delivery. | Review progress against targets and identify implementation bottlenecks.",Recommended for human review; the model does not make operational decisions.
ES-004446,2026-06-01,Education Access Project,Education,Borno,Gwoza,Gwoza Site 1,Medium,0.0001416509276726,Low achievement,Supply delay,Access constraints,Strong activity completion,"Review progress against targets and identify implementation bottlenecks. | Review procurement, logistics and supply-chain bottlenecks. | Review access, movement and operational constraints affecting delivery.",Recommended for human review; the model does not make operational decisions.
ES-002270,2026-06-01,Livelihood Recovery Initiative,Livelihoods,Borno,Mafa,Mafa Site 5,Low,2.1197644247296207e-08,Elevated complaints,Supply delay,Reporting delay,Strong achievement,"Review feedback and complaint records for recurring operational issues. | Review procurement, logistics and supply-chain bottlenecks. | Validate reporting timeliness and follow up on delayed field submissions.",Recommended for human review; the model does not make operational decisions.
ES-007166,2026-06-01,WASH Resilience Initiative,WASH,Borno,Ngala,Ngala Site 2,Low,2.350377061121265e-09,Access constraints,Low activity completion,Elevated complaints,Strong achievement,"Review access, movement and operational constraints affecting delivery. | Review delayed or incomplete activities and implementation constraints. | Review feedback and complaint records for recurring operational issues.",Recommended for human review; the model does not make operational decisions.
ES-002398,2026-06-01,Livelihood Recovery Initiative,Livelihoods,Borno,Bama,Bama Site 3,Medium,0.0578598167019777,Supply delay,Reporting delay,Low activity completion,Strong achievement,"Review procurement, logistics and supply-chain bottlenecks. | Validate reporting timeliness and follow up on delayed field submissions. | Review delayed or incomplete activities and implementation constraints.",Recommended for human review; the model does not make operational decisions.
ES-002430,2026-06-01,Livelihood Recovery Initiative,Livelihoods,Borno,Bama,Bama Site 4,Low,3.2495880523208386e-15,Low staff availability,Access constraints,Lower data quality,Strong achievement,"Review staffing coverage, absences and field deployment capacity. | Review access, movement and operational constraints affecting delivery. | Validate source data, completeness and reporting quality.",Recommended for human review; the model does not make operational decisions.
ES-003678,2026-06-01,Education Access Project,Education,Borno,Mafa,Mafa Site 1,Low,1.4491737295366728e-12,Elevated complaints,Low achievement,Low staff availability,Strong activity completion,"Review feedback and complaint records for recurring operational issues. | Review progress against targets and identify implementation bottlenecks. | Review staffing coverage, absences and field deployment capacity.",Recommended for human review; the model does not make operational decisions.
ES-002462,2026-06-01,Livelihood Recovery Initiative,Livelihoods,Borno,Bama,Bama Site 5,Low,2.0873278334918628e-10,Low activity completion,Budget utilisation pattern,Previous-month achievement pattern,Strong achievement,Review delayed or incomplete activities and implementation constraints. | Review expenditure patterns against implementation progress. | Review recent performance trends for persistent underachievement.,Recommended for human review; the model does not make operational decisions.
ES-002494,2026-06-01,Livelihood Recovery Initiative,Livelihoods,Borno,Bama,Bama Site 6,Medium,4.464801929774731e-06,Low activity completion,Access constraints,Reporting delay,Strong achievement,"Review delayed or incomplete activities and implementation constraints. | Review access, movement and operational constraints affecting delivery. | Validate reporting timeliness and follow up on delayed field submissions.",Recommended for human review; the model does not make operational decisions.
ES-003646,2026-06-01,Education Access Project,Education,Borno,Konduga,Konduga Site 6,High,0.9198143054907048,Low achievement,Supply delay,Reporting delay,Lower complaints,"Review progress against targets and identify implementation bottlenecks. | Review procurement, logistics and supply-chain bottlenecks. | Validate reporting timeliness and follow up on delayed field submissions.",Recommended for human review; the model does not make operational decisions.
ES-003710,2026-06-01,Education Access Project,Education,Borno,Mafa,Mafa Site 2,Medium,0.0006056791598651,Supply delay,Low activity completion,Low achievement,Lower complaints,"Review procurement, logistics and supply-chain bottlenecks. | Review delayed or incomplete activities and implementation constraints. | Review progress against targets and identify implementation bottlenecks.",Recommended for human review; the model does not make operational decisions.
ES-002718,2026-06-01,Livelihood Recovery Initiative,Livelihoods,Borno,Dikwa,Dikwa Site 1,Low,4.8836992463620676e-17,Supply delay,Elevated complaints,Previous-month achievement pattern,Strong achievement,"Review procurement, logistics and supply-chain bottlenecks. | Review feedback and complaint records for recurring operational issues. | Review recent performance trends for persistent underachievement.",Recommended for human review; the model does not make operational decisions.
ES-003614,2026-06-01,Education Access Project,Education,Borno,Konduga,Konduga Site 5,Medium,2.625240669952021e-06,Reporting delay,Low achievement,Supply delay,Lower complaints,"Validate reporting timeliness and follow up on delayed field submissions. | Review progress against targets and identify implementation bottlenecks. | Review procurement, logistics and supply-chain bottlenecks.",Recommended for human review; the model does not make operational decisions.
ES-002782,2026-06-01,Livelihood Recovery Initiative,Livelihoods,Borno,Dikwa,Dikwa Site 3,Medium,4.118220489198925e-06,Reporting delay,Low achievement,Low activity completion,Lower complaints,Validate reporting timeliness and follow up on delayed field submissions. | Review progress against targets and identify implementation bottlenecks. | Review delayed or incomplete activities and implementation constraints.,Recommended for human review; the model does not make operational decisions.
ES-003582,2026-06-01,Education Access Project,Education,Borno,Konduga,Konduga Site 4,Medium,3.3495046194885506e-06,Low activity completion,Lower data quality,Previous-month achievement pattern,Limited supply delay,"Review delayed or incomplete activities and implementation constraints. | Validate source data, completeness and reporting quality. | Review recent performance trends for persistent underachievement.",Recommended for human review; the model does not make operational decisions.
ES-002814,2026-06-01,Livelihood Recovery Initiative,Livelihoods,Borno,Dikwa,Dikwa Site 4,Low,1.7173542586957318e-17,Supply delay,Access constraints,Low staff availability,Timely reporting,"Review procurement, logistics and supply-chain bottlenecks. | Review access, movement and operational constraints affecting delivery. | Review staffing coverage, absences and field deployment capacity.",Recommended for human review; the model does not make operational decisions.
ES-002846,2026-06-01,Livelihood Recovery Initiative,Livelihoods,Borno,Dikwa,Dikwa Site 5,Medium,0.1464610937783656,Low activity completion,Low achievement,Reporting delay,Limited supply delay,Review delayed or incomplete activities and implementation constraints. | Review progress against targets and identify implementation bottlenecks. | Validate reporting timeliness and follow up on delayed field submissions.,Recommended for human review; the model does not make operational decisions.
ES-003550,2026-06-01,Education Access Project,Education,Borno,Konduga,Konduga Site 3,Medium,2.6849126444897247e-05,Reporting delay,Access constraints,Low achievement,Strong activity completion,"Validate reporting timeliness and follow up on delayed field submissions. | Review access, movement and operational constraints affecting delivery. | Review progress against targets and identify implementation bottlenecks.",Recommended for human review; the model does not make operational decisions.
ES-002750,2026-06-01,Livelihood Recovery Initiative,Livelihoods,Borno,Dikwa,Dikwa Site 2,Low,1.2916309934186812e-18,Low staff availability,,,Strong activity completion,"Review staffing coverage, absences and field deployment capacity.",Recommended for human review; the model does not make operational decisions.
ES-002366,2026-06-01,Livelihood Recovery Initiative,Livelihoods,Borno,Bama,Bama Site 2,Medium,0.0004542731307052,Supply delay,Access constraints,Elevated complaints,Strong achievement,"Review procurement, logistics and supply-chain bottlenecks. | Review access, movement and operational constraints affecting delivery. | Review feedback and complaint records for recurring operational issues.",Recommended for human review; the model does not make operational decisions.
ES-003742,2026-06-01,Education Access Project,Education,Borno,Mafa,Mafa Site 3,Medium,0.0032842292372173,Low achievement,Low activity completion,Access constraints,Timely reporting,"Review progress against targets and identify implementation bottlenecks. | Review delayed or incomplete activities and implementation constraints. | Review access, movement and operational constraints affecting delivery.",Recommended for human review; the model does not make operational decisions.
ES-007198,2026-06-01,WASH Resilience Initiative,WASH,Borno,Ngala,Ngala Site 3,Low,4.0030279674239976e-10,Access constraints,Low staff availability,Lower data quality,Strong activity completion,"Review access, movement and operational constraints affecting delivery. | Review staffing coverage, absences and field deployment capacity. | Validate source data, completeness and reporting quality.",Recommended for human review; the model does not make operational decisions.
ES-003198,2026-06-01,Education Access Project,Education,Borno,Maiduguri,Maiduguri Site 4,Low,6.582358420945944e-10,Low activity completion,Lower data quality,Access constraints,Limited supply delay,"Review delayed or incomplete activities and implementation constraints. | Validate source data, completeness and reporting quality. | Review access, movement and operational constraints affecting delivery.",Recommended for human review; the model does not make operational decisions.
ES-003230,2026-06-01,Education Access Project,Education,Borno,Maiduguri,Maiduguri Site 5,High,0.9997545736923322,Supply delay,Access constraints,Low staff availability,Strong achievement,"Review procurement, logistics and supply-chain bottlenecks. | Review access, movement and operational constraints affecting delivery. | Review staffing coverage, absences and field deployment capacity.",Recommended for human review; the model does not make operational decisions.
ES-003134,2026-06-01,Education Access Project,Education,Borno,Maiduguri,Maiduguri Site 2,Low,8.040978248854498e-38,Lower data quality,Low staff availability,Budget utilisation pattern,Strong achievement,"Validate source data, completeness and reporting quality. | Review staffing coverage, absences and field deployment capacity. | Review expenditure patterns against implementation progress.",Recommended for human review; the model does not make operational decisions.
ES-003262,2026-06-01,Education Access Project,Education,Borno,Maiduguri,Maiduguri Site 6,Low,1.0924272465264244e-08,Supply delay,Reporting delay,Low achievement,Lower complaints,"Review procurement, logistics and supply-chain bottlenecks. | Validate reporting timeliness and follow up on delayed field submissions. | Review progress against targets and identify implementation bottlenecks.",Recommended for human review; the model does not make operational decisions.
ES-003102,2026-06-01,Education Access Project,Education,Borno,Maiduguri,Maiduguri Site 1,Medium,0.1309507308849835,Low activity completion,Reporting delay,Low achievement,Limited supply delay,Review delayed or incomplete activities and implementation constraints. | Validate reporting timeliness and follow up on delayed field submissions. | Review progress against targets and identify implementation bottlenecks.,Recommended for human review; the model does not make operational decisions.
ES-004062,2026-06-01,Education Access Project,Education,Borno,Ngala,Ngala Site 1,Low,3.8633460143543264e-09,Low activity completion,Elevated complaints,Low staff availability,Timely reporting,"Review delayed or incomplete activities and implementation constraints. | Review feedback and complaint records for recurring operational issues. | Review staffing coverage, absences and field deployment capacity.",Recommended for human review; the model does not make operational decisions.
ES-004094,2026-06-01,Education Access Project,Education,Borno,Ngala,Ngala Site 2,Low,5.247553837750617e-13,Elevated complaints,Lower data quality,Previous-month achievement pattern,Timely reporting,"Review feedback and complaint records for recurring operational issues. | Validate source data, completeness and reporting quality. | Review recent performance trends for persistent underachievement.",Recommended for human review; the model does not make operational decisions.
ES-003838,2026-06-01,Education Access Project,Education,Borno,Mafa,Mafa Site 6,Medium,6.266759720402106e-06,Access constraints,Reporting delay,Low staff availability,Strong activity completion,"Review access, movement and operational constraints affecting delivery. | Validate reporting timeliness and follow up on delayed field submissions. | Review staffing coverage, absences and field deployment capacity.",Recommended for human review; the model does not make operational decisions.
ES-004126,2026-06-01,Education Access Project,Education,Borno,Ngala,Ngala Site 3,Low,5.153355242097045e-15,Elevated complaints,,,Timely reporting,Review feedback and complaint records for recurring operational issues.,Recommended for human review; the model does not make operational decisions.
ES-003806,2026-06-01,Education Access Project,Education,Borno,Mafa,Mafa Site 5,Low,2.222518941693649e-10,Elevated complaints,Low activity completion,Low staff availability,Limited supply delay,"Review feedback and complaint records for recurring operational issues. | Review delayed or incomplete activities and implementation constraints. | Review staffing coverage, absences and field deployment capacity.",Recommended for human review; the model does not make operational decisions.
ES-004158,2026-06-01,Education Access Project,Education,Borno,Ngala,Ngala Site 4,High,0.970719280379502,Low activity completion,Low achievement,Reporting delay,Strong staff availability,Review delayed or incomplete activities and implementation constraints. | Review progress against targets and identify implementation bottlenecks. | Validate reporting timeliness and follow up on delayed field submissions.,Recommended for human review; the model does not make operational decisions.
ES-004190,2026-06-01,Education Access Project,Education,Borno,Ngala,Ngala Site 5,High,0.9705520810945863,Low activity completion,Supply delay,Reporting delay,Strong data quality,"Review delayed or incomplete activities and implementation constraints. | Review procurement, logistics and supply-chain bottlenecks. | Validate reporting timeliness and follow up on delayed field submissions.",Recommended for human review; the model does not make operational decisions.
ES-003774,2026-06-01,Education Access Project,Education,Borno,Mafa,Mafa Site 4,Medium,2.258726520172397e-06,Supply delay,Access constraints,Low staff availability,Strong activity completion,"Review procurement, logistics and supply-chain bottlenecks. | Review access, movement and operational constraints affecting delivery. | Review staffing coverage, absences and field deployment capacity.",Recommended for human review; the model does not make operational decisions.
ES-004222,2026-06-01,Education Access Project,Education,Borno,Ngala,Ngala Site 6,Low,1.4492196560929303e-09,Low activity completion,Access constraints,Supply delay,Strong achievement,"Review delayed or incomplete activities and implementation constraints. | Review access, movement and operational constraints affecting delivery. | Review procurement, logistics and supply-chain bottlenecks.",Recommended for human review; the model does not make operational decisions.
ES-002334,2026-06-01,Livelihood Recovery Initiative,Livelihoods,Borno,Bama,Bama Site 1,Medium,0.0003585940291265,Low achievement,Low activity completion,Elevated complaints,Limited supply delay,Review progress against targets and identify implementation bottlenecks. | Review delayed or incomplete activities and implementation constraints. | Review feedback and complaint records for recurring operational issues.,Recommended for human review; the model does not make operational decisions.
ES-002878,2026-06-01,Livelihood Recovery Initiative,Livelihoods,Borno,Dikwa,Dikwa Site 6,Medium,0.0004441701803679,Low achievement,Access constraints,Elevated complaints,Timely reporting,"Review progress against targets and identify implementation bottlenecks. | Review access, movement and operational constraints affecting delivery. | Review feedback and complaint records for recurring operational issues.",Recommended for human review; the model does not make operational decisions.
ES-005246,2026-06-01,Nutrition Support Programme,Nutrition,Borno,Mafa,Mafa Site 2,Low,5.245745417002544e-15,Supply delay,Lower data quality,,Lower access constraints,"Review procurement, logistics and supply-chain bottlenecks. | Validate source data, completeness and reporting quality.",Recommended for human review; the model does not make operational decisions.
ES-002910,2026-06-01,Livelihood Recovery Initiative,Livelihoods,Borno,Gwoza,Gwoza Site 1,Low,2.146442610629629e-16,Low activity completion,Low staff availability,Lower data quality,Limited supply delay,"Review delayed or incomplete activities and implementation constraints. | Review staffing coverage, absences and field deployment capacity. | Validate source data, completeness and reporting quality.",Recommended for human review; the model does not make operational decisions.
ES-002942,2026-06-01,Livelihood Recovery Initiative,Livelihoods,Borno,Gwoza,Gwoza Site 2,Low,2.597458073767113e-12,Supply delay,Access constraints,Lower data quality,Strong activity completion,"Review procurement, logistics and supply-chain bottlenecks. | Review access, movement and operational constraints affecting delivery. | Validate source data, completeness and reporting quality.",Recommended for human review; the model does not make operational decisions.
ES-004606,2026-06-01,Education Access Project,Education,Borno,Gwoza,Gwoza Site 6,Medium,0.3591260904497859,Low achievement,Reporting delay,Access constraints,Lower complaints,"Review progress against targets and identify implementation bottlenecks. | Validate reporting timeliness and follow up on delayed field submissions. | Review access, movement and operational constraints affecting delivery.",Recommended for human review; the model does not make operational decisions.
ES-002014,2026-06-01,Livelihood Recovery Initiative,Livelihoods,Borno,Konduga,Konduga Site 3,Low,1.432283173624275e-15,Elevated complaints,,,Timely reporting,Review feedback and complaint records for recurring operational issues.,Recommended for human review; the model does not make operational decisions.
ES-002046,2026-06-01,Livelihood Recovery Initiative,Livelihoods,Borno,Konduga,Konduga Site 4,Low,1.7760205540347193e-08,Reporting delay,Low activity completion,Low achievement,Limited supply delay,Validate reporting timeliness and follow up on delayed field submissions. | Review delayed or incomplete activities and implementation constraints. | Review progress against targets and identify implementation bottlenecks.,Recommended for human review; the model does not make operational decisions.
ES-007230,2026-06-01,WASH Resilience Initiative,WASH,Borno,Ngala,Ngala Site 4,Medium,0.4277340849980833,Supply delay,Low achievement,Access constraints,Strong staff availability,"Review procurement, logistics and supply-chain bottlenecks. | Review progress against targets and identify implementation bottlenecks. | Review access, movement and operational constraints affecting delivery.",Recommended for human review; the model does not make operational decisions.
ES-004574,2026-06-01,Education Access Project,Education,Borno,Gwoza,Gwoza Site 5,Medium,0.0003248870381078,Low achievement,Access constraints,Supply delay,Strong activity completion,"Review progress against targets and identify implementation bottlenecks. | Review access, movement and operational constraints affecting delivery. | Review procurement, logistics and supply-chain bottlenecks.",Recommended for human review; the model does not make operational decisions.
ES-002078,2026-06-01,Livelihood Recovery Initiative,Livelihoods,Borno,Konduga,Konduga Site 5,Low,5.183895143081137e-08,Low activity completion,Supply delay,Low staff availability,Strong achievement,"Review delayed or incomplete activities and implementation constraints. | Review procurement, logistics and supply-chain bottlenecks. | Review staffing coverage, absences and field deployment capacity.",Recommended for human review; the model does not make operational decisions.
ES-001982,2026-06-01,Livelihood Recovery Initiative,Livelihoods,Borno,Konduga,Konduga Site 2,Medium,0.0017733059102168,Low achievement,Low activity completion,Elevated complaints,Timely reporting,Review progress against targets and identify implementation bottlenecks. | Review delayed or incomplete activities and implementation constraints. | Review feedback and complaint records for recurring operational issues.,Recommended for human review; the model does not make operational decisions.
ES-002110,2026-06-01,Livelihood Recovery Initiative,Livelihoods,Borno,Konduga,Konduga Site 6,Low,2.192063768936903e-24,Reporting delay,Previous-month achievement pattern,,Strong achievement,Validate reporting timeliness and follow up on delayed field submissions. | Review recent performance trends for persistent underachievement.,Recommended for human review; the model does not make operational decisions.
ES-002142,2026-06-01,Livelihood Recovery Initiative,Livelihoods,Borno,Mafa,Mafa Site 1,Medium,5.471488611571434e-06,Reporting delay,Low activity completion,Low staff availability,Strong achievement,"Validate reporting timeliness and follow up on delayed field submissions. | Review delayed or incomplete activities and implementation constraints. | Review staffing coverage, absences and field deployment capacity.",Recommended for human review; the model does not make operational decisions.
ES-004510,2026-06-01,Education Access Project,Education,Borno,Gwoza,Gwoza Site 3,Medium,0.0001128235343823,Low achievement,Elevated complaints,Low staff availability,Strong activity completion,"Review progress against targets and identify implementation bottlenecks. | Review feedback and complaint records for recurring operational issues. | Review staffing coverage, absences and field deployment capacity.",Recommended for human review; the model does not make operational decisions.
ES-002174,2026-06-01,Livelihood Recovery Initiative,Livelihoods,Borno,Mafa,Mafa Site 2,Medium,1.2208044819507335e-05,Access constraints,Supply delay,Reporting delay,Lower complaints,"Review access, movement and operational constraints affecting delivery. | Review procurement, logistics and supply-chain bottlenecks. | Validate reporting timeliness and follow up on delayed field submissions.",Recommended for human review; the model does not make operational decisions.
ES-002206,2026-06-01,Livelihood Recovery Initiative,Livelihoods,Borno,Mafa,Mafa Site 3,Medium,0.0004091356775457,Low achievement,Elevated complaints,Low activity completion,Limited supply delay,Review progress against targets and identify implementation bottlenecks. | Review feedback and complaint records for recurring operational issues. | Review delayed or incomplete activities and implementation constraints.,Recommended for human review; the model does not make operational decisions.
ES-004478,2026-06-01,Education Access Project,Education,Borno,Gwoza,Gwoza Site 2,High,0.97454124022975,Low achievement,Low activity completion,Reporting delay,Limited supply delay,Review progress against targets and identify implementation bottlenecks. | Review delayed or incomplete activities and implementation constraints. | Validate reporting timeliness and follow up on delayed field submissions.,Recommended for human review; the model does not make operational decisions.
ES-002238,2026-06-01,Livelihood Recovery Initiative,Livelihoods,Borno,Mafa,Mafa Site 4,Medium,1.5553163810288215e-05,Low achievement,Low activity completion,Access constraints,Timely reporting,"Review progress against targets and identify implementation bottlenecks. | Review delayed or incomplete activities and implementation constraints. | Review access, movement and operational constraints affecting delivery.",Recommended for human review; the model does not make operational decisions.
ES-004542,2026-06-01,Education Access Project,Education,Borno,Gwoza,Gwoza Site 4,Medium,0.0041213198716107,Low achievement,Elevated complaints,Supply delay,Timely reporting,"Review progress against targets and identify implementation bottlenecks. | Review feedback and complaint records for recurring operational issues. | Review procurement, logistics and supply-chain bottlenecks.",Recommended for human review; the model does not make operational decisions.
ES-003294,2026-06-01,Education Access Project,Education,Borno,Jere,Jere Site 1,Low,1.919346732985993e-14,Low activity completion,Access constraints,Elevated complaints,Strong achievement,"Review delayed or incomplete activities and implementation constraints. | Review access, movement and operational constraints affecting delivery. | Review feedback and complaint records for recurring operational issues.",Recommended for human review; the model does not make operational decisions.
ES-001950,2026-06-01,Livelihood Recovery Initiative,Livelihoods,Borno,Konduga,Konduga Site 1,Low,2.8568284909745858e-11,Low activity completion,Access constraints,Low staff availability,Strong achievement,"Review delayed or incomplete activities and implementation constraints. | Review access, movement and operational constraints affecting delivery. | Review staffing coverage, absences and field deployment capacity.",Recommended for human review; the model does not make operational decisions.
ES-001918,2026-06-01,Livelihood Recovery Initiative,Livelihoods,Borno,Jere,Jere Site 6,Low,1.545310583078521e-28,Supply delay,Previous-month achievement pattern,Low staff availability,Strong achievement,"Review procurement, logistics and supply-chain bottlenecks. | Review recent performance trends for persistent underachievement. | Review staffing coverage, absences and field deployment capacity.",Recommended for human review; the model does not make operational decisions.
ES-002974,2026-06-01,Livelihood Recovery Initiative,Livelihoods,Borno,Gwoza,Gwoza Site 3,Low,5.751358385436864e-14,Supply delay,Low staff availability,Access constraints,Strong achievement,"Review procurement, logistics and supply-chain bottlenecks. | Review staffing coverage, absences and field deployment capacity. | Review access, movement and operational constraints affecting delivery.",Recommended for human review; the model does not make operational decisions.
ES-003486,2026-06-01,Education Access Project,Education,Borno,Konduga,Konduga Site 1,Low,4.036243040394769e-38,Previous-month achievement pattern,Budget utilisation pattern,,Strong achievement,Review recent performance trends for persistent underachievement. | Review expenditure patterns against implementation progress.,Recommended for human review; the model does not make operational decisions.
ES-003006,2026-06-01,Livelihood Recovery Initiative,Livelihoods,Borno,Gwoza,Gwoza Site 4,Low,4.626242277585374e-15,Low activity completion,Lower data quality,Previous-month achievement pattern,Strong achievement,"Review delayed or incomplete activities and implementation constraints. | Validate source data, completeness and reporting quality. | Review recent performance trends for persistent underachievement.",Recommended for human review; the model does not make operational decisions.
ES-003454,2026-06-01,Education Access Project,Education,Borno,Jere,Jere Site 6,Low,2.693657220350593e-12,Low activity completion,Low staff availability,Access constraints,Strong achievement,"Review delayed or incomplete activities and implementation constraints. | Review staffing coverage, absences and field deployment capacity. | Review access, movement and operational constraints affecting delivery.",Recommended for human review; the model does not make operational decisions.
ES-003038,2026-06-01,Livelihood Recovery Initiative,Livelihoods,Borno,Gwoza,Gwoza Site 5,Medium,4.843791680159065e-06,Low achievement,Low activity completion,Low staff availability,Timely reporting,"Review progress against targets and identify implementation bottlenecks. | Review delayed or incomplete activities and implementation constraints. | Review staffing coverage, absences and field deployment capacity.",Recommended for human review; the model does not make operational decisions.
ES-003070,2026-06-01,Livelihood Recovery Initiative,Livelihoods,Borno,Gwoza,Gwoza Site 6,Medium,3.283603109899026e-05,Low achievement,Supply delay,Low activity completion,Lower complaints,"Review progress against targets and identify implementation bottlenecks. | Review procurement, logistics and supply-chain bottlenecks. | Review delayed or incomplete activities and implementation constraints.",Recommended for human review; the model does not make operational decisions.
ES-003422,2026-06-01,Education Access Project,Education,Borno,Jere,Jere Site 5,Low,1.1901711321363145e-19,Supply delay,Low staff availability,Elevated complaints,Timely reporting,"Review procurement, logistics and supply-chain bottlenecks. | Review staffing coverage, absences and field deployment capacity. | Review feedback and complaint records for recurring operational issues.",Recommended for human review; the model does not make operational decisions.
ES-001758,2026-06-01,Livelihood Recovery Initiative,Livelihoods,Borno,Jere,Jere Site 1,Medium,0.0005538883533769,Supply delay,Access constraints,Low activity completion,Timely reporting,"Review procurement, logistics and supply-chain bottlenecks. | Review access, movement and operational constraints affecting delivery. | Review delayed or incomplete activities and implementation constraints.",Recommended for human review; the model does not make operational decisions.
ES-001790,2026-06-01,Livelihood Recovery Initiative,Livelihoods,Borno,Jere,Jere Site 2,High,0.5903911688159861,Low activity completion,Low achievement,Elevated complaints,Timely reporting,Review delayed or incomplete activities and implementation constraints. | Review progress against targets and identify implementation bottlenecks. | Review feedback and complaint records for recurring operational issues.,Recommended for human review; the model does not make operational decisions.
ES-003390,2026-06-01,Education Access Project,Education,Borno,Jere,Jere Site 4,Low,3.999410053270083e-12,Low activity completion,Reporting delay,Lower data quality,Strong achievement,"Review delayed or incomplete activities and implementation constraints. | Validate reporting timeliness and follow up on delayed field submissions. | Validate source data, completeness and reporting quality.",Recommended for human review; the model does not make operational decisions.
ES-001822,2026-06-01,Livelihood Recovery Initiative,Livelihoods,Borno,Jere,Jere Site 3,Low,3.19550975289993e-29,Supply delay,Previous-month achievement pattern,,Strong achievement,"Review procurement, logistics and supply-chain bottlenecks. | Review recent performance trends for persistent underachievement.",Recommended for human review; the model does not make operational decisions.
ES-001854,2026-06-01,Livelihood Recovery Initiative,Livelihoods,Borno,Jere,Jere Site 4,Low,3.9288578203439786e-24,Supply delay,Access constraints,Lower data quality,Strong achievement,"Review procurement, logistics and supply-chain bottlenecks. | Review access, movement and operational constraints affecting delivery. | Validate source data, completeness and reporting quality.",Recommended for human review; the model does not make operational decisions.
ES-003358,2026-06-01,Education Access Project,Education,Borno,Jere,Jere Site 3,Low,2.4160998927983713e-10,Elevated complaints,Low staff availability,Access constraints,Strong activity completion,"Review feedback and complaint records for recurring operational issues. | Review staffing coverage, absences and field deployment capacity. | Review access, movement and operational constraints affecting delivery.",Recommended for human review; the model does not make operational decisions.
ES-001886,2026-06-01,Livelihood Recovery Initiative,Livelihoods,Borno,Jere,Jere Site 5,Low,3.299108595009024e-37,Low staff availability,Access constraints,Previous-month achievement pattern,Strong achievement,"Review staffing coverage, absences and field deployment capacity. | Review access, movement and operational constraints affecting delivery. | Review recent performance trends for persistent underachievement.",Recommended for human review; the model does not make operational decisions.
ES-003326,2026-06-01,Education Access Project,Education,Borno,Jere,Jere Site 2,Low,1.1720801353395005e-17,Elevated complaints,Lower data quality,Low staff availability,Limited supply delay,"Review feedback and complaint records for recurring operational issues. | Validate source data, completeness and reporting quality. | Review staffing coverage, absences and field deployment capacity.",Recommended for human review; the model does not make operational decisions.
ES-003518,2026-06-01,Education Access Project,Education,Borno,Konduga,Konduga Site 2,Low,1.5548394100624777e-19,Low staff availability,Elevated complaints,Supply delay,Strong activity completion,"Review staffing coverage, absences and field deployment capacity. | Review feedback and complaint records for recurring operational issues. | Review procurement, logistics and supply-chain bottlenecks.",Recommended for human review; the model does not make operational decisions.
ES-000702,2026-06-01,Community Resilience Programme,Protection/Resilience,Borno,Mafa,Mafa Site 4,Low,4.9930526153112675e-28,Access constraints,Low staff availability,Previous-month achievement pattern,Strong achievement,"Review access, movement and operational constraints affecting delivery. | Review staffing coverage, absences and field deployment capacity. | Review recent performance trends for persistent underachievement.",Recommended for human review; the model does not make operational decisions.
ES-005854,2026-06-01,Nutrition Support Programme,Nutrition,Borno,Dikwa,Dikwa Site 3,Medium,4.078429898000275e-06,Low achievement,Access constraints,Low staff availability,Strong activity completion,"Review progress against targets and identify implementation bottlenecks. | Review access, movement and operational constraints affecting delivery. | Review staffing coverage, absences and field deployment capacity.",Recommended for human review; the model does not make operational decisions.
ES-007614,2026-06-01,WASH Resilience Initiative,WASH,Borno,Gwoza,Gwoza Site 4,Medium,0.0015052736063102,Low achievement,Low activity completion,Budget utilisation pattern,Limited supply delay,Review progress against targets and identify implementation bottlenecks. | Review delayed or incomplete activities and implementation constraints. | Review expenditure patterns against implementation progress.,Recommended for human review; the model does not make operational decisions.
ES-000478,2026-06-01,Community Resilience Programme,Protection/Resilience,Borno,Konduga,Konduga Site 3,Medium,0.0015339983710837,Low activity completion,Reporting delay,Low staff availability,Limited supply delay,"Review delayed or incomplete activities and implementation constraints. | Validate reporting timeliness and follow up on delayed field submissions. | Review staffing coverage, absences and field deployment capacity.",Recommended for human review; the model does not make operational decisions.
ES-006398,2026-06-01,WASH Resilience Initiative,WASH,Borno,Jere,Jere Site 2,Low,5.627227616384796e-09,Low activity completion,Reporting delay,Previous-month achievement pattern,Lower access constraints,Review delayed or incomplete activities and implementation constraints. | Validate reporting timeliness and follow up on delayed field submissions. | Review recent performance trends for persistent underachievement.,Recommended for human review; the model does not make operational decisions.
ES-006334,2026-06-01,WASH Resilience Initiative,WASH,Borno,Maiduguri,Maiduguri Site 6,Low,1.8366224974174253e-29,Low staff availability,Access constraints,Previous-month achievement pattern,Strong achievement,"Review staffing coverage, absences and field deployment capacity. | Review access, movement and operational constraints affecting delivery. | Review recent performance trends for persistent underachievement.",Recommended for human review; the model does not make operational decisions.
ES-001502,2026-06-01,Community Resilience Programme,Protection/Resilience,Borno,Gwoza,Gwoza Site 5,Low,5.713710955876753e-08,Supply delay,Elevated complaints,Low achievement,Strong activity completion,"Review procurement, logistics and supply-chain bottlenecks. | Review feedback and complaint records for recurring operational issues. | Review progress against targets and identify implementation bottlenecks.",Recommended for human review; the model does not make operational decisions.
ES-004702,2026-06-01,Nutrition Support Programme,Nutrition,Borno,Maiduguri,Maiduguri Site 3,Low,8.015958983861522e-11,Low activity completion,Reporting delay,Previous-month achievement pattern,Strong achievement,Review delayed or incomplete activities and implementation constraints. | Validate reporting timeliness and follow up on delayed field submissions. | Review recent performance trends for persistent underachievement.,Recommended for human review; the model does not make operational decisions.
ES-007422,2026-06-01,WASH Resilience Initiative,WASH,Borno,Dikwa,Dikwa Site 4,Low,5.186443445278794e-23,Elevated complaints,Previous-month achievement pattern,,Strong achievement,Review feedback and complaint records for recurring operational issues. | Review recent performance trends for persistent underachievement.,Recommended for human review; the model does not make operational decisions.
ES-007326,2026-06-01,WASH Resilience Initiative,WASH,Borno,Dikwa,Dikwa Site 1,Low,9.3300454025872e-18,Elevated complaints,Reporting delay,Lower data quality,Strong achievement,"Review feedback and complaint records for recurring operational issues. | Validate reporting timeliness and follow up on delayed field submissions. | Validate source data, completeness and reporting quality.",Recommended for human review; the model does not make operational decisions.
ES-006430,2026-06-01,WASH Resilience Initiative,WASH,Borno,Jere,Jere Site 3,Low,5.799292338422347e-09,Low achievement,Reporting delay,Low staff availability,Lower complaints,"Review progress against targets and identify implementation bottlenecks. | Validate reporting timeliness and follow up on delayed field submissions. | Review staffing coverage, absences and field deployment capacity.",Recommended for human review; the model does not make operational decisions.
ES-000350,2026-06-01,Community Resilience Programme,Protection/Resilience,Borno,Jere,Jere Site 5,Low,1.268325680591993e-28,Previous-month achievement pattern,Budget utilisation pattern,,Strong achievement,Review recent performance trends for persistent underachievement. | Review expenditure patterns against implementation progress.,Recommended for human review; the model does not make operational decisions.
ES-001438,2026-06-01,Community Resilience Programme,Protection/Resilience,Borno,Gwoza,Gwoza Site 3,Medium,1.8264861837899755e-05,Low activity completion,Elevated complaints,Low achievement,Timely reporting,Review delayed or incomplete activities and implementation constraints. | Review feedback and complaint records for recurring operational issues. | Review progress against targets and identify implementation bottlenecks.,Recommended for human review; the model does not make operational decisions.
ES-000606,2026-06-01,Community Resilience Programme,Protection/Resilience,Borno,Mafa,Mafa Site 1,Low,2.5146929373381248e-27,Low staff availability,Previous-month achievement pattern,Lower data quality,Strong achievement,"Review staffing coverage, absences and field deployment capacity. | Review recent performance trends for persistent underachievement. | Validate source data, completeness and reporting quality.",Recommended for human review; the model does not make operational decisions.
ES-005630,2026-06-01,Nutrition Support Programme,Nutrition,Borno,Ngala,Ngala Site 2,Low,3.5773137936581306e-14,Low activity completion,Previous-month achievement pattern,,Timely reporting,Review delayed or incomplete activities and implementation constraints. | Review recent performance trends for persistent underachievement.,Recommended for human review; the model does not make operational decisions.
ES-007006,2026-06-01,WASH Resilience Initiative,WASH,Borno,Bama,Bama Site 3,Low,4.9610052079067386e-21,Supply delay,Access constraints,Lower data quality,Strong activity completion,"Review procurement, logistics and supply-chain bottlenecks. | Review access, movement and operational constraints affecting delivery. | Validate source data, completeness and reporting quality.",Recommended for human review; the model does not make operational decisions.
ES-001406,2026-06-01,Community Resilience Programme,Protection/Resilience,Borno,Gwoza,Gwoza Site 2,Low,1.004874662777207e-11,Low staff availability,Access constraints,Previous-month achievement pattern,Limited supply delay,"Review staffing coverage, absences and field deployment capacity. | Review access, movement and operational constraints affecting delivery. | Review recent performance trends for persistent underachievement.",Recommended for human review; the model does not make operational decisions.
ES-004670,2026-06-01,Nutrition Support Programme,Nutrition,Borno,Maiduguri,Maiduguri Site 2,Low,1.2120282347414639e-27,Elevated complaints,Previous-month achievement pattern,,Strong achievement,Review feedback and complaint records for recurring operational issues. | Review recent performance trends for persistent underachievement.,Recommended for human review; the model does not make operational decisions.
ES-005758,2026-06-01,Nutrition Support Programme,Nutrition,Borno,Ngala,Ngala Site 6,Low,6.540855326779302e-20,Access constraints,Previous-month achievement pattern,Low staff availability,Strong achievement,"Review access, movement and operational constraints affecting delivery. | Review recent performance trends for persistent underachievement. | Review staffing coverage, absences and field deployment capacity.",Recommended for human review; the model does not make operational decisions.
ES-005694,2026-06-01,Nutrition Support Programme,Nutrition,Borno,Ngala,Ngala Site 4,Low,2.011262471929716e-15,Supply delay,Elevated complaints,Lower data quality,Strong achievement,"Review procurement, logistics and supply-chain bottlenecks. | Review feedback and complaint records for recurring operational issues. | Validate source data, completeness and reporting quality.",Recommended for human review; the model does not make operational decisions.
ES-004734,2026-06-01,Nutrition Support Programme,Nutrition,Borno,Maiduguri,Maiduguri Site 4,Low,2.195615228054281e-11,Supply delay,Low activity completion,Elevated complaints,Strong achievement,"Review procurement, logistics and supply-chain bottlenecks. | Review delayed or incomplete activities and implementation constraints. | Review feedback and complaint records for recurring operational issues.",Recommended for human review; the model does not make operational decisions.
ES-000510,2026-06-01,Community Resilience Programme,Protection/Resilience,Borno,Konduga,Konduga Site 4,Low,2.7140161389160978e-17,Supply delay,Elevated complaints,Lower data quality,Strong achievement,"Review procurement, logistics and supply-chain bottlenecks. | Review feedback and complaint records for recurring operational issues. | Validate source data, completeness and reporting quality.",Recommended for human review; the model does not make operational decisions.
ES-004798,2026-06-01,Nutrition Support Programme,Nutrition,Borno,Maiduguri,Maiduguri Site 6,Medium,1.7800955104638275e-06,Low activity completion,Supply delay,Low staff availability,Strong achievement,"Review delayed or incomplete activities and implementation constraints. | Review procurement, logistics and supply-chain bottlenecks. | Review staffing coverage, absences and field deployment capacity.",Recommended for human review; the model does not make operational decisions.
ES-006942,2026-06-01,WASH Resilience Initiative,WASH,Borno,Bama,Bama Site 1,Medium,0.0151314798002709,Low achievement,Low activity completion,Access constraints,Timely reporting,"Review progress against targets and identify implementation bottlenecks. | Review delayed or incomplete activities and implementation constraints. | Review access, movement and operational constraints affecting delivery.",Recommended for human review; the model does not make operational decisions.
ES-007486,2026-06-01,WASH Resilience Initiative,WASH,Borno,Dikwa,Dikwa Site 6,Low,1.379388471983006e-34,Lower data quality,Previous-month achievement pattern,,Strong achievement,"Validate source data, completeness and reporting quality. | Review recent performance trends for persistent underachievement.",Recommended for human review; the model does not make operational decisions.
ES-007678,2026-06-01,WASH Resilience Initiative,WASH,Borno,Gwoza,Gwoza Site 6,Low,3.015394655559465e-14,Low achievement,Elevated complaints,Access constraints,Strong activity completion,"Review progress against targets and identify implementation bottlenecks. | Review feedback and complaint records for recurring operational issues. | Review access, movement and operational constraints affecting delivery.",Recommended for human review; the model does not make operational decisions.
ES-004766,2026-06-01,Nutrition Support Programme,Nutrition,Borno,Maiduguri,Maiduguri Site 5,Medium,6.360616588813575e-05,Elevated complaints,Low activity completion,Low staff availability,Strong achievement,"Review feedback and complaint records for recurring operational issues. | Review delayed or incomplete activities and implementation constraints. | Review staffing coverage, absences and field deployment capacity.",Recommended for human review; the model does not make operational decisions.
ES-000574,2026-06-01,Community Resilience Programme,Protection/Resilience,Borno,Konduga,Konduga Site 6,Low,1.196448107278389e-33,Low staff availability,Previous-month achievement pattern,Budget utilisation pattern,Strong achievement,"Review staffing coverage, absences and field deployment capacity. | Review recent performance trends for persistent underachievement. | Review expenditure patterns against implementation progress.",Recommended for human review; the model does not make operational decisions.
ES-007454,2026-06-01,WASH Resilience Initiative,WASH,Borno,Dikwa,Dikwa Site 5,High,0.9699029154546484,Low achievement,Low activity completion,Reporting delay,Strong data quality,Review progress against targets and identify implementation bottlenecks. | Review delayed or incomplete activities and implementation constraints. | Validate reporting timeliness and follow up on delayed field submissions.,Recommended for human review; the model does not make operational decisions.
ES-000542,2026-06-01,Community Resilience Programme,Protection/Resilience,Borno,Konduga,Konduga Site 5,Low,4.90489214129592e-14,Low activity completion,Supply delay,Low staff availability,Strong achievement,"Review delayed or incomplete activities and implementation constraints. | Review procurement, logistics and supply-chain bottlenecks. | Review staffing coverage, absences and field deployment capacity.",Recommended for human review; the model does not make operational decisions.
ES-006366,2026-06-01,WASH Resilience Initiative,WASH,Borno,Jere,Jere Site 1,High,0.9997122965295748,Reporting delay,Low achievement,Access constraints,Strong activity completion,"Validate reporting timeliness and follow up on delayed field submissions. | Review progress against targets and identify implementation bottlenecks. | Review access, movement and operational constraints affecting delivery.",Recommended for human review; the model does not make operational decisions.
ES-005598,2026-06-01,Nutrition Support Programme,Nutrition,Borno,Ngala,Ngala Site 1,Medium,0.0017088653932901,Supply delay,Low activity completion,Reporting delay,Strong achievement,"Review procurement, logistics and supply-chain bottlenecks. | Review delayed or incomplete activities and implementation constraints. | Validate reporting timeliness and follow up on delayed field submissions.",Recommended for human review; the model does not make operational decisions.
ES-007646,2026-06-01,WASH Resilience Initiative,WASH,Borno,Gwoza,Gwoza Site 5,Medium,0.0117988383957213,Low achievement,Reporting delay,Elevated complaints,Limited supply delay,Review progress against targets and identify implementation bottlenecks. | Validate reporting timeliness and follow up on delayed field submissions. | Review feedback and complaint records for recurring operational issues.,Recommended for human review; the model does not make operational decisions.
ES-006974,2026-06-01,WASH Resilience Initiative,WASH,Borno,Bama,Bama Site 2,Low,6.983659520169488e-10,Supply delay,Elevated complaints,Low activity completion,Timely reporting,"Review procurement, logistics and supply-chain bottlenecks. | Review feedback and complaint records for recurring operational issues. | Review delayed or incomplete activities and implementation constraints.",Recommended for human review; the model does not make operational decisions.
ES-001374,2026-06-01,Community Resilience Programme,Protection/Resilience,Borno,Gwoza,Gwoza Site 1,Low,1.6511343354628903e-14,Supply delay,Previous-month achievement pattern,Lower data quality,Strong activity completion,"Review procurement, logistics and supply-chain bottlenecks. | Review recent performance trends for persistent underachievement. | Validate source data, completeness and reporting quality.",Recommended for human review; the model does not make operational decisions.
ES-001534,2026-06-01,Community Resilience Programme,Protection/Resilience,Borno,Gwoza,Gwoza Site 6,Low,1.309097651298916e-13,Elevated complaints,Low staff availability,Low achievement,Strong activity completion,"Review feedback and complaint records for recurring operational issues. | Review staffing coverage, absences and field deployment capacity. | Review progress against targets and identify implementation bottlenecks.",Recommended for human review; the model does not make operational decisions.
ES-007518,2026-06-01,WASH Resilience Initiative,WASH,Borno,Gwoza,Gwoza Site 1,Low,3.217886205089971e-13,Low achievement,Access constraints,,Strong activity completion,"Review progress against targets and identify implementation bottlenecks. | Review access, movement and operational constraints affecting delivery.",Recommended for human review; the model does not make operational decisions.
ES-001342,2026-06-01,Community Resilience Programme,Protection/Resilience,Borno,Dikwa,Dikwa Site 6,Low,2.674997470110006e-11,Supply delay,Elevated complaints,Access constraints,Strong activity completion,"Review procurement, logistics and supply-chain bottlenecks. | Review feedback and complaint records for recurring operational issues. | Review access, movement and operational constraints affecting delivery.",Recommended for human review; the model does not make operational decisions.
ES-007390,2026-06-01,WASH Resilience Initiative,WASH,Borno,Dikwa,Dikwa Site 3,Medium,0.0007520700201546,Supply delay,Low activity completion,Low achievement,Lower access constraints,"Review procurement, logistics and supply-chain bottlenecks. | Review delayed or incomplete activities and implementation constraints. | Review progress against targets and identify implementation bottlenecks.",Recommended for human review; the model does not make operational decisions.
ES-006462,2026-06-01,WASH Resilience Initiative,WASH,Borno,Jere,Jere Site 4,Medium,0.0003797528386032,Reporting delay,Low achievement,Supply delay,Strong activity completion,"Validate reporting timeliness and follow up on delayed field submissions. | Review progress against targets and identify implementation bottlenecks. | Review procurement, logistics and supply-chain bottlenecks.",Recommended for human review; the model does not make operational decisions.
ES-005726,2026-06-01,Nutrition Support Programme,Nutrition,Borno,Ngala,Ngala Site 5,Low,1.0862393782894116e-23,Supply delay,Previous-month achievement pattern,,Strong achievement,"Review procurement, logistics and supply-chain bottlenecks. | Review recent performance trends for persistent underachievement.",Recommended for human review; the model does not make operational decisions.
ES-000670,2026-06-01,Community Resilience Programme,Protection/Resilience,Borno,Mafa,Mafa Site 3,Low,4.763445694173424e-23,Access constraints,Reporting delay,Previous-month achievement pattern,Strong achievement,"Review access, movement and operational constraints affecting delivery. | Validate reporting timeliness and follow up on delayed field submissions. | Review recent performance trends for persistent underachievement.",Recommended for human review; the model does not make operational decisions.
ES-001278,2026-06-01,Community Resilience Programme,Protection/Resilience,Borno,Dikwa,Dikwa Site 4,Medium,1.4352871627147665e-06,Low activity completion,Reporting delay,Elevated complaints,Lower access constraints,Review delayed or incomplete activities and implementation constraints. | Validate reporting timeliness and follow up on delayed field submissions. | Review feedback and complaint records for recurring operational issues.,Recommended for human review; the model does not make operational decisions.
ES-000414,2026-06-01,Community Resilience Programme,Protection/Resilience,Borno,Konduga,Konduga Site 1,Low,2.367593191487774e-19,Low activity completion,Reporting delay,Previous-month achievement pattern,Strong achievement,Review delayed or incomplete activities and implementation constraints. | Validate reporting timeliness and follow up on delayed field submissions. | Review recent performance trends for persistent underachievement.,Recommended for human review; the model does not make operational decisions.
ES-001470,2026-06-01,Community Resilience Programme,Protection/Resilience,Borno,Gwoza,Gwoza Site 4,Low,1.9667899143720043e-24,Supply delay,Low staff availability,Budget utilisation pattern,Strong achievement,"Review procurement, logistics and supply-chain bottlenecks. | Review staffing coverage, absences and field deployment capacity. | Review expenditure patterns against implementation progress.",Recommended for human review; the model does not make operational decisions.
ES-005342,2026-06-01,Nutrition Support Programme,Nutrition,Borno,Mafa,Mafa Site 5,Low,2.142565445626352e-13,Supply delay,Reporting delay,Access constraints,Strong achievement,"Review procurement, logistics and supply-chain bottlenecks. | Validate reporting timeliness and follow up on delayed field submissions. | Review access, movement and operational constraints affecting delivery.",Recommended for human review; the model does not make operational decisions.
ES-007262,2026-06-01,WASH Resilience Initiative,WASH,Borno,Ngala,Ngala Site 5,High,0.9722022919452766,Low achievement,Low activity completion,Reporting delay,Lower access constraints,Review progress against targets and identify implementation bottlenecks. | Review delayed or incomplete activities and implementation constraints. | Validate reporting timeliness and follow up on delayed field submissions.,Recommended for human review; the model does not make operational decisions.
ES-000286,2026-06-01,Community Resilience Programme,Protection/Resilience,Borno,Jere,Jere Site 3,Low,4.559295349632557e-14,Reporting delay,Low staff availability,Previous-month achievement pattern,Strong achievement,"Validate reporting timeliness and follow up on delayed field submissions. | Review staffing coverage, absences and field deployment capacity. | Review recent performance trends for persistent underachievement.",Recommended for human review; the model does not make operational decisions.
ES-000446,2026-06-01,Community Resilience Programme,Protection/Resilience,Borno,Konduga,Konduga Site 2,Medium,1.451414076207826e-05,Supply delay,Access constraints,Low activity completion,Timely reporting,"Review procurement, logistics and supply-chain bottlenecks. | Review access, movement and operational constraints affecting delivery. | Review delayed or incomplete activities and implementation constraints.",Recommended for human review; the model does not make operational decisions.
ES-005310,2026-06-01,Nutrition Support Programme,Nutrition,Borno,Mafa,Mafa Site 4,Low,4.6003347453191986e-17,Low activity completion,Low staff availability,Previous-month achievement pattern,Strong achievement,"Review delayed or incomplete activities and implementation constraints. | Review staffing coverage, absences and field deployment capacity. | Review recent performance trends for persistent underachievement.",Recommended for human review; the model does not make operational decisions.
ES-007102,2026-06-01,WASH Resilience Initiative,WASH,Borno,Bama,Bama Site 6,Medium,0.006639413863681,Low activity completion,Reporting delay,Supply delay,Strong staff availability,"Review delayed or incomplete activities and implementation constraints. | Validate reporting timeliness and follow up on delayed field submissions. | Review procurement, logistics and supply-chain bottlenecks.",Recommended for human review; the model does not make operational decisions.
ES-007550,2026-06-01,WASH Resilience Initiative,WASH,Borno,Gwoza,Gwoza Site 2,Low,1.8889978295652092e-13,Elevated complaints,Low staff availability,Previous-month achievement pattern,Strong achievement,"Review feedback and complaint records for recurring operational issues. | Review staffing coverage, absences and field deployment capacity. | Review recent performance trends for persistent underachievement.",Recommended for human review; the model does not make operational decisions.
ES-001246,2026-06-01,Community Resilience Programme,Protection/Resilience,Borno,Dikwa,Dikwa Site 3,Medium,8.706375059102378e-06,Low achievement,Low activity completion,Reporting delay,Limited supply delay,Review progress against targets and identify implementation bottlenecks. | Review delayed or incomplete activities and implementation constraints. | Validate reporting timeliness and follow up on delayed field submissions.,Recommended for human review; the model does not make operational decisions.
ES-006558,2026-06-01,WASH Resilience Initiative,WASH,Borno,Konduga,Konduga Site 1,Low,4.603529568058096e-14,Supply delay,Low staff availability,Lower data quality,Lower complaints,"Review procurement, logistics and supply-chain bottlenecks. | Review staffing coverage, absences and field deployment capacity. | Validate source data, completeness and reporting quality.",Recommended for human review; the model does not make operational decisions.
ES-000254,2026-06-01,Community Resilience Programme,Protection/Resilience,Borno,Jere,Jere Site 2,Medium,8.201686373601696e-05,Low activity completion,Access constraints,Elevated complaints,Limited supply delay,"Review delayed or incomplete activities and implementation constraints. | Review access, movement and operational constraints affecting delivery. | Review feedback and complaint records for recurring operational issues.",Recommended for human review; the model does not make operational decisions.
ES-000382,2026-06-01,Community Resilience Programme,Protection/Resilience,Borno,Jere,Jere Site 6,Medium,4.195012300119312e-05,Supply delay,Access constraints,Low activity completion,Strong achievement,"Review procurement, logistics and supply-chain bottlenecks. | Review access, movement and operational constraints affecting delivery. | Review delayed or incomplete activities and implementation constraints.",Recommended for human review; the model does not make operational decisions.
ES-007582,2026-06-01,WASH Resilience Initiative,WASH,Borno,Gwoza,Gwoza Site 3,Medium,0.0113063558211159,Reporting delay,Access constraints,Low achievement,Strong staff availability,"Validate reporting timeliness and follow up on delayed field submissions. | Review access, movement and operational constraints affecting delivery. | Review progress against targets and identify implementation bottlenecks.",Recommended for human review; the model does not make operational decisions.
ES-000222,2026-06-01,Community Resilience Programme,Protection/Resilience,Borno,Jere,Jere Site 1,Low,6.826939336856645e-17,Elevated complaints,Supply delay,Reporting delay,Strong achievement,"Review feedback and complaint records for recurring operational issues. | Review procurement, logistics and supply-chain bottlenecks. | Validate reporting timeliness and follow up on delayed field submissions.",Recommended for human review; the model does not make operational decisions.
ES-005662,2026-06-01,Nutrition Support Programme,Nutrition,Borno,Ngala,Ngala Site 3,Low,9.999828871018888e-20,Lower data quality,Previous-month achievement pattern,,Strong activity completion,"Validate source data, completeness and reporting quality. | Review recent performance trends for persistent underachievement.",Recommended for human review; the model does not make operational decisions.
ES-000318,2026-06-01,Community Resilience Programme,Protection/Resilience,Borno,Jere,Jere Site 4,Low,7.29324096445484e-19,Access constraints,Elevated complaints,Lower data quality,Strong achievement,"Review access, movement and operational constraints affecting delivery. | Review feedback and complaint records for recurring operational issues. | Validate source data, completeness and reporting quality.",Recommended for human review; the model does not make operational decisions.
ES-007038,2026-06-01,WASH Resilience Initiative,WASH,Borno,Bama,Bama Site 4,Low,3.654009691307147e-18,Low activity completion,Low staff availability,Previous-month achievement pattern,Strong achievement,"Review delayed or incomplete activities and implementation constraints. | Review staffing coverage, absences and field deployment capacity. | Review recent performance trends for persistent underachievement.",Recommended for human review; the model does not make operational decisions.
ES-005278,2026-06-01,Nutrition Support Programme,Nutrition,Borno,Mafa,Mafa Site 3,Low,6.7810005072847285e-22,Access constraints,Low staff availability,Lower data quality,Strong achievement,"Review access, movement and operational constraints affecting delivery. | Review staffing coverage, absences and field deployment capacity. | Validate source data, completeness and reporting quality.",Recommended for human review; the model does not make operational decisions.
ES-004638,2026-06-01,Nutrition Support Programme,Nutrition,Borno,Maiduguri,Maiduguri Site 1,Medium,0.0059605807664966,Low activity completion,Low achievement,Reporting delay,Strong data quality,Review delayed or incomplete activities and implementation constraints. | Review progress against targets and identify implementation bottlenecks. | Validate reporting timeliness and follow up on delayed field submissions.,Recommended for human review; the model does not make operational decisions.
ES-000638,2026-06-01,Community Resilience Programme,Protection/Resilience,Borno,Mafa,Mafa Site 2,Low,3.681850296220311e-30,Access constraints,Low staff availability,Supply delay,Strong achievement,"Review access, movement and operational constraints affecting delivery. | Review staffing coverage, absences and field deployment capacity. | Review procurement, logistics and supply-chain bottlenecks.",Recommended for human review; the model does not make operational decisions.
ES-007358,2026-06-01,WASH Resilience Initiative,WASH,Borno,Dikwa,Dikwa Site 2,Medium,5.6156205447532216e-06,Reporting delay,Low activity completion,Elevated complaints,Strong achievement,Validate reporting timeliness and follow up on delayed field submissions. | Review delayed or incomplete activities and implementation constraints. | Review feedback and complaint records for recurring operational issues.,Recommended for human review; the model does not make operational decisions.
ES-006494,2026-06-01,WASH Resilience Initiative,WASH,Borno,Jere,Jere Site 5,High,0.9999999994061144,Low achievement,Low activity completion,Supply delay,Lower complaints,"Review progress against targets and identify implementation bottlenecks. | Review delayed or incomplete activities and implementation constraints. | Review procurement, logistics and supply-chain bottlenecks.",Recommended for human review; the model does not make operational decisions.
ES-001310,2026-06-01,Community Resilience Programme,Protection/Resilience,Borno,Dikwa,Dikwa Site 5,Low,4.4258012541402074e-08,Low achievement,Low activity completion,Budget utilisation pattern,Timely reporting,Review progress against targets and identify implementation bottlenecks. | Review delayed or incomplete activities and implementation constraints. | Review expenditure patterns against implementation progress.,Recommended for human review; the model does not make operational decisions.
ES-007070,2026-06-01,WASH Resilience Initiative,WASH,Borno,Bama,Bama Site 5,Low,6.495295090586817e-10,Supply delay,Low achievement,Low activity completion,Timely reporting,"Review procurement, logistics and supply-chain bottlenecks. | Review progress against targets and identify implementation bottlenecks. | Review delayed or incomplete activities and implementation constraints.",Recommended for human review; the model does not make operational decisions.
ES-005374,2026-06-01,Nutrition Support Programme,Nutrition,Borno,Mafa,Mafa Site 6,Low,2.296776586692038e-15,Access constraints,Lower data quality,Previous-month achievement pattern,Strong achievement,"Review access, movement and operational constraints affecting delivery. | Validate source data, completeness and reporting quality. | Review recent performance trends for persistent underachievement.",Recommended for human review; the model does not make operational decisions.
ES-006526,2026-06-01,WASH Resilience Initiative,WASH,Borno,Jere,Jere Site 6,Low,2.0767254677568644e-12,Supply delay,Reporting delay,Previous-month achievement pattern,Strong achievement,"Review procurement, logistics and supply-chain bottlenecks. | Validate reporting timeliness and follow up on delayed field submissions. | Review recent performance trends for persistent underachievement.",Recommended for human review; the model does not make operational decisions.
ES-003391,2026-07-01,Education Access Project,Education,Borno,Jere,Jere Site 4,Low,2.358453890225132e-15,Supply delay,Previous-month achievement pattern,,Strong achievement,"Review procurement, logistics and supply-chain bottlenecks. | Review recent performance trends for persistent underachievement.",Recommended for human review; the model does not make operational decisions.
ES-003071,2026-07-01,Livelihood Recovery Initiative,Livelihoods,Borno,Gwoza,Gwoza Site 6,Medium,5.1023767797167685e-05,Low achievement,Access constraints,Supply delay,Strong activity completion,"Review progress against targets and identify implementation bottlenecks. | Review access, movement and operational constraints affecting delivery. | Review procurement, logistics and supply-chain bottlenecks.",Recommended for human review; the model does not make operational decisions.
ES-001791,2026-07-01,Livelihood Recovery Initiative,Livelihoods,Borno,Jere,Jere Site 2,Medium,0.0083494812510676,Elevated complaints,Low activity completion,Low achievement,Strong staff availability,Review feedback and complaint records for recurring operational issues. | Review delayed or incomplete activities and implementation constraints. | Review progress against targets and identify implementation bottlenecks.,Recommended for human review; the model does not make operational decisions.
ES-001503,2026-07-01,Community Resilience Programme,Protection/Resilience,Borno,Gwoza,Gwoza Site 5,Medium,0.0078961709872149,Low achievement,Reporting delay,Elevated complaints,Limited supply delay,Review progress against targets and identify implementation bottlenecks. | Validate reporting timeliness and follow up on delayed field submissions. | Review feedback and complaint records for recurring operational issues.,Recommended for human review; the model does not make operational decisions.
ES-007487,2026-07-01,WASH Resilience Initiative,WASH,Borno,Dikwa,Dikwa Site 6,Low,1.1417205785470234e-25,Low staff availability,Previous-month achievement pattern,Budget utilisation pattern,Strong achievement,"Review staffing coverage, absences and field deployment capacity. | Review recent performance trends for persistent underachievement. | Review expenditure patterns against implementation progress.",Recommended for human review; the model does not make operational decisions.
ES-003039,2026-07-01,Livelihood Recovery Initiative,Livelihoods,Borno,Gwoza,Gwoza Site 5,Medium,4.67271289084165e-05,Low activity completion,Supply delay,Low staff availability,Lower access constraints,"Review delayed or incomplete activities and implementation constraints. | Review procurement, logistics and supply-chain bottlenecks. | Review staffing coverage, absences and field deployment capacity.",Recommended for human review; the model does not make operational decisions.
ES-007519,2026-07-01,WASH Resilience Initiative,WASH,Borno,Gwoza,Gwoza Site 1,Low,6.390028774385241e-10,Reporting delay,Elevated complaints,Access constraints,Strong activity completion,"Validate reporting timeliness and follow up on delayed field submissions. | Review feedback and complaint records for recurring operational issues. | Review access, movement and operational constraints affecting delivery.",Recommended for human review; the model does not make operational decisions.
ES-003423,2026-07-01,Education Access Project,Education,Borno,Jere,Jere Site 5,Medium,1.0659790413902736e-05,Low achievement,Supply delay,Reporting delay,Strong activity completion,"Review progress against targets and identify implementation bottlenecks. | Review procurement, logistics and supply-chain bottlenecks. | Validate reporting timeliness and follow up on delayed field submissions.",Recommended for human review; the model does not make operational decisions.
ES-001759,2026-07-01,Livelihood Recovery Initiative,Livelihoods,Borno,Jere,Jere Site 1,Medium,3.2561773849488574e-05,Low achievement,Low activity completion,Access constraints,Limited supply delay,"Review progress against targets and identify implementation bottlenecks. | Review delayed or incomplete activities and implementation constraints. | Review access, movement and operational constraints affecting delivery.",Recommended for human review; the model does not make operational decisions.
ES-007295,2026-07-01,WASH Resilience Initiative,WASH,Borno,Ngala,Ngala Site 6,Medium,5.810526492936093e-06,Supply delay,Access constraints,Low staff availability,Strong activity completion,"Review procurement, logistics and supply-chain bottlenecks. | Review access, movement and operational constraints affecting delivery. | Review staffing coverage, absences and field deployment capacity.",Recommended for human review; the model does not make operational decisions.
ES-003359,2026-07-01,Education Access Project,Education,Borno,Jere,Jere Site 3,Low,1.2722222438387265e-08,Low achievement,Supply delay,Access constraints,Strong activity completion,"Review progress against targets and identify implementation bottlenecks. | Review procurement, logistics and supply-chain bottlenecks. | Review access, movement and operational constraints affecting delivery.",Recommended for human review; the model does not make operational decisions.
ES-007327,2026-07-01,WASH Resilience Initiative,WASH,Borno,Dikwa,Dikwa Site 1,Low,8.459666951915464e-21,Elevated complaints,Lower data quality,Low staff availability,Strong activity completion,"Review feedback and complaint records for recurring operational issues. | Validate source data, completeness and reporting quality. | Review staffing coverage, absences and field deployment capacity.",Recommended for human review; the model does not make operational decisions.
ES-004543,2026-07-01,Education Access Project,Education,Borno,Gwoza,Gwoza Site 4,Medium,9.372843471386832e-05,Low achievement,Low activity completion,Supply delay,Timely reporting,"Review progress against targets and identify implementation bottlenecks. | Review delayed or incomplete activities and implementation constraints. | Review procurement, logistics and supply-chain bottlenecks.",Recommended for human review; the model does not make operational decisions.
ES-007231,2026-07-01,WASH Resilience Initiative,WASH,Borno,Ngala,Ngala Site 4,High,0.9999999999999728,Supply delay,Access constraints,Reporting delay,Strong activity completion,"Review procurement, logistics and supply-chain bottlenecks. | Review access, movement and operational constraints affecting delivery. | Validate reporting timeliness and follow up on delayed field submissions.",Recommended for human review; the model does not make operational decisions.
ES-002111,2026-07-01,Livelihood Recovery Initiative,Livelihoods,Borno,Konduga,Konduga Site 6,Low,9.53551057710826e-23,Access constraints,Low staff availability,Previous-month achievement pattern,Strong achievement,"Review access, movement and operational constraints affecting delivery. | Review staffing coverage, absences and field deployment capacity. | Review recent performance trends for persistent underachievement.",Recommended for human review; the model does not make operational decisions.
ES-000255,2026-07-01,Community Resilience Programme,Protection/Resilience,Borno,Jere,Jere Site 2,Low,1.32828542629588e-21,Access constraints,,,Strong achievement,"Review access, movement and operational constraints affecting delivery.",Recommended for human review; the model does not make operational decisions.
ES-002079,2026-07-01,Livelihood Recovery Initiative,Livelihoods,Borno,Konduga,Konduga Site 5,Medium,9.267175942247488e-05,Low achievement,Elevated complaints,Low staff availability,Lower access constraints,"Review progress against targets and identify implementation bottlenecks. | Review feedback and complaint records for recurring operational issues. | Review staffing coverage, absences and field deployment capacity.",Recommended for human review; the model does not make operational decisions.
ES-004575,2026-07-01,Education Access Project,Education,Borno,Gwoza,Gwoza Site 5,Medium,0.0003610086994445,Low achievement,Access constraints,Supply delay,Strong activity completion,"Review progress against targets and identify implementation bottlenecks. | Review access, movement and operational constraints affecting delivery. | Review procurement, logistics and supply-chain bottlenecks.",Recommended for human review; the model does not make operational decisions.
ES-007359,2026-07-01,WASH Resilience Initiative,WASH,Borno,Dikwa,Dikwa Site 2,Medium,1.1403201936433242e-05,Supply delay,Low activity completion,Elevated complaints,Strong staff availability,"Review procurement, logistics and supply-chain bottlenecks. | Review delayed or incomplete activities and implementation constraints. | Review feedback and complaint records for recurring operational issues.",Recommended for human review; the model does not make operational decisions.
ES-002047,2026-07-01,Livelihood Recovery Initiative,Livelihoods,Borno,Konduga,Konduga Site 4,Medium,6.094651164349637e-06,Low achievement,Low activity completion,Reporting delay,Limited supply delay,Review progress against targets and identify implementation bottlenecks. | Review delayed or incomplete activities and implementation constraints. | Validate reporting timeliness and follow up on delayed field submissions.,Recommended for human review; the model does not make operational decisions.
ES-000223,2026-07-01,Community Resilience Programme,Protection/Resilience,Borno,Jere,Jere Site 1,Low,7.939948480452436e-30,Lower data quality,Previous-month achievement pattern,Low activity completion,Strong achievement,"Validate source data, completeness and reporting quality. | Review recent performance trends for persistent underachievement. | Review delayed or incomplete activities and implementation constraints.",Recommended for human review; the model does not make operational decisions.
ES-002015,2026-07-01,Livelihood Recovery Initiative,Livelihoods,Borno,Konduga,Konduga Site 3,Low,4.995570617862937e-12,Reporting delay,Access constraints,Low staff availability,Strong activity completion,"Validate reporting timeliness and follow up on delayed field submissions. | Review access, movement and operational constraints affecting delivery. | Review staffing coverage, absences and field deployment capacity.",Recommended for human review; the model does not make operational decisions.
ES-004607,2026-07-01,Education Access Project,Education,Borno,Gwoza,Gwoza Site 6,High,0.9999994287793909,Low achievement,Elevated complaints,Low staff availability,Strong activity completion,"Review progress against targets and identify implementation bottlenecks. | Review feedback and complaint records for recurring operational issues. | Review staffing coverage, absences and field deployment capacity.",Recommended for human review; the model does not make operational decisions.
ES-001823,2026-07-01,Livelihood Recovery Initiative,Livelihoods,Borno,Jere,Jere Site 3,Low,5.987455700341238e-22,Supply delay,Previous-month achievement pattern,Budget utilisation pattern,Strong achievement,"Review procurement, logistics and supply-chain bottlenecks. | Review recent performance trends for persistent underachievement. | Review expenditure patterns against implementation progress.",Recommended for human review; the model does not make operational decisions.
ES-001983,2026-07-01,Livelihood Recovery Initiative,Livelihoods,Borno,Konduga,Konduga Site 2,Medium,2.881118537026685e-05,Low achievement,Supply delay,Access constraints,Lower complaints,"Review progress against targets and identify implementation bottlenecks. | Review procurement, logistics and supply-chain bottlenecks. | Review access, movement and operational constraints affecting delivery.",Recommended for human review; the model does not make operational decisions.
ES-007391,2026-07-01,WASH Resilience Initiative,WASH,Borno,Dikwa,Dikwa Site 3,Low,1.131256050779396e-11,Supply delay,Low staff availability,Budget utilisation pattern,Strong achievement,"Review procurement, logistics and supply-chain bottlenecks. | Review staffing coverage, absences and field deployment capacity. | Review expenditure patterns against implementation progress.",Recommended for human review; the model does not make operational decisions.
ES-003295,2026-07-01,Education Access Project,Education,Borno,Jere,Jere Site 1,Low,1.093014727428147e-07,Supply delay,Access constraints,Low activity completion,Strong achievement,"Review procurement, logistics and supply-chain bottlenecks. | Review access, movement and operational constraints affecting delivery. | Review delayed or incomplete activities and implementation constraints.",Recommended for human review; the model does not make operational decisions.
ES-001951,2026-07-01,Livelihood Recovery Initiative,Livelihoods,Borno,Konduga,Konduga Site 1,Medium,8.118227564461648e-06,Low achievement,Low activity completion,Elevated complaints,Limited supply delay,Review progress against targets and identify implementation bottlenecks. | Review delayed or incomplete activities and implementation constraints. | Review feedback and complaint records for recurring operational issues.,Recommended for human review; the model does not make operational decisions.
ES-007423,2026-07-01,WASH Resilience Initiative,WASH,Borno,Dikwa,Dikwa Site 4,Low,1.6322528623269015e-11,Elevated complaints,Lower data quality,Low achievement,Strong activity completion,"Review feedback and complaint records for recurring operational issues. | Validate source data, completeness and reporting quality. | Review progress against targets and identify implementation bottlenecks.",Recommended for human review; the model does not make operational decisions.
ES-001919,2026-07-01,Livelihood Recovery Initiative,Livelihoods,Borno,Jere,Jere Site 6,Low,2.272526237882076e-16,Elevated complaints,Low staff availability,Previous-month achievement pattern,Strong achievement,"Review feedback and complaint records for recurring operational issues. | Review staffing coverage, absences and field deployment capacity. | Review recent performance trends for persistent underachievement.",Recommended for human review; the model does not make operational decisions.
ES-006655,2026-07-01,WASH Resilience Initiative,WASH,Borno,Konduga,Konduga Site 4,Low,3.8275335123785055e-16,Supply delay,Access constraints,Lower data quality,Strong activity completion,"Review procurement, logistics and supply-chain bottlenecks. | Review access, movement and operational constraints affecting delivery. | Validate source data, completeness and reporting quality.",Recommended for human review; the model does not make operational decisions.
ES-000831,2026-07-01,Community Resilience Programme,Protection/Resilience,Borno,Bama,Bama Site 2,Low,9.217081826558723e-17,Lower data quality,Low staff availability,Access constraints,Strong achievement,"Validate source data, completeness and reporting quality. | Review staffing coverage, absences and field deployment capacity. | Review access, movement and operational constraints affecting delivery.",Recommended for human review; the model does not make operational decisions.
ES-001535,2026-07-01,Community Resilience Programme,Protection/Resilience,Borno,Gwoza,Gwoza Site 6,Low,6.26497947070306e-22,Low achievement,Low staff availability,,Strong activity completion,"Review progress against targets and identify implementation bottlenecks. | Review staffing coverage, absences and field deployment capacity.",Recommended for human review; the model does not make operational decisions.
ES-003327,2026-07-01,Education Access Project,Education,Borno,Jere,Jere Site 2,Medium,3.195929347416356e-05,Low activity completion,Low achievement,Low staff availability,Lower access constraints,"Review delayed or incomplete activities and implementation constraints. | Review progress against targets and identify implementation bottlenecks. | Review staffing coverage, absences and field deployment capacity.",Recommended for human review; the model does not make operational decisions.
ES-001887,2026-07-01,Livelihood Recovery Initiative,Livelihoods,Borno,Jere,Jere Site 5,Low,2.611789685194923e-31,Reporting delay,Supply delay,Previous-month achievement pattern,Strong achievement,"Validate reporting timeliness and follow up on delayed field submissions. | Review procurement, logistics and supply-chain bottlenecks. | Review recent performance trends for persistent underachievement.",Recommended for human review; the model does not make operational decisions.
ES-001855,2026-07-01,Livelihood Recovery Initiative,Livelihoods,Borno,Jere,Jere Site 4,Low,6.62940766305436e-16,Supply delay,Access constraints,Lower data quality,Strong activity completion,"Review procurement, logistics and supply-chain bottlenecks. | Review access, movement and operational constraints affecting delivery. | Validate source data, completeness and reporting quality.",Recommended for human review; the model does not make operational decisions.
ES-007455,2026-07-01,WASH Resilience Initiative,WASH,Borno,Dikwa,Dikwa Site 5,Medium,0.1287597367926502,Low achievement,Low activity completion,Supply delay,Timely reporting,"Review progress against targets and identify implementation bottlenecks. | Review delayed or incomplete activities and implementation constraints. | Review procurement, logistics and supply-chain bottlenecks.",Recommended for human review; the model does not make operational decisions.
ES-006175,2026-07-01,WASH Resilience Initiative,WASH,Borno,Maiduguri,Maiduguri Site 1,Medium,4.272694444905116e-05,Low activity completion,Access constraints,Previous-month achievement pattern,Strong achievement,"Review delayed or incomplete activities and implementation constraints. | Review access, movement and operational constraints affecting delivery. | Review recent performance trends for persistent underachievement.",Recommended for human review; the model does not make operational decisions.
ES-006207,2026-07-01,WASH Resilience Initiative,WASH,Borno,Maiduguri,Maiduguri Site 2,Low,6.744517689470972e-11,Low activity completion,Low staff availability,Budget utilisation pattern,Strong achievement,"Review delayed or incomplete activities and implementation constraints. | Review staffing coverage, absences and field deployment capacity. | Review expenditure patterns against implementation progress.",Recommended for human review; the model does not make operational decisions.
ES-000703,2026-07-01,Community Resilience Programme,Protection/Resilience,Borno,Mafa,Mafa Site 4,Low,5.736959999776151e-26,Supply delay,Low staff availability,Elevated complaints,Strong achievement,"Review procurement, logistics and supply-chain bottlenecks. | Review staffing coverage, absences and field deployment capacity. | Review feedback and complaint records for recurring operational issues.",Recommended for human review; the model does not make operational decisions.
ES-003455,2026-07-01,Education Access Project,Education,Borno,Jere,Jere Site 6,Medium,0.0044842118410271,Low activity completion,Low achievement,Reporting delay,Limited supply delay,Review delayed or incomplete activities and implementation constraints. | Review progress against targets and identify implementation bottlenecks. | Validate reporting timeliness and follow up on delayed field submissions.,Recommended for human review; the model does not make operational decisions.
ES-006399,2026-07-01,WASH Resilience Initiative,WASH,Borno,Jere,Jere Site 2,Medium,0.0004117734292334,Low activity completion,Low achievement,Elevated complaints,Limited supply delay,Review delayed or incomplete activities and implementation constraints. | Review progress against targets and identify implementation bottlenecks. | Review feedback and complaint records for recurring operational issues.,Recommended for human review; the model does not make operational decisions.
ES-003711,2026-07-01,Education Access Project,Education,Borno,Mafa,Mafa Site 2,Medium,3.431753722389637e-06,Low activity completion,Low achievement,Elevated complaints,Limited supply delay,Review delayed or incomplete activities and implementation constraints. | Review progress against targets and identify implementation bottlenecks. | Review feedback and complaint records for recurring operational issues.,Recommended for human review; the model does not make operational decisions.
ES-002367,2026-07-01,Livelihood Recovery Initiative,Livelihoods,Borno,Bama,Bama Site 2,Medium,3.2795643883716093e-06,Low activity completion,Reporting delay,Supply delay,Strong achievement,"Review delayed or incomplete activities and implementation constraints. | Validate reporting timeliness and follow up on delayed field submissions. | Review procurement, logistics and supply-chain bottlenecks.",Recommended for human review; the model does not make operational decisions.
ES-006431,2026-07-01,WASH Resilience Initiative,WASH,Borno,Jere,Jere Site 3,Low,9.057787450001444e-09,Low activity completion,Elevated complaints,Budget utilisation pattern,Lower access constraints,Review delayed or incomplete activities and implementation constraints. | Review feedback and complaint records for recurring operational issues. | Review expenditure patterns against implementation progress.,Recommended for human review; the model does not make operational decisions.
ES-003743,2026-07-01,Education Access Project,Education,Borno,Mafa,Mafa Site 3,High,0.9702176343288108,Low achievement,Supply delay,Low activity completion,Strong data quality,"Review progress against targets and identify implementation bottlenecks. | Review procurement, logistics and supply-chain bottlenecks. | Review delayed or incomplete activities and implementation constraints.",Recommended for human review; the model does not make operational decisions.
ES-001343,2026-07-01,Community Resilience Programme,Protection/Resilience,Borno,Dikwa,Dikwa Site 6,Low,3.718553345258832e-14,Reporting delay,Access constraints,Previous-month achievement pattern,Strong activity completion,"Validate reporting timeliness and follow up on delayed field submissions. | Review access, movement and operational constraints affecting delivery. | Review recent performance trends for persistent underachievement.",Recommended for human review; the model does not make operational decisions.
ES-002335,2026-07-01,Livelihood Recovery Initiative,Livelihoods,Borno,Bama,Bama Site 1,Medium,0.10857393904344,Low achievement,Low activity completion,Supply delay,Previous-month achievement pattern,"Review progress against targets and identify implementation bottlenecks. | Review delayed or incomplete activities and implementation constraints. | Review procurement, logistics and supply-chain bottlenecks.",Recommended for human review; the model does not make operational decisions.
ES-007199,2026-07-01,WASH Resilience Initiative,WASH,Borno,Ngala,Ngala Site 3,Medium,0.2764331884234883,Low achievement,Reporting delay,Low staff availability,Limited supply delay,"Review progress against targets and identify implementation bottlenecks. | Validate reporting timeliness and follow up on delayed field submissions. | Review staffing coverage, absences and field deployment capacity.",Recommended for human review; the model does not make operational decisions.
ES-004223,2026-07-01,Education Access Project,Education,Borno,Ngala,Ngala Site 6,Medium,0.1870121829277515,Low achievement,Low activity completion,Access constraints,Timely reporting,"Review progress against targets and identify implementation bottlenecks. | Review delayed or incomplete activities and implementation constraints. | Review access, movement and operational constraints affecting delivery.",Recommended for human review; the model does not make operational decisions.
ES-006463,2026-07-01,WASH Resilience Initiative,WASH,Borno,Jere,Jere Site 4,High,0.994017271106885,Low achievement,Reporting delay,Elevated complaints,Previous-month achievement pattern,Review progress against targets and identify implementation bottlenecks. | Validate reporting timeliness and follow up on delayed field submissions. | Review feedback and complaint records for recurring operational issues.,Recommended for human review; the model does not make operational decisions.
ES-003775,2026-07-01,Education Access Project,Education,Borno,Mafa,Mafa Site 4,Low,6.202616238422935e-07,Low achievement,Access constraints,Lower data quality,Strong activity completion,"Review progress against targets and identify implementation bottlenecks. | Review access, movement and operational constraints affecting delivery. | Validate source data, completeness and reporting quality.",Recommended for human review; the model does not make operational decisions.
ES-004191,2026-07-01,Education Access Project,Education,Borno,Ngala,Ngala Site 5,Medium,0.4656048614719458,Low achievement,Low activity completion,Reporting delay,Lower complaints,Review progress against targets and identify implementation bottlenecks. | Review delayed or incomplete activities and implementation constraints. | Validate reporting timeliness and follow up on delayed field submissions.,Recommended for human review; the model does not make operational decisions.
ES-001311,2026-07-01,Community Resilience Programme,Protection/Resilience,Borno,Dikwa,Dikwa Site 5,Low,9.36638243619647e-08,Low activity completion,Low achievement,Reporting delay,Limited supply delay,Review delayed or incomplete activities and implementation constraints. | Review progress against targets and identify implementation bottlenecks. | Validate reporting timeliness and follow up on delayed field submissions.,Recommended for human review; the model does not make operational decisions.
ES-006271,2026-07-01,WASH Resilience Initiative,WASH,Borno,Maiduguri,Maiduguri Site 4,Low,9.120804657433034e-20,Reporting delay,Elevated complaints,Lower data quality,Strong achievement,"Validate reporting timeliness and follow up on delayed field submissions. | Review feedback and complaint records for recurring operational issues. | Validate source data, completeness and reporting quality.",Recommended for human review; the model does not make operational decisions.
ES-002399,2026-07-01,Livelihood Recovery Initiative,Livelihoods,Borno,Bama,Bama Site 3,Low,1.2740896825638573e-17,Low staff availability,Budget utilisation pattern,Previous-month achievement pattern,Strong achievement,"Review staffing coverage, absences and field deployment capacity. | Review expenditure patterns against implementation progress. | Review recent performance trends for persistent underachievement.",Recommended for human review; the model does not make operational decisions.
ES-004159,2026-07-01,Education Access Project,Education,Borno,Ngala,Ngala Site 4,High,0.5121754873892091,Low activity completion,Low achievement,Elevated complaints,Strong staff availability,Review delayed or incomplete activities and implementation constraints. | Review progress against targets and identify implementation bottlenecks. | Review feedback and complaint records for recurring operational issues.,Recommended for human review; the model does not make operational decisions.
ES-004127,2026-07-01,Education Access Project,Education,Borno,Ngala,Ngala Site 3,Medium,0.0014238682205403,Low achievement,Low activity completion,Reporting delay,Lower access constraints,Review progress against targets and identify implementation bottlenecks. | Review delayed or incomplete activities and implementation constraints. | Validate reporting timeliness and follow up on delayed field submissions.,Recommended for human review; the model does not make operational decisions.
ES-006495,2026-07-01,WASH Resilience Initiative,WASH,Borno,Jere,Jere Site 5,Low,5.574350920177125e-17,Low activity completion,Lower data quality,Previous-month achievement pattern,Strong achievement,"Review delayed or incomplete activities and implementation constraints. | Validate source data, completeness and reporting quality. | Review recent performance trends for persistent underachievement.",Recommended for human review; the model does not make operational decisions.
ES-003839,2026-07-01,Education Access Project,Education,Borno,Mafa,Mafa Site 6,Low,7.514137020232266e-09,Low achievement,Access constraints,Reporting delay,Limited supply delay,"Review progress against targets and identify implementation bottlenecks. | Review access, movement and operational constraints affecting delivery. | Validate reporting timeliness and follow up on delayed field submissions.",Recommended for human review; the model does not make operational decisions.
ES-004095,2026-07-01,Education Access Project,Education,Borno,Ngala,Ngala Site 2,Low,1.4072662680788336e-08,Low achievement,Low staff availability,Access constraints,Timely reporting,"Review progress against targets and identify implementation bottlenecks. | Review staffing coverage, absences and field deployment capacity. | Review access, movement and operational constraints affecting delivery.",Recommended for human review; the model does not make operational decisions.
ES-006527,2026-07-01,WASH Resilience Initiative,WASH,Borno,Jere,Jere Site 6,Low,1.7966626003999858e-17,Elevated complaints,Low achievement,Access constraints,Limited supply delay,"Review feedback and complaint records for recurring operational issues. | Review progress against targets and identify implementation bottlenecks. | Review access, movement and operational constraints affecting delivery.",Recommended for human review; the model does not make operational decisions.
ES-004063,2026-07-01,Education Access Project,Education,Borno,Ngala,Ngala Site 1,Medium,0.0424760769506777,Low achievement,Low activity completion,Elevated complaints,Limited supply delay,Review progress against targets and identify implementation bottlenecks. | Review delayed or incomplete activities and implementation constraints. | Review feedback and complaint records for recurring operational issues.,Recommended for human review; the model does not make operational decisions.
ES-001279,2026-07-01,Community Resilience Programme,Protection/Resilience,Borno,Dikwa,Dikwa Site 4,Low,1.2348895149044274e-16,Reporting delay,Lower data quality,Supply delay,Strong activity completion,"Validate reporting timeliness and follow up on delayed field submissions. | Validate source data, completeness and reporting quality. | Review procurement, logistics and supply-chain bottlenecks.",Recommended for human review; the model does not make operational decisions.
ES-003103,2026-07-01,Education Access Project,Education,Borno,Maiduguri,Maiduguri Site 1,Medium,0.0008156515605632,Reporting delay,Elevated complaints,Low achievement,Limited supply delay,Validate reporting timeliness and follow up on delayed field submissions. | Review feedback and complaint records for recurring operational issues. | Review progress against targets and identify implementation bottlenecks.,Recommended for human review; the model does not make operational decisions.
ES-003263,2026-07-01,Education Access Project,Education,Borno,Maiduguri,Maiduguri Site 6,Medium,0.0002196290983656,Low achievement,Reporting delay,Lower data quality,Limited supply delay,"Review progress against targets and identify implementation bottlenecks. | Validate reporting timeliness and follow up on delayed field submissions. | Validate source data, completeness and reporting quality.",Recommended for human review; the model does not make operational decisions.
ES-006559,2026-07-01,WASH Resilience Initiative,WASH,Borno,Konduga,Konduga Site 1,Low,4.021045627532928e-07,Low achievement,Low activity completion,Supply delay,Lower access constraints,"Review progress against targets and identify implementation bottlenecks. | Review delayed or incomplete activities and implementation constraints. | Review procurement, logistics and supply-chain bottlenecks.",Recommended for human review; the model does not make operational decisions.
ES-003135,2026-07-01,Education Access Project,Education,Borno,Maiduguri,Maiduguri Site 2,Low,2.233564560902696e-44,Previous-month achievement pattern,,,Strong achievement,Review recent performance trends for persistent underachievement.,Recommended for human review; the model does not make operational decisions.
ES-003231,2026-07-01,Education Access Project,Education,Borno,Maiduguri,Maiduguri Site 5,Medium,7.459079980409145e-05,Low activity completion,Low achievement,Access constraints,Lower complaints,"Review delayed or incomplete activities and implementation constraints. | Review progress against targets and identify implementation bottlenecks. | Review access, movement and operational constraints affecting delivery.",Recommended for human review; the model does not make operational decisions.
ES-001247,2026-07-01,Community Resilience Programme,Protection/Resilience,Borno,Dikwa,Dikwa Site 3,Low,6.431024606387133e-15,Elevated complaints,Lower data quality,,Timely reporting,"Review feedback and complaint records for recurring operational issues. | Validate source data, completeness and reporting quality.",Recommended for human review; the model does not make operational decisions.
ES-003199,2026-07-01,Education Access Project,Education,Borno,Maiduguri,Maiduguri Site 4,Medium,0.3572614357988481,Low achievement,Low activity completion,Access constraints,Limited supply delay,"Review progress against targets and identify implementation bottlenecks. | Review delayed or incomplete activities and implementation constraints. | Review access, movement and operational constraints affecting delivery.",Recommended for human review; the model does not make operational decisions.
ES-003807,2026-07-01,Education Access Project,Education,Borno,Mafa,Mafa Site 5,Medium,0.0188051736376386,Low activity completion,Low achievement,Low staff availability,Limited supply delay,"Review delayed or incomplete activities and implementation constraints. | Review progress against targets and identify implementation bottlenecks. | Review staffing coverage, absences and field deployment capacity.",Recommended for human review; the model does not make operational decisions.
ES-007551,2026-07-01,WASH Resilience Initiative,WASH,Borno,Gwoza,Gwoza Site 2,Low,6.896256800279122e-19,Low staff availability,Elevated complaints,Previous-month achievement pattern,Strong achievement,"Review staffing coverage, absences and field deployment capacity. | Review feedback and complaint records for recurring operational issues. | Review recent performance trends for persistent underachievement.",Recommended for human review; the model does not make operational decisions.
ES-006623,2026-07-01,WASH Resilience Initiative,WASH,Borno,Konduga,Konduga Site 3,Medium,1.511204174868738e-05,Access constraints,Low activity completion,Low achievement,Lower complaints,"Review access, movement and operational constraints affecting delivery. | Review delayed or incomplete activities and implementation constraints. | Review progress against targets and identify implementation bottlenecks.",Recommended for human review; the model does not make operational decisions.
ES-003679,2026-07-01,Education Access Project,Education,Borno,Mafa,Mafa Site 1,Low,2.102941390902596e-23,Elevated complaints,Low staff availability,Budget utilisation pattern,Strong activity completion,"Review feedback and complaint records for recurring operational issues. | Review staffing coverage, absences and field deployment capacity. | Review expenditure patterns against implementation progress.",Recommended for human review; the model does not make operational decisions.
ES-003007,2026-07-01,Livelihood Recovery Initiative,Livelihoods,Borno,Gwoza,Gwoza Site 4,High,0.7903273290031088,Low activity completion,Reporting delay,Low achievement,Limited supply delay,Review delayed or incomplete activities and implementation constraints. | Validate reporting timeliness and follow up on delayed field submissions. | Review progress against targets and identify implementation bottlenecks.,Recommended for human review; the model does not make operational decisions.
ES-001471,2026-07-01,Community Resilience Programme,Protection/Resilience,Borno,Gwoza,Gwoza Site 4,Low,3.4256619605292073e-18,Elevated complaints,Supply delay,Previous-month achievement pattern,Strong achievement,"Review feedback and complaint records for recurring operational issues. | Review procurement, logistics and supply-chain bottlenecks. | Review recent performance trends for persistent underachievement.",Recommended for human review; the model does not make operational decisions.
ES-003487,2026-07-01,Education Access Project,Education,Borno,Konduga,Konduga Site 1,Low,2.674664744136054e-37,Reporting delay,Lower data quality,Previous-month achievement pattern,Strong achievement,"Validate reporting timeliness and follow up on delayed field submissions. | Validate source data, completeness and reporting quality. | Review recent performance trends for persistent underachievement.",Recommended for human review; the model does not make operational decisions.
ES-002975,2026-07-01,Livelihood Recovery Initiative,Livelihoods,Borno,Gwoza,Gwoza Site 3,Medium,0.0249259200528483,Low activity completion,Low staff availability,Supply delay,Timely reporting,"Review delayed or incomplete activities and implementation constraints. | Review staffing coverage, absences and field deployment capacity. | Review procurement, logistics and supply-chain bottlenecks.",Recommended for human review; the model does not make operational decisions.
ES-002943,2026-07-01,Livelihood Recovery Initiative,Livelihoods,Borno,Gwoza,Gwoza Site 2,Low,2.5762544586748666e-12,Supply delay,Access constraints,Previous-month achievement pattern,Strong achievement,"Review procurement, logistics and supply-chain bottlenecks. | Review access, movement and operational constraints affecting delivery. | Review recent performance trends for persistent underachievement.",Recommended for human review; the model does not make operational decisions.
ES-007583,2026-07-01,WASH Resilience Initiative,WASH,Borno,Gwoza,Gwoza Site 3,Medium,8.322292632541817e-05,Low achievement,Reporting delay,Access constraints,Strong activity completion,"Review progress against targets and identify implementation bottlenecks. | Validate reporting timeliness and follow up on delayed field submissions. | Review access, movement and operational constraints affecting delivery.",Recommended for human review; the model does not make operational decisions.
ES-001439,2026-07-01,Community Resilience Programme,Protection/Resilience,Borno,Gwoza,Gwoza Site 3,Low,2.5227969964994225e-11,Elevated complaints,Low achievement,Lower data quality,Timely reporting,"Review feedback and complaint records for recurring operational issues. | Review progress against targets and identify implementation bottlenecks. | Validate source data, completeness and reporting quality.",Recommended for human review; the model does not make operational decisions.
ES-003519,2026-07-01,Education Access Project,Education,Borno,Konduga,Konduga Site 2,Medium,8.222421969047192e-07,Reporting delay,Low staff availability,Previous-month achievement pattern,Strong activity completion,"Validate reporting timeliness and follow up on delayed field submissions. | Review staffing coverage, absences and field deployment capacity. | Review recent performance trends for persistent underachievement.",Recommended for human review; the model does not make operational decisions.
ES-002911,2026-07-01,Livelihood Recovery Initiative,Livelihoods,Borno,Gwoza,Gwoza Site 1,Low,2.309754839747324e-07,Low activity completion,Elevated complaints,Reporting delay,Strong achievement,Review delayed or incomplete activities and implementation constraints. | Review feedback and complaint records for recurring operational issues. | Validate reporting timeliness and follow up on delayed field submissions.,Recommended for human review; the model does not make operational decisions.
ES-002879,2026-07-01,Livelihood Recovery Initiative,Livelihoods,Borno,Dikwa,Dikwa Site 6,High,0.8127753463361633,Low achievement,Low activity completion,Access constraints,Limited supply delay,"Review progress against targets and identify implementation bottlenecks. | Review delayed or incomplete activities and implementation constraints. | Review access, movement and operational constraints affecting delivery.",Recommended for human review; the model does not make operational decisions.
ES-007615,2026-07-01,WASH Resilience Initiative,WASH,Borno,Gwoza,Gwoza Site 4,Medium,0.0093643235298769,Low activity completion,Low achievement,Reporting delay,Lower access constraints,Review delayed or incomplete activities and implementation constraints. | Review progress against targets and identify implementation bottlenecks. | Validate reporting timeliness and follow up on delayed field submissions.,Recommended for human review; the model does not make operational decisions.
ES-003551,2026-07-01,Education Access Project,Education,Borno,Konduga,Konduga Site 3,Low,2.3472952343348505e-07,Low achievement,Supply delay,Elevated complaints,Strong activity completion,"Review progress against targets and identify implementation bottlenecks. | Review procurement, logistics and supply-chain bottlenecks. | Review feedback and complaint records for recurring operational issues.",Recommended for human review; the model does not make operational decisions.
ES-002847,2026-07-01,Livelihood Recovery Initiative,Livelihoods,Borno,Dikwa,Dikwa Site 5,Medium,9.65211110429457e-05,Low activity completion,Elevated complaints,Access constraints,Limited supply delay,"Review delayed or incomplete activities and implementation constraints. | Review feedback and complaint records for recurring operational issues. | Review access, movement and operational constraints affecting delivery.",Recommended for human review; the model does not make operational decisions.
ES-002815,2026-07-01,Livelihood Recovery Initiative,Livelihoods,Borno,Dikwa,Dikwa Site 4,Low,3.820678924533103e-13,Reporting delay,Access constraints,Supply delay,Strong achievement,"Validate reporting timeliness and follow up on delayed field submissions. | Review access, movement and operational constraints affecting delivery. | Review procurement, logistics and supply-chain bottlenecks.",Recommended for human review; the model does not make operational decisions.
ES-002431,2026-07-01,Livelihood Recovery Initiative,Livelihoods,Borno,Bama,Bama Site 4,Medium,3.884642029602677e-06,Low activity completion,Supply delay,Reporting delay,Strong achievement,"Review delayed or incomplete activities and implementation constraints. | Review procurement, logistics and supply-chain bottlenecks. | Validate reporting timeliness and follow up on delayed field submissions.",Recommended for human review; the model does not make operational decisions.
ES-007647,2026-07-01,WASH Resilience Initiative,WASH,Borno,Gwoza,Gwoza Site 5,High,0.6566527807042826,Low achievement,Elevated complaints,Access constraints,Strong activity completion,"Review progress against targets and identify implementation bottlenecks. | Review feedback and complaint records for recurring operational issues. | Review access, movement and operational constraints affecting delivery.",Recommended for human review; the model does not make operational decisions.
ES-003583,2026-07-01,Education Access Project,Education,Borno,Konduga,Konduga Site 4,High,0.817830181085232,Low achievement,Low activity completion,Reporting delay,Lower access constraints,Review progress against targets and identify implementation bottlenecks. | Review delayed or incomplete activities and implementation constraints. | Validate reporting timeliness and follow up on delayed field submissions.,Recommended for human review; the model does not make operational decisions.
ES-002783,2026-07-01,Livelihood Recovery Initiative,Livelihoods,Borno,Dikwa,Dikwa Site 3,Medium,0.0036465284733353,Low achievement,Reporting delay,Low activity completion,Lower complaints,Review progress against targets and identify implementation bottlenecks. | Validate reporting timeliness and follow up on delayed field submissions. | Review delayed or incomplete activities and implementation constraints.,Recommended for human review; the model does not make operational decisions.
ES-001215,2026-07-01,Community Resilience Programme,Protection/Resilience,Borno,Dikwa,Dikwa Site 2,Medium,0.330776437660109,Low activity completion,Reporting delay,Elevated complaints,Strong staff availability,Review delayed or incomplete activities and implementation constraints. | Validate reporting timeliness and follow up on delayed field submissions. | Review feedback and complaint records for recurring operational issues.,Recommended for human review; the model does not make operational decisions.
ES-003615,2026-07-01,Education Access Project,Education,Borno,Konduga,Konduga Site 5,Medium,7.963153509667232e-05,Reporting delay,Elevated complaints,Low achievement,Strong activity completion,Validate reporting timeliness and follow up on delayed field submissions. | Review feedback and complaint records for recurring operational issues. | Review progress against targets and identify implementation bottlenecks.,Recommended for human review; the model does not make operational decisions.
ES-002751,2026-07-01,Livelihood Recovery Initiative,Livelihoods,Borno,Dikwa,Dikwa Site 2,Low,1.1339174307733038e-08,Low achievement,Elevated complaints,Low staff availability,Strong activity completion,"Review progress against targets and identify implementation bottlenecks. | Review feedback and complaint records for recurring operational issues. | Review staffing coverage, absences and field deployment capacity.",Recommended for human review; the model does not make operational decisions.
ES-002719,2026-07-01,Livelihood Recovery Initiative,Livelihoods,Borno,Dikwa,Dikwa Site 1,Low,7.3141576857124e-10,Low activity completion,Lower data quality,Previous-month achievement pattern,Lower complaints,"Review delayed or incomplete activities and implementation constraints. | Validate source data, completeness and reporting quality. | Review recent performance trends for persistent underachievement.",Recommended for human review; the model does not make operational decisions.
ES-006239,2026-07-01,WASH Resilience Initiative,WASH,Borno,Maiduguri,Maiduguri Site 3,Medium,0.0577984616580559,Low achievement,Low activity completion,Access constraints,Strong staff availability,"Review progress against targets and identify implementation bottlenecks. | Review delayed or incomplete activities and implementation constraints. | Review access, movement and operational constraints affecting delivery.",Recommended for human review; the model does not make operational decisions.
ES-007679,2026-07-01,WASH Resilience Initiative,WASH,Borno,Gwoza,Gwoza Site 6,Low,1.9683218246497645e-11,Low achievement,Access constraints,Low staff availability,Strong activity completion,"Review progress against targets and identify implementation bottlenecks. | Review access, movement and operational constraints affecting delivery. | Review staffing coverage, absences and field deployment capacity.",Recommended for human review; the model does not make operational decisions.
ES-003647,2026-07-01,Education Access Project,Education,Borno,Konduga,Konduga Site 6,Medium,0.0008315466382261,Low activity completion,Elevated complaints,Access constraints,Strong staff availability,"Review delayed or incomplete activities and implementation constraints. | Review feedback and complaint records for recurring operational issues. | Review access, movement and operational constraints affecting delivery.",Recommended for human review; the model does not make operational decisions.
ES-002495,2026-07-01,Livelihood Recovery Initiative,Livelihoods,Borno,Bama,Bama Site 6,Medium,1.5917866738811525e-06,Supply delay,Access constraints,Elevated complaints,Strong achievement,"Review procurement, logistics and supply-chain bottlenecks. | Review access, movement and operational constraints affecting delivery. | Review feedback and complaint records for recurring operational issues.",Recommended for human review; the model does not make operational decisions.
ES-006367,2026-07-01,WASH Resilience Initiative,WASH,Borno,Jere,Jere Site 1,Low,7.922988625092206e-08,Supply delay,Low achievement,Elevated complaints,Strong activity completion,"Review procurement, logistics and supply-chain bottlenecks. | Review progress against targets and identify implementation bottlenecks. | Review feedback and complaint records for recurring operational issues.",Recommended for human review; the model does not make operational decisions.
ES-000799,2026-07-01,Community Resilience Programme,Protection/Resilience,Borno,Bama,Bama Site 1,Low,4.898631427331033e-10,Low activity completion,Reporting delay,Access constraints,Strong achievement,"Review delayed or incomplete activities and implementation constraints. | Validate reporting timeliness and follow up on delayed field submissions. | Review access, movement and operational constraints affecting delivery.",Recommended for human review; the model does not make operational decisions.
ES-002463,2026-07-01,Livelihood Recovery Initiative,Livelihoods,Borno,Bama,Bama Site 5,Medium,0.0001080774279078,Supply delay,Elevated complaints,Low activity completion,Strong achievement,"Review procurement, logistics and supply-chain bottlenecks. | Review feedback and complaint records for recurring operational issues. | Review delayed or incomplete activities and implementation constraints.",Recommended for human review; the model does not make operational decisions.
ES-001375,2026-07-01,Community Resilience Programme,Protection/Resilience,Borno,Gwoza,Gwoza Site 1,Low,1.015382432637897e-12,Reporting delay,Low staff availability,Previous-month achievement pattern,Strong activity completion,"Validate reporting timeliness and follow up on delayed field submissions. | Review staffing coverage, absences and field deployment capacity. | Review recent performance trends for persistent underachievement.",Recommended for human review; the model does not make operational decisions.
ES-001407,2026-07-01,Community Resilience Programme,Protection/Resilience,Borno,Gwoza,Gwoza Site 2,Medium,0.0010151530771832,Low achievement,Low staff availability,Elevated complaints,Limited supply delay,"Review progress against targets and identify implementation bottlenecks. | Review staffing coverage, absences and field deployment capacity. | Review feedback and complaint records for recurring operational issues.",Recommended for human review; the model does not make operational decisions.
ES-002143,2026-07-01,Livelihood Recovery Initiative,Livelihoods,Borno,Mafa,Mafa Site 1,Medium,0.1780285598362926,Low achievement,Reporting delay,Low activity completion,Lower complaints,Review progress against targets and identify implementation bottlenecks. | Validate reporting timeliness and follow up on delayed field submissions. | Review delayed or incomplete activities and implementation constraints.,Recommended for human review; the model does not make operational decisions.
ES-004447,2026-07-01,Education Access Project,Education,Borno,Gwoza,Gwoza Site 1,Low,9.286901944050072e-09,Low achievement,Access constraints,Lower data quality,Timely reporting,"Review progress against targets and identify implementation bottlenecks. | Review access, movement and operational constraints affecting delivery. | Validate source data, completeness and reporting quality.",Recommended for human review; the model does not make operational decisions.
ES-004511,2026-07-01,Education Access Project,Education,Borno,Gwoza,Gwoza Site 3,Medium,0.0004476717373068,Reporting delay,Low achievement,Low staff availability,Limited supply delay,"Validate reporting timeliness and follow up on delayed field submissions. | Review progress against targets and identify implementation bottlenecks. | Review staffing coverage, absences and field deployment capacity.",Recommended for human review; the model does not make operational decisions.
ES-004671,2026-07-01,Nutrition Support Programme,Nutrition,Borno,Maiduguri,Maiduguri Site 2,Low,2.935615603957279e-10,Low activity completion,Elevated complaints,Previous-month achievement pattern,Limited supply delay,Review delayed or incomplete activities and implementation constraints. | Review feedback and complaint records for recurring operational issues. | Review recent performance trends for persistent underachievement.,Recommended for human review; the model does not make operational decisions.
ES-000191,2026-07-01,Community Resilience Programme,Protection/Resilience,Borno,Maiduguri,Maiduguri Site 6,High,0.9835865671179204,Reporting delay,Low activity completion,Low achievement,Limited supply delay,Validate reporting timeliness and follow up on delayed field submissions. | Review delayed or incomplete activities and implementation constraints. | Review progress against targets and identify implementation bottlenecks.,Recommended for human review; the model does not make operational decisions.
ES-004703,2026-07-01,Nutrition Support Programme,Nutrition,Borno,Maiduguri,Maiduguri Site 3,Low,5.513694466766204e-23,Low activity completion,Supply delay,Previous-month achievement pattern,Strong achievement,"Review delayed or incomplete activities and implementation constraints. | Review procurement, logistics and supply-chain bottlenecks. | Review recent performance trends for persistent underachievement.",Recommended for human review; the model does not make operational decisions.
ES-006143,2026-07-01,Nutrition Support Programme,Nutrition,Borno,Gwoza,Gwoza Site 6,Medium,0.0010717137638509,Low achievement,Access constraints,Supply delay,Strong data quality,"Review progress against targets and identify implementation bottlenecks. | Review access, movement and operational constraints affecting delivery. | Review procurement, logistics and supply-chain bottlenecks.",Recommended for human review; the model does not make operational decisions.
ES-000575,2026-07-01,Community Resilience Programme,Protection/Resilience,Borno,Konduga,Konduga Site 6,Low,5.249395944854843e-27,Elevated complaints,Low staff availability,Previous-month achievement pattern,Strong achievement,"Review feedback and complaint records for recurring operational issues. | Review staffing coverage, absences and field deployment capacity. | Review recent performance trends for persistent underachievement.",Recommended for human review; the model does not make operational decisions.
ES-007135,2026-07-01,WASH Resilience Initiative,WASH,Borno,Ngala,Ngala Site 1,Low,6.619930624856352e-07,Reporting delay,Low activity completion,Access constraints,Strong achievement,"Validate reporting timeliness and follow up on delayed field submissions. | Review delayed or incomplete activities and implementation constraints. | Review access, movement and operational constraints affecting delivery.",Recommended for human review; the model does not make operational decisions.
ES-006111,2026-07-01,Nutrition Support Programme,Nutrition,Borno,Gwoza,Gwoza Site 5,Low,1.5501727627728431e-27,Supply delay,Access constraints,Previous-month achievement pattern,Strong achievement,"Review procurement, logistics and supply-chain bottlenecks. | Review access, movement and operational constraints affecting delivery. | Review recent performance trends for persistent underachievement.",Recommended for human review; the model does not make operational decisions.
ES-000991,2026-07-01,Community Resilience Programme,Protection/Resilience,Borno,Ngala,Ngala Site 1,Medium,1.276196084070218e-05,Supply delay,Low activity completion,Elevated complaints,Strong achievement,"Review procurement, logistics and supply-chain bottlenecks. | Review delayed or incomplete activities and implementation constraints. | Review feedback and complaint records for recurring operational issues.",Recommended for human review; the model does not make operational decisions.
ES-003167,2026-07-01,Education Access Project,Education,Borno,Maiduguri,Maiduguri Site 3,Low,7.1113439317154195e-09,Access constraints,Low staff availability,Previous-month achievement pattern,Timely reporting,"Review access, movement and operational constraints affecting delivery. | Review staffing coverage, absences and field deployment capacity. | Review recent performance trends for persistent underachievement.",Recommended for human review; the model does not make operational decisions.
ES-004735,2026-07-01,Nutrition Support Programme,Nutrition,Borno,Maiduguri,Maiduguri Site 4,Medium,1.985254363216512e-06,Elevated complaints,Previous-month achievement pattern,Low activity completion,Strong achievement,Review feedback and complaint records for recurring operational issues. | Review recent performance trends for persistent underachievement. | Review delayed or incomplete activities and implementation constraints.,Recommended for human review; the model does not make operational decisions.
ES-006719,2026-07-01,WASH Resilience Initiative,WASH,Borno,Konduga,Konduga Site 6,Low,3.036367193120852e-07,Access constraints,Reporting delay,Supply delay,Strong achievement,"Review access, movement and operational constraints affecting delivery. | Validate reporting timeliness and follow up on delayed field submissions. | Review procurement, logistics and supply-chain bottlenecks.",Recommended for human review; the model does not make operational decisions.
ES-001023,2026-07-01,Community Resilience Programme,Protection/Resilience,Borno,Ngala,Ngala Site 2,Low,1.7847000884268657e-18,Low staff availability,Previous-month achievement pattern,Budget utilisation pattern,Limited supply delay,"Review staffing coverage, absences and field deployment capacity. | Review recent performance trends for persistent underachievement. | Review expenditure patterns against implementation progress.",Recommended for human review; the model does not make operational decisions.
ES-006047,2026-07-01,Nutrition Support Programme,Nutrition,Borno,Gwoza,Gwoza Site 3,Low,2.6908539994871918e-17,Elevated complaints,Previous-month achievement pattern,Budget utilisation pattern,Limited supply delay,Review feedback and complaint records for recurring operational issues. | Review recent performance trends for persistent underachievement. | Review expenditure patterns against implementation progress.,Recommended for human review; the model does not make operational decisions.
ES-000543,2026-07-01,Community Resilience Programme,Protection/Resilience,Borno,Konduga,Konduga Site 5,Medium,1.1331464930021328e-06,Low activity completion,Elevated complaints,Reporting delay,Limited supply delay,Review delayed or incomplete activities and implementation constraints. | Review feedback and complaint records for recurring operational issues. | Validate reporting timeliness and follow up on delayed field submissions.,Recommended for human review; the model does not make operational decisions.
ES-006015,2026-07-01,Nutrition Support Programme,Nutrition,Borno,Gwoza,Gwoza Site 2,Medium,0.0012906740657673,Access constraints,Elevated complaints,Reporting delay,Strong activity completion,"Review access, movement and operational constraints affecting delivery. | Review feedback and complaint records for recurring operational issues. | Validate reporting timeliness and follow up on delayed field submissions.",Recommended for human review; the model does not make operational decisions.
ES-006815,2026-07-01,WASH Resilience Initiative,WASH,Borno,Mafa,Mafa Site 3,High,0.99998769547351,Low achievement,Low activity completion,Supply delay,Lower access constraints,"Review progress against targets and identify implementation bottlenecks. | Review delayed or incomplete activities and implementation constraints. | Review procurement, logistics and supply-chain bottlenecks.",Recommended for human review; the model does not make operational decisions.
ES-006303,2026-07-01,WASH Resilience Initiative,WASH,Borno,Maiduguri,Maiduguri Site 5,Medium,0.0289927769795661,Reporting delay,Low activity completion,Low achievement,Strong staff availability,Validate reporting timeliness and follow up on delayed field submissions. | Review delayed or incomplete activities and implementation constraints. | Review progress against targets and identify implementation bottlenecks.,Recommended for human review; the model does not make operational decisions.
ES-001055,2026-07-01,Community Resilience Programme,Protection/Resilience,Borno,Ngala,Ngala Site 3,Low,3.1265677930869876e-10,Reporting delay,Low activity completion,Elevated complaints,Strong achievement,Validate reporting timeliness and follow up on delayed field submissions. | Review delayed or incomplete activities and implementation constraints. | Review feedback and complaint records for recurring operational issues.,Recommended for human review; the model does not make operational decisions.
ES-005983,2026-07-01,Nutrition Support Programme,Nutrition,Borno,Gwoza,Gwoza Site 1,Low,9.529467583880136e-11,Access constraints,Supply delay,Reporting delay,Strong activity completion,"Review access, movement and operational constraints affecting delivery. | Review procurement, logistics and supply-chain bottlenecks. | Validate reporting timeliness and follow up on delayed field submissions.",Recommended for human review; the model does not make operational decisions.
ES-004767,2026-07-01,Nutrition Support Programme,Nutrition,Borno,Maiduguri,Maiduguri Site 5,Medium,0.0011220196311068,Reporting delay,Low activity completion,Low achievement,Limited supply delay,Validate reporting timeliness and follow up on delayed field submissions. | Review delayed or incomplete activities and implementation constraints. | Review progress against targets and identify implementation bottlenecks.,Recommended for human review; the model does not make operational decisions.
ES-005951,2026-07-01,Nutrition Support Programme,Nutrition,Borno,Dikwa,Dikwa Site 6,Medium,0.0007809931923255,Low achievement,Elevated complaints,Low activity completion,Limited supply delay,Review progress against targets and identify implementation bottlenecks. | Review feedback and complaint records for recurring operational issues. | Review delayed or incomplete activities and implementation constraints.,Recommended for human review; the model does not make operational decisions.
ES-004799,2026-07-01,Nutrition Support Programme,Nutrition,Borno,Maiduguri,Maiduguri Site 6,Medium,0.183581407891986,Low activity completion,Reporting delay,Supply delay,Lower access constraints,"Review delayed or incomplete activities and implementation constraints. | Validate reporting timeliness and follow up on delayed field submissions. | Review procurement, logistics and supply-chain bottlenecks.",Recommended for human review; the model does not make operational decisions.
ES-001087,2026-07-01,Community Resilience Programme,Protection/Resilience,Borno,Ngala,Ngala Site 4,Medium,0.042000367187725,Low activity completion,Low achievement,Elevated complaints,Lower access constraints,Review delayed or incomplete activities and implementation constraints. | Review progress against targets and identify implementation bottlenecks. | Review feedback and complaint records for recurring operational issues.,Recommended for human review; the model does not make operational decisions.
ES-005919,2026-07-01,Nutrition Support Programme,Nutrition,Borno,Dikwa,Dikwa Site 5,Low,1.3635322091231812e-09,Supply delay,Reporting delay,Elevated complaints,Strong achievement,"Review procurement, logistics and supply-chain bottlenecks. | Validate reporting timeliness and follow up on delayed field submissions. | Review feedback and complaint records for recurring operational issues.",Recommended for human review; the model does not make operational decisions.
ES-000511,2026-07-01,Community Resilience Programme,Protection/Resilience,Borno,Konduga,Konduga Site 4,Low,6.643104991745535e-13,Supply delay,Reporting delay,Elevated complaints,Strong achievement,"Review procurement, logistics and supply-chain bottlenecks. | Validate reporting timeliness and follow up on delayed field submissions. | Review feedback and complaint records for recurring operational issues.",Recommended for human review; the model does not make operational decisions.
ES-001119,2026-07-01,Community Resilience Programme,Protection/Resilience,Borno,Ngala,Ngala Site 5,Medium,1.0724340941635598e-05,Supply delay,Low activity completion,Reporting delay,Strong achievement,"Review procurement, logistics and supply-chain bottlenecks. | Review delayed or incomplete activities and implementation constraints. | Validate reporting timeliness and follow up on delayed field submissions.",Recommended for human review; the model does not make operational decisions.
ES-005887,2026-07-01,Nutrition Support Programme,Nutrition,Borno,Dikwa,Dikwa Site 4,Low,1.010111141398539e-07,Reporting delay,Low activity completion,Low achievement,Lower complaints,Validate reporting timeliness and follow up on delayed field submissions. | Review delayed or incomplete activities and implementation constraints. | Review progress against targets and identify implementation bottlenecks.,Recommended for human review; the model does not make operational decisions.
ES-005855,2026-07-01,Nutrition Support Programme,Nutrition,Borno,Dikwa,Dikwa Site 3,Low,1.6952379917213085e-08,Elevated complaints,Low achievement,Low staff availability,Limited supply delay,"Review feedback and complaint records for recurring operational issues. | Review progress against targets and identify implementation bottlenecks. | Review staffing coverage, absences and field deployment capacity.",Recommended for human review; the model does not make operational decisions.
ES-006591,2026-07-01,WASH Resilience Initiative,WASH,Borno,Konduga,Konduga Site 2,Medium,2.517848182814779e-06,Elevated complaints,Low achievement,Reporting delay,Limited supply delay,Review feedback and complaint records for recurring operational issues. | Review progress against targets and identify implementation bottlenecks. | Validate reporting timeliness and follow up on delayed field submissions.,Recommended for human review; the model does not make operational decisions.
ES-004831,2026-07-01,Nutrition Support Programme,Nutrition,Borno,Jere,Jere Site 1,Low,1.102055091562927e-13,Supply delay,Access constraints,Elevated complaints,Strong achievement,"Review procurement, logistics and supply-chain bottlenecks. | Review access, movement and operational constraints affecting delivery. | Review feedback and complaint records for recurring operational issues.",Recommended for human review; the model does not make operational decisions.
ES-004863,2026-07-01,Nutrition Support Programme,Nutrition,Borno,Jere,Jere Site 2,Low,8.509681052096199e-14,Low activity completion,Access constraints,Elevated complaints,Strong achievement,"Review delayed or incomplete activities and implementation constraints. | Review access, movement and operational constraints affecting delivery. | Review feedback and complaint records for recurring operational issues.",Recommended for human review; the model does not make operational decisions.
ES-000159,2026-07-01,Community Resilience Programme,Protection/Resilience,Borno,Maiduguri,Maiduguri Site 5,Low,3.164919772804533e-09,Supply delay,Elevated complaints,Access constraints,Timely reporting,"Review procurement, logistics and supply-chain bottlenecks. | Review feedback and complaint records for recurring operational issues. | Review access, movement and operational constraints affecting delivery.",Recommended for human review; the model does not make operational decisions.
ES-000927,2026-07-01,Community Resilience Programme,Protection/Resilience,Borno,Bama,Bama Site 5,Low,6.536702691119941e-22,Low activity completion,Previous-month achievement pattern,Lower data quality,Strong achievement,"Review delayed or incomplete activities and implementation constraints. | Review recent performance trends for persistent underachievement. | Validate source data, completeness and reporting quality.",Recommended for human review; the model does not make operational decisions.
ES-005247,2026-07-01,Nutrition Support Programme,Nutrition,Borno,Mafa,Mafa Site 2,Low,5.976244370613047e-19,Lower data quality,Budget utilisation pattern,Previous-month achievement pattern,Strong achievement,"Validate source data, completeness and reporting quality. | Review expenditure patterns against implementation progress. | Review recent performance trends for persistent underachievement.",Recommended for human review; the model does not make operational decisions.
ES-006751,2026-07-01,WASH Resilience Initiative,WASH,Borno,Mafa,Mafa Site 1,Medium,0.0013418635897968,Low activity completion,Supply delay,Reporting delay,Strong staff availability,"Review delayed or incomplete activities and implementation constraints. | Review procurement, logistics and supply-chain bottlenecks. | Validate reporting timeliness and follow up on delayed field submissions.",Recommended for human review; the model does not make operational decisions.
ES-005279,2026-07-01,Nutrition Support Programme,Nutrition,Borno,Mafa,Mafa Site 3,Medium,0.0001223247347466,Access constraints,Low staff availability,Supply delay,Strong activity completion,"Review access, movement and operational constraints affecting delivery. | Review staffing coverage, absences and field deployment capacity. | Review procurement, logistics and supply-chain bottlenecks.",Recommended for human review; the model does not make operational decisions.
ES-005215,2026-07-01,Nutrition Support Programme,Nutrition,Borno,Mafa,Mafa Site 1,Medium,0.0205215366157286,Low achievement,Elevated complaints,Low activity completion,Limited supply delay,Review progress against targets and identify implementation bottlenecks. | Review feedback and complaint records for recurring operational issues. | Review delayed or incomplete activities and implementation constraints.,Recommended for human review; the model does not make operational decisions.
ES-005311,2026-07-01,Nutrition Support Programme,Nutrition,Borno,Mafa,Mafa Site 4,Low,3.6345863537684383e-16,Elevated complaints,Lower data quality,Supply delay,Strong achievement,"Review feedback and complaint records for recurring operational issues. | Validate source data, completeness and reporting quality. | Review procurement, logistics and supply-chain bottlenecks.",Recommended for human review; the model does not make operational decisions.
ES-000735,2026-07-01,Community Resilience Programme,Protection/Resilience,Borno,Mafa,Mafa Site 5,Low,1.4967709320709992e-11,Supply delay,Elevated complaints,Previous-month achievement pattern,Strong achievement,"Review procurement, logistics and supply-chain bottlenecks. | Review feedback and complaint records for recurring operational issues. | Review recent performance trends for persistent underachievement.",Recommended for human review; the model does not make operational decisions.
ES-005183,2026-07-01,Nutrition Support Programme,Nutrition,Borno,Konduga,Konduga Site 6,Low,1.140645735480422e-10,Reporting delay,Low activity completion,Elevated complaints,Strong achievement,Validate reporting timeliness and follow up on delayed field submissions. | Review delayed or incomplete activities and implementation constraints. | Review feedback and complaint records for recurring operational issues.,Recommended for human review; the model does not make operational decisions.
ES-000671,2026-07-01,Community Resilience Programme,Protection/Resilience,Borno,Mafa,Mafa Site 3,Low,7.096507311908748e-07,Elevated complaints,Supply delay,Access constraints,Strong achievement,"Review feedback and complaint records for recurring operational issues. | Review procurement, logistics and supply-chain bottlenecks. | Review access, movement and operational constraints affecting delivery.",Recommended for human review; the model does not make operational decisions.
ES-000767,2026-07-01,Community Resilience Programme,Protection/Resilience,Borno,Mafa,Mafa Site 6,Low,7.21941855164634e-14,Elevated complaints,Access constraints,Previous-month achievement pattern,Timely reporting,"Review feedback and complaint records for recurring operational issues. | Review access, movement and operational constraints affecting delivery. | Review recent performance trends for persistent underachievement.",Recommended for human review; the model does not make operational decisions.
ES-005151,2026-07-01,Nutrition Support Programme,Nutrition,Borno,Konduga,Konduga Site 5,Low,2.481309059054001e-07,Low activity completion,Elevated complaints,Supply delay,Strong achievement,"Review delayed or incomplete activities and implementation constraints. | Review feedback and complaint records for recurring operational issues. | Review procurement, logistics and supply-chain bottlenecks.",Recommended for human review; the model does not make operational decisions.
ES-005119,2026-07-01,Nutrition Support Programme,Nutrition,Borno,Konduga,Konduga Site 4,Medium,0.2047463853019148,Low activity completion,Low achievement,Elevated complaints,Limited supply delay,Review delayed or incomplete activities and implementation constraints. | Review progress against targets and identify implementation bottlenecks. | Review feedback and complaint records for recurring operational issues.,Recommended for human review; the model does not make operational decisions.
ES-005343,2026-07-01,Nutrition Support Programme,Nutrition,Borno,Mafa,Mafa Site 5,Low,1.6375474356277724e-09,Supply delay,Access constraints,Low activity completion,Strong achievement,"Review procurement, logistics and supply-chain bottlenecks. | Review access, movement and operational constraints affecting delivery. | Review delayed or incomplete activities and implementation constraints.",Recommended for human review; the model does not make operational decisions.
ES-000031,2026-07-01,Community Resilience Programme,Protection/Resilience,Borno,Maiduguri,Maiduguri Site 1,High,0.999988196216082,Supply delay,Low activity completion,Low achievement,Strong staff availability,"Review procurement, logistics and supply-chain bottlenecks. | Review delayed or incomplete activities and implementation constraints. | Review progress against targets and identify implementation bottlenecks.",Recommended for human review; the model does not make operational decisions.
ES-005087,2026-07-01,Nutrition Support Programme,Nutrition,Borno,Konduga,Konduga Site 3,Medium,8.801382188196337e-06,Reporting delay,Low activity completion,Low staff availability,Strong achievement,"Validate reporting timeliness and follow up on delayed field submissions. | Review delayed or incomplete activities and implementation constraints. | Review staffing coverage, absences and field deployment capacity.",Recommended for human review; the model does not make operational decisions.
ES-001151,2026-07-01,Community Resilience Programme,Protection/Resilience,Borno,Ngala,Ngala Site 6,Medium,0.0131475379036904,Low activity completion,Low achievement,Supply delay,Lower complaints,"Review delayed or incomplete activities and implementation constraints. | Review progress against targets and identify implementation bottlenecks. | Review procurement, logistics and supply-chain bottlenecks.",Recommended for human review; the model does not make operational decisions.
ES-007263,2026-07-01,WASH Resilience Initiative,WASH,Borno,Ngala,Ngala Site 5,Medium,0.0012953686091255,Low achievement,Reporting delay,Access constraints,Limited supply delay,"Review progress against targets and identify implementation bottlenecks. | Validate reporting timeliness and follow up on delayed field submissions. | Review access, movement and operational constraints affecting delivery.",Recommended for human review; the model does not make operational decisions.
ES-005375,2026-07-01,Nutrition Support Programme,Nutrition,Borno,Mafa,Mafa Site 6,Low,1.6284147584216518e-07,Low activity completion,Access constraints,Previous-month achievement pattern,Limited supply delay,"Review delayed or incomplete activities and implementation constraints. | Review access, movement and operational constraints affecting delivery. | Review recent performance trends for persistent underachievement.",Recommended for human review; the model does not make operational decisions.
ES-000063,2026-07-01,Community Resilience Programme,Protection/Resilience,Borno,Maiduguri,Maiduguri Site 2,Low,1.2124431516964147e-20,Low activity completion,Elevated complaints,Lower data quality,Strong achievement,"Review delayed or incomplete activities and implementation constraints. | Review feedback and complaint records for recurring operational issues. | Validate source data, completeness and reporting quality.",Recommended for human review; the model does not make operational decisions.
ES-005023,2026-07-01,Nutrition Support Programme,Nutrition,Borno,Konduga,Konduga Site 1,Low,2.6235016202321896e-16,Low activity completion,Previous-month achievement pattern,Budget utilisation pattern,Strong achievement,Review delayed or incomplete activities and implementation constraints. | Review recent performance trends for persistent underachievement. | Review expenditure patterns against implementation progress.,Recommended for human review; the model does not make operational decisions.
ES-000639,2026-07-01,Community Resilience Programme,Protection/Resilience,Borno,Mafa,Mafa Site 2,Medium,0.0001621338147752,Supply delay,Low activity completion,Access constraints,Strong achievement,"Review procurement, logistics and supply-chain bottlenecks. | Review delayed or incomplete activities and implementation constraints. | Review access, movement and operational constraints affecting delivery.",Recommended for human review; the model does not make operational decisions.
ES-004991,2026-07-01,Nutrition Support Programme,Nutrition,Borno,Jere,Jere Site 6,High,0.999969666873266,Low achievement,Low activity completion,Reporting delay,Budget utilisation pattern,Review progress against targets and identify implementation bottlenecks. | Review delayed or incomplete activities and implementation constraints. | Validate reporting timeliness and follow up on delayed field submissions.,Recommended for human review; the model does not make operational decisions.
ES-000095,2026-07-01,Community Resilience Programme,Protection/Resilience,Borno,Maiduguri,Maiduguri Site 3,Low,3.627937953889421e-09,Access constraints,Elevated complaints,Low achievement,Strong activity completion,"Review access, movement and operational constraints affecting delivery. | Review feedback and complaint records for recurring operational issues. | Review progress against targets and identify implementation bottlenecks.",Recommended for human review; the model does not make operational decisions.
ES-004959,2026-07-01,Nutrition Support Programme,Nutrition,Borno,Jere,Jere Site 5,Medium,4.004704729816858e-05,Low activity completion,Access constraints,Low achievement,Limited supply delay,"Review delayed or incomplete activities and implementation constraints. | Review access, movement and operational constraints affecting delivery. | Review progress against targets and identify implementation bottlenecks.",Recommended for human review; the model does not make operational decisions.
ES-004639,2026-07-01,Nutrition Support Programme,Nutrition,Borno,Maiduguri,Maiduguri Site 1,Medium,0.0003924867937273,Reporting delay,Supply delay,Low activity completion,Strong achievement,"Validate reporting timeliness and follow up on delayed field submissions. | Review procurement, logistics and supply-chain bottlenecks. | Review delayed or incomplete activities and implementation constraints.",Recommended for human review; the model does not make operational decisions.
ES-000127,2026-07-01,Community Resilience Programme,Protection/Resilience,Borno,Maiduguri,Maiduguri Site 4,Medium,0.4743657027230428,Low activity completion,Reporting delay,Supply delay,Strong achievement,"Review delayed or incomplete activities and implementation constraints. | Validate reporting timeliness and follow up on delayed field submissions. | Review procurement, logistics and supply-chain bottlenecks.",Recommended for human review; the model does not make operational decisions.
ES-006783,2026-07-01,WASH Resilience Initiative,WASH,Borno,Mafa,Mafa Site 2,Medium,0.0001207164647343,Reporting delay,Low activity completion,Supply delay,Lower access constraints,"Validate reporting timeliness and follow up on delayed field submissions. | Review delayed or incomplete activities and implementation constraints. | Review procurement, logistics and supply-chain bottlenecks.",Recommended for human review; the model does not make operational decisions.
ES-004927,2026-07-01,Nutrition Support Programme,Nutrition,Borno,Jere,Jere Site 4,Low,5.3832028469970035e-17,Supply delay,Access constraints,Lower data quality,Strong achievement,"Review procurement, logistics and supply-chain bottlenecks. | Review access, movement and operational constraints affecting delivery. | Validate source data, completeness and reporting quality.",Recommended for human review; the model does not make operational decisions.
ES-000607,2026-07-01,Community Resilience Programme,Protection/Resilience,Borno,Mafa,Mafa Site 1,Low,4.960629768197301e-20,Low staff availability,Lower data quality,Previous-month achievement pattern,Strong achievement,"Review staffing coverage, absences and field deployment capacity. | Validate source data, completeness and reporting quality. | Review recent performance trends for persistent underachievement.",Recommended for human review; the model does not make operational decisions.
ES-004895,2026-07-01,Nutrition Support Programme,Nutrition,Borno,Jere,Jere Site 3,Low,2.026109517258653e-11,Elevated complaints,Low activity completion,Supply delay,Strong achievement,"Review feedback and complaint records for recurring operational issues. | Review delayed or incomplete activities and implementation constraints. | Review procurement, logistics and supply-chain bottlenecks.",Recommended for human review; the model does not make operational decisions.
ES-000959,2026-07-01,Community Resilience Programme,Protection/Resilience,Borno,Bama,Bama Site 6,High,0.5772341818037908,Low achievement,Low activity completion,Elevated complaints,Timely reporting,Review progress against targets and identify implementation bottlenecks. | Review delayed or incomplete activities and implementation constraints. | Review feedback and complaint records for recurring operational issues.,Recommended for human review; the model does not make operational decisions.
ES-005055,2026-07-01,Nutrition Support Programme,Nutrition,Borno,Konduga,Konduga Site 2,Low,7.140792298074494e-17,Lower data quality,Low activity completion,Previous-month achievement pattern,Strong achievement,"Validate source data, completeness and reporting quality. | Review delayed or incomplete activities and implementation constraints. | Review recent performance trends for persistent underachievement.",Recommended for human review; the model does not make operational decisions.
ES-005823,2026-07-01,Nutrition Support Programme,Nutrition,Borno,Dikwa,Dikwa Site 2,Low,1.0933602475307077e-13,Access constraints,Low activity completion,Lower data quality,Strong achievement,"Review access, movement and operational constraints affecting delivery. | Review delayed or incomplete activities and implementation constraints. | Validate source data, completeness and reporting quality.",Recommended for human review; the model does not make operational decisions.
ES-005599,2026-07-01,Nutrition Support Programme,Nutrition,Borno,Ngala,Ngala Site 1,Low,1.9838462118784045e-06,Low activity completion,Elevated complaints,Reporting delay,Limited supply delay,Review delayed or incomplete activities and implementation constraints. | Review feedback and complaint records for recurring operational issues. | Validate reporting timeliness and follow up on delayed field submissions.,Recommended for human review; the model does not make operational decisions.
ES-003871,2026-07-01,Education Access Project,Education,Borno,Bama,Bama Site 1,Medium,0.1501000284002981,Low activity completion,Low achievement,Access constraints,Limited supply delay,"Review delayed or incomplete activities and implementation constraints. | Review progress against targets and identify implementation bottlenecks. | Review access, movement and operational constraints affecting delivery.",Recommended for human review; the model does not make operational decisions.
ES-006687,2026-07-01,WASH Resilience Initiative,WASH,Borno,Konduga,Konduga Site 5,Medium,0.0010453659090686,Low activity completion,Low achievement,Access constraints,Timely reporting,"Review delayed or incomplete activities and implementation constraints. | Review progress against targets and identify implementation bottlenecks. | Review access, movement and operational constraints affecting delivery.",Recommended for human review; the model does not make operational decisions.
ES-001727,2026-07-01,Livelihood Recovery Initiative,Livelihoods,Borno,Maiduguri,Maiduguri Site 6,Low,3.469863967419162e-18,Elevated complaints,Low activity completion,Supply delay,Strong achievement,"Review feedback and complaint records for recurring operational issues. | Review delayed or incomplete activities and implementation constraints. | Review procurement, logistics and supply-chain bottlenecks.",Recommended for human review; the model does not make operational decisions.
ES-006943,2026-07-01,WASH Resilience Initiative,WASH,Borno,Bama,Bama Site 1,High,0.859535904427701,Low achievement,Access constraints,Elevated complaints,Timely reporting,"Review progress against targets and identify implementation bottlenecks. | Review access, movement and operational constraints affecting delivery. | Review feedback and complaint records for recurring operational issues.",Recommended for human review; the model does not make operational decisions.
ES-006335,2026-07-01,WASH Resilience Initiative,WASH,Borno,Maiduguri,Maiduguri Site 6,Low,1.3177973865822217e-22,Access constraints,Supply delay,Previous-month achievement pattern,Strong activity completion,"Review access, movement and operational constraints affecting delivery. | Review procurement, logistics and supply-chain bottlenecks. | Review recent performance trends for persistent underachievement.",Recommended for human review; the model does not make operational decisions.
ES-004319,2026-07-01,Education Access Project,Education,Borno,Dikwa,Dikwa Site 3,Medium,0.0091859359768035,Low achievement,Low activity completion,Access constraints,Timely reporting,"Review progress against targets and identify implementation bottlenecks. | Review delayed or incomplete activities and implementation constraints. | Review access, movement and operational constraints affecting delivery.",Recommended for human review; the model does not make operational decisions.
ES-001695,2026-07-01,Livelihood Recovery Initiative,Livelihoods,Borno,Maiduguri,Maiduguri Site 5,Low,2.2848268925694224e-18,Low staff availability,Previous-month achievement pattern,Budget utilisation pattern,Strong achievement,"Review staffing coverage, absences and field deployment capacity. | Review recent performance trends for persistent underachievement. | Review expenditure patterns against implementation progress.",Recommended for human review; the model does not make operational decisions.
ES-006975,2026-07-01,WASH Resilience Initiative,WASH,Borno,Bama,Bama Site 2,Medium,0.0583976044071404,Supply delay,Low achievement,Budget utilisation pattern,Timely reporting,"Review procurement, logistics and supply-chain bottlenecks. | Review progress against targets and identify implementation bottlenecks. | Review expenditure patterns against implementation progress.",Recommended for human review; the model does not make operational decisions.
ES-004351,2026-07-01,Education Access Project,Education,Borno,Dikwa,Dikwa Site 4,Low,4.619804116283744e-08,Supply delay,Access constraints,Low achievement,Timely reporting,"Review procurement, logistics and supply-chain bottlenecks. | Review access, movement and operational constraints affecting delivery. | Review progress against targets and identify implementation bottlenecks.",Recommended for human review; the model does not make operational decisions.
ES-001663,2026-07-01,Livelihood Recovery Initiative,Livelihoods,Borno,Maiduguri,Maiduguri Site 4,Low,3.596416595891514e-21,Low staff availability,,,Strong achievement,"Review staffing coverage, absences and field deployment capacity.",Recommended for human review; the model does not make operational decisions.
ES-000863,2026-07-01,Community Resilience Programme,Protection/Resilience,Borno,Bama,Bama Site 3,Low,4.782354440861576e-07,Supply delay,Reporting delay,Access constraints,Strong achievement,"Review procurement, logistics and supply-chain bottlenecks. | Validate reporting timeliness and follow up on delayed field submissions. | Review access, movement and operational constraints affecting delivery.",Recommended for human review; the model does not make operational decisions.
ES-001631,2026-07-01,Livelihood Recovery Initiative,Livelihoods,Borno,Maiduguri,Maiduguri Site 3,Low,3.6237744866490932e-28,Low staff availability,Previous-month achievement pattern,Budget utilisation pattern,Strong achievement,"Review staffing coverage, absences and field deployment capacity. | Review recent performance trends for persistent underachievement. | Review expenditure patterns against implementation progress.",Recommended for human review; the model does not make operational decisions.
ES-000351,2026-07-01,Community Resilience Programme,Protection/Resilience,Borno,Jere,Jere Site 5,Low,9.487727524887066e-16,Supply delay,Previous-month achievement pattern,,Strong achievement,"Review procurement, logistics and supply-chain bottlenecks. | Review recent performance trends for persistent underachievement.",Recommended for human review; the model does not make operational decisions.
ES-004383,2026-07-01,Education Access Project,Education,Borno,Dikwa,Dikwa Site 5,Medium,0.000132084035097,Supply delay,Low achievement,Reporting delay,Strong activity completion,"Review procurement, logistics and supply-chain bottlenecks. | Review progress against targets and identify implementation bottlenecks. | Validate reporting timeliness and follow up on delayed field submissions.",Recommended for human review; the model does not make operational decisions.
ES-001599,2026-07-01,Livelihood Recovery Initiative,Livelihoods,Borno,Maiduguri,Maiduguri Site 2,Low,1.705079620900577e-10,Supply delay,Access constraints,Lower data quality,Strong achievement,"Review procurement, logistics and supply-chain bottlenecks. | Review access, movement and operational constraints affecting delivery. | Validate source data, completeness and reporting quality.",Recommended for human review; the model does not make operational decisions.
ES-000479,2026-07-01,Community Resilience Programme,Protection/Resilience,Borno,Konduga,Konduga Site 3,Low,1.0608949772630788e-13,Access constraints,Low staff availability,Lower data quality,Strong achievement,"Review access, movement and operational constraints affecting delivery. | Review staffing coverage, absences and field deployment capacity. | Validate source data, completeness and reporting quality.",Recommended for human review; the model does not make operational decisions.
ES-001567,2026-07-01,Livelihood Recovery Initiative,Livelihoods,Borno,Maiduguri,Maiduguri Site 1,Low,2.0855056607308842e-07,Elevated complaints,Low achievement,Supply delay,Timely reporting,"Review feedback and complaint records for recurring operational issues. | Review progress against targets and identify implementation bottlenecks. | Review procurement, logistics and supply-chain bottlenecks.",Recommended for human review; the model does not make operational decisions.
ES-000319,2026-07-01,Community Resilience Programme,Protection/Resilience,Borno,Jere,Jere Site 4,Low,1.4517052862569775e-28,Access constraints,Supply delay,Elevated complaints,Strong achievement,"Review access, movement and operational constraints affecting delivery. | Review procurement, logistics and supply-chain bottlenecks. | Review feedback and complaint records for recurring operational issues.",Recommended for human review; the model does not make operational decisions.
ES-004415,2026-07-01,Education Access Project,Education,Borno,Dikwa,Dikwa Site 6,Low,2.9295391401511213e-14,Low staff availability,Low activity completion,Supply delay,Strong achievement,"Review staffing coverage, absences and field deployment capacity. | Review delayed or incomplete activities and implementation constraints. | Review procurement, logistics and supply-chain bottlenecks.",Recommended for human review; the model does not make operational decisions.
ES-002303,2026-07-01,Livelihood Recovery Initiative,Livelihoods,Borno,Mafa,Mafa Site 6,Medium,0.0200382078633135,Supply delay,Access constraints,Low staff availability,Lower complaints,"Review procurement, logistics and supply-chain bottlenecks. | Review access, movement and operational constraints affecting delivery. | Review staffing coverage, absences and field deployment capacity.",Recommended for human review; the model does not make operational decisions.
ES-002271,2026-07-01,Livelihood Recovery Initiative,Livelihoods,Borno,Mafa,Mafa Site 5,Medium,5.380921422465767e-05,Low achievement,Access constraints,Elevated complaints,Limited supply delay,"Review progress against targets and identify implementation bottlenecks. | Review access, movement and operational constraints affecting delivery. | Review feedback and complaint records for recurring operational issues.",Recommended for human review; the model does not make operational decisions.
ES-007039,2026-07-01,WASH Resilience Initiative,WASH,Borno,Bama,Bama Site 4,Low,1.424282844668225e-07,Low achievement,Low staff availability,Previous-month achievement pattern,Lower complaints,"Review progress against targets and identify implementation bottlenecks. | Review staffing coverage, absences and field deployment capacity. | Review recent performance trends for persistent underachievement.",Recommended for human review; the model does not make operational decisions.
ES-002239,2026-07-01,Livelihood Recovery Initiative,Livelihoods,Borno,Mafa,Mafa Site 4,High,0.8159877012652521,Low achievement,Reporting delay,Access constraints,Lower complaints,"Review progress against targets and identify implementation bottlenecks. | Validate reporting timeliness and follow up on delayed field submissions. | Review access, movement and operational constraints affecting delivery.",Recommended for human review; the model does not make operational decisions.
ES-006911,2026-07-01,WASH Resilience Initiative,WASH,Borno,Mafa,Mafa Site 6,Low,2.0902066884537957e-12,Low achievement,,,Limited supply delay,Review progress against targets and identify implementation bottlenecks.,Recommended for human review; the model does not make operational decisions.
ES-007071,2026-07-01,WASH Resilience Initiative,WASH,Borno,Bama,Bama Site 5,Low,9.29904890638053e-20,Lower data quality,,,Strong achievement,"Validate source data, completeness and reporting quality.",Recommended for human review; the model does not make operational decisions.
ES-000287,2026-07-01,Community Resilience Programme,Protection/Resilience,Borno,Jere,Jere Site 3,Low,3.469525440260001e-12,Low activity completion,Elevated complaints,Low staff availability,Strong achievement,"Review delayed or incomplete activities and implementation constraints. | Review feedback and complaint records for recurring operational issues. | Review staffing coverage, absences and field deployment capacity.",Recommended for human review; the model does not make operational decisions.
ES-004479,2026-07-01,Education Access Project,Education,Borno,Gwoza,Gwoza Site 2,Medium,0.0273281650738194,Low achievement,Low activity completion,Reporting delay,Lower complaints,Review progress against targets and identify implementation bottlenecks. | Review delayed or incomplete activities and implementation constraints. | Validate reporting timeliness and follow up on delayed field submissions.,Recommended for human review; the model does not make operational decisions.
ES-007167,2026-07-01,WASH Resilience Initiative,WASH,Borno,Ngala,Ngala Site 2,Medium,3.661486073619746e-05,Reporting delay,Low achievement,Access constraints,Limited supply delay,"Validate reporting timeliness and follow up on delayed field submissions. | Review progress against targets and identify implementation bottlenecks. | Review access, movement and operational constraints affecting delivery.",Recommended for human review; the model does not make operational decisions.
ES-002207,2026-07-01,Livelihood Recovery Initiative,Livelihoods,Borno,Mafa,Mafa Site 3,Medium,0.1631289362511857,Low achievement,Elevated complaints,Low activity completion,Timely reporting,Review progress against targets and identify implementation bottlenecks. | Review feedback and complaint records for recurring operational issues. | Review delayed or incomplete activities and implementation constraints.,Recommended for human review; the model does not make operational decisions.
ES-002175,2026-07-01,Livelihood Recovery Initiative,Livelihoods,Borno,Mafa,Mafa Site 2,Medium,0.1395306281861264,Low achievement,Supply delay,Access constraints,Strong staff availability,"Review progress against targets and identify implementation bottlenecks. | Review procurement, logistics and supply-chain bottlenecks. | Review access, movement and operational constraints affecting delivery.",Recommended for human review; the model does not make operational decisions.
ES-007103,2026-07-01,WASH Resilience Initiative,WASH,Borno,Bama,Bama Site 6,Medium,5.624286533788041e-06,Low activity completion,Supply delay,Elevated complaints,Strong achievement,"Review delayed or incomplete activities and implementation constraints. | Review procurement, logistics and supply-chain bottlenecks. | Review feedback and complaint records for recurring operational issues.",Recommended for human review; the model does not make operational decisions.
ES-007007,2026-07-01,WASH Resilience Initiative,WASH,Borno,Bama,Bama Site 3,Low,8.210057995223419e-18,Lower data quality,Budget utilisation pattern,Previous-month achievement pattern,Strong achievement,"Validate source data, completeness and reporting quality. | Review expenditure patterns against implementation progress. | Review recent performance trends for persistent underachievement.",Recommended for human review; the model does not make operational decisions.
ES-006879,2026-07-01,WASH Resilience Initiative,WASH,Borno,Mafa,Mafa Site 5,Low,1.1392283254682804e-27,Low staff availability,Lower data quality,Previous-month achievement pattern,Strong activity completion,"Review staffing coverage, absences and field deployment capacity. | Validate source data, completeness and reporting quality. | Review recent performance trends for persistent underachievement.",Recommended for human review; the model does not make operational decisions.
ES-002527,2026-07-01,Livelihood Recovery Initiative,Livelihoods,Borno,Ngala,Ngala Site 1,Medium,0.0001105944046531,Low activity completion,Low achievement,Supply delay,Timely reporting,"Review delayed or incomplete activities and implementation constraints. | Review progress against targets and identify implementation bottlenecks. | Review procurement, logistics and supply-chain bottlenecks.",Recommended for human review; the model does not make operational decisions.
ES-001183,2026-07-01,Community Resilience Programme,Protection/Resilience,Borno,Dikwa,Dikwa Site 1,Medium,0.0571061281348555,Low activity completion,Low achievement,Elevated complaints,Timely reporting,Review delayed or incomplete activities and implementation constraints. | Review progress against targets and identify implementation bottlenecks. | Review feedback and complaint records for recurring operational issues.,Recommended for human review; the model does not make operational decisions.
ES-003967,2026-07-01,Education Access Project,Education,Borno,Bama,Bama Site 4,Low,1.4798953952389138e-13,Low achievement,,,Timely reporting,Review progress against targets and identify implementation bottlenecks.,Recommended for human review; the model does not make operational decisions.
ES-005695,2026-07-01,Nutrition Support Programme,Nutrition,Borno,Ngala,Ngala Site 4,Low,3.9031692064350116e-11,Supply delay,Lower data quality,Previous-month achievement pattern,Lower complaints,"Review procurement, logistics and supply-chain bottlenecks. | Validate source data, completeness and reporting quality. | Review recent performance trends for persistent underachievement.",Recommended for human review; the model does not make operational decisions.
ES-005471,2026-07-01,Nutrition Support Programme,Nutrition,Borno,Bama,Bama Site 3,Medium,0.0013831241080085,Supply delay,Low achievement,Access constraints,Strong activity completion,"Review procurement, logistics and supply-chain bottlenecks. | Review progress against targets and identify implementation bottlenecks. | Review access, movement and operational constraints affecting delivery.",Recommended for human review; the model does not make operational decisions.
ES-003935,2026-07-01,Education Access Project,Education,Borno,Bama,Bama Site 3,High,0.8572305320110107,Low achievement,Low activity completion,Elevated complaints,Limited supply delay,Review progress against targets and identify implementation bottlenecks. | Review delayed or incomplete activities and implementation constraints. | Review feedback and complaint records for recurring operational issues.,Recommended for human review; the model does not make operational decisions.
ES-000895,2026-07-01,Community Resilience Programme,Protection/Resilience,Borno,Bama,Bama Site 4,Low,2.8789012066319424e-16,Access constraints,Low staff availability,Previous-month achievement pattern,Strong achievement,"Review access, movement and operational constraints affecting delivery. | Review staffing coverage, absences and field deployment capacity. | Review recent performance trends for persistent underachievement.",Recommended for human review; the model does not make operational decisions.
ES-000447,2026-07-01,Community Resilience Programme,Protection/Resilience,Borno,Konduga,Konduga Site 2,Low,3.233358601611992e-12,Lower data quality,Access constraints,Low staff availability,Lower complaints,"Validate source data, completeness and reporting quality. | Review access, movement and operational constraints affecting delivery. | Review staffing coverage, absences and field deployment capacity.",Recommended for human review; the model does not make operational decisions.
ES-005439,2026-07-01,Nutrition Support Programme,Nutrition,Borno,Bama,Bama Site 2,Low,2.4350043559172383e-09,Supply delay,Low activity completion,Access constraints,Strong achievement,"Review procurement, logistics and supply-chain bottlenecks. | Review delayed or incomplete activities and implementation constraints. | Review access, movement and operational constraints affecting delivery.",Recommended for human review; the model does not make operational decisions.
ES-005503,2026-07-01,Nutrition Support Programme,Nutrition,Borno,Bama,Bama Site 4,Low,1.1313723810292688e-27,Low staff availability,Access constraints,Previous-month achievement pattern,Strong achievement,"Review staffing coverage, absences and field deployment capacity. | Review access, movement and operational constraints affecting delivery. | Review recent performance trends for persistent underachievement.",Recommended for human review; the model does not make operational decisions.
ES-005663,2026-07-01,Nutrition Support Programme,Nutrition,Borno,Ngala,Ngala Site 3,Low,1.4654179826871098e-10,Elevated complaints,Low achievement,Low staff availability,Timely reporting,"Review feedback and complaint records for recurring operational issues. | Review progress against targets and identify implementation bottlenecks. | Review staffing coverage, absences and field deployment capacity.",Recommended for human review; the model does not make operational decisions.
ES-005535,2026-07-01,Nutrition Support Programme,Nutrition,Borno,Bama,Bama Site 5,Medium,0.0034940141487092,Reporting delay,Elevated complaints,Low activity completion,Strong achievement,Validate reporting timeliness and follow up on delayed field submissions. | Review feedback and complaint records for recurring operational issues. | Review delayed or incomplete activities and implementation constraints.,Recommended for human review; the model does not make operational decisions.
ES-003903,2026-07-01,Education Access Project,Education,Borno,Bama,Bama Site 2,Low,5.2285069453523814e-08,Low achievement,Low activity completion,Lower data quality,Limited supply delay,"Review progress against targets and identify implementation bottlenecks. | Review delayed or incomplete activities and implementation constraints. | Validate source data, completeness and reporting quality.",Recommended for human review; the model does not make operational decisions.
ES-005631,2026-07-01,Nutrition Support Programme,Nutrition,Borno,Ngala,Ngala Site 2,Low,9.79345001363131e-25,Elevated complaints,Low staff availability,Lower data quality,Strong achievement,"Review feedback and complaint records for recurring operational issues. | Review staffing coverage, absences and field deployment capacity. | Validate source data, completeness and reporting quality.",Recommended for human review; the model does not make operational decisions.
ES-005567,2026-07-01,Nutrition Support Programme,Nutrition,Borno,Bama,Bama Site 6,Low,9.033217716432995e-10,Low activity completion,Lower data quality,Previous-month achievement pattern,Limited supply delay,"Review delayed or incomplete activities and implementation constraints. | Validate source data, completeness and reporting quality. | Review recent performance trends for persistent underachievement.",Recommended for human review; the model does not make operational decisions.
ES-005791,2026-07-01,Nutrition Support Programme,Nutrition,Borno,Dikwa,Dikwa Site 1,Medium,0.0001340986058475,Low achievement,Low activity completion,Low staff availability,Limited supply delay,"Review progress against targets and identify implementation bottlenecks. | Review delayed or incomplete activities and implementation constraints. | Review staffing coverage, absences and field deployment capacity.",Recommended for human review; the model does not make operational decisions.
ES-006847,2026-07-01,WASH Resilience Initiative,WASH,Borno,Mafa,Mafa Site 4,Low,1.261771538217776e-18,Low activity completion,Low staff availability,Lower data quality,Strong achievement,"Review delayed or incomplete activities and implementation constraints. | Review staffing coverage, absences and field deployment capacity. | Validate source data, completeness and reporting quality.",Recommended for human review; the model does not make operational decisions.
ES-004287,2026-07-01,Education Access Project,Education,Borno,Dikwa,Dikwa Site 2,High,0.9999986893740866,Supply delay,Reporting delay,Elevated complaints,Strong activity completion,"Review procurement, logistics and supply-chain bottlenecks. | Validate reporting timeliness and follow up on delayed field submissions. | Review feedback and complaint records for recurring operational issues.",Recommended for human review; the model does not make operational decisions.
ES-000415,2026-07-01,Community Resilience Programme,Protection/Resilience,Borno,Konduga,Konduga Site 1,Low,1.685492431859894e-21,Elevated complaints,Previous-month achievement pattern,Budget utilisation pattern,Strong achievement,Review feedback and complaint records for recurring operational issues. | Review recent performance trends for persistent underachievement. | Review expenditure patterns against implementation progress.,Recommended for human review; the model does not make operational decisions.
ES-003999,2026-07-01,Education Access Project,Education,Borno,Bama,Bama Site 5,Low,4.826530736998336e-08,Low activity completion,Access constraints,Elevated complaints,Timely reporting,"Review delayed or incomplete activities and implementation constraints. | Review access, movement and operational constraints affecting delivery. | Review feedback and complaint records for recurring operational issues.",Recommended for human review; the model does not make operational decisions.
ES-002559,2026-07-01,Livelihood Recovery Initiative,Livelihoods,Borno,Ngala,Ngala Site 2,Low,7.181716359453687e-37,Access constraints,Previous-month achievement pattern,Lower data quality,Strong achievement,"Review access, movement and operational constraints affecting delivery. | Review recent performance trends for persistent underachievement. | Validate source data, completeness and reporting quality.",Recommended for human review; the model does not make operational decisions.
ES-002591,2026-07-01,Livelihood Recovery Initiative,Livelihoods,Borno,Ngala,Ngala Site 3,Medium,1.1846594462923824e-05,Supply delay,Low activity completion,Low staff availability,Lower complaints,"Review procurement, logistics and supply-chain bottlenecks. | Review delayed or incomplete activities and implementation constraints. | Review staffing coverage, absences and field deployment capacity.",Recommended for human review; the model does not make operational decisions.
ES-004255,2026-07-01,Education Access Project,Education,Borno,Dikwa,Dikwa Site 1,Low,5.87565703035027e-21,Access constraints,Low staff availability,,Strong achievement,"Review access, movement and operational constraints affecting delivery. | Review staffing coverage, absences and field deployment capacity.",Recommended for human review; the model does not make operational decisions.
ES-000383,2026-07-01,Community Resilience Programme,Protection/Resilience,Borno,Jere,Jere Site 6,Low,8.200992710191567e-10,Access constraints,Low activity completion,Supply delay,Timely reporting,"Review access, movement and operational constraints affecting delivery. | Review delayed or incomplete activities and implementation constraints. | Review procurement, logistics and supply-chain bottlenecks.",Recommended for human review; the model does not make operational decisions.
ES-002623,2026-07-01,Livelihood Recovery Initiative,Livelihoods,Borno,Ngala,Ngala Site 4,Medium,0.0051794047784079,Low achievement,Supply delay,Low activity completion,Timely reporting,"Review progress against targets and identify implementation bottlenecks. | Review procurement, logistics and supply-chain bottlenecks. | Review delayed or incomplete activities and implementation constraints.",Recommended for human review; the model does not make operational decisions.
ES-005407,2026-07-01,Nutrition Support Programme,Nutrition,Borno,Bama,Bama Site 1,High,0.9322936712843424,Low achievement,Reporting delay,Low activity completion,Limited supply delay,Review progress against targets and identify implementation bottlenecks. | Validate reporting timeliness and follow up on delayed field submissions. | Review delayed or incomplete activities and implementation constraints.,Recommended for human review; the model does not make operational decisions.
ES-004031,2026-07-01,Education Access Project,Education,Borno,Bama,Bama Site 6,Medium,0.0019008044198261,Elevated complaints,Reporting delay,Lower data quality,Strong achievement,"Review feedback and complaint records for recurring operational issues. | Validate reporting timeliness and follow up on delayed field submissions. | Validate source data, completeness and reporting quality.",Recommended for human review; the model does not make operational decisions.
ES-006079,2026-07-01,Nutrition Support Programme,Nutrition,Borno,Gwoza,Gwoza Site 4,High,0.9999258198240842,Low achievement,Supply delay,Reporting delay,Lower complaints,"Review progress against targets and identify implementation bottlenecks. | Review procurement, logistics and supply-chain bottlenecks. | Validate reporting timeliness and follow up on delayed field submissions.",Recommended for human review; the model does not make operational decisions.
ES-005759,2026-07-01,Nutrition Support Programme,Nutrition,Borno,Ngala,Ngala Site 6,Medium,2.769657909734487e-06,Elevated complaints,Supply delay,Low achievement,Strong activity completion,"Review feedback and complaint records for recurring operational issues. | Review procurement, logistics and supply-chain bottlenecks. | Review progress against targets and identify implementation bottlenecks.",Recommended for human review; the model does not make operational decisions.
ES-002655,2026-07-01,Livelihood Recovery Initiative,Livelihoods,Borno,Ngala,Ngala Site 5,Low,2.5746236809587212e-17,Low staff availability,Access constraints,Lower data quality,Strong activity completion,"Review staffing coverage, absences and field deployment capacity. | Review access, movement and operational constraints affecting delivery. | Validate source data, completeness and reporting quality.",Recommended for human review; the model does not make operational decisions.
ES-005727,2026-07-01,Nutrition Support Programme,Nutrition,Borno,Ngala,Ngala Site 5,Low,2.0384497109922335e-21,Low staff availability,Previous-month achievement pattern,Budget utilisation pattern,Strong achievement,"Review staffing coverage, absences and field deployment capacity. | Review recent performance trends for persistent underachievement. | Review expenditure patterns against implementation progress.",Recommended for human review; the model does not make operational decisions.
ES-002687,2026-07-01,Livelihood Recovery Initiative,Livelihoods,Borno,Ngala,Ngala Site 6,Low,6.1851395630849534e-18,Low activity completion,Lower data quality,Previous-month achievement pattern,Strong achievement,"Review delayed or incomplete activities and implementation constraints. | Validate source data, completeness and reporting quality. | Review recent performance trends for persistent underachievement.",Recommended for human review; the model does not make operational decisions.
ES-007200,2026-08-01,WASH Resilience Initiative,WASH,Borno,Ngala,Ngala Site 3,Medium,0.1179671550548689,Low achievement,Low activity completion,Access constraints,Lower complaints,"Review progress against targets and identify implementation bottlenecks. | Review delayed or incomplete activities and implementation constraints. | Review access, movement and operational constraints affecting delivery.",Recommended for human review; the model does not make operational decisions.
ES-007264,2026-08-01,WASH Resilience Initiative,WASH,Borno,Ngala,Ngala Site 5,Medium,2.5966568081886147e-05,Low achievement,Access constraints,Reporting delay,Lower complaints,"Review progress against targets and identify implementation bottlenecks. | Review access, movement and operational constraints affecting delivery. | Validate reporting timeliness and follow up on delayed field submissions.",Recommended for human review; the model does not make operational decisions.
ES-006336,2026-08-01,WASH Resilience Initiative,WASH,Borno,Maiduguri,Maiduguri Site 6,Low,2.651832971760221e-14,Access constraints,Elevated complaints,Supply delay,Strong activity completion,"Review access, movement and operational constraints affecting delivery. | Review feedback and complaint records for recurring operational issues. | Review procurement, logistics and supply-chain bottlenecks.",Recommended for human review; the model does not make operational decisions.
ES-007168,2026-08-01,WASH Resilience Initiative,WASH,Borno,Ngala,Ngala Site 2,Medium,8.144226254105185e-06,Supply delay,Low achievement,Low staff availability,Strong activity completion,"Review procurement, logistics and supply-chain bottlenecks. | Review progress against targets and identify implementation bottlenecks. | Review staffing coverage, absences and field deployment capacity.",Recommended for human review; the model does not make operational decisions.
ES-007232,2026-08-01,WASH Resilience Initiative,WASH,Borno,Ngala,Ngala Site 4,Low,1.281459184703692e-10,Low activity completion,Access constraints,Lower data quality,Limited supply delay,"Review delayed or incomplete activities and implementation constraints. | Review access, movement and operational constraints affecting delivery. | Validate source data, completeness and reporting quality.",Recommended for human review; the model does not make operational decisions.
ES-007136,2026-08-01,WASH Resilience Initiative,WASH,Borno,Ngala,Ngala Site 1,Medium,0.0010774569140285,Low activity completion,Low achievement,Elevated complaints,Limited supply delay,Review delayed or incomplete activities and implementation constraints. | Review progress against targets and identify implementation bottlenecks. | Review feedback and complaint records for recurring operational issues.,Recommended for human review; the model does not make operational decisions.
ES-006304,2026-08-01,WASH Resilience Initiative,WASH,Borno,Maiduguri,Maiduguri Site 5,Medium,0.013206810655706,Low achievement,Access constraints,Elevated complaints,Limited supply delay,"Review progress against targets and identify implementation bottlenecks. | Review access, movement and operational constraints affecting delivery. | Review feedback and complaint records for recurring operational issues.",Recommended for human review; the model does not make operational decisions.
ES-001920,2026-08-01,Livelihood Recovery Initiative,Livelihoods,Borno,Jere,Jere Site 6,Low,4.272351239950884e-08,Reporting delay,Low staff availability,Previous-month achievement pattern,Strong activity completion,"Validate reporting timeliness and follow up on delayed field submissions. | Review staffing coverage, absences and field deployment capacity. | Review recent performance trends for persistent underachievement.",Recommended for human review; the model does not make operational decisions.
ES-006240,2026-08-01,WASH Resilience Initiative,WASH,Borno,Maiduguri,Maiduguri Site 3,Medium,6.571724481997584e-05,Low achievement,Access constraints,Reporting delay,Strong staff availability,"Review progress against targets and identify implementation bottlenecks. | Review access, movement and operational constraints affecting delivery. | Validate reporting timeliness and follow up on delayed field submissions.",Recommended for human review; the model does not make operational decisions.
ES-003808,2026-08-01,Education Access Project,Education,Borno,Mafa,Mafa Site 5,Medium,0.0043692716909401,Low activity completion,Low achievement,Supply delay,Timely reporting,"Review delayed or incomplete activities and implementation constraints. | Review progress against targets and identify implementation bottlenecks. | Review procurement, logistics and supply-chain bottlenecks.",Recommended for human review; the model does not make operational decisions.
ES-003776,2026-08-01,Education Access Project,Education,Borno,Mafa,Mafa Site 4,Low,4.9483838414344086e-11,Low achievement,Elevated complaints,,Strong activity completion,Review progress against targets and identify implementation bottlenecks. | Review feedback and complaint records for recurring operational issues.,Recommended for human review; the model does not make operational decisions.
ES-003744,2026-08-01,Education Access Project,Education,Borno,Mafa,Mafa Site 3,Medium,0.0042655452544368,Low achievement,Low activity completion,Lower data quality,Timely reporting,"Review progress against targets and identify implementation bottlenecks. | Review delayed or incomplete activities and implementation constraints. | Validate source data, completeness and reporting quality.",Recommended for human review; the model does not make operational decisions.
ES-003712,2026-08-01,Education Access Project,Education,Borno,Mafa,Mafa Site 2,High,0.907110626692979,Low achievement,Supply delay,Low activity completion,Lower access constraints,"Review progress against targets and identify implementation bottlenecks. | Review procurement, logistics and supply-chain bottlenecks. | Review delayed or incomplete activities and implementation constraints.",Recommended for human review; the model does not make operational decisions.
ES-003680,2026-08-01,Education Access Project,Education,Borno,Mafa,Mafa Site 1,Low,4.51099700929111e-08,Low staff availability,Low achievement,Access constraints,Strong activity completion,"Review staffing coverage, absences and field deployment capacity. | Review progress against targets and identify implementation bottlenecks. | Review access, movement and operational constraints affecting delivery.",Recommended for human review; the model does not make operational decisions.
ES-003648,2026-08-01,Education Access Project,Education,Borno,Konduga,Konduga Site 6,Medium,0.0001528004336262,Reporting delay,Access constraints,Supply delay,Strong staff availability,"Validate reporting timeliness and follow up on delayed field submissions. | Review access, movement and operational constraints affecting delivery. | Review procurement, logistics and supply-chain bottlenecks.",Recommended for human review; the model does not make operational decisions.
ES-003616,2026-08-01,Education Access Project,Education,Borno,Konduga,Konduga Site 5,High,0.9774714656486748,Low achievement,Supply delay,Reporting delay,Lower complaints,"Review progress against targets and identify implementation bottlenecks. | Review procurement, logistics and supply-chain bottlenecks. | Validate reporting timeliness and follow up on delayed field submissions.",Recommended for human review; the model does not make operational decisions.
ES-003584,2026-08-01,Education Access Project,Education,Borno,Konduga,Konduga Site 4,Medium,0.000418985647481,Low achievement,Supply delay,Low staff availability,Lower access constraints,"Review progress against targets and identify implementation bottlenecks. | Review procurement, logistics and supply-chain bottlenecks. | Review staffing coverage, absences and field deployment capacity.",Recommended for human review; the model does not make operational decisions.
ES-003552,2026-08-01,Education Access Project,Education,Borno,Konduga,Konduga Site 3,Medium,2.955642153733809e-05,Low achievement,Elevated complaints,Supply delay,Strong activity completion,"Review progress against targets and identify implementation bottlenecks. | Review feedback and complaint records for recurring operational issues. | Review procurement, logistics and supply-chain bottlenecks.",Recommended for human review; the model does not make operational decisions.
ES-003520,2026-08-01,Education Access Project,Education,Borno,Konduga,Konduga Site 2,Medium,0.3605596805217368,Low achievement,Low activity completion,Elevated complaints,Timely reporting,Review progress against targets and identify implementation bottlenecks. | Review delayed or incomplete activities and implementation constraints. | Review feedback and complaint records for recurring operational issues.,Recommended for human review; the model does not make operational decisions.
ES-003488,2026-08-01,Education Access Project,Education,Borno,Konduga,Konduga Site 1,Low,1.3954195902941531e-36,Reporting delay,Access constraints,Previous-month achievement pattern,Strong achievement,"Validate reporting timeliness and follow up on delayed field submissions. | Review access, movement and operational constraints affecting delivery. | Review recent performance trends for persistent underachievement.",Recommended for human review; the model does not make operational decisions.
ES-003456,2026-08-01,Education Access Project,Education,Borno,Jere,Jere Site 6,Medium,0.0003681633703618,Low achievement,Low activity completion,Lower data quality,Limited supply delay,"Review progress against targets and identify implementation bottlenecks. | Review delayed or incomplete activities and implementation constraints. | Validate source data, completeness and reporting quality.",Recommended for human review; the model does not make operational decisions.
ES-003424,2026-08-01,Education Access Project,Education,Borno,Jere,Jere Site 5,Low,3.4440410877454667e-16,Low achievement,Low staff availability,Budget utilisation pattern,Timely reporting,"Review progress against targets and identify implementation bottlenecks. | Review staffing coverage, absences and field deployment capacity. | Review expenditure patterns against implementation progress.",Recommended for human review; the model does not make operational decisions.
ES-003392,2026-08-01,Education Access Project,Education,Borno,Jere,Jere Site 4,Low,3.375172928092299e-13,Reporting delay,Previous-month achievement pattern,Lower data quality,Strong achievement,"Validate reporting timeliness and follow up on delayed field submissions. | Review recent performance trends for persistent underachievement. | Validate source data, completeness and reporting quality.",Recommended for human review; the model does not make operational decisions.
ES-003360,2026-08-01,Education Access Project,Education,Borno,Jere,Jere Site 3,Low,3.959682418561431e-18,Supply delay,Low staff availability,,Strong activity completion,"Review procurement, logistics and supply-chain bottlenecks. | Review staffing coverage, absences and field deployment capacity.",Recommended for human review; the model does not make operational decisions.
ES-003328,2026-08-01,Education Access Project,Education,Borno,Jere,Jere Site 2,Medium,0.0007865439156638,Low activity completion,Reporting delay,Low achievement,Lower complaints,Review delayed or incomplete activities and implementation constraints. | Validate reporting timeliness and follow up on delayed field submissions. | Review progress against targets and identify implementation bottlenecks.,Recommended for human review; the model does not make operational decisions.
ES-003296,2026-08-01,Education Access Project,Education,Borno,Jere,Jere Site 1,Medium,0.0008131988981516,Low achievement,Low activity completion,Supply delay,Lower complaints,"Review progress against targets and identify implementation bottlenecks. | Review delayed or incomplete activities and implementation constraints. | Review procurement, logistics and supply-chain bottlenecks.",Recommended for human review; the model does not make operational decisions.
ES-004608,2026-08-01,Education Access Project,Education,Borno,Gwoza,Gwoza Site 6,Low,1.18319815049426e-13,Reporting delay,Low staff availability,,Strong activity completion,"Validate reporting timeliness and follow up on delayed field submissions. | Review staffing coverage, absences and field deployment capacity.",Recommended for human review; the model does not make operational decisions.
ES-004576,2026-08-01,Education Access Project,Education,Borno,Gwoza,Gwoza Site 5,Low,4.313255253660593e-07,Low achievement,Access constraints,Elevated complaints,Strong activity completion,"Review progress against targets and identify implementation bottlenecks. | Review access, movement and operational constraints affecting delivery. | Review feedback and complaint records for recurring operational issues.",Recommended for human review; the model does not make operational decisions.
ES-004544,2026-08-01,Education Access Project,Education,Borno,Gwoza,Gwoza Site 4,Medium,0.0066033557141709,Low achievement,Low activity completion,Reporting delay,Lower complaints,Review progress against targets and identify implementation bottlenecks. | Review delayed or incomplete activities and implementation constraints. | Validate reporting timeliness and follow up on delayed field submissions.,Recommended for human review; the model does not make operational decisions.
ES-004512,2026-08-01,Education Access Project,Education,Borno,Gwoza,Gwoza Site 3,High,0.934272440558222,Low achievement,Supply delay,Elevated complaints,Strong activity completion,"Review progress against targets and identify implementation bottlenecks. | Review procurement, logistics and supply-chain bottlenecks. | Review feedback and complaint records for recurring operational issues.",Recommended for human review; the model does not make operational decisions.
ES-004480,2026-08-01,Education Access Project,Education,Borno,Gwoza,Gwoza Site 2,Medium,0.0106783527815263,Reporting delay,Low achievement,Supply delay,Lower access constraints,"Validate reporting timeliness and follow up on delayed field submissions. | Review progress against targets and identify implementation bottlenecks. | Review procurement, logistics and supply-chain bottlenecks.",Recommended for human review; the model does not make operational decisions.
ES-004448,2026-08-01,Education Access Project,Education,Borno,Gwoza,Gwoza Site 1,High,0.9764917250629216,Low achievement,Low activity completion,Reporting delay,Strong staff availability,Review progress against targets and identify implementation bottlenecks. | Review delayed or incomplete activities and implementation constraints. | Validate reporting timeliness and follow up on delayed field submissions.,Recommended for human review; the model does not make operational decisions.
ES-004416,2026-08-01,Education Access Project,Education,Borno,Dikwa,Dikwa Site 6,Low,1.8617569188398787e-12,Elevated complaints,Low staff availability,Supply delay,Strong achievement,"Review feedback and complaint records for recurring operational issues. | Review staffing coverage, absences and field deployment capacity. | Review procurement, logistics and supply-chain bottlenecks.",Recommended for human review; the model does not make operational decisions.
ES-004384,2026-08-01,Education Access Project,Education,Borno,Dikwa,Dikwa Site 5,Medium,8.144142875480097e-06,Low achievement,Supply delay,Low staff availability,Timely reporting,"Review progress against targets and identify implementation bottlenecks. | Review procurement, logistics and supply-chain bottlenecks. | Review staffing coverage, absences and field deployment capacity.",Recommended for human review; the model does not make operational decisions.
ES-003840,2026-08-01,Education Access Project,Education,Borno,Mafa,Mafa Site 6,Low,9.90969398242651e-16,Low staff availability,Budget utilisation pattern,,Strong achievement,"Review staffing coverage, absences and field deployment capacity. | Review expenditure patterns against implementation progress.",Recommended for human review; the model does not make operational decisions.
ES-004352,2026-08-01,Education Access Project,Education,Borno,Dikwa,Dikwa Site 4,Medium,0.0032282950660021,Low achievement,Supply delay,Reporting delay,Strong activity completion,"Review progress against targets and identify implementation bottlenecks. | Review procurement, logistics and supply-chain bottlenecks. | Validate reporting timeliness and follow up on delayed field submissions.",Recommended for human review; the model does not make operational decisions.
ES-003104,2026-08-01,Education Access Project,Education,Borno,Maiduguri,Maiduguri Site 1,Medium,4.644626928426256e-06,Supply delay,Low achievement,Access constraints,Timely reporting,"Review procurement, logistics and supply-chain bottlenecks. | Review progress against targets and identify implementation bottlenecks. | Review access, movement and operational constraints affecting delivery.",Recommended for human review; the model does not make operational decisions.
ES-003168,2026-08-01,Education Access Project,Education,Borno,Maiduguri,Maiduguri Site 3,Low,3.288903505037779e-09,Elevated complaints,Reporting delay,Access constraints,Strong achievement,"Review feedback and complaint records for recurring operational issues. | Validate reporting timeliness and follow up on delayed field submissions. | Review access, movement and operational constraints affecting delivery.",Recommended for human review; the model does not make operational decisions.
ES-003008,2026-08-01,Livelihood Recovery Initiative,Livelihoods,Borno,Gwoza,Gwoza Site 4,Medium,0.2133421445437548,Low achievement,Supply delay,Low activity completion,Strong staff availability,"Review progress against targets and identify implementation bottlenecks. | Review procurement, logistics and supply-chain bottlenecks. | Review delayed or incomplete activities and implementation constraints.",Recommended for human review; the model does not make operational decisions.
ES-002976,2026-08-01,Livelihood Recovery Initiative,Livelihoods,Borno,Gwoza,Gwoza Site 3,Medium,0.001694568539403,Low activity completion,Elevated complaints,Supply delay,Lower access constraints,"Review delayed or incomplete activities and implementation constraints. | Review feedback and complaint records for recurring operational issues. | Review procurement, logistics and supply-chain bottlenecks.",Recommended for human review; the model does not make operational decisions.
ES-002944,2026-08-01,Livelihood Recovery Initiative,Livelihoods,Borno,Gwoza,Gwoza Site 2,Medium,7.502759880880752e-05,Low achievement,Supply delay,Access constraints,Timely reporting,"Review progress against targets and identify implementation bottlenecks. | Review procurement, logistics and supply-chain bottlenecks. | Review access, movement and operational constraints affecting delivery.",Recommended for human review; the model does not make operational decisions.
ES-002912,2026-08-01,Livelihood Recovery Initiative,Livelihoods,Borno,Gwoza,Gwoza Site 1,Low,4.341777506008047e-07,Low achievement,Low activity completion,Lower data quality,Limited supply delay,"Review progress against targets and identify implementation bottlenecks. | Review delayed or incomplete activities and implementation constraints. | Validate source data, completeness and reporting quality.",Recommended for human review; the model does not make operational decisions.
ES-002880,2026-08-01,Livelihood Recovery Initiative,Livelihoods,Borno,Dikwa,Dikwa Site 6,High,0.9999999999999984,Supply delay,Low achievement,Low activity completion,Timely reporting,"Review procurement, logistics and supply-chain bottlenecks. | Review progress against targets and identify implementation bottlenecks. | Review delayed or incomplete activities and implementation constraints.",Recommended for human review; the model does not make operational decisions.
ES-002848,2026-08-01,Livelihood Recovery Initiative,Livelihoods,Borno,Dikwa,Dikwa Site 5,Medium,0.0003326529809294,Low achievement,Supply delay,Lower data quality,Timely reporting,"Review progress against targets and identify implementation bottlenecks. | Review procurement, logistics and supply-chain bottlenecks. | Validate source data, completeness and reporting quality.",Recommended for human review; the model does not make operational decisions.
ES-002816,2026-08-01,Livelihood Recovery Initiative,Livelihoods,Borno,Dikwa,Dikwa Site 4,Medium,0.0058885378955161,Supply delay,Access constraints,Low achievement,Lower complaints,"Review procurement, logistics and supply-chain bottlenecks. | Review access, movement and operational constraints affecting delivery. | Review progress against targets and identify implementation bottlenecks.",Recommended for human review; the model does not make operational decisions.
ES-002784,2026-08-01,Livelihood Recovery Initiative,Livelihoods,Borno,Dikwa,Dikwa Site 3,Low,7.980948275803688e-10,Low achievement,Lower data quality,Access constraints,Limited supply delay,"Review progress against targets and identify implementation bottlenecks. | Validate source data, completeness and reporting quality. | Review access, movement and operational constraints affecting delivery.",Recommended for human review; the model does not make operational decisions.
ES-002752,2026-08-01,Livelihood Recovery Initiative,Livelihoods,Borno,Dikwa,Dikwa Site 2,Low,1.1516533577918948e-11,Low achievement,Low staff availability,Supply delay,Strong activity completion,"Review progress against targets and identify implementation bottlenecks. | Review staffing coverage, absences and field deployment capacity. | Review procurement, logistics and supply-chain bottlenecks.",Recommended for human review; the model does not make operational decisions.
ES-002720,2026-08-01,Livelihood Recovery Initiative,Livelihoods,Borno,Dikwa,Dikwa Site 1,Low,5.379206836477213e-11,Supply delay,Access constraints,Low staff availability,Timely reporting,"Review procurement, logistics and supply-chain bottlenecks. | Review access, movement and operational constraints affecting delivery. | Review staffing coverage, absences and field deployment capacity.",Recommended for human review; the model does not make operational decisions.
ES-002496,2026-08-01,Livelihood Recovery Initiative,Livelihoods,Borno,Bama,Bama Site 6,Medium,0.0090213383227168,Low achievement,Reporting delay,Elevated complaints,Strong activity completion,Review progress against targets and identify implementation bottlenecks. | Validate reporting timeliness and follow up on delayed field submissions. | Review feedback and complaint records for recurring operational issues.,Recommended for human review; the model does not make operational decisions.
ES-002464,2026-08-01,Livelihood Recovery Initiative,Livelihoods,Borno,Bama,Bama Site 5,Low,8.651216391408524e-12,Low achievement,Previous-month achievement pattern,,Strong activity completion,Review progress against targets and identify implementation bottlenecks. | Review recent performance trends for persistent underachievement.,Recommended for human review; the model does not make operational decisions.
ES-002432,2026-08-01,Livelihood Recovery Initiative,Livelihoods,Borno,Bama,Bama Site 4,Medium,6.601023533932392e-06,Low achievement,Reporting delay,Low activity completion,Limited supply delay,Review progress against targets and identify implementation bottlenecks. | Validate reporting timeliness and follow up on delayed field submissions. | Review delayed or incomplete activities and implementation constraints.,Recommended for human review; the model does not make operational decisions.
ES-002400,2026-08-01,Livelihood Recovery Initiative,Livelihoods,Borno,Bama,Bama Site 3,Low,6.83019503329262e-28,Previous-month achievement pattern,Budget utilisation pattern,,Strong achievement,Review recent performance trends for persistent underachievement. | Review expenditure patterns against implementation progress.,Recommended for human review; the model does not make operational decisions.
ES-002368,2026-08-01,Livelihood Recovery Initiative,Livelihoods,Borno,Bama,Bama Site 2,Low,5.376388784080705e-21,Lower data quality,Previous-month achievement pattern,Budget utilisation pattern,Strong achievement,"Validate source data, completeness and reporting quality. | Review recent performance trends for persistent underachievement. | Review expenditure patterns against implementation progress.",Recommended for human review; the model does not make operational decisions.
ES-002336,2026-08-01,Livelihood Recovery Initiative,Livelihoods,Borno,Bama,Bama Site 1,High,0.9990118322508064,Low achievement,Low activity completion,Reporting delay,Limited supply delay,Review progress against targets and identify implementation bottlenecks. | Review delayed or incomplete activities and implementation constraints. | Validate reporting timeliness and follow up on delayed field submissions.,Recommended for human review; the model does not make operational decisions.
ES-004224,2026-08-01,Education Access Project,Education,Borno,Ngala,Ngala Site 6,High,0.9999998398132878,Low achievement,Supply delay,Low activity completion,Strong staff availability,"Review progress against targets and identify implementation bottlenecks. | Review procurement, logistics and supply-chain bottlenecks. | Review delayed or incomplete activities and implementation constraints.",Recommended for human review; the model does not make operational decisions.
ES-004192,2026-08-01,Education Access Project,Education,Borno,Ngala,Ngala Site 5,Medium,0.0002813147077492,Low achievement,Low activity completion,Low staff availability,Lower complaints,"Review progress against targets and identify implementation bottlenecks. | Review delayed or incomplete activities and implementation constraints. | Review staffing coverage, absences and field deployment capacity.",Recommended for human review; the model does not make operational decisions.
ES-004160,2026-08-01,Education Access Project,Education,Borno,Ngala,Ngala Site 4,High,0.913448298844796,Low activity completion,Low achievement,Supply delay,Lower access constraints,"Review delayed or incomplete activities and implementation constraints. | Review progress against targets and identify implementation bottlenecks. | Review procurement, logistics and supply-chain bottlenecks.",Recommended for human review; the model does not make operational decisions.
ES-004128,2026-08-01,Education Access Project,Education,Borno,Ngala,Ngala Site 3,Medium,0.0220550442131568,Low achievement,Supply delay,Reporting delay,Strong staff availability,"Review progress against targets and identify implementation bottlenecks. | Review procurement, logistics and supply-chain bottlenecks. | Validate reporting timeliness and follow up on delayed field submissions.",Recommended for human review; the model does not make operational decisions.
ES-004096,2026-08-01,Education Access Project,Education,Borno,Ngala,Ngala Site 2,High,0.9995296500164912,Low achievement,Supply delay,Low activity completion,Lower complaints,"Review progress against targets and identify implementation bottlenecks. | Review procurement, logistics and supply-chain bottlenecks. | Review delayed or incomplete activities and implementation constraints.",Recommended for human review; the model does not make operational decisions.
ES-004064,2026-08-01,Education Access Project,Education,Borno,Ngala,Ngala Site 1,Medium,0.0003939835739324,Low activity completion,Low achievement,Low staff availability,Limited supply delay,"Review delayed or incomplete activities and implementation constraints. | Review progress against targets and identify implementation bottlenecks. | Review staffing coverage, absences and field deployment capacity.",Recommended for human review; the model does not make operational decisions.
ES-003264,2026-08-01,Education Access Project,Education,Borno,Maiduguri,Maiduguri Site 6,High,0.9930614044926948,Supply delay,Low achievement,Low activity completion,Timely reporting,"Review procurement, logistics and supply-chain bottlenecks. | Review progress against targets and identify implementation bottlenecks. | Review delayed or incomplete activities and implementation constraints.",Recommended for human review; the model does not make operational decisions.
ES-003232,2026-08-01,Education Access Project,Education,Borno,Maiduguri,Maiduguri Site 5,Medium,3.1740960215226664e-05,Elevated complaints,Low achievement,Low activity completion,Lower access constraints,Review feedback and complaint records for recurring operational issues. | Review progress against targets and identify implementation bottlenecks. | Review delayed or incomplete activities and implementation constraints.,Recommended for human review; the model does not make operational decisions.
ES-003200,2026-08-01,Education Access Project,Education,Borno,Maiduguri,Maiduguri Site 4,Medium,1.5516916979027844e-05,Low achievement,Elevated complaints,Low activity completion,Limited supply delay,Review progress against targets and identify implementation bottlenecks. | Review feedback and complaint records for recurring operational issues. | Review delayed or incomplete activities and implementation constraints.,Recommended for human review; the model does not make operational decisions.
ES-003136,2026-08-01,Education Access Project,Education,Borno,Maiduguri,Maiduguri Site 2,Low,1.0734051904019196e-31,Low staff availability,Previous-month achievement pattern,,Strong achievement,"Review staffing coverage, absences and field deployment capacity. | Review recent performance trends for persistent underachievement.",Recommended for human review; the model does not make operational decisions.
ES-003040,2026-08-01,Livelihood Recovery Initiative,Livelihoods,Borno,Gwoza,Gwoza Site 5,Medium,0.0006623736321795,Reporting delay,Low activity completion,Low achievement,Limited supply delay,Validate reporting timeliness and follow up on delayed field submissions. | Review delayed or incomplete activities and implementation constraints. | Review progress against targets and identify implementation bottlenecks.,Recommended for human review; the model does not make operational decisions.
ES-004320,2026-08-01,Education Access Project,Education,Borno,Dikwa,Dikwa Site 3,High,0.999999999963828,Low achievement,Elevated complaints,Supply delay,Strong activity completion,"Review progress against targets and identify implementation bottlenecks. | Review feedback and complaint records for recurring operational issues. | Review procurement, logistics and supply-chain bottlenecks.",Recommended for human review; the model does not make operational decisions.
ES-004256,2026-08-01,Education Access Project,Education,Borno,Dikwa,Dikwa Site 1,Medium,8.491024243181914e-06,Low achievement,Access constraints,Elevated complaints,Strong activity completion,"Review progress against targets and identify implementation bottlenecks. | Review access, movement and operational constraints affecting delivery. | Review feedback and complaint records for recurring operational issues.",Recommended for human review; the model does not make operational decisions.
ES-000416,2026-08-01,Community Resilience Programme,Protection/Resilience,Borno,Konduga,Konduga Site 1,Medium,4.3297479720143217e-05,Low achievement,Reporting delay,Low activity completion,Lower access constraints,Review progress against targets and identify implementation bottlenecks. | Validate reporting timeliness and follow up on delayed field submissions. | Review delayed or incomplete activities and implementation constraints.,Recommended for human review; the model does not make operational decisions.
ES-000384,2026-08-01,Community Resilience Programme,Protection/Resilience,Borno,Jere,Jere Site 6,Medium,5.9327612210732e-05,Elevated complaints,Reporting delay,Access constraints,Strong activity completion,"Review feedback and complaint records for recurring operational issues. | Validate reporting timeliness and follow up on delayed field submissions. | Review access, movement and operational constraints affecting delivery.",Recommended for human review; the model does not make operational decisions.
ES-000352,2026-08-01,Community Resilience Programme,Protection/Resilience,Borno,Jere,Jere Site 5,Low,2.782995756970228e-19,Low activity completion,Low staff availability,Lower data quality,Strong achievement,"Review delayed or incomplete activities and implementation constraints. | Review staffing coverage, absences and field deployment capacity. | Validate source data, completeness and reporting quality.",Recommended for human review; the model does not make operational decisions.
ES-000320,2026-08-01,Community Resilience Programme,Protection/Resilience,Borno,Jere,Jere Site 4,Low,1.128147061582416e-24,Low staff availability,Elevated complaints,Lower data quality,Strong achievement,"Review staffing coverage, absences and field deployment capacity. | Review feedback and complaint records for recurring operational issues. | Validate source data, completeness and reporting quality.",Recommended for human review; the model does not make operational decisions.
ES-000288,2026-08-01,Community Resilience Programme,Protection/Resilience,Borno,Jere,Jere Site 3,Low,1.3789770060010346e-13,Supply delay,Low activity completion,Access constraints,Strong achievement,"Review procurement, logistics and supply-chain bottlenecks. | Review delayed or incomplete activities and implementation constraints. | Review access, movement and operational constraints affecting delivery.",Recommended for human review; the model does not make operational decisions.
ES-000256,2026-08-01,Community Resilience Programme,Protection/Resilience,Borno,Jere,Jere Site 2,Low,2.342151160529166e-16,Elevated complaints,Supply delay,Previous-month achievement pattern,Strong achievement,"Review feedback and complaint records for recurring operational issues. | Review procurement, logistics and supply-chain bottlenecks. | Review recent performance trends for persistent underachievement.",Recommended for human review; the model does not make operational decisions.
ES-000224,2026-08-01,Community Resilience Programme,Protection/Resilience,Borno,Jere,Jere Site 1,Low,3.638511020875899e-17,Reporting delay,Low activity completion,Lower data quality,Strong achievement,"Validate reporting timeliness and follow up on delayed field submissions. | Review delayed or incomplete activities and implementation constraints. | Validate source data, completeness and reporting quality.",Recommended for human review; the model does not make operational decisions.
ES-001536,2026-08-01,Community Resilience Programme,Protection/Resilience,Borno,Gwoza,Gwoza Site 6,Low,1.7453815433565134e-14,Low achievement,Low staff availability,,Strong activity completion,"Review progress against targets and identify implementation bottlenecks. | Review staffing coverage, absences and field deployment capacity.",Recommended for human review; the model does not make operational decisions.
ES-001504,2026-08-01,Community Resilience Programme,Protection/Resilience,Borno,Gwoza,Gwoza Site 5,Low,4.713717774259872e-10,Low achievement,Lower data quality,Low staff availability,Limited supply delay,"Review progress against targets and identify implementation bottlenecks. | Validate source data, completeness and reporting quality. | Review staffing coverage, absences and field deployment capacity.",Recommended for human review; the model does not make operational decisions.
ES-001472,2026-08-01,Community Resilience Programme,Protection/Resilience,Borno,Gwoza,Gwoza Site 4,Low,1.8260151785751705e-19,Low staff availability,Lower data quality,Previous-month achievement pattern,Strong activity completion,"Review staffing coverage, absences and field deployment capacity. | Validate source data, completeness and reporting quality. | Review recent performance trends for persistent underachievement.",Recommended for human review; the model does not make operational decisions.
ES-001440,2026-08-01,Community Resilience Programme,Protection/Resilience,Borno,Gwoza,Gwoza Site 3,Medium,3.833919867209767e-06,Low achievement,Low activity completion,Low staff availability,Limited supply delay,"Review progress against targets and identify implementation bottlenecks. | Review delayed or incomplete activities and implementation constraints. | Review staffing coverage, absences and field deployment capacity.",Recommended for human review; the model does not make operational decisions.
ES-001408,2026-08-01,Community Resilience Programme,Protection/Resilience,Borno,Gwoza,Gwoza Site 2,Medium,0.2129069711272459,Reporting delay,Low achievement,Low activity completion,Limited supply delay,Validate reporting timeliness and follow up on delayed field submissions. | Review progress against targets and identify implementation bottlenecks. | Review delayed or incomplete activities and implementation constraints.,Recommended for human review; the model does not make operational decisions.
ES-001376,2026-08-01,Community Resilience Programme,Protection/Resilience,Borno,Gwoza,Gwoza Site 1,Medium,3.6623283552337546e-05,Low achievement,Elevated complaints,Budget utilisation pattern,Timely reporting,Review progress against targets and identify implementation bottlenecks. | Review feedback and complaint records for recurring operational issues. | Review expenditure patterns against implementation progress.,Recommended for human review; the model does not make operational decisions.
ES-001344,2026-08-01,Community Resilience Programme,Protection/Resilience,Borno,Dikwa,Dikwa Site 6,Low,1.62373404701578e-16,Low staff availability,Low achievement,Lower data quality,Strong activity completion,"Review staffing coverage, absences and field deployment capacity. | Review progress against targets and identify implementation bottlenecks. | Validate source data, completeness and reporting quality.",Recommended for human review; the model does not make operational decisions.
ES-001312,2026-08-01,Community Resilience Programme,Protection/Resilience,Borno,Dikwa,Dikwa Site 5,Medium,0.002684216112248,Low achievement,Elevated complaints,Access constraints,Limited supply delay,"Review progress against targets and identify implementation bottlenecks. | Review feedback and complaint records for recurring operational issues. | Review access, movement and operational constraints affecting delivery.",Recommended for human review; the model does not make operational decisions.
ES-001280,2026-08-01,Community Resilience Programme,Protection/Resilience,Borno,Dikwa,Dikwa Site 4,Low,1.577124272103116e-23,Elevated complaints,Previous-month achievement pattern,,Strong achievement,Review feedback and complaint records for recurring operational issues. | Review recent performance trends for persistent underachievement.,Recommended for human review; the model does not make operational decisions.
ES-001248,2026-08-01,Community Resilience Programme,Protection/Resilience,Borno,Dikwa,Dikwa Site 3,Low,1.6271375955069022e-06,Supply delay,Low achievement,Lower data quality,Timely reporting,"Review procurement, logistics and supply-chain bottlenecks. | Review progress against targets and identify implementation bottlenecks. | Validate source data, completeness and reporting quality.",Recommended for human review; the model does not make operational decisions.
ES-001216,2026-08-01,Community Resilience Programme,Protection/Resilience,Borno,Dikwa,Dikwa Site 2,High,0.6729061810255276,Low activity completion,Reporting delay,Elevated complaints,Strong staff availability,Review delayed or incomplete activities and implementation constraints. | Validate reporting timeliness and follow up on delayed field submissions. | Review feedback and complaint records for recurring operational issues.,Recommended for human review; the model does not make operational decisions.
ES-001184,2026-08-01,Community Resilience Programme,Protection/Resilience,Borno,Dikwa,Dikwa Site 1,Low,1.482081586785377e-06,Low achievement,Elevated complaints,Low activity completion,Timely reporting,Review progress against targets and identify implementation bottlenecks. | Review feedback and complaint records for recurring operational issues. | Review delayed or incomplete activities and implementation constraints.,Recommended for human review; the model does not make operational decisions.
ES-000960,2026-08-01,Community Resilience Programme,Protection/Resilience,Borno,Bama,Bama Site 6,Medium,0.0236568781214745,Low activity completion,Reporting delay,Supply delay,Lower complaints,"Review delayed or incomplete activities and implementation constraints. | Validate reporting timeliness and follow up on delayed field submissions. | Review procurement, logistics and supply-chain bottlenecks.",Recommended for human review; the model does not make operational decisions.
ES-000928,2026-08-01,Community Resilience Programme,Protection/Resilience,Borno,Bama,Bama Site 5,Low,3.2764928142229664e-19,Low activity completion,Access constraints,Previous-month achievement pattern,Strong achievement,"Review delayed or incomplete activities and implementation constraints. | Review access, movement and operational constraints affecting delivery. | Review recent performance trends for persistent underachievement.",Recommended for human review; the model does not make operational decisions.
ES-000896,2026-08-01,Community Resilience Programme,Protection/Resilience,Borno,Bama,Bama Site 4,Low,2.418016323946006e-13,Reporting delay,Access constraints,Low staff availability,Strong achievement,"Validate reporting timeliness and follow up on delayed field submissions. | Review access, movement and operational constraints affecting delivery. | Review staffing coverage, absences and field deployment capacity.",Recommended for human review; the model does not make operational decisions.
ES-000864,2026-08-01,Community Resilience Programme,Protection/Resilience,Borno,Bama,Bama Site 3,Low,1.1241428898861357e-13,Supply delay,Access constraints,Previous-month achievement pattern,Strong achievement,"Review procurement, logistics and supply-chain bottlenecks. | Review access, movement and operational constraints affecting delivery. | Review recent performance trends for persistent underachievement.",Recommended for human review; the model does not make operational decisions.
ES-000832,2026-08-01,Community Resilience Programme,Protection/Resilience,Borno,Bama,Bama Site 2,Medium,0.1666467622562468,Low activity completion,Low achievement,Reporting delay,Lower access constraints,Review delayed or incomplete activities and implementation constraints. | Review progress against targets and identify implementation bottlenecks. | Validate reporting timeliness and follow up on delayed field submissions.,Recommended for human review; the model does not make operational decisions.
ES-000800,2026-08-01,Community Resilience Programme,Protection/Resilience,Borno,Bama,Bama Site 1,Low,1.4679091603745082e-16,Low activity completion,Supply delay,Low staff availability,Strong achievement,"Review delayed or incomplete activities and implementation constraints. | Review procurement, logistics and supply-chain bottlenecks. | Review staffing coverage, absences and field deployment capacity.",Recommended for human review; the model does not make operational decisions.
ES-000448,2026-08-01,Community Resilience Programme,Protection/Resilience,Borno,Konduga,Konduga Site 2,Low,5.17640795420746e-12,Low achievement,Low staff availability,Access constraints,Limited supply delay,"Review progress against targets and identify implementation bottlenecks. | Review staffing coverage, absences and field deployment capacity. | Review access, movement and operational constraints affecting delivery.",Recommended for human review; the model does not make operational decisions.
ES-004288,2026-08-01,Education Access Project,Education,Borno,Dikwa,Dikwa Site 2,Low,7.077620473715496e-11,Low achievement,Lower data quality,Low staff availability,Strong activity completion,"Review progress against targets and identify implementation bottlenecks. | Validate source data, completeness and reporting quality. | Review staffing coverage, absences and field deployment capacity.",Recommended for human review; the model does not make operational decisions.
ES-000480,2026-08-01,Community Resilience Programme,Protection/Resilience,Borno,Konduga,Konduga Site 3,Low,1.8254708933056806e-09,Low achievement,Access constraints,Previous-month achievement pattern,Limited supply delay,"Review progress against targets and identify implementation bottlenecks. | Review access, movement and operational constraints affecting delivery. | Review recent performance trends for persistent underachievement.",Recommended for human review; the model does not make operational decisions.
ES-000544,2026-08-01,Community Resilience Programme,Protection/Resilience,Borno,Konduga,Konduga Site 5,Low,6.952357237213939e-12,Low activity completion,Reporting delay,Elevated complaints,Strong achievement,Review delayed or incomplete activities and implementation constraints. | Validate reporting timeliness and follow up on delayed field submissions. | Review feedback and complaint records for recurring operational issues.,Recommended for human review; the model does not make operational decisions.
ES-004032,2026-08-01,Education Access Project,Education,Borno,Bama,Bama Site 6,Low,5.29015633262353e-21,Previous-month achievement pattern,Budget utilisation pattern,,Timely reporting,Review recent performance trends for persistent underachievement. | Review expenditure patterns against implementation progress.,Recommended for human review; the model does not make operational decisions.
ES-004000,2026-08-01,Education Access Project,Education,Borno,Bama,Bama Site 5,Medium,0.000677867416693,Reporting delay,Low achievement,Supply delay,Lower complaints,"Validate reporting timeliness and follow up on delayed field submissions. | Review progress against targets and identify implementation bottlenecks. | Review procurement, logistics and supply-chain bottlenecks.",Recommended for human review; the model does not make operational decisions.
ES-003968,2026-08-01,Education Access Project,Education,Borno,Bama,Bama Site 4,Low,2.9371597363994565e-29,Low staff availability,,,Strong achievement,"Review staffing coverage, absences and field deployment capacity.",Recommended for human review; the model does not make operational decisions.
ES-003936,2026-08-01,Education Access Project,Education,Borno,Bama,Bama Site 3,Medium,0.0088612652586991,Low achievement,Reporting delay,Low activity completion,Lower access constraints,Review progress against targets and identify implementation bottlenecks. | Validate reporting timeliness and follow up on delayed field submissions. | Review delayed or incomplete activities and implementation constraints.,Recommended for human review; the model does not make operational decisions.
ES-003904,2026-08-01,Education Access Project,Education,Borno,Bama,Bama Site 2,Medium,0.0145491627397044,Low achievement,Reporting delay,Low activity completion,Limited supply delay,Review progress against targets and identify implementation bottlenecks. | Validate reporting timeliness and follow up on delayed field submissions. | Review delayed or incomplete activities and implementation constraints.,Recommended for human review; the model does not make operational decisions.
ES-003872,2026-08-01,Education Access Project,Education,Borno,Bama,Bama Site 1,Low,8.016324588753617e-09,Low achievement,Access constraints,,Timely reporting,"Review progress against targets and identify implementation bottlenecks. | Review access, movement and operational constraints affecting delivery.",Recommended for human review; the model does not make operational decisions.
ES-001152,2026-08-01,Community Resilience Programme,Protection/Resilience,Borno,Ngala,Ngala Site 6,High,0.7804530800122804,Low achievement,Low activity completion,Reporting delay,Limited supply delay,Review progress against targets and identify implementation bottlenecks. | Review delayed or incomplete activities and implementation constraints. | Validate reporting timeliness and follow up on delayed field submissions.,Recommended for human review; the model does not make operational decisions.
ES-001120,2026-08-01,Community Resilience Programme,Protection/Resilience,Borno,Ngala,Ngala Site 5,Low,3.6052775679166084e-07,Low activity completion,Supply delay,Reporting delay,Strong achievement,"Review delayed or incomplete activities and implementation constraints. | Review procurement, logistics and supply-chain bottlenecks. | Validate reporting timeliness and follow up on delayed field submissions.",Recommended for human review; the model does not make operational decisions.
ES-001088,2026-08-01,Community Resilience Programme,Protection/Resilience,Borno,Ngala,Ngala Site 4,High,0.9549659235109246,Low achievement,Supply delay,Reporting delay,Lower complaints,"Review progress against targets and identify implementation bottlenecks. | Review procurement, logistics and supply-chain bottlenecks. | Validate reporting timeliness and follow up on delayed field submissions.",Recommended for human review; the model does not make operational decisions.
ES-001056,2026-08-01,Community Resilience Programme,Protection/Resilience,Borno,Ngala,Ngala Site 3,Medium,5.508443337938963e-05,Reporting delay,Low activity completion,Supply delay,Strong achievement,"Validate reporting timeliness and follow up on delayed field submissions. | Review delayed or incomplete activities and implementation constraints. | Review procurement, logistics and supply-chain bottlenecks.",Recommended for human review; the model does not make operational decisions.
ES-001024,2026-08-01,Community Resilience Programme,Protection/Resilience,Borno,Ngala,Ngala Site 2,Low,1.3464255359711875e-16,Elevated complaints,Previous-month achievement pattern,,Strong activity completion,Review feedback and complaint records for recurring operational issues. | Review recent performance trends for persistent underachievement.,Recommended for human review; the model does not make operational decisions.
ES-000992,2026-08-01,Community Resilience Programme,Protection/Resilience,Borno,Ngala,Ngala Site 1,Low,4.95249534069302e-07,Reporting delay,Low activity completion,Low staff availability,Strong achievement,"Validate reporting timeliness and follow up on delayed field submissions. | Review delayed or incomplete activities and implementation constraints. | Review staffing coverage, absences and field deployment capacity.",Recommended for human review; the model does not make operational decisions.
ES-000192,2026-08-01,Community Resilience Programme,Protection/Resilience,Borno,Maiduguri,Maiduguri Site 6,Medium,0.0219666774122245,Low achievement,Low activity completion,Access constraints,Timely reporting,"Review progress against targets and identify implementation bottlenecks. | Review delayed or incomplete activities and implementation constraints. | Review access, movement and operational constraints affecting delivery.",Recommended for human review; the model does not make operational decisions.
ES-000160,2026-08-01,Community Resilience Programme,Protection/Resilience,Borno,Maiduguri,Maiduguri Site 5,Medium,6.463046781250376e-06,Low achievement,Elevated complaints,Lower data quality,Timely reporting,"Review progress against targets and identify implementation bottlenecks. | Review feedback and complaint records for recurring operational issues. | Validate source data, completeness and reporting quality.",Recommended for human review; the model does not make operational decisions.
ES-000128,2026-08-01,Community Resilience Programme,Protection/Resilience,Borno,Maiduguri,Maiduguri Site 4,Medium,0.0530796624376386,Low activity completion,Supply delay,Access constraints,Strong achievement,"Review delayed or incomplete activities and implementation constraints. | Review procurement, logistics and supply-chain bottlenecks. | Review access, movement and operational constraints affecting delivery.",Recommended for human review; the model does not make operational decisions.
ES-000096,2026-08-01,Community Resilience Programme,Protection/Resilience,Borno,Maiduguri,Maiduguri Site 3,Low,1.8140954364256598e-13,Access constraints,Elevated complaints,Lower data quality,Strong achievement,"Review access, movement and operational constraints affecting delivery. | Review feedback and complaint records for recurring operational issues. | Validate source data, completeness and reporting quality.",Recommended for human review; the model does not make operational decisions.
ES-000064,2026-08-01,Community Resilience Programme,Protection/Resilience,Borno,Maiduguri,Maiduguri Site 2,Low,8.512700201385764e-17,Low staff availability,Previous-month achievement pattern,Lower data quality,Strong achievement,"Review staffing coverage, absences and field deployment capacity. | Review recent performance trends for persistent underachievement. | Validate source data, completeness and reporting quality.",Recommended for human review; the model does not make operational decisions.
ES-000032,2026-08-01,Community Resilience Programme,Protection/Resilience,Borno,Maiduguri,Maiduguri Site 1,Medium,1.4343876657417073e-05,Low activity completion,Access constraints,Lower data quality,Limited supply delay,"Review delayed or incomplete activities and implementation constraints. | Review access, movement and operational constraints affecting delivery. | Validate source data, completeness and reporting quality.",Recommended for human review; the model does not make operational decisions.
ES-000768,2026-08-01,Community Resilience Programme,Protection/Resilience,Borno,Mafa,Mafa Site 6,Low,6.895835725164565e-11,Supply delay,Elevated complaints,Lower data quality,Strong achievement,"Review procurement, logistics and supply-chain bottlenecks. | Review feedback and complaint records for recurring operational issues. | Validate source data, completeness and reporting quality.",Recommended for human review; the model does not make operational decisions.
ES-000736,2026-08-01,Community Resilience Programme,Protection/Resilience,Borno,Mafa,Mafa Site 5,Low,6.74599026258123e-20,Supply delay,Elevated complaints,Access constraints,Strong achievement,"Review procurement, logistics and supply-chain bottlenecks. | Review feedback and complaint records for recurring operational issues. | Review access, movement and operational constraints affecting delivery.",Recommended for human review; the model does not make operational decisions.
ES-000704,2026-08-01,Community Resilience Programme,Protection/Resilience,Borno,Mafa,Mafa Site 4,Low,7.986155299661181e-23,Supply delay,Low staff availability,Lower data quality,Strong activity completion,"Review procurement, logistics and supply-chain bottlenecks. | Review staffing coverage, absences and field deployment capacity. | Validate source data, completeness and reporting quality.",Recommended for human review; the model does not make operational decisions.
ES-000672,2026-08-01,Community Resilience Programme,Protection/Resilience,Borno,Mafa,Mafa Site 3,Low,1.0265264220202162e-08,Low activity completion,Reporting delay,Access constraints,Limited supply delay,"Review delayed or incomplete activities and implementation constraints. | Validate reporting timeliness and follow up on delayed field submissions. | Review access, movement and operational constraints affecting delivery.",Recommended for human review; the model does not make operational decisions.
ES-000640,2026-08-01,Community Resilience Programme,Protection/Resilience,Borno,Mafa,Mafa Site 2,Medium,1.722773027816636e-06,Supply delay,Access constraints,Low activity completion,Timely reporting,"Review procurement, logistics and supply-chain bottlenecks. | Review access, movement and operational constraints affecting delivery. | Review delayed or incomplete activities and implementation constraints.",Recommended for human review; the model does not make operational decisions.
ES-000608,2026-08-01,Community Resilience Programme,Protection/Resilience,Borno,Mafa,Mafa Site 1,Low,1.0802602089379032e-12,Supply delay,Lower data quality,Previous-month achievement pattern,Strong achievement,"Review procurement, logistics and supply-chain bottlenecks. | Validate source data, completeness and reporting quality. | Review recent performance trends for persistent underachievement.",Recommended for human review; the model does not make operational decisions.
ES-000576,2026-08-01,Community Resilience Programme,Protection/Resilience,Borno,Konduga,Konduga Site 6,Low,6.31065501088347e-18,Reporting delay,Low staff availability,Previous-month achievement pattern,Strong achievement,"Validate reporting timeliness and follow up on delayed field submissions. | Review staffing coverage, absences and field deployment capacity. | Review recent performance trends for persistent underachievement.",Recommended for human review; the model does not make operational decisions.
ES-000512,2026-08-01,Community Resilience Programme,Protection/Resilience,Borno,Konduga,Konduga Site 4,Low,7.073202145824775e-21,Lower data quality,Previous-month achievement pattern,Budget utilisation pattern,Strong achievement,"Validate source data, completeness and reporting quality. | Review recent performance trends for persistent underachievement. | Review expenditure patterns against implementation progress.",Recommended for human review; the model does not make operational decisions.
ES-003072,2026-08-01,Livelihood Recovery Initiative,Livelihoods,Borno,Gwoza,Gwoza Site 6,Medium,3.76209528638092e-05,Low achievement,Access constraints,Reporting delay,Limited supply delay,"Review progress against targets and identify implementation bottlenecks. | Review access, movement and operational constraints affecting delivery. | Validate reporting timeliness and follow up on delayed field submissions.",Recommended for human review; the model does not make operational decisions.
ES-001760,2026-08-01,Livelihood Recovery Initiative,Livelihoods,Borno,Jere,Jere Site 1,Medium,0.0001255264113839,Low achievement,Access constraints,Elevated complaints,Timely reporting,"Review progress against targets and identify implementation bottlenecks. | Review access, movement and operational constraints affecting delivery. | Review feedback and complaint records for recurring operational issues.",Recommended for human review; the model does not make operational decisions.
ES-001792,2026-08-01,Livelihood Recovery Initiative,Livelihoods,Borno,Jere,Jere Site 2,Medium,1.4157177067722352e-05,Low achievement,Access constraints,Low activity completion,Timely reporting,"Review progress against targets and identify implementation bottlenecks. | Review access, movement and operational constraints affecting delivery. | Review delayed or incomplete activities and implementation constraints.",Recommended for human review; the model does not make operational decisions.
ES-007392,2026-08-01,WASH Resilience Initiative,WASH,Borno,Dikwa,Dikwa Site 3,Low,2.553712069997975e-11,Low activity completion,Previous-month achievement pattern,Budget utilisation pattern,Timely reporting,Review delayed or incomplete activities and implementation constraints. | Review recent performance trends for persistent underachievement. | Review expenditure patterns against implementation progress.,Recommended for human review; the model does not make operational decisions.
ES-007360,2026-08-01,WASH Resilience Initiative,WASH,Borno,Dikwa,Dikwa Site 2,Medium,0.0016284416099461,Low achievement,Low activity completion,Access constraints,Limited supply delay,"Review progress against targets and identify implementation bottlenecks. | Review delayed or incomplete activities and implementation constraints. | Review access, movement and operational constraints affecting delivery.",Recommended for human review; the model does not make operational decisions.
ES-007328,2026-08-01,WASH Resilience Initiative,WASH,Borno,Dikwa,Dikwa Site 1,Medium,2.008505747711356e-05,Low activity completion,Low achievement,Reporting delay,Lower access constraints,Review delayed or incomplete activities and implementation constraints. | Review progress against targets and identify implementation bottlenecks. | Validate reporting timeliness and follow up on delayed field submissions.,Recommended for human review; the model does not make operational decisions.
ES-007104,2026-08-01,WASH Resilience Initiative,WASH,Borno,Bama,Bama Site 6,Medium,1.4583604137605296e-05,Reporting delay,Access constraints,Low achievement,Lower complaints,"Validate reporting timeliness and follow up on delayed field submissions. | Review access, movement and operational constraints affecting delivery. | Review progress against targets and identify implementation bottlenecks.",Recommended for human review; the model does not make operational decisions.
ES-007072,2026-08-01,WASH Resilience Initiative,WASH,Borno,Bama,Bama Site 5,Low,2.1736469592172496e-26,Lower data quality,Low staff availability,Previous-month achievement pattern,Strong achievement,"Validate source data, completeness and reporting quality. | Review staffing coverage, absences and field deployment capacity. | Review recent performance trends for persistent underachievement.",Recommended for human review; the model does not make operational decisions.
ES-007040,2026-08-01,WASH Resilience Initiative,WASH,Borno,Bama,Bama Site 4,Medium,0.0007239080494563,Low achievement,Reporting delay,Low staff availability,Limited supply delay,"Review progress against targets and identify implementation bottlenecks. | Validate reporting timeliness and follow up on delayed field submissions. | Review staffing coverage, absences and field deployment capacity.",Recommended for human review; the model does not make operational decisions.
ES-007008,2026-08-01,WASH Resilience Initiative,WASH,Borno,Bama,Bama Site 3,Low,2.373884284432937e-22,Previous-month achievement pattern,Budget utilisation pattern,Lower data quality,Strong activity completion,"Review recent performance trends for persistent underachievement. | Review expenditure patterns against implementation progress. | Validate source data, completeness and reporting quality.",Recommended for human review; the model does not make operational decisions.
ES-006976,2026-08-01,WASH Resilience Initiative,WASH,Borno,Bama,Bama Site 2,Medium,6.224643727011468e-05,Low achievement,Low activity completion,Reporting delay,Limited supply delay,Review progress against targets and identify implementation bottlenecks. | Review delayed or incomplete activities and implementation constraints. | Validate reporting timeliness and follow up on delayed field submissions.,Recommended for human review; the model does not make operational decisions.
ES-006944,2026-08-01,WASH Resilience Initiative,WASH,Borno,Bama,Bama Site 1,Medium,0.0026798265890344,Low achievement,Supply delay,Low staff availability,Strong activity completion,"Review progress against targets and identify implementation bottlenecks. | Review procurement, logistics and supply-chain bottlenecks. | Review staffing coverage, absences and field deployment capacity.",Recommended for human review; the model does not make operational decisions.
ES-005760,2026-08-01,Nutrition Support Programme,Nutrition,Borno,Ngala,Ngala Site 6,Low,1.4013352243002886e-23,Access constraints,Supply delay,,Strong achievement,"Review access, movement and operational constraints affecting delivery. | Review procurement, logistics and supply-chain bottlenecks.",Recommended for human review; the model does not make operational decisions.
ES-005728,2026-08-01,Nutrition Support Programme,Nutrition,Borno,Ngala,Ngala Site 5,Low,8.182299115783017e-22,Elevated complaints,Low staff availability,Supply delay,Strong achievement,"Review feedback and complaint records for recurring operational issues. | Review staffing coverage, absences and field deployment capacity. | Review procurement, logistics and supply-chain bottlenecks.",Recommended for human review; the model does not make operational decisions.
ES-005696,2026-08-01,Nutrition Support Programme,Nutrition,Borno,Ngala,Ngala Site 4,Low,2.820854150323268e-12,Supply delay,Low activity completion,,Strong staff availability,"Review procurement, logistics and supply-chain bottlenecks. | Review delayed or incomplete activities and implementation constraints.",Recommended for human review; the model does not make operational decisions.
ES-005664,2026-08-01,Nutrition Support Programme,Nutrition,Borno,Ngala,Ngala Site 3,Low,6.703362743545131e-08,Supply delay,Low achievement,Budget utilisation pattern,Lower complaints,"Review procurement, logistics and supply-chain bottlenecks. | Review progress against targets and identify implementation bottlenecks. | Review expenditure patterns against implementation progress.",Recommended for human review; the model does not make operational decisions.
ES-005632,2026-08-01,Nutrition Support Programme,Nutrition,Borno,Ngala,Ngala Site 2,Medium,0.0578600787853112,Low achievement,Low activity completion,Elevated complaints,Lower access constraints,Review progress against targets and identify implementation bottlenecks. | Review delayed or incomplete activities and implementation constraints. | Review feedback and complaint records for recurring operational issues.,Recommended for human review; the model does not make operational decisions.
ES-005600,2026-08-01,Nutrition Support Programme,Nutrition,Borno,Ngala,Ngala Site 1,Medium,1.7517167460692216e-05,Supply delay,Low activity completion,Access constraints,Timely reporting,"Review procurement, logistics and supply-chain bottlenecks. | Review delayed or incomplete activities and implementation constraints. | Review access, movement and operational constraints affecting delivery.",Recommended for human review; the model does not make operational decisions.
ES-004800,2026-08-01,Nutrition Support Programme,Nutrition,Borno,Maiduguri,Maiduguri Site 6,Medium,0.0016978330503869,Low activity completion,Reporting delay,Low staff availability,Strong achievement,"Review delayed or incomplete activities and implementation constraints. | Validate reporting timeliness and follow up on delayed field submissions. | Review staffing coverage, absences and field deployment capacity.",Recommended for human review; the model does not make operational decisions.
ES-004768,2026-08-01,Nutrition Support Programme,Nutrition,Borno,Maiduguri,Maiduguri Site 5,Medium,7.425616188324459e-06,Low activity completion,Low achievement,Reporting delay,Limited supply delay,Review delayed or incomplete activities and implementation constraints. | Review progress against targets and identify implementation bottlenecks. | Validate reporting timeliness and follow up on delayed field submissions.,Recommended for human review; the model does not make operational decisions.
ES-004736,2026-08-01,Nutrition Support Programme,Nutrition,Borno,Maiduguri,Maiduguri Site 4,Low,8.42011060766864e-18,Lower data quality,Previous-month achievement pattern,Budget utilisation pattern,Strong achievement,"Validate source data, completeness and reporting quality. | Review recent performance trends for persistent underachievement. | Review expenditure patterns against implementation progress.",Recommended for human review; the model does not make operational decisions.
ES-004704,2026-08-01,Nutrition Support Programme,Nutrition,Borno,Maiduguri,Maiduguri Site 3,Low,2.0548350229399322e-17,Reporting delay,Previous-month achievement pattern,,Strong achievement,Validate reporting timeliness and follow up on delayed field submissions. | Review recent performance trends for persistent underachievement.,Recommended for human review; the model does not make operational decisions.
ES-004672,2026-08-01,Nutrition Support Programme,Nutrition,Borno,Maiduguri,Maiduguri Site 2,Low,1.9803001673333366e-07,Low activity completion,Lower data quality,Previous-month achievement pattern,Timely reporting,"Review delayed or incomplete activities and implementation constraints. | Validate source data, completeness and reporting quality. | Review recent performance trends for persistent underachievement.",Recommended for human review; the model does not make operational decisions.
ES-004640,2026-08-01,Nutrition Support Programme,Nutrition,Borno,Maiduguri,Maiduguri Site 1,Low,5.8775715891782e-14,Lower data quality,Previous-month achievement pattern,Budget utilisation pattern,Strong achievement,"Validate source data, completeness and reporting quality. | Review recent performance trends for persistent underachievement. | Review expenditure patterns against implementation progress.",Recommended for human review; the model does not make operational decisions.
ES-005376,2026-08-01,Nutrition Support Programme,Nutrition,Borno,Mafa,Mafa Site 6,Low,1.4680011075990764e-18,Access constraints,Reporting delay,Supply delay,Strong achievement,"Review access, movement and operational constraints affecting delivery. | Validate reporting timeliness and follow up on delayed field submissions. | Review procurement, logistics and supply-chain bottlenecks.",Recommended for human review; the model does not make operational decisions.
ES-005344,2026-08-01,Nutrition Support Programme,Nutrition,Borno,Mafa,Mafa Site 5,Medium,0.0001838464964152,Low achievement,Access constraints,Low staff availability,Strong activity completion,"Review progress against targets and identify implementation bottlenecks. | Review access, movement and operational constraints affecting delivery. | Review staffing coverage, absences and field deployment capacity.",Recommended for human review; the model does not make operational decisions.
ES-005312,2026-08-01,Nutrition Support Programme,Nutrition,Borno,Mafa,Mafa Site 4,Low,1.8461052392375e-20,Supply delay,Previous-month achievement pattern,Access constraints,Strong achievement,"Review procurement, logistics and supply-chain bottlenecks. | Review recent performance trends for persistent underachievement. | Review access, movement and operational constraints affecting delivery.",Recommended for human review; the model does not make operational decisions.
ES-005280,2026-08-01,Nutrition Support Programme,Nutrition,Borno,Mafa,Mafa Site 3,Medium,7.266715244931137e-06,Low activity completion,Access constraints,Low staff availability,Limited supply delay,"Review delayed or incomplete activities and implementation constraints. | Review access, movement and operational constraints affecting delivery. | Review staffing coverage, absences and field deployment capacity.",Recommended for human review; the model does not make operational decisions.
ES-007424,2026-08-01,WASH Resilience Initiative,WASH,Borno,Dikwa,Dikwa Site 4,Low,6.396158236168393e-21,Access constraints,Lower data quality,Budget utilisation pattern,Strong achievement,"Review access, movement and operational constraints affecting delivery. | Validate source data, completeness and reporting quality. | Review expenditure patterns against implementation progress.",Recommended for human review; the model does not make operational decisions.
ES-005248,2026-08-01,Nutrition Support Programme,Nutrition,Borno,Mafa,Mafa Site 2,Medium,5.2553109711483e-05,Low activity completion,Low achievement,Reporting delay,Lower complaints,Review delayed or incomplete activities and implementation constraints. | Review progress against targets and identify implementation bottlenecks. | Validate reporting timeliness and follow up on delayed field submissions.,Recommended for human review; the model does not make operational decisions.
ES-007456,2026-08-01,WASH Resilience Initiative,WASH,Borno,Dikwa,Dikwa Site 5,High,0.9999203992969872,Low achievement,Reporting delay,Low activity completion,Strong data quality,Review progress against targets and identify implementation bottlenecks. | Validate reporting timeliness and follow up on delayed field submissions. | Review delayed or incomplete activities and implementation constraints.,Recommended for human review; the model does not make operational decisions.
ES-007520,2026-08-01,WASH Resilience Initiative,WASH,Borno,Gwoza,Gwoza Site 1,Low,1.217722718137656e-15,Low achievement,Previous-month achievement pattern,,Timely reporting,Review progress against targets and identify implementation bottlenecks. | Review recent performance trends for persistent underachievement.,Recommended for human review; the model does not make operational decisions.
ES-006208,2026-08-01,WASH Resilience Initiative,WASH,Borno,Maiduguri,Maiduguri Site 2,High,0.9841509993414678,Low achievement,Low activity completion,Reporting delay,Lower access constraints,Review progress against targets and identify implementation bottlenecks. | Review delayed or incomplete activities and implementation constraints. | Validate reporting timeliness and follow up on delayed field submissions.,Recommended for human review; the model does not make operational decisions.
ES-006176,2026-08-01,WASH Resilience Initiative,WASH,Borno,Maiduguri,Maiduguri Site 1,Medium,0.0020724065592199,Low activity completion,Supply delay,Low achievement,Lower complaints,"Review delayed or incomplete activities and implementation constraints. | Review procurement, logistics and supply-chain bottlenecks. | Review progress against targets and identify implementation bottlenecks.",Recommended for human review; the model does not make operational decisions.
ES-006912,2026-08-01,WASH Resilience Initiative,WASH,Borno,Mafa,Mafa Site 6,Medium,0.0252035548615458,Supply delay,Low achievement,Lower data quality,Lower complaints,"Review procurement, logistics and supply-chain bottlenecks. | Review progress against targets and identify implementation bottlenecks. | Validate source data, completeness and reporting quality.",Recommended for human review; the model does not make operational decisions.
ES-006880,2026-08-01,WASH Resilience Initiative,WASH,Borno,Mafa,Mafa Site 5,Low,1.3212754565100727e-17,Supply delay,Low staff availability,Previous-month achievement pattern,Strong activity completion,"Review procurement, logistics and supply-chain bottlenecks. | Review staffing coverage, absences and field deployment capacity. | Review recent performance trends for persistent underachievement.",Recommended for human review; the model does not make operational decisions.
ES-006848,2026-08-01,WASH Resilience Initiative,WASH,Borno,Mafa,Mafa Site 4,Low,1.1124243184567553e-23,Lower data quality,Previous-month achievement pattern,Budget utilisation pattern,Strong achievement,"Validate source data, completeness and reporting quality. | Review recent performance trends for persistent underachievement. | Review expenditure patterns against implementation progress.",Recommended for human review; the model does not make operational decisions.
ES-006816,2026-08-01,WASH Resilience Initiative,WASH,Borno,Mafa,Mafa Site 3,Medium,0.0056954258478088,Low activity completion,Low achievement,Supply delay,Timely reporting,"Review delayed or incomplete activities and implementation constraints. | Review progress against targets and identify implementation bottlenecks. | Review procurement, logistics and supply-chain bottlenecks.",Recommended for human review; the model does not make operational decisions.
ES-006784,2026-08-01,WASH Resilience Initiative,WASH,Borno,Mafa,Mafa Site 2,Low,4.900137108321331e-13,Low achievement,Lower data quality,,Strong activity completion,"Review progress against targets and identify implementation bottlenecks. | Validate source data, completeness and reporting quality.",Recommended for human review; the model does not make operational decisions.
ES-006752,2026-08-01,WASH Resilience Initiative,WASH,Borno,Mafa,Mafa Site 1,Medium,0.0006582187459227,Reporting delay,Low achievement,Low activity completion,Limited supply delay,Validate reporting timeliness and follow up on delayed field submissions. | Review progress against targets and identify implementation bottlenecks. | Review delayed or incomplete activities and implementation constraints.,Recommended for human review; the model does not make operational decisions.
ES-006720,2026-08-01,WASH Resilience Initiative,WASH,Borno,Konduga,Konduga Site 6,Medium,0.0005751210313277,Low activity completion,Low achievement,Access constraints,Timely reporting,"Review delayed or incomplete activities and implementation constraints. | Review progress against targets and identify implementation bottlenecks. | Review access, movement and operational constraints affecting delivery.",Recommended for human review; the model does not make operational decisions.
ES-006688,2026-08-01,WASH Resilience Initiative,WASH,Borno,Konduga,Konduga Site 5,Medium,0.0215424849747741,Supply delay,Access constraints,Low activity completion,Lower complaints,"Review procurement, logistics and supply-chain bottlenecks. | Review access, movement and operational constraints affecting delivery. | Review delayed or incomplete activities and implementation constraints.",Recommended for human review; the model does not make operational decisions.
ES-006656,2026-08-01,WASH Resilience Initiative,WASH,Borno,Konduga,Konduga Site 4,Low,4.184293561546279e-22,Access constraints,Lower data quality,Low achievement,Timely reporting,"Review access, movement and operational constraints affecting delivery. | Validate source data, completeness and reporting quality. | Review progress against targets and identify implementation bottlenecks.",Recommended for human review; the model does not make operational decisions.
ES-006624,2026-08-01,WASH Resilience Initiative,WASH,Borno,Konduga,Konduga Site 3,High,0.999983860105735,Low achievement,Low activity completion,Supply delay,Strong staff availability,"Review progress against targets and identify implementation bottlenecks. | Review delayed or incomplete activities and implementation constraints. | Review procurement, logistics and supply-chain bottlenecks.",Recommended for human review; the model does not make operational decisions.
ES-006592,2026-08-01,WASH Resilience Initiative,WASH,Borno,Konduga,Konduga Site 2,Medium,0.0584976513536063,Low achievement,Elevated complaints,Reporting delay,Limited supply delay,Review progress against targets and identify implementation bottlenecks. | Review feedback and complaint records for recurring operational issues. | Validate reporting timeliness and follow up on delayed field submissions.,Recommended for human review; the model does not make operational decisions.
ES-006560,2026-08-01,WASH Resilience Initiative,WASH,Borno,Konduga,Konduga Site 1,Low,7.659648875496841e-14,Low activity completion,Low staff availability,Lower data quality,Strong achievement,"Review delayed or incomplete activities and implementation constraints. | Review staffing coverage, absences and field deployment capacity. | Validate source data, completeness and reporting quality.",Recommended for human review; the model does not make operational decisions.
ES-006528,2026-08-01,WASH Resilience Initiative,WASH,Borno,Jere,Jere Site 6,Low,1.16369989711442e-21,Access constraints,Lower data quality,Budget utilisation pattern,Strong activity completion,"Review access, movement and operational constraints affecting delivery. | Validate source data, completeness and reporting quality. | Review expenditure patterns against implementation progress.",Recommended for human review; the model does not make operational decisions.
ES-006496,2026-08-01,WASH Resilience Initiative,WASH,Borno,Jere,Jere Site 5,Low,2.7125427738710592e-08,Low achievement,Low activity completion,Elevated complaints,Limited supply delay,Review progress against targets and identify implementation bottlenecks. | Review delayed or incomplete activities and implementation constraints. | Review feedback and complaint records for recurring operational issues.,Recommended for human review; the model does not make operational decisions.
ES-006464,2026-08-01,WASH Resilience Initiative,WASH,Borno,Jere,Jere Site 4,Medium,0.0880508253932779,Low activity completion,Elevated complaints,Low achievement,Strong data quality,Review delayed or incomplete activities and implementation constraints. | Review feedback and complaint records for recurring operational issues. | Review progress against targets and identify implementation bottlenecks.,Recommended for human review; the model does not make operational decisions.
ES-006432,2026-08-01,WASH Resilience Initiative,WASH,Borno,Jere,Jere Site 3,Medium,1.0892224407298031e-06,Supply delay,Low activity completion,Lower data quality,Lower access constraints,"Review procurement, logistics and supply-chain bottlenecks. | Review delayed or incomplete activities and implementation constraints. | Validate source data, completeness and reporting quality.",Recommended for human review; the model does not make operational decisions.
ES-006400,2026-08-01,WASH Resilience Initiative,WASH,Borno,Jere,Jere Site 2,Medium,0.0012217782085301,Low achievement,Supply delay,Elevated complaints,Timely reporting,"Review progress against targets and identify implementation bottlenecks. | Review procurement, logistics and supply-chain bottlenecks. | Review feedback and complaint records for recurring operational issues.",Recommended for human review; the model does not make operational decisions.
ES-006368,2026-08-01,WASH Resilience Initiative,WASH,Borno,Jere,Jere Site 1,Low,1.3738689632631241e-13,Elevated complaints,Low staff availability,Lower data quality,Strong achievement,"Review feedback and complaint records for recurring operational issues. | Review staffing coverage, absences and field deployment capacity. | Validate source data, completeness and reporting quality.",Recommended for human review; the model does not make operational decisions.
ES-007680,2026-08-01,WASH Resilience Initiative,WASH,Borno,Gwoza,Gwoza Site 6,Medium,0.0058482933300231,Low achievement,Access constraints,Low staff availability,Limited supply delay,"Review progress against targets and identify implementation bottlenecks. | Review access, movement and operational constraints affecting delivery. | Review staffing coverage, absences and field deployment capacity.",Recommended for human review; the model does not make operational decisions.
ES-007648,2026-08-01,WASH Resilience Initiative,WASH,Borno,Gwoza,Gwoza Site 5,Medium,0.0165574959847276,Low achievement,Low activity completion,Reporting delay,Lower complaints,Review progress against targets and identify implementation bottlenecks. | Review delayed or incomplete activities and implementation constraints. | Validate reporting timeliness and follow up on delayed field submissions.,Recommended for human review; the model does not make operational decisions.
ES-007616,2026-08-01,WASH Resilience Initiative,WASH,Borno,Gwoza,Gwoza Site 4,Medium,0.0034736508483544,Low achievement,Supply delay,Low activity completion,Timely reporting,"Review progress against targets and identify implementation bottlenecks. | Review procurement, logistics and supply-chain bottlenecks. | Review delayed or incomplete activities and implementation constraints.",Recommended for human review; the model does not make operational decisions.
ES-007584,2026-08-01,WASH Resilience Initiative,WASH,Borno,Gwoza,Gwoza Site 3,Medium,1.1318915910998968e-05,Low achievement,Elevated complaints,Low activity completion,Timely reporting,Review progress against targets and identify implementation bottlenecks. | Review feedback and complaint records for recurring operational issues. | Review delayed or incomplete activities and implementation constraints.,Recommended for human review; the model does not make operational decisions.
ES-007552,2026-08-01,WASH Resilience Initiative,WASH,Borno,Gwoza,Gwoza Site 2,Low,3.559175542840011e-16,Low staff availability,Low activity completion,Access constraints,Timely reporting,"Review staffing coverage, absences and field deployment capacity. | Review delayed or incomplete activities and implementation constraints. | Review access, movement and operational constraints affecting delivery.",Recommended for human review; the model does not make operational decisions.
ES-007488,2026-08-01,WASH Resilience Initiative,WASH,Borno,Dikwa,Dikwa Site 6,Low,2.331019144913937e-06,Supply delay,Low achievement,Low staff availability,Timely reporting,"Review procurement, logistics and supply-chain bottlenecks. | Review progress against targets and identify implementation bottlenecks. | Review staffing coverage, absences and field deployment capacity.",Recommended for human review; the model does not make operational decisions.
ES-005216,2026-08-01,Nutrition Support Programme,Nutrition,Borno,Mafa,Mafa Site 1,Medium,0.040830741363418,Low achievement,Supply delay,Elevated complaints,Timely reporting,"Review progress against targets and identify implementation bottlenecks. | Review procurement, logistics and supply-chain bottlenecks. | Review feedback and complaint records for recurring operational issues.",Recommended for human review; the model does not make operational decisions.
ES-005184,2026-08-01,Nutrition Support Programme,Nutrition,Borno,Konduga,Konduga Site 6,Medium,2.087239504059394e-06,Low activity completion,Reporting delay,Low achievement,Lower complaints,Review delayed or incomplete activities and implementation constraints. | Validate reporting timeliness and follow up on delayed field submissions. | Review progress against targets and identify implementation bottlenecks.,Recommended for human review; the model does not make operational decisions.
ES-005152,2026-08-01,Nutrition Support Programme,Nutrition,Borno,Konduga,Konduga Site 5,Medium,0.0074599689102982,Low achievement,Supply delay,Access constraints,Lower complaints,"Review progress against targets and identify implementation bottlenecks. | Review procurement, logistics and supply-chain bottlenecks. | Review access, movement and operational constraints affecting delivery.",Recommended for human review; the model does not make operational decisions.
ES-002624,2026-08-01,Livelihood Recovery Initiative,Livelihoods,Borno,Ngala,Ngala Site 4,Medium,0.0625268896231786,Low achievement,Supply delay,Low activity completion,Timely reporting,"Review progress against targets and identify implementation bottlenecks. | Review procurement, logistics and supply-chain bottlenecks. | Review delayed or incomplete activities and implementation constraints.",Recommended for human review; the model does not make operational decisions.
ES-002592,2026-08-01,Livelihood Recovery Initiative,Livelihoods,Borno,Ngala,Ngala Site 3,Medium,8.191727140751079e-05,Low achievement,Elevated complaints,Supply delay,Timely reporting,"Review progress against targets and identify implementation bottlenecks. | Review feedback and complaint records for recurring operational issues. | Review procurement, logistics and supply-chain bottlenecks.",Recommended for human review; the model does not make operational decisions.
ES-002560,2026-08-01,Livelihood Recovery Initiative,Livelihoods,Borno,Ngala,Ngala Site 2,Low,2.064267539695481e-25,Access constraints,Previous-month achievement pattern,Lower data quality,Strong achievement,"Review access, movement and operational constraints affecting delivery. | Review recent performance trends for persistent underachievement. | Validate source data, completeness and reporting quality.",Recommended for human review; the model does not make operational decisions.
ES-002528,2026-08-01,Livelihood Recovery Initiative,Livelihoods,Borno,Ngala,Ngala Site 1,Medium,7.579695503281126e-05,Low achievement,Elevated complaints,Supply delay,Strong activity completion,"Review progress against targets and identify implementation bottlenecks. | Review feedback and complaint records for recurring operational issues. | Review procurement, logistics and supply-chain bottlenecks.",Recommended for human review; the model does not make operational decisions.
ES-001728,2026-08-01,Livelihood Recovery Initiative,Livelihoods,Borno,Maiduguri,Maiduguri Site 6,Low,3.003700051309674e-09,Supply delay,Low staff availability,Previous-month achievement pattern,Strong achievement,"Review procurement, logistics and supply-chain bottlenecks. | Review staffing coverage, absences and field deployment capacity. | Review recent performance trends for persistent underachievement.",Recommended for human review; the model does not make operational decisions.
ES-001696,2026-08-01,Livelihood Recovery Initiative,Livelihoods,Borno,Maiduguri,Maiduguri Site 5,Low,1.1466496891851011e-24,Low activity completion,Low staff availability,Previous-month achievement pattern,Strong achievement,"Review delayed or incomplete activities and implementation constraints. | Review staffing coverage, absences and field deployment capacity. | Review recent performance trends for persistent underachievement.",Recommended for human review; the model does not make operational decisions.
ES-001664,2026-08-01,Livelihood Recovery Initiative,Livelihoods,Borno,Maiduguri,Maiduguri Site 4,Low,1.0829514206723944e-32,Elevated complaints,Previous-month achievement pattern,,Strong achievement,Review feedback and complaint records for recurring operational issues. | Review recent performance trends for persistent underachievement.,Recommended for human review; the model does not make operational decisions.
ES-001632,2026-08-01,Livelihood Recovery Initiative,Livelihoods,Borno,Maiduguri,Maiduguri Site 3,Low,3.2845092035438123e-22,Lower data quality,Previous-month achievement pattern,Low staff availability,Strong achievement,"Validate source data, completeness and reporting quality. | Review recent performance trends for persistent underachievement. | Review staffing coverage, absences and field deployment capacity.",Recommended for human review; the model does not make operational decisions.
ES-001600,2026-08-01,Livelihood Recovery Initiative,Livelihoods,Borno,Maiduguri,Maiduguri Site 2,Medium,0.0029705713165706,Low activity completion,Supply delay,Low achievement,Lower complaints,"Review delayed or incomplete activities and implementation constraints. | Review procurement, logistics and supply-chain bottlenecks. | Review progress against targets and identify implementation bottlenecks.",Recommended for human review; the model does not make operational decisions.
ES-001568,2026-08-01,Livelihood Recovery Initiative,Livelihoods,Borno,Maiduguri,Maiduguri Site 1,Medium,0.0001140848177848,Low achievement,Reporting delay,Low staff availability,Limited supply delay,"Review progress against targets and identify implementation bottlenecks. | Validate reporting timeliness and follow up on delayed field submissions. | Review staffing coverage, absences and field deployment capacity.",Recommended for human review; the model does not make operational decisions.
ES-002304,2026-08-01,Livelihood Recovery Initiative,Livelihoods,Borno,Mafa,Mafa Site 6,Low,2.3344926793994644e-13,Low staff availability,Supply delay,Lower data quality,Strong achievement,"Review staffing coverage, absences and field deployment capacity. | Review procurement, logistics and supply-chain bottlenecks. | Validate source data, completeness and reporting quality.",Recommended for human review; the model does not make operational decisions.
ES-002272,2026-08-01,Livelihood Recovery Initiative,Livelihoods,Borno,Mafa,Mafa Site 5,High,0.9460040076692512,Low achievement,Supply delay,Reporting delay,Lower complaints,"Review progress against targets and identify implementation bottlenecks. | Review procurement, logistics and supply-chain bottlenecks. | Validate reporting timeliness and follow up on delayed field submissions.",Recommended for human review; the model does not make operational decisions.
ES-002240,2026-08-01,Livelihood Recovery Initiative,Livelihoods,Borno,Mafa,Mafa Site 4,High,0.9996417316058822,Low achievement,Reporting delay,Elevated complaints,Limited supply delay,Review progress against targets and identify implementation bottlenecks. | Validate reporting timeliness and follow up on delayed field submissions. | Review feedback and complaint records for recurring operational issues.,Recommended for human review; the model does not make operational decisions.
ES-002208,2026-08-01,Livelihood Recovery Initiative,Livelihoods,Borno,Mafa,Mafa Site 3,Low,2.3336166224386266e-18,Access constraints,Low activity completion,Lower data quality,Strong achievement,"Review access, movement and operational constraints affecting delivery. | Review delayed or incomplete activities and implementation constraints. | Validate source data, completeness and reporting quality.",Recommended for human review; the model does not make operational decisions.
ES-002176,2026-08-01,Livelihood Recovery Initiative,Livelihoods,Borno,Mafa,Mafa Site 2,High,0.9366236473822624,Low achievement,Low activity completion,Reporting delay,Strong staff availability,Review progress against targets and identify implementation bottlenecks. | Review delayed or incomplete activities and implementation constraints. | Validate reporting timeliness and follow up on delayed field submissions.,Recommended for human review; the model does not make operational decisions.
ES-002144,2026-08-01,Livelihood Recovery Initiative,Livelihoods,Borno,Mafa,Mafa Site 1,Low,2.175831507089447e-19,Supply delay,Low staff availability,Access constraints,Strong achievement,"Review procurement, logistics and supply-chain bottlenecks. | Review staffing coverage, absences and field deployment capacity. | Review access, movement and operational constraints affecting delivery.",Recommended for human review; the model does not make operational decisions.
ES-002112,2026-08-01,Livelihood Recovery Initiative,Livelihoods,Borno,Konduga,Konduga Site 6,Low,1.3778012831937138e-16,Supply delay,Access constraints,Previous-month achievement pattern,Strong achievement,"Review procurement, logistics and supply-chain bottlenecks. | Review access, movement and operational constraints affecting delivery. | Review recent performance trends for persistent underachievement.",Recommended for human review; the model does not make operational decisions.
ES-002080,2026-08-01,Livelihood Recovery Initiative,Livelihoods,Borno,Konduga,Konduga Site 5,Low,2.4654915165385386e-15,Low achievement,Low staff availability,,Timely reporting,"Review progress against targets and identify implementation bottlenecks. | Review staffing coverage, absences and field deployment capacity.",Recommended for human review; the model does not make operational decisions.
ES-002048,2026-08-01,Livelihood Recovery Initiative,Livelihoods,Borno,Konduga,Konduga Site 4,Low,1.4308766061824598e-13,Low achievement,Low activity completion,Budget utilisation pattern,Timely reporting,Review progress against targets and identify implementation bottlenecks. | Review delayed or incomplete activities and implementation constraints. | Review expenditure patterns against implementation progress.,Recommended for human review; the model does not make operational decisions.
ES-002016,2026-08-01,Livelihood Recovery Initiative,Livelihoods,Borno,Konduga,Konduga Site 3,Low,3.39648990441326e-22,Low staff availability,Budget utilisation pattern,Previous-month achievement pattern,Strong activity completion,"Review staffing coverage, absences and field deployment capacity. | Review expenditure patterns against implementation progress. | Review recent performance trends for persistent underachievement.",Recommended for human review; the model does not make operational decisions.
ES-001984,2026-08-01,Livelihood Recovery Initiative,Livelihoods,Borno,Konduga,Konduga Site 2,Low,1.993902054861996e-12,Elevated complaints,Low staff availability,Lower data quality,Limited supply delay,"Review feedback and complaint records for recurring operational issues. | Review staffing coverage, absences and field deployment capacity. | Validate source data, completeness and reporting quality.",Recommended for human review; the model does not make operational decisions.
ES-001952,2026-08-01,Livelihood Recovery Initiative,Livelihoods,Borno,Konduga,Konduga Site 1,Low,6.606833387697303e-10,Supply delay,Low staff availability,Low activity completion,Timely reporting,"Review procurement, logistics and supply-chain bottlenecks. | Review staffing coverage, absences and field deployment capacity. | Review delayed or incomplete activities and implementation constraints.",Recommended for human review; the model does not make operational decisions.
ES-001888,2026-08-01,Livelihood Recovery Initiative,Livelihoods,Borno,Jere,Jere Site 5,Low,2.1427663601068508e-29,Previous-month achievement pattern,Lower data quality,Access constraints,Strong achievement,"Review recent performance trends for persistent underachievement. | Validate source data, completeness and reporting quality. | Review access, movement and operational constraints affecting delivery.",Recommended for human review; the model does not make operational decisions.
ES-001856,2026-08-01,Livelihood Recovery Initiative,Livelihoods,Borno,Jere,Jere Site 4,Low,2.105543901997545e-23,Access constraints,Low staff availability,Lower data quality,Strong achievement,"Review access, movement and operational constraints affecting delivery. | Review staffing coverage, absences and field deployment capacity. | Validate source data, completeness and reporting quality.",Recommended for human review; the model does not make operational decisions.
ES-001824,2026-08-01,Livelihood Recovery Initiative,Livelihoods,Borno,Jere,Jere Site 3,Low,2.655401777175689e-13,Reporting delay,Elevated complaints,Previous-month achievement pattern,Strong activity completion,Validate reporting timeliness and follow up on delayed field submissions. | Review feedback and complaint records for recurring operational issues. | Review recent performance trends for persistent underachievement.,Recommended for human review; the model does not make operational decisions.
ES-002656,2026-08-01,Livelihood Recovery Initiative,Livelihoods,Borno,Ngala,Ngala Site 5,Low,2.116643079472247e-22,Elevated complaints,Supply delay,Lower data quality,Strong activity completion,"Review feedback and complaint records for recurring operational issues. | Review procurement, logistics and supply-chain bottlenecks. | Validate source data, completeness and reporting quality.",Recommended for human review; the model does not make operational decisions.
ES-002688,2026-08-01,Livelihood Recovery Initiative,Livelihoods,Borno,Ngala,Ngala Site 6,Low,2.4215333007539967e-21,Previous-month achievement pattern,,,Limited supply delay,Review recent performance trends for persistent underachievement.,Recommended for human review; the model does not make operational decisions.
ES-005408,2026-08-01,Nutrition Support Programme,Nutrition,Borno,Bama,Bama Site 1,High,0.9998980063451228,Low achievement,Reporting delay,Low activity completion,Limited supply delay,Review progress against targets and identify implementation bottlenecks. | Validate reporting timeliness and follow up on delayed field submissions. | Review delayed or incomplete activities and implementation constraints.,Recommended for human review; the model does not make operational decisions.
ES-005440,2026-08-01,Nutrition Support Programme,Nutrition,Borno,Bama,Bama Site 2,High,0.9893176576807184,Reporting delay,Low activity completion,Lower data quality,Lower complaints,"Validate reporting timeliness and follow up on delayed field submissions. | Review delayed or incomplete activities and implementation constraints. | Validate source data, completeness and reporting quality.",Recommended for human review; the model does not make operational decisions.
ES-005120,2026-08-01,Nutrition Support Programme,Nutrition,Borno,Konduga,Konduga Site 4,High,0.9999004733380478,Low achievement,Low activity completion,Reporting delay,Limited supply delay,Review progress against targets and identify implementation bottlenecks. | Review delayed or incomplete activities and implementation constraints. | Validate reporting timeliness and follow up on delayed field submissions.,Recommended for human review; the model does not make operational decisions.
ES-005088,2026-08-01,Nutrition Support Programme,Nutrition,Borno,Konduga,Konduga Site 3,Medium,3.66118160990473e-06,Low achievement,Low activity completion,Low staff availability,Limited supply delay,"Review progress against targets and identify implementation bottlenecks. | Review delayed or incomplete activities and implementation constraints. | Review staffing coverage, absences and field deployment capacity.",Recommended for human review; the model does not make operational decisions.
ES-005056,2026-08-01,Nutrition Support Programme,Nutrition,Borno,Konduga,Konduga Site 2,Medium,0.0964997020285195,Low achievement,Reporting delay,Supply delay,Strong activity completion,"Review progress against targets and identify implementation bottlenecks. | Validate reporting timeliness and follow up on delayed field submissions. | Review procurement, logistics and supply-chain bottlenecks.",Recommended for human review; the model does not make operational decisions.
ES-005024,2026-08-01,Nutrition Support Programme,Nutrition,Borno,Konduga,Konduga Site 1,Low,1.094499709983585e-12,Reporting delay,Elevated complaints,Previous-month achievement pattern,Limited supply delay,Validate reporting timeliness and follow up on delayed field submissions. | Review feedback and complaint records for recurring operational issues. | Review recent performance trends for persistent underachievement.,Recommended for human review; the model does not make operational decisions.
ES-004992,2026-08-01,Nutrition Support Programme,Nutrition,Borno,Jere,Jere Site 6,Medium,0.29813264883087,Low activity completion,Access constraints,Supply delay,Previous-month achievement pattern,"Review delayed or incomplete activities and implementation constraints. | Review access, movement and operational constraints affecting delivery. | Review procurement, logistics and supply-chain bottlenecks.",Recommended for human review; the model does not make operational decisions.
ES-004960,2026-08-01,Nutrition Support Programme,Nutrition,Borno,Jere,Jere Site 5,Low,7.424947876664414e-12,Low achievement,Elevated complaints,Access constraints,Timely reporting,"Review progress against targets and identify implementation bottlenecks. | Review feedback and complaint records for recurring operational issues. | Review access, movement and operational constraints affecting delivery.",Recommended for human review; the model does not make operational decisions.
ES-004928,2026-08-01,Nutrition Support Programme,Nutrition,Borno,Jere,Jere Site 4,Low,3.866446481839874e-13,Access constraints,Supply delay,Previous-month achievement pattern,Timely reporting,"Review access, movement and operational constraints affecting delivery. | Review procurement, logistics and supply-chain bottlenecks. | Review recent performance trends for persistent underachievement.",Recommended for human review; the model does not make operational decisions.
ES-004896,2026-08-01,Nutrition Support Programme,Nutrition,Borno,Jere,Jere Site 3,Medium,4.299009296494136e-05,Reporting delay,Supply delay,Access constraints,Strong activity completion,"Validate reporting timeliness and follow up on delayed field submissions. | Review procurement, logistics and supply-chain bottlenecks. | Review access, movement and operational constraints affecting delivery.",Recommended for human review; the model does not make operational decisions.
ES-004864,2026-08-01,Nutrition Support Programme,Nutrition,Borno,Jere,Jere Site 2,Low,3.69097451246646e-13,Elevated complaints,Access constraints,Low activity completion,Strong achievement,"Review feedback and complaint records for recurring operational issues. | Review access, movement and operational constraints affecting delivery. | Review delayed or incomplete activities and implementation constraints.",Recommended for human review; the model does not make operational decisions.
ES-004832,2026-08-01,Nutrition Support Programme,Nutrition,Borno,Jere,Jere Site 1,Low,2.413222169863548e-14,Access constraints,Reporting delay,Low staff availability,Limited supply delay,"Review access, movement and operational constraints affecting delivery. | Validate reporting timeliness and follow up on delayed field submissions. | Review staffing coverage, absences and field deployment capacity.",Recommended for human review; the model does not make operational decisions.
ES-006144,2026-08-01,Nutrition Support Programme,Nutrition,Borno,Gwoza,Gwoza Site 6,Medium,0.0040711931310806,Low achievement,Low activity completion,Access constraints,Timely reporting,"Review progress against targets and identify implementation bottlenecks. | Review delayed or incomplete activities and implementation constraints. | Review access, movement and operational constraints affecting delivery.",Recommended for human review; the model does not make operational decisions.
ES-006112,2026-08-01,Nutrition Support Programme,Nutrition,Borno,Gwoza,Gwoza Site 5,Low,5.376585797283094e-10,Supply delay,Access constraints,Low staff availability,Strong achievement,"Review procurement, logistics and supply-chain bottlenecks. | Review access, movement and operational constraints affecting delivery. | Review staffing coverage, absences and field deployment capacity.",Recommended for human review; the model does not make operational decisions.
ES-006272,2026-08-01,WASH Resilience Initiative,WASH,Borno,Maiduguri,Maiduguri Site 4,Low,1.0269607739145873e-12,Supply delay,Low staff availability,Previous-month achievement pattern,Timely reporting,"Review procurement, logistics and supply-chain bottlenecks. | Review staffing coverage, absences and field deployment capacity. | Review recent performance trends for persistent underachievement.",Recommended for human review; the model does not make operational decisions.
ES-006080,2026-08-01,Nutrition Support Programme,Nutrition,Borno,Gwoza,Gwoza Site 4,Low,6.494136624445422e-15,Low activity completion,Access constraints,Lower data quality,Limited supply delay,"Review delayed or incomplete activities and implementation constraints. | Review access, movement and operational constraints affecting delivery. | Validate source data, completeness and reporting quality.",Recommended for human review; the model does not make operational decisions.
ES-006016,2026-08-01,Nutrition Support Programme,Nutrition,Borno,Gwoza,Gwoza Site 2,Low,8.550676376660521e-10,Low achievement,Access constraints,Reporting delay,Strong activity completion,"Review progress against targets and identify implementation bottlenecks. | Review access, movement and operational constraints affecting delivery. | Validate reporting timeliness and follow up on delayed field submissions.",Recommended for human review; the model does not make operational decisions.
ES-005984,2026-08-01,Nutrition Support Programme,Nutrition,Borno,Gwoza,Gwoza Site 1,Medium,0.0281923117979428,Low achievement,Elevated complaints,Reporting delay,Strong activity completion,Review progress against targets and identify implementation bottlenecks. | Review feedback and complaint records for recurring operational issues. | Validate reporting timeliness and follow up on delayed field submissions.,Recommended for human review; the model does not make operational decisions.
ES-005952,2026-08-01,Nutrition Support Programme,Nutrition,Borno,Dikwa,Dikwa Site 6,Medium,2.138657361021313e-05,Elevated complaints,Low achievement,Low staff availability,Timely reporting,"Review feedback and complaint records for recurring operational issues. | Review progress against targets and identify implementation bottlenecks. | Review staffing coverage, absences and field deployment capacity.",Recommended for human review; the model does not make operational decisions.
ES-005920,2026-08-01,Nutrition Support Programme,Nutrition,Borno,Dikwa,Dikwa Site 5,Low,9.051772779558784e-27,Supply delay,Low staff availability,Lower data quality,Strong achievement,"Review procurement, logistics and supply-chain bottlenecks. | Review staffing coverage, absences and field deployment capacity. | Validate source data, completeness and reporting quality.",Recommended for human review; the model does not make operational decisions.
ES-005888,2026-08-01,Nutrition Support Programme,Nutrition,Borno,Dikwa,Dikwa Site 4,Medium,1.1063658090800737e-06,Low activity completion,Reporting delay,Access constraints,Limited supply delay,"Review delayed or incomplete activities and implementation constraints. | Validate reporting timeliness and follow up on delayed field submissions. | Review access, movement and operational constraints affecting delivery.",Recommended for human review; the model does not make operational decisions.
ES-005856,2026-08-01,Nutrition Support Programme,Nutrition,Borno,Dikwa,Dikwa Site 3,Low,2.9166512658155067e-12,Supply delay,Low staff availability,Lower data quality,Strong activity completion,"Review procurement, logistics and supply-chain bottlenecks. | Review staffing coverage, absences and field deployment capacity. | Validate source data, completeness and reporting quality.",Recommended for human review; the model does not make operational decisions.
ES-005824,2026-08-01,Nutrition Support Programme,Nutrition,Borno,Dikwa,Dikwa Site 2,Medium,4.327295190655431e-06,Reporting delay,Access constraints,Lower data quality,Strong achievement,"Validate reporting timeliness and follow up on delayed field submissions. | Review access, movement and operational constraints affecting delivery. | Validate source data, completeness and reporting quality.",Recommended for human review; the model does not make operational decisions.
ES-005792,2026-08-01,Nutrition Support Programme,Nutrition,Borno,Dikwa,Dikwa Site 1,Medium,0.0358504939726397,Low achievement,Access constraints,Elevated complaints,Timely reporting,"Review progress against targets and identify implementation bottlenecks. | Review access, movement and operational constraints affecting delivery. | Review feedback and complaint records for recurring operational issues.",Recommended for human review; the model does not make operational decisions.
ES-005568,2026-08-01,Nutrition Support Programme,Nutrition,Borno,Bama,Bama Site 6,Medium,5.94223116525021e-06,Low activity completion,Reporting delay,Elevated complaints,Limited supply delay,Review delayed or incomplete activities and implementation constraints. | Validate reporting timeliness and follow up on delayed field submissions. | Review feedback and complaint records for recurring operational issues.,Recommended for human review; the model does not make operational decisions.
ES-005536,2026-08-01,Nutrition Support Programme,Nutrition,Borno,Bama,Bama Site 5,Medium,2.728205103859823e-06,Access constraints,Low activity completion,Elevated complaints,Timely reporting,"Review access, movement and operational constraints affecting delivery. | Review delayed or incomplete activities and implementation constraints. | Review feedback and complaint records for recurring operational issues.",Recommended for human review; the model does not make operational decisions.
ES-005504,2026-08-01,Nutrition Support Programme,Nutrition,Borno,Bama,Bama Site 4,Low,2.6511442391406054e-07,Supply delay,Low staff availability,Reporting delay,Strong achievement,"Review procurement, logistics and supply-chain bottlenecks. | Review staffing coverage, absences and field deployment capacity. | Validate reporting timeliness and follow up on delayed field submissions.",Recommended for human review; the model does not make operational decisions.
ES-005472,2026-08-01,Nutrition Support Programme,Nutrition,Borno,Bama,Bama Site 3,Medium,0.0066571652249544,Low achievement,Access constraints,Supply delay,Strong activity completion,"Review progress against targets and identify implementation bottlenecks. | Review access, movement and operational constraints affecting delivery. | Review procurement, logistics and supply-chain bottlenecks.",Recommended for human review; the model does not make operational decisions.
ES-006048,2026-08-01,Nutrition Support Programme,Nutrition,Borno,Gwoza,Gwoza Site 3,Low,1.6648344172021773e-18,Lower data quality,Previous-month achievement pattern,,Strong activity completion,"Validate source data, completeness and reporting quality. | Review recent performance trends for persistent underachievement.",Recommended for human review; the model does not make operational decisions.
ES-007296,2026-08-01,WASH Resilience Initiative,WASH,Borno,Ngala,Ngala Site 6,Medium,0.00275439792789,Low achievement,Low staff availability,Low activity completion,Limited supply delay,"Review progress against targets and identify implementation bottlenecks. | Review staffing coverage, absences and field deployment capacity. | Review delayed or incomplete activities and implementation constraints.",Recommended for human review; the model does not make operational decisions.
