record_id,reporting_date,programme_name,sector,state,lga,community,achievement_rate,next_achievement_rate,predicted_next_achievement_rate,forecast_status,absolute_forecast_error
ES-004730,2026-02-01,Nutrition Support Programme,Nutrition,Borno,Maiduguri,Maiduguri Site 4,0.7848,0.786,0.7808924526314236,On Track,0.005107547368576437
ES-005914,2026-02-01,Nutrition Support Programme,Nutrition,Borno,Dikwa,Dikwa Site 5,0.8998,0.858,0.8599802305186521,On Track,0.0019802305186521485
ES-002266,2026-02-01,Livelihood Recovery Initiative,Livelihoods,Borno,Mafa,Mafa Site 5,0.6127,0.8334,0.6133639982256051,Critical,0.22003600177439497
ES-000922,2026-02-01,Community Resilience Programme,Protection/Resilience,Borno,Bama,Bama Site 5,0.7663,0.8105,0.7706422861007796,On Track,0.03985771389922044
ES-003962,2026-02-01,Education Access Project,Education,Borno,Bama,Bama Site 4,0.6507,0.6952,0.6563060852648974,Watch,0.03889391473510262
ES-003290,2026-02-01,Education Access Project,Education,Borno,Jere,Jere Site 1,0.7766,0.6853,0.7488170080333588,Watch,0.0635170080333588
ES-003258,2026-02-01,Education Access Project,Education,Borno,Maiduguri,Maiduguri Site 6,0.8039,0.8753,0.7874949669362992,On Track,0.0878050330637008
ES-002234,2026-02-01,Livelihood Recovery Initiative,Livelihoods,Borno,Mafa,Mafa Site 4,0.6573,0.7071,0.6861010793964522,Watch,0.0209989206035478
ES-002362,2026-02-01,Livelihood Recovery Initiative,Livelihoods,Borno,Bama,Bama Site 2,0.7509,0.7053,0.7274730574842377,Watch,0.0221730574842377
ES-000186,2026-02-01,Community Resilience Programme,Protection/Resilience,Borno,Maiduguri,Maiduguri Site 6,0.692,0.7076,0.6877483664084245,Watch,0.01985163359157549
ES-001914,2026-02-01,Livelihood Recovery Initiative,Livelihoods,Borno,Jere,Jere Site 6,0.7744,0.7815,0.7608803657000229,On Track,0.02061963429997704
ES-006586,2026-02-01,WASH Resilience Initiative,WASH,Borno,Konduga,Konduga Site 2,0.6873,0.6839,0.6846396657395588,Watch,0.0007396657395588591
ES-006650,2026-02-01,WASH Resilience Initiative,WASH,Borno,Konduga,Konduga Site 4,0.7917,0.7586,0.7573666383126697,On Track,0.0012333616873303477
ES-001498,2026-02-01,Community Resilience Programme,Protection/Resilience,Borno,Gwoza,Gwoza Site 5,0.7436,0.7141,0.7073422553184155,Watch,0.00675774468158441
ES-003194,2026-02-01,Education Access Project,Education,Borno,Maiduguri,Maiduguri Site 4,0.7195,0.7542,0.7188756763329827,Watch,0.03532432366701732
ES-007418,2026-02-01,WASH Resilience Initiative,WASH,Borno,Dikwa,Dikwa Site 4,0.7646,0.6881,0.7423686659937071,Watch,0.054268665993707055
ES-006426,2026-02-01,WASH Resilience Initiative,WASH,Borno,Jere,Jere Site 3,0.795,0.8543,0.7836359922204568,On Track,0.07066400777954318
ES-003450,2026-02-01,Education Access Project,Education,Borno,Jere,Jere Site 6,0.8558,0.8623,0.7979042596543315,On Track,0.06439574034566842
ES-005978,2026-02-01,Nutrition Support Programme,Nutrition,Borno,Gwoza,Gwoza Site 1,0.6679,0.5989,0.6841512526450068,Watch,0.08525125264500677
ES-007386,2026-02-01,WASH Resilience Initiative,WASH,Borno,Dikwa,Dikwa Site 3,0.7727,0.7172,0.7443853257090118,Watch,0.027185325709011887
ES-002490,2026-02-01,Livelihood Recovery Initiative,Livelihoods,Borno,Bama,Bama Site 6,0.562,0.617,0.6308524575451759,Critical,0.013852457545175945
ES-001658,2026-02-01,Livelihood Recovery Initiative,Livelihoods,Borno,Maiduguri,Maiduguri Site 4,0.862,0.9078,0.8055118110326547,On Track,0.10228818896734537
ES-001946,2026-02-01,Livelihood Recovery Initiative,Livelihoods,Borno,Konduga,Konduga Site 1,0.786,0.8025,0.7764213666072254,On Track,0.02607863339277461
ES-000826,2026-02-01,Community Resilience Programme,Protection/Resilience,Borno,Bama,Bama Site 2,0.7076,0.7556,0.701546903489132,Watch,0.05405309651086809
ES-004666,2026-02-01,Nutrition Support Programme,Nutrition,Borno,Maiduguri,Maiduguri Site 2,0.8056,0.8024,0.7729259784070697,On Track,0.029474021592930333
ES-001242,2026-02-01,Community Resilience Programme,Protection/Resilience,Borno,Dikwa,Dikwa Site 3,0.6799,0.7371,0.7066639128690387,Watch,0.030436087130961242
ES-000538,2026-02-01,Community Resilience Programme,Protection/Resilience,Borno,Konduga,Konduga Site 5,0.762,0.9034,0.7515945085351926,On Track,0.15180549146480737
ES-003226,2026-02-01,Education Access Project,Education,Borno,Maiduguri,Maiduguri Site 5,0.6598,0.7057,0.6555091591709643,Watch,0.05019084082903569
ES-006746,2026-02-01,WASH Resilience Initiative,WASH,Borno,Mafa,Mafa Site 1,0.7347,0.6515,0.7105067031216421,Watch,0.059006703121642134
ES-005946,2026-02-01,Nutrition Support Programme,Nutrition,Borno,Dikwa,Dikwa Site 6,0.8011,0.7367,0.774675923960469,On Track,0.037975923960469005
ES-006202,2026-02-01,WASH Resilience Initiative,WASH,Borno,Maiduguri,Maiduguri Site 2,0.5587,0.6422,0.6169901540332594,Critical,0.025209845966740585
ES-001050,2026-02-01,Community Resilience Programme,Protection/Resilience,Borno,Ngala,Ngala Site 3,0.9888,0.9446,0.8575339692888984,On Track,0.08706603071110164
ES-002906,2026-02-01,Livelihood Recovery Initiative,Livelihoods,Borno,Gwoza,Gwoza Site 1,0.6503,0.7058,0.654022270511041,Watch,0.05177772948895898
ES-003386,2026-02-01,Education Access Project,Education,Borno,Jere,Jere Site 4,0.8256,0.7582,0.7719857147516199,On Track,0.013785714751619937
ES-006458,2026-02-01,WASH Resilience Initiative,WASH,Borno,Jere,Jere Site 4,0.8266,0.7991,0.7789738603288544,On Track,0.020126139671145626
ES-007322,2026-02-01,WASH Resilience Initiative,WASH,Borno,Dikwa,Dikwa Site 1,0.7426,0.7112,0.7139381168531441,Watch,0.002738116853144068
ES-000410,2026-02-01,Community Resilience Programme,Protection/Resilience,Borno,Konduga,Konduga Site 1,0.8298,0.8045,0.8074628665636735,On Track,0.002962866563673505
ES-002874,2026-02-01,Livelihood Recovery Initiative,Livelihoods,Borno,Dikwa,Dikwa Site 6,0.6712,0.6584,0.6521131938892832,Watch,0.006286806110716747
ES-000570,2026-02-01,Community Resilience Programme,Protection/Resilience,Borno,Konduga,Konduga Site 6,0.8296,0.8642,0.83485296197621,On Track,0.029347038023790017
ES-005210,2026-02-01,Nutrition Support Programme,Nutrition,Borno,Mafa,Mafa Site 1,0.7425,0.7629,0.7271977072959573,Watch,0.03570229270404268
ES-006234,2026-02-01,WASH Resilience Initiative,WASH,Borno,Maiduguri,Maiduguri Site 3,0.8772,0.7225,0.8340518207519175,On Track,0.1115518207519175
ES-007130,2026-02-01,WASH Resilience Initiative,WASH,Borno,Ngala,Ngala Site 1,0.8132,0.7356,0.7696085434688819,On Track,0.034008543468881824
ES-001338,2026-02-01,Community Resilience Programme,Protection/Resilience,Borno,Dikwa,Dikwa Site 6,0.9033,0.7809,0.8419141567123796,On Track,0.06101415671237953
ES-007098,2026-02-01,WASH Resilience Initiative,WASH,Borno,Bama,Bama Site 6,0.7281,0.7391,0.7096480494756437,Watch,0.02945195052435623
ES-000858,2026-02-01,Community Resilience Programme,Protection/Resilience,Borno,Bama,Bama Site 3,0.7573,0.8003,0.7506760756973133,On Track,0.049623924302686695
ES-003322,2026-02-01,Education Access Project,Education,Borno,Jere,Jere Site 2,0.724,0.7879,0.7294396870004579,Watch,0.05846031299954213
ES-000762,2026-02-01,Community Resilience Programme,Protection/Resilience,Borno,Mafa,Mafa Site 6,0.6571,0.6437,0.6879469655111352,Watch,0.04424696551113516
ES-000314,2026-02-01,Community Resilience Programme,Protection/Resilience,Borno,Jere,Jere Site 4,0.8247,0.8475,0.8152137397563906,On Track,0.03228626024360948
ES-001978,2026-02-01,Livelihood Recovery Initiative,Livelihoods,Borno,Konduga,Konduga Site 2,0.6751,0.7705,0.6941552576295562,Watch,0.07634474237044375
ES-006874,2026-02-01,WASH Resilience Initiative,WASH,Borno,Mafa,Mafa Site 5,0.6906,0.6861,0.7019999405847831,Watch,0.015899940584783057
ES-003418,2026-02-01,Education Access Project,Education,Borno,Jere,Jere Site 5,0.7171,0.6421,0.7012886547080915,Watch,0.05918865470809154
ES-004698,2026-02-01,Nutrition Support Programme,Nutrition,Borno,Maiduguri,Maiduguri Site 3,0.8928,0.8177,0.8378658396295269,On Track,0.020165839629526894
ES-003994,2026-02-01,Education Access Project,Education,Borno,Bama,Bama Site 5,0.7705,0.7492,0.7345693784989427,Watch,0.014630621501057317
ES-007354,2026-02-01,WASH Resilience Initiative,WASH,Borno,Dikwa,Dikwa Site 2,0.6801,0.8151,0.7023910024014296,Watch,0.11270899759857045
ES-004922,2026-02-01,Nutrition Support Programme,Nutrition,Borno,Jere,Jere Site 4,0.6809,0.7049,0.7033943297218744,Watch,0.0015056702781255371
ES-005466,2026-02-01,Nutrition Support Programme,Nutrition,Borno,Bama,Bama Site 3,0.7348,0.7375,0.7095974162911936,Watch,0.027902583708806494
ES-005242,2026-02-01,Nutrition Support Programme,Nutrition,Borno,Mafa,Mafa Site 2,0.8092,0.7143,0.7716898016723731,On Track,0.057389801672373064
ES-002330,2026-02-01,Livelihood Recovery Initiative,Livelihoods,Borno,Bama,Bama Site 1,0.5885,0.6946,0.6172159126909136,Critical,0.07738408730908641
ES-004154,2026-02-01,Education Access Project,Education,Borno,Ngala,Ngala Site 4,0.5472,0.746,0.6285247445594726,Critical,0.11747525544052739
ES-002138,2026-02-01,Livelihood Recovery Initiative,Livelihoods,Borno,Mafa,Mafa Site 1,0.5252,0.6454,0.5833212548863037,Critical,0.062078745113696265
ES-002778,2026-02-01,Livelihood Recovery Initiative,Livelihoods,Borno,Dikwa,Dikwa Site 3,0.6723,0.6829,0.6590967084261695,Watch,0.023803291573830432
ES-006362,2026-02-01,WASH Resilience Initiative,WASH,Borno,Jere,Jere Site 1,0.7947,0.8551,0.7698111802946692,On Track,0.08528881970533075
ES-005786,2026-02-01,Nutrition Support Programme,Nutrition,Borno,Dikwa,Dikwa Site 1,0.7634,0.7079,0.7608101344001444,On Track,0.05291013440014447
ES-005338,2026-02-01,Nutrition Support Programme,Nutrition,Borno,Mafa,Mafa Site 5,0.7411,0.7493,0.7027352853766143,Watch,0.04656471462338563
ES-004410,2026-02-01,Education Access Project,Education,Borno,Dikwa,Dikwa Site 6,0.7081,0.7507,0.7201586972375869,Watch,0.03054130276241318
ES-006618,2026-02-01,WASH Resilience Initiative,WASH,Borno,Konduga,Konduga Site 3,0.6669,0.6357,0.6841553365845955,Watch,0.04845533658459544
ES-000890,2026-02-01,Community Resilience Programme,Protection/Resilience,Borno,Bama,Bama Site 4,0.6999,0.7682,0.7192019295964938,Watch,0.04899807040350623
ES-006842,2026-02-01,WASH Resilience Initiative,WASH,Borno,Mafa,Mafa Site 4,0.7496,0.6643,0.7259834537390882,Watch,0.061683453739088234
ES-007578,2026-02-01,WASH Resilience Initiative,WASH,Borno,Gwoza,Gwoza Site 3,0.6957,0.6972,0.6390066282174776,Critical,0.058193371782522485
ES-004282,2026-02-01,Education Access Project,Education,Borno,Dikwa,Dikwa Site 2,0.735,0.7448,0.7600187250426603,On Track,0.015218725042660308
ES-002522,2026-02-01,Livelihood Recovery Initiative,Livelihoods,Borno,Ngala,Ngala Site 1,0.6235,0.6992,0.6523127108812655,Watch,0.04688728911873452
ES-000282,2026-02-01,Community Resilience Programme,Protection/Resilience,Borno,Jere,Jere Site 3,0.7066,0.7838,0.7017942368052744,Watch,0.08200576319472563
ES-002202,2026-02-01,Livelihood Recovery Initiative,Livelihoods,Borno,Mafa,Mafa Site 3,0.65,0.641,0.6440981558387332,Critical,0.0030981558387331853
ES-004442,2026-02-01,Education Access Project,Education,Borno,Gwoza,Gwoza Site 1,0.6271,0.6679,0.6461883044405643,Critical,0.02171169555943575
ES-004122,2026-02-01,Education Access Project,Education,Borno,Ngala,Ngala Site 3,0.742,0.696,0.7049123374292336,Watch,0.008912337429233697
ES-000058,2026-02-01,Community Resilience Programme,Protection/Resilience,Borno,Maiduguri,Maiduguri Site 2,0.8009,0.8475,0.7871965791441617,On Track,0.060303420855838286
ES-002106,2026-02-01,Livelihood Recovery Initiative,Livelihoods,Borno,Konduga,Konduga Site 6,0.7621,0.9179,0.7602380347457266,On Track,0.15766196525427345
ES-007610,2026-02-01,WASH Resilience Initiative,WASH,Borno,Gwoza,Gwoza Site 4,0.5726,0.7307,0.6617434003836405,Watch,0.06895659961635947
ES-007290,2026-02-01,WASH Resilience Initiative,WASH,Borno,Ngala,Ngala Site 6,0.5243,0.6074,0.600343720217112,Critical,0.007056279782888031
ES-005274,2026-02-01,Nutrition Support Programme,Nutrition,Borno,Mafa,Mafa Site 3,0.7326,0.7937,0.7163603564453771,Watch,0.07733964355462286
ES-005530,2026-02-01,Nutrition Support Programme,Nutrition,Borno,Bama,Bama Site 5,0.8022,0.8024,0.7776922416569898,On Track,0.0247077583430102
ES-001114,2026-02-01,Community Resilience Programme,Protection/Resilience,Borno,Ngala,Ngala Site 5,0.6941,0.7261,0.7049103981854811,Watch,0.0211896018145189
ES-000474,2026-02-01,Community Resilience Programme,Protection/Resilience,Borno,Konduga,Konduga Site 3,0.8853,0.7216,0.828756557129045,On Track,0.10715655712904493
ES-007674,2026-02-01,WASH Resilience Initiative,WASH,Borno,Gwoza,Gwoza Site 6,0.5307,0.6085,0.5715131574935863,Critical,0.03698684250641371
ES-004218,2026-02-01,Education Access Project,Education,Borno,Ngala,Ngala Site 6,0.5948,0.7528,0.6294491395217748,Critical,0.12335086047822519
ES-002746,2026-02-01,Livelihood Recovery Initiative,Livelihoods,Borno,Dikwa,Dikwa Site 2,0.602,0.7152,0.6210410146474745,Critical,0.09415898535252543
ES-006170,2026-02-01,WASH Resilience Initiative,WASH,Borno,Maiduguri,Maiduguri Site 1,0.7655,0.7963,0.7450657387216996,Watch,0.05123426127830044
ES-006778,2026-02-01,WASH Resilience Initiative,WASH,Borno,Mafa,Mafa Site 2,0.7109,0.7339,0.7126628931242087,Watch,0.02123710687579128
ES-004346,2026-02-01,Education Access Project,Education,Borno,Dikwa,Dikwa Site 4,0.6348,0.844,0.6700411409182924,Watch,0.1739588590817076
ES-002682,2026-02-01,Livelihood Recovery Initiative,Livelihoods,Borno,Ngala,Ngala Site 6,0.7196,0.7344,0.7361931521025189,Watch,0.0017931521025188468
ES-004314,2026-02-01,Education Access Project,Education,Borno,Dikwa,Dikwa Site 3,0.792,0.8941,0.758512469964909,On Track,0.13558753003509105
ES-002170,2026-02-01,Livelihood Recovery Initiative,Livelihoods,Borno,Mafa,Mafa Site 2,0.6437,0.6765,0.6519949391900682,Watch,0.024505060809931756
ES-004186,2026-02-01,Education Access Project,Education,Borno,Ngala,Ngala Site 5,0.6274,0.6843,0.6669255875700567,Watch,0.01737441242994331
ES-007642,2026-02-01,WASH Resilience Initiative,WASH,Borno,Gwoza,Gwoza Site 5,0.6277,0.5749,0.6358202086939461,Critical,0.0609202086939461
ES-000634,2026-02-01,Community Resilience Programme,Protection/Resilience,Borno,Mafa,Mafa Site 2,0.7808,0.7558,0.7601596795729975,On Track,0.0043596795729974325
ES-005562,2026-02-01,Nutrition Support Programme,Nutrition,Borno,Bama,Bama Site 6,0.8767,0.7523,0.7631808288062639,On Track,0.010880828806263954
ES-005050,2026-02-01,Nutrition Support Programme,Nutrition,Borno,Konduga,Konduga Site 2,0.7763,0.8168,0.7395439536267411,Watch,0.07725604637325889
ES-005306,2026-02-01,Nutrition Support Programme,Nutrition,Borno,Mafa,Mafa Site 4,0.7587,0.7645,0.7454350934626546,Watch,0.019064906537345383
ES-004378,2026-02-01,Education Access Project,Education,Borno,Dikwa,Dikwa Site 5,0.6898,0.7066,0.6842846828975631,Watch,0.02231531710243695
ES-006266,2026-02-01,WASH Resilience Initiative,WASH,Borno,Maiduguri,Maiduguri Site 4,0.6956,0.7673,0.7070901149952105,Watch,0.06020988500478952
ES-007194,2026-02-01,WASH Resilience Initiative,WASH,Borno,Ngala,Ngala Site 3,0.6348,0.6303,0.6575829914985372,Watch,0.02728299149853719
ES-004954,2026-02-01,Nutrition Support Programme,Nutrition,Borno,Jere,Jere Site 5,0.7222,0.8215,0.7170100308208586,Watch,0.10448996917914144
ES-005018,2026-02-01,Nutrition Support Programme,Nutrition,Borno,Konduga,Konduga Site 1,0.7276,0.7321,0.7292137993129448,Watch,0.0028862006870551404
ES-000250,2026-02-01,Community Resilience Programme,Protection/Resilience,Borno,Jere,Jere Site 2,0.7716,0.6854,0.7768144092334809,On Track,0.09141440923348088
ES-007482,2026-02-01,WASH Resilience Initiative,WASH,Borno,Dikwa,Dikwa Site 6,0.6687,0.7886,0.6688236148348053,Watch,0.11977638516519462
ES-007226,2026-02-01,WASH Resilience Initiative,WASH,Borno,Ngala,Ngala Site 4,0.7129,0.6824,0.701748764490798,Watch,0.01934876449079803
ES-002042,2026-02-01,Livelihood Recovery Initiative,Livelihoods,Borno,Konduga,Konduga Site 4,0.7523,0.8499,0.7346805275167638,Watch,0.11521947248323616
ES-004026,2026-02-01,Education Access Project,Education,Borno,Bama,Bama Site 6,0.7194,0.7767,0.6932658150204721,Watch,0.08343418497952781
ES-004986,2026-02-01,Nutrition Support Programme,Nutrition,Borno,Jere,Jere Site 6,0.6877,0.6832,0.7117108816764819,Watch,0.02851088167648186
ES-004634,2026-02-01,Nutrition Support Programme,Nutrition,Borno,Maiduguri,Maiduguri Site 1,0.6856,0.7393,0.7003238695692797,Watch,0.038976130430720235
ES-001434,2026-02-01,Community Resilience Programme,Protection/Resilience,Borno,Gwoza,Gwoza Site 3,0.8286,0.8753,0.806325521905645,On Track,0.06897447809435497
ES-004570,2026-02-01,Education Access Project,Education,Borno,Gwoza,Gwoza Site 5,0.6575,0.6673,0.669145555140522,Watch,0.0018455551405219817
ES-002586,2026-02-01,Livelihood Recovery Initiative,Livelihoods,Borno,Ngala,Ngala Site 3,0.7504,0.6761,0.7017633057573393,Watch,0.025663305757339216
ES-002650,2026-02-01,Livelihood Recovery Initiative,Livelihoods,Borno,Ngala,Ngala Site 5,0.7839,0.775,0.7258930857195455,Watch,0.04910691428045455
ES-005498,2026-02-01,Nutrition Support Programme,Nutrition,Borno,Bama,Bama Site 4,0.7469,0.7175,0.7601005662928947,On Track,0.04260056629289466
ES-007450,2026-02-01,WASH Resilience Initiative,WASH,Borno,Dikwa,Dikwa Site 5,0.8251,0.7447,0.769631646007214,On Track,0.02493164600721398
ES-002010,2026-02-01,Livelihood Recovery Initiative,Livelihoods,Borno,Konduga,Konduga Site 3,0.7317,0.7515,0.7279431607068462,Watch,0.023556839293153775
ES-001210,2026-02-01,Community Resilience Programme,Protection/Resilience,Borno,Dikwa,Dikwa Site 2,0.7919,0.8069,0.7742072484959343,On Track,0.0326927515040657
ES-004058,2026-02-01,Education Access Project,Education,Borno,Ngala,Ngala Site 1,0.6429,0.6758,0.6649580357408437,Watch,0.01084196425915629
ES-005882,2026-02-01,Nutrition Support Programme,Nutrition,Borno,Dikwa,Dikwa Site 4,0.8116,0.8518,0.7825675868191565,On Track,0.0692324131808435
ES-002842,2026-02-01,Livelihood Recovery Initiative,Livelihoods,Borno,Dikwa,Dikwa Site 5,0.742,0.8004,0.7146201052031975,Watch,0.08577989479680248
ES-004602,2026-02-01,Education Access Project,Education,Borno,Gwoza,Gwoza Site 6,0.6385,0.6822,0.6447299184198659,Critical,0.037470081580134096
ES-002714,2026-02-01,Livelihood Recovery Initiative,Livelihoods,Borno,Dikwa,Dikwa Site 1,0.8146,0.7616,0.7686056890315542,On Track,0.007005689031554185
ES-000698,2026-02-01,Community Resilience Programme,Protection/Resilience,Borno,Mafa,Mafa Site 4,0.7721,0.8435,0.748466617092342,Watch,0.09503338290765806
ES-007162,2026-02-01,WASH Resilience Initiative,WASH,Borno,Ngala,Ngala Site 2,0.7174,0.7784,0.7207356564657051,Watch,0.05766434353429484
ES-005850,2026-02-01,Nutrition Support Programme,Nutrition,Borno,Dikwa,Dikwa Site 3,0.728,0.7819,0.7645805793886714,On Track,0.01731942061132863
ES-001370,2026-02-01,Community Resilience Programme,Protection/Resilience,Borno,Gwoza,Gwoza Site 1,0.6237,0.7892,0.6686771795800158,Watch,0.12052282041998419
ES-007546,2026-02-01,WASH Resilience Initiative,WASH,Borno,Gwoza,Gwoza Site 2,0.7201,0.7951,0.7352191183471299,Watch,0.05988088165287009
ES-000154,2026-02-01,Community Resilience Programme,Protection/Resilience,Borno,Maiduguri,Maiduguri Site 5,0.8285,0.796,0.7869174119348714,On Track,0.009082588065128627
ES-004090,2026-02-01,Education Access Project,Education,Borno,Ngala,Ngala Site 2,0.6475,0.7405,0.6693469480707505,Watch,0.07115305192924959
ES-005818,2026-02-01,Nutrition Support Programme,Nutrition,Borno,Dikwa,Dikwa Site 2,0.8772,0.7457,0.8290271578412491,On Track,0.08332715784124911
ES-004474,2026-02-01,Education Access Project,Education,Borno,Gwoza,Gwoza Site 2,0.595,0.7125,0.6310266995722609,Critical,0.08147330042773915
ES-004250,2026-02-01,Education Access Project,Education,Borno,Dikwa,Dikwa Site 1,0.6686,0.6694,0.6616936064862323,Watch,0.007706393513767673
ES-007258,2026-02-01,WASH Resilience Initiative,WASH,Borno,Ngala,Ngala Site 5,0.6285,0.657,0.6461666374349218,Critical,0.010833362565078275
ES-005370,2026-02-01,Nutrition Support Programme,Nutrition,Borno,Mafa,Mafa Site 6,0.6596,0.7137,0.6928143365120664,Watch,0.020885663487933637
ES-001626,2026-02-01,Livelihood Recovery Initiative,Livelihoods,Borno,Maiduguri,Maiduguri Site 3,0.8576,0.8733,0.8121260638285199,On Track,0.06117393617148004
ES-001466,2026-02-01,Community Resilience Programme,Protection/Resilience,Borno,Gwoza,Gwoza Site 4,0.7774,0.7438,0.7402314743240127,Watch,0.0035685256759873107
ES-004506,2026-02-01,Education Access Project,Education,Borno,Gwoza,Gwoza Site 3,0.6413,0.6019,0.6509490530091572,Watch,0.049049053009157184
ES-001082,2026-02-01,Community Resilience Programme,Protection/Resilience,Borno,Ngala,Ngala Site 4,0.5929,0.6023,0.6663112292677299,Watch,0.06401122926772995
ES-007514,2026-02-01,WASH Resilience Initiative,WASH,Borno,Gwoza,Gwoza Site 1,0.6544,0.6871,0.6767550609690093,Watch,0.010344939030990763
ES-006394,2026-02-01,WASH Resilience Initiative,WASH,Borno,Jere,Jere Site 2,0.7534,0.7847,0.7489482125394149,Watch,0.03575178746058505
ES-002074,2026-02-01,Livelihood Recovery Initiative,Livelihoods,Borno,Konduga,Konduga Site 5,0.6618,0.77,0.6883085354558099,Watch,0.08169146454419007
ES-002810,2026-02-01,Livelihood Recovery Initiative,Livelihoods,Borno,Dikwa,Dikwa Site 4,0.7349,0.7164,0.7506241369803579,On Track,0.03422413698035787
ES-005082,2026-02-01,Nutrition Support Programme,Nutrition,Borno,Konduga,Konduga Site 3,0.8334,0.8326,0.7889327171228987,On Track,0.04366728287710131
ES-000442,2026-02-01,Community Resilience Programme,Protection/Resilience,Borno,Konduga,Konduga Site 2,0.7504,0.6793,0.7148715499685018,Watch,0.03557154996850176
ES-001274,2026-02-01,Community Resilience Programme,Protection/Resilience,Borno,Dikwa,Dikwa Site 4,0.6724,0.6708,0.663768259732357,Watch,0.007031740267642972
ES-004538,2026-02-01,Education Access Project,Education,Borno,Gwoza,Gwoza Site 4,0.7538,0.7582,0.6792541725021176,Watch,0.07894582749788237
ES-000794,2026-02-01,Community Resilience Programme,Protection/Resilience,Borno,Bama,Bama Site 1,0.7083,0.799,0.7330625960197957,Watch,0.06593740398020431
ES-003354,2026-02-01,Education Access Project,Education,Borno,Jere,Jere Site 3,0.6784,0.7132,0.681924160779569,Watch,0.03127583922043098
ES-006938,2026-02-01,WASH Resilience Initiative,WASH,Borno,Bama,Bama Site 1,0.5895,0.5675,0.6381655529287449,Critical,0.07066555292874488
ES-003674,2026-02-01,Education Access Project,Education,Borno,Mafa,Mafa Site 1,0.7418,0.7686,0.7207087125335557,Watch,0.04789128746644422
ES-000506,2026-02-01,Community Resilience Programme,Protection/Resilience,Borno,Konduga,Konduga Site 4,0.6508,0.7778,0.7023769872281461,Watch,0.07542301277185393
ES-003546,2026-02-01,Education Access Project,Education,Borno,Konduga,Konduga Site 3,0.7069,0.6826,0.6922806271278942,Watch,0.009680627127894192
ES-002618,2026-02-01,Livelihood Recovery Initiative,Livelihoods,Borno,Ngala,Ngala Site 4,0.6229,0.7803,0.6517060056386011,Watch,0.12859399436139884
ES-006042,2026-02-01,Nutrition Support Programme,Nutrition,Borno,Gwoza,Gwoza Site 3,0.7859,0.762,0.7541064661532835,On Track,0.007893533846716538
ES-004794,2026-02-01,Nutrition Support Programme,Nutrition,Borno,Maiduguri,Maiduguri Site 6,0.7924,0.9369,0.7739038728350145,On Track,0.16299612716498546
ES-007002,2026-02-01,WASH Resilience Initiative,WASH,Borno,Bama,Bama Site 3,0.6984,0.6545,0.6798688056059817,Watch,0.02536880560598176
ES-000986,2026-02-01,Community Resilience Programme,Protection/Resilience,Borno,Ngala,Ngala Site 1,0.8628,0.934,0.8117711874991361,On Track,0.12222881250086393
ES-005434,2026-02-01,Nutrition Support Programme,Nutrition,Borno,Bama,Bama Site 2,0.8341,0.8146,0.7687413218486062,On Track,0.04585867815139377
ES-005402,2026-02-01,Nutrition Support Programme,Nutrition,Borno,Bama,Bama Site 1,0.6258,0.7987,0.6535986012292653,Watch,0.1451013987707347
ES-003866,2026-02-01,Education Access Project,Education,Borno,Bama,Bama Site 1,0.6873,0.6322,0.6988563843548977,Watch,0.06665638435489774
ES-004890,2026-02-01,Nutrition Support Programme,Nutrition,Borno,Jere,Jere Site 3,0.8082,0.7724,0.7637832825204395,On Track,0.008616717479560498
ES-005722,2026-02-01,Nutrition Support Programme,Nutrition,Borno,Ngala,Ngala Site 5,0.8289,0.8253,0.7925750069443528,On Track,0.032724993055647245
ES-001850,2026-02-01,Livelihood Recovery Initiative,Livelihoods,Borno,Jere,Jere Site 4,0.6965,0.7965,0.7069441773375718,Watch,0.08955582266242823
ES-001754,2026-02-01,Livelihood Recovery Initiative,Livelihoods,Borno,Jere,Jere Site 1,0.6516,0.649,0.6574647131740006,Watch,0.008464713174000549
ES-000730,2026-02-01,Community Resilience Programme,Protection/Resilience,Borno,Mafa,Mafa Site 5,0.7571,0.7776,0.735585008460059,Watch,0.04201499153994093
ES-001178,2026-02-01,Community Resilience Programme,Protection/Resilience,Borno,Dikwa,Dikwa Site 1,0.742,0.7444,0.7209300311734662,Watch,0.023469968826533738
ES-005146,2026-02-01,Nutrition Support Programme,Nutrition,Borno,Konduga,Konduga Site 5,0.8422,0.7595,0.7999343968375566,On Track,0.040434396837556674
ES-003706,2026-02-01,Education Access Project,Education,Borno,Mafa,Mafa Site 2,0.6622,0.7114,0.6650020192500214,Watch,0.046397980749978585
ES-006682,2026-02-01,WASH Resilience Initiative,WASH,Borno,Konduga,Konduga Site 5,0.552,0.5311,0.6139646889585494,Critical,0.08286468895854937
ES-001690,2026-02-01,Livelihood Recovery Initiative,Livelihoods,Borno,Maiduguri,Maiduguri Site 5,0.8065,0.9337,0.7395449904365062,Watch,0.19415500956349374
ES-006298,2026-02-01,WASH Resilience Initiative,WASH,Borno,Maiduguri,Maiduguri Site 5,0.7157,0.6364,0.7225885274509218,Watch,0.08618852745092187
ES-002426,2026-02-01,Livelihood Recovery Initiative,Livelihoods,Borno,Bama,Bama Site 4,0.645,0.7832,0.6729696505152648,Watch,0.1102303494847352
ES-003514,2026-02-01,Education Access Project,Education,Borno,Konduga,Konduga Site 2,0.7587,0.7795,0.7373959824552264,Watch,0.04210401754477355
ES-003130,2026-02-01,Education Access Project,Education,Borno,Maiduguri,Maiduguri Site 2,0.6917,0.7604,0.7023417740986694,Watch,0.058058225901330585
ES-000666,2026-02-01,Community Resilience Programme,Protection/Resilience,Borno,Mafa,Mafa Site 3,0.8349,0.771,0.8276547115993425,On Track,0.05665471159934243
ES-003802,2026-02-01,Education Access Project,Education,Borno,Mafa,Mafa Site 5,0.7733,0.7747,0.7345256340020253,Watch,0.04017436599797475
ES-002394,2026-02-01,Livelihood Recovery Initiative,Livelihoods,Borno,Bama,Bama Site 3,0.6953,0.7689,0.6933537115994358,Watch,0.07554628840056421
ES-002298,2026-02-01,Livelihood Recovery Initiative,Livelihoods,Borno,Mafa,Mafa Site 6,0.7355,0.7323,0.7184000877298193,Watch,0.013899912270180614
ES-006106,2026-02-01,Nutrition Support Programme,Nutrition,Borno,Gwoza,Gwoza Site 5,0.6782,0.6979,0.6755277882526104,Watch,0.02237221174738957
ES-000346,2026-02-01,Community Resilience Programme,Protection/Resilience,Borno,Jere,Jere Site 5,0.774,0.7788,0.7733787119527518,On Track,0.005421288047248285
ES-001530,2026-02-01,Community Resilience Programme,Protection/Resilience,Borno,Gwoza,Gwoza Site 6,0.6639,0.7419,0.6686988157757817,Watch,0.07320118422421829
ES-005594,2026-02-01,Nutrition Support Programme,Nutrition,Borno,Ngala,Ngala Site 1,0.7979,0.7894,0.7810638633224414,On Track,0.008336136677558614
ES-006074,2026-02-01,Nutrition Support Programme,Nutrition,Borno,Gwoza,Gwoza Site 4,0.6297,0.5686,0.6593060154667717,Watch,0.0907060154667717
ES-000378,2026-02-01,Community Resilience Programme,Protection/Resilience,Borno,Jere,Jere Site 6,0.7676,0.7651,0.7687726701757007,On Track,0.0036726701757007207
ES-006522,2026-02-01,WASH Resilience Initiative,WASH,Borno,Jere,Jere Site 6,0.8225,0.7022,0.7733828060550151,On Track,0.07118280605501504
ES-002458,2026-02-01,Livelihood Recovery Initiative,Livelihoods,Borno,Bama,Bama Site 5,0.7126,0.7016,0.7096442561346198,Watch,0.008044256134619787
ES-004858,2026-02-01,Nutrition Support Programme,Nutrition,Borno,Jere,Jere Site 2,0.7293,0.6888,0.7331197209076633,Watch,0.04431972090766334
ES-001562,2026-02-01,Livelihood Recovery Initiative,Livelihoods,Borno,Maiduguri,Maiduguri Site 1,0.7626,0.8243,0.7635914390664961,On Track,0.06070856093350396
ES-003610,2026-02-01,Education Access Project,Education,Borno,Konduga,Konduga Site 5,0.568,0.6585,0.6226737095449378,Critical,0.03582629045506214
ES-005178,2026-02-01,Nutrition Support Programme,Nutrition,Borno,Konduga,Konduga Site 6,0.6151,0.7135,0.667987454106258,Watch,0.045512545893741985
ES-003642,2026-02-01,Education Access Project,Education,Borno,Konduga,Konduga Site 6,0.779,0.7589,0.7585324621183364,On Track,0.00036753788166365986
ES-002554,2026-02-01,Livelihood Recovery Initiative,Livelihoods,Borno,Ngala,Ngala Site 2,0.8628,0.7937,0.8257901393318237,On Track,0.0320901393318237
ES-000026,2026-02-01,Community Resilience Programme,Protection/Resilience,Borno,Maiduguri,Maiduguri Site 1,0.9307,0.8027,0.8452602178891391,On Track,0.04256021788913911
ES-001018,2026-02-01,Community Resilience Programme,Protection/Resilience,Borno,Ngala,Ngala Site 2,0.7459,0.7399,0.730160491722202,Watch,0.009739508277798015
ES-001818,2026-02-01,Livelihood Recovery Initiative,Livelihoods,Borno,Jere,Jere Site 3,0.7279,0.7688,0.7115157547720858,Watch,0.0572842452279142
ES-006810,2026-02-01,WASH Resilience Initiative,WASH,Borno,Mafa,Mafa Site 3,0.7088,0.6967,0.6914261327717023,Watch,0.005273867228297702
ES-001786,2026-02-01,Livelihood Recovery Initiative,Livelihoods,Borno,Jere,Jere Site 2,0.7064,0.741,0.7002262423506577,Watch,0.040773757649342324
ES-001594,2026-02-01,Livelihood Recovery Initiative,Livelihoods,Borno,Maiduguri,Maiduguri Site 2,0.6356,0.7299,0.6632846687549439,Watch,0.06661533124505614
ES-002970,2026-02-01,Livelihood Recovery Initiative,Livelihoods,Borno,Gwoza,Gwoza Site 3,0.6978,0.7207,0.6666566646169148,Watch,0.054043335383085256
ES-006970,2026-02-01,WASH Resilience Initiative,WASH,Borno,Bama,Bama Site 2,0.5988,0.6339,0.6052773236074793,Critical,0.028622676392520696
ES-005754,2026-02-01,Nutrition Support Programme,Nutrition,Borno,Ngala,Ngala Site 6,0.758,0.7315,0.748940780162789,Watch,0.017440780162788938
ES-003930,2026-02-01,Education Access Project,Education,Borno,Bama,Bama Site 3,0.6507,0.7409,0.7038840029177211,Watch,0.03701599708227887
ES-003834,2026-02-01,Education Access Project,Education,Borno,Mafa,Mafa Site 6,0.7778,0.7428,0.7500647141160679,On Track,0.007264714116067883
ES-003098,2026-02-01,Education Access Project,Education,Borno,Maiduguri,Maiduguri Site 1,0.6461,0.7471,0.6444439011799129,Critical,0.10265609882008708
ES-003002,2026-02-01,Livelihood Recovery Initiative,Livelihoods,Borno,Gwoza,Gwoza Site 4,0.6685,0.8788,0.654842424403133,Watch,0.22395757559686702
ES-000954,2026-02-01,Community Resilience Programme,Protection/Resilience,Borno,Bama,Bama Site 6,0.7536,0.6942,0.7337127295674682,Watch,0.03951272956746821
ES-003898,2026-02-01,Education Access Project,Education,Borno,Bama,Bama Site 2,0.641,0.6462,0.6600301522711501,Watch,0.013830152271150142
ES-003578,2026-02-01,Education Access Project,Education,Borno,Konduga,Konduga Site 4,0.6155,0.6378,0.648182023081355,Critical,0.01038202308135494
ES-001146,2026-02-01,Community Resilience Programme,Protection/Resilience,Borno,Ngala,Ngala Site 6,0.7184,0.7488,0.7115808377953311,Watch,0.03721916220466892
ES-005626,2026-02-01,Nutrition Support Programme,Nutrition,Borno,Ngala,Ngala Site 2,0.6261,0.5985,0.633052809875263,Critical,0.03455280987526299
ES-001722,2026-02-01,Livelihood Recovery Initiative,Livelihoods,Borno,Maiduguri,Maiduguri Site 6,0.7367,0.8621,0.7468512322891026,Watch,0.11524876771089743
ES-006714,2026-02-01,WASH Resilience Initiative,WASH,Borno,Konduga,Konduga Site 6,0.5985,0.7377,0.6349980257783181,Critical,0.10270197422168192
ES-001402,2026-02-01,Community Resilience Programme,Protection/Resilience,Borno,Gwoza,Gwoza Site 2,0.7172,0.7071,0.7090178302759084,Watch,0.0019178302759084165
ES-006010,2026-02-01,Nutrition Support Programme,Nutrition,Borno,Gwoza,Gwoza Site 2,0.7555,0.7351,0.7371930058770716,Watch,0.0020930058770716187
ES-004762,2026-02-01,Nutrition Support Programme,Nutrition,Borno,Maiduguri,Maiduguri Site 5,0.6636,0.7635,0.6754397382393142,Watch,0.08806026176068571
ES-005690,2026-02-01,Nutrition Support Programme,Nutrition,Borno,Ngala,Ngala Site 4,0.6987,0.6891,0.668116930460399,Watch,0.02098306953960105
ES-000122,2026-02-01,Community Resilience Programme,Protection/Resilience,Borno,Maiduguri,Maiduguri Site 4,0.8777,0.9373,0.8146264123296508,On Track,0.1226735876703492
ES-005114,2026-02-01,Nutrition Support Programme,Nutrition,Borno,Konduga,Konduga Site 4,0.7184,0.829,0.7051489585522981,Watch,0.12385104144770187
ES-002938,2026-02-01,Livelihood Recovery Initiative,Livelihoods,Borno,Gwoza,Gwoza Site 2,0.6933,0.7676,0.6985665006051277,Watch,0.06903349939487224
ES-006330,2026-02-01,WASH Resilience Initiative,WASH,Borno,Maiduguri,Maiduguri Site 6,0.7848,0.3595,0.7460422059908142,Watch,0.3865422059908142
ES-005658,2026-02-01,Nutrition Support Programme,Nutrition,Borno,Ngala,Ngala Site 3,0.789,0.8169,0.7669349013537172,On Track,0.049965098646282735
ES-004826,2026-02-01,Nutrition Support Programme,Nutrition,Borno,Jere,Jere Site 1,0.6975,0.8202,0.694932234799684,Watch,0.12526776520031602
ES-000602,2026-02-01,Community Resilience Programme,Protection/Resilience,Borno,Mafa,Mafa Site 1,0.8353,0.8818,0.7925210340950956,On Track,0.08927896590490447
ES-003066,2026-02-01,Livelihood Recovery Initiative,Livelihoods,Borno,Gwoza,Gwoza Site 6,0.6395,0.6347,0.6578642402453568,Watch,0.023164240245356793
ES-001882,2026-02-01,Livelihood Recovery Initiative,Livelihoods,Borno,Jere,Jere Site 5,0.8246,0.7839,0.7704596247133291,On Track,0.01344037528667097
ES-001306,2026-02-01,Community Resilience Programme,Protection/Resilience,Borno,Dikwa,Dikwa Site 5,0.6,0.6279,0.6556130038583824,Watch,0.02771300385838238
ES-003482,2026-02-01,Education Access Project,Education,Borno,Konduga,Konduga Site 1,0.9343,0.8423,0.8598940553995011,On Track,0.017594055399501096
ES-000218,2026-02-01,Community Resilience Programme,Protection/Resilience,Borno,Jere,Jere Site 1,0.7633,0.9147,0.7691723647523759,On Track,0.14552763524762402
ES-006490,2026-02-01,WASH Resilience Initiative,WASH,Borno,Jere,Jere Site 5,0.6934,0.6969,0.6954226793981385,Watch,0.0014773206018614538
ES-003770,2026-02-01,Education Access Project,Education,Borno,Mafa,Mafa Site 4,0.7306,0.7526,0.7185151057710777,Watch,0.03408489422892236
ES-003162,2026-02-01,Education Access Project,Education,Borno,Maiduguri,Maiduguri Site 3,0.7626,0.8038,0.7496272357090037,Watch,0.05417276429099627
ES-006138,2026-02-01,Nutrition Support Programme,Nutrition,Borno,Gwoza,Gwoza Site 6,0.7343,0.7908,0.7120776394095275,Watch,0.07872236059047244
ES-003738,2026-02-01,Education Access Project,Education,Borno,Mafa,Mafa Site 3,0.3054,0.7711,0.6524285019813654,Watch,0.11867149801863464
ES-007034,2026-02-01,WASH Resilience Initiative,WASH,Borno,Bama,Bama Site 4,0.7249,0.7142,0.7081244665653251,Watch,0.006075533434674818
ES-006554,2026-02-01,WASH Resilience Initiative,WASH,Borno,Konduga,Konduga Site 1,0.7668,0.8328,0.7459237401350126,Watch,0.08687625986498737
ES-003034,2026-02-01,Livelihood Recovery Initiative,Livelihoods,Borno,Gwoza,Gwoza Site 5,0.7154,0.7209,0.6999270655170763,Watch,0.0209729344829237
ES-006906,2026-02-01,WASH Resilience Initiative,WASH,Borno,Mafa,Mafa Site 6,0.7762,0.788,0.7502308528037165,On Track,0.03776914719628355
ES-000090,2026-02-01,Community Resilience Programme,Protection/Resilience,Borno,Maiduguri,Maiduguri Site 3,0.7815,0.8286,0.7928597039575552,On Track,0.035740296042444775
ES-007066,2026-02-01,WASH Resilience Initiative,WASH,Borno,Bama,Bama Site 5,0.7655,0.7584,0.7474198001390162,Watch,0.010980199860983753
ES-007163,2026-03-01,WASH Resilience Initiative,WASH,Borno,Ngala,Ngala Site 2,0.7784,0.8018,0.7520075092270085,On Track,0.049792490772991416
ES-002523,2026-03-01,Livelihood Recovery Initiative,Livelihoods,Borno,Ngala,Ngala Site 1,0.6992,0.7177,0.6913178189509334,Watch,0.026382181049066644
ES-001787,2026-03-01,Livelihood Recovery Initiative,Livelihoods,Borno,Jere,Jere Site 2,0.741,0.7567,0.7222665980975732,Watch,0.03443340190242683
ES-005819,2026-03-01,Nutrition Support Programme,Nutrition,Borno,Dikwa,Dikwa Site 2,0.7457,0.7968,0.7370980727364902,Watch,0.05970192726350976
ES-003867,2026-03-01,Education Access Project,Education,Borno,Bama,Bama Site 1,0.6322,0.6338,0.6540900398985101,Watch,0.02029003989851008
ES-000699,2026-03-01,Community Resilience Programme,Protection/Resilience,Borno,Mafa,Mafa Site 4,0.8435,0.7291,0.800858946587248,On Track,0.07175894658724802
ES-004827,2026-03-01,Nutrition Support Programme,Nutrition,Borno,Jere,Jere Site 1,0.8202,0.7348,0.7462498669205337,Watch,0.011449866920533736
ES-004347,2026-03-01,Education Access Project,Education,Borno,Dikwa,Dikwa Site 4,0.844,0.8447,0.7763603231213114,On Track,0.06833967687868858
ES-004475,2026-03-01,Education Access Project,Education,Borno,Gwoza,Gwoza Site 2,0.7125,0.745,0.711458980943457,Watch,0.03354101905654294
ES-001371,2026-03-01,Community Resilience Programme,Protection/Resilience,Borno,Gwoza,Gwoza Site 1,0.7892,0.7564,0.7592625091435409,On Track,0.0028625091435409145
ES-005755,2026-03-01,Nutrition Support Programme,Nutrition,Borno,Ngala,Ngala Site 6,0.7315,0.6486,0.728764963981118,Watch,0.08016496398111805
ES-000155,2026-03-01,Community Resilience Programme,Protection/Resilience,Borno,Maiduguri,Maiduguri Site 5,0.796,0.8185,0.7526596007520076,On Track,0.06584039924799245
ES-007291,2026-03-01,WASH Resilience Initiative,WASH,Borno,Ngala,Ngala Site 6,0.6074,0.6137,0.6261143866499265,Critical,0.012414386649926445
ES-001723,2026-03-01,Livelihood Recovery Initiative,Livelihoods,Borno,Maiduguri,Maiduguri Site 6,0.8621,0.8689,0.8071994478561909,On Track,0.061700552143809095
ES-004315,2026-03-01,Education Access Project,Education,Borno,Dikwa,Dikwa Site 3,0.8941,0.6529,0.8310598116834309,On Track,0.17815981168343087
ES-004251,2026-03-01,Education Access Project,Education,Borno,Dikwa,Dikwa Site 1,0.6694,0.7221,0.7040861948782842,Watch,0.018013805121715798
ES-003835,2026-03-01,Education Access Project,Education,Borno,Mafa,Mafa Site 6,0.7428,0.7268,0.7284181192673909,Watch,0.0016181192673908606
ES-000987,2026-03-01,Community Resilience Programme,Protection/Resilience,Borno,Ngala,Ngala Site 1,0.934,0.8077,0.853611461570415,On Track,0.045911461570415035
ES-004091,2026-03-01,Education Access Project,Education,Borno,Ngala,Ngala Site 2,0.7405,0.7463,0.7027757218322227,Watch,0.043524278167777264
ES-002747,2026-03-01,Livelihood Recovery Initiative,Livelihoods,Borno,Dikwa,Dikwa Site 2,0.7152,0.7154,0.7202314430091211,Watch,0.004831443009121084
ES-000443,2026-03-01,Community Resilience Programme,Protection/Resilience,Borno,Konduga,Konduga Site 2,0.6793,0.7256,0.7074885997807238,Watch,0.018111400219276264
ES-005659,2026-03-01,Nutrition Support Programme,Nutrition,Borno,Ngala,Ngala Site 3,0.8169,0.8156,0.7667084953566069,On Track,0.04889150464339309
ES-001083,2026-03-01,Community Resilience Programme,Protection/Resilience,Borno,Ngala,Ngala Site 4,0.6023,0.7674,0.6266421343411944,Critical,0.14075786565880555
ES-004539,2026-03-01,Education Access Project,Education,Borno,Gwoza,Gwoza Site 4,0.7582,0.6895,0.7158500307058145,Watch,0.026350030705814542
ES-001467,2026-03-01,Community Resilience Programme,Protection/Resilience,Borno,Gwoza,Gwoza Site 4,0.7438,0.7149,0.7391471518900556,Watch,0.024247151890055663
ES-006395,2026-03-01,WASH Resilience Initiative,WASH,Borno,Jere,Jere Site 2,0.7847,0.816,0.7633996918634779,On Track,0.052600308136522056
ES-000475,2026-03-01,Community Resilience Programme,Protection/Resilience,Borno,Konduga,Konduga Site 3,0.7216,0.7048,0.7329431882711704,Watch,0.02814318827117046
ES-002459,2026-03-01,Livelihood Recovery Initiative,Livelihoods,Borno,Bama,Bama Site 5,0.7016,0.6851,0.6853589228000515,Watch,0.0002589228000514643
ES-001563,2026-03-01,Livelihood Recovery Initiative,Livelihoods,Borno,Maiduguri,Maiduguri Site 1,0.8243,0.8587,0.7714112553750722,On Track,0.08728874462492786
ES-001531,2026-03-01,Community Resilience Programme,Protection/Resilience,Borno,Gwoza,Gwoza Site 6,0.7419,0.7351,0.7259814268730914,Watch,0.009118573126908558
ES-006779,2026-03-01,WASH Resilience Initiative,WASH,Borno,Mafa,Mafa Site 2,0.7339,0.7406,0.7171556268251932,Watch,0.023444373174806854
ES-001019,2026-03-01,Community Resilience Programme,Protection/Resilience,Borno,Ngala,Ngala Site 2,0.7399,0.6664,0.7347027765773368,Watch,0.06830277657733685
ES-001179,2026-03-01,Community Resilience Programme,Protection/Resilience,Borno,Dikwa,Dikwa Site 1,0.7444,0.7338,0.7220754862458515,Watch,0.011724513754148513
ES-007515,2026-03-01,WASH Resilience Initiative,WASH,Borno,Gwoza,Gwoza Site 1,0.6871,0.5653,0.6836541968321516,Watch,0.11835419683215154
ES-001275,2026-03-01,Community Resilience Programme,Protection/Resilience,Borno,Dikwa,Dikwa Site 4,0.6708,0.7008,0.6682369220863505,Watch,0.03256307791364943
ES-007227,2026-03-01,WASH Resilience Initiative,WASH,Borno,Ngala,Ngala Site 4,0.6824,0.6809,0.6574551139294539,Watch,0.023444886070546067
ES-003643,2026-03-01,Education Access Project,Education,Borno,Konduga,Konduga Site 6,0.7589,0.7016,0.7496931321631312,Watch,0.04809313216313116
ES-002075,2026-03-01,Livelihood Recovery Initiative,Livelihoods,Borno,Konduga,Konduga Site 5,0.77,0.7002,0.7431288180819805,Watch,0.04292881808198046
ES-002715,2026-03-01,Livelihood Recovery Initiative,Livelihoods,Borno,Dikwa,Dikwa Site 1,0.7616,0.7806,0.7768618319019973,On Track,0.0037381680980026477
ES-007675,2026-03-01,WASH Resilience Initiative,WASH,Borno,Gwoza,Gwoza Site 6,0.6085,0.6433,0.6212894239577245,Critical,0.02201057604227552
ES-000635,2026-03-01,Community Resilience Programme,Protection/Resilience,Borno,Mafa,Mafa Site 2,0.7558,0.9055,0.7472023698840797,Watch,0.15829763011592024
ES-004507,2026-03-01,Education Access Project,Education,Borno,Gwoza,Gwoza Site 3,0.6019,0.605,0.6277134383369934,Critical,0.022713438336993463
ES-001595,2026-03-01,Livelihood Recovery Initiative,Livelihoods,Borno,Maiduguri,Maiduguri Site 2,0.7299,0.6625,0.7389757917266723,Watch,0.0764757917266723
ES-006171,2026-03-01,WASH Resilience Initiative,WASH,Borno,Maiduguri,Maiduguri Site 1,0.7963,0.921,0.7544697186012601,On Track,0.16653028139873993
ES-005371,2026-03-01,Nutrition Support Programme,Nutrition,Borno,Mafa,Mafa Site 6,0.7137,0.7492,0.7067412127745965,Watch,0.04245878722540353
ES-006075,2026-03-01,Nutrition Support Programme,Nutrition,Borno,Gwoza,Gwoza Site 4,0.5686,0.5721,0.6226186077054319,Critical,0.05051860770543182
ES-002811,2026-03-01,Livelihood Recovery Initiative,Livelihoods,Borno,Dikwa,Dikwa Site 4,0.7164,0.8206,0.7221024553322883,Watch,0.09849754466771166
ES-002043,2026-03-01,Livelihood Recovery Initiative,Livelihoods,Borno,Konduga,Konduga Site 4,0.8499,0.8393,0.7885673805291845,On Track,0.05073261947081553
ES-003771,2026-03-01,Education Access Project,Education,Borno,Mafa,Mafa Site 4,0.7526,0.801,0.74852287940729,Watch,0.052477120592710036
ES-002171,2026-03-01,Livelihood Recovery Initiative,Livelihoods,Borno,Mafa,Mafa Site 2,0.6765,0.6152,0.6685849612942205,Watch,0.053384961294220545
ES-003899,2026-03-01,Education Access Project,Education,Borno,Bama,Bama Site 2,0.6462,0.6994,0.6605803398325026,Watch,0.03881966016749738
ES-005051,2026-03-01,Nutrition Support Programme,Nutrition,Borno,Konduga,Konduga Site 2,0.8168,0.7683,0.7811512968005941,On Track,0.012851296800594159
ES-005339,2026-03-01,Nutrition Support Programme,Nutrition,Borno,Mafa,Mafa Site 5,0.7493,0.6785,0.7085693297290976,Watch,0.030069329729097594
ES-006363,2026-03-01,WASH Resilience Initiative,WASH,Borno,Jere,Jere Site 1,0.8551,0.7559,0.7971910295489936,On Track,0.04129102954899355
ES-004411,2026-03-01,Education Access Project,Education,Borno,Dikwa,Dikwa Site 6,0.7507,0.7633,0.7187637844475017,Watch,0.044536215552498315
ES-005723,2026-03-01,Nutrition Support Programme,Nutrition,Borno,Ngala,Ngala Site 5,0.8253,0.8984,0.7839330587082284,On Track,0.1144669412917716
ES-006555,2026-03-01,WASH Resilience Initiative,WASH,Borno,Konduga,Konduga Site 1,0.8328,0.7644,0.7860582987905744,On Track,0.02165829879057446
ES-005563,2026-03-01,Nutrition Support Programme,Nutrition,Borno,Bama,Bama Site 6,0.7523,0.6428,0.7445466610736083,Watch,0.1017466610736083
ES-005627,2026-03-01,Nutrition Support Programme,Nutrition,Borno,Ngala,Ngala Site 2,0.5985,0.6587,0.6305447690586351,Critical,0.02815523094136485
ES-001755,2026-03-01,Livelihood Recovery Initiative,Livelihoods,Borno,Jere,Jere Site 1,0.649,0.7767,0.6569583533866101,Watch,0.11974164661338982
ES-001627,2026-03-01,Livelihood Recovery Initiative,Livelihoods,Borno,Maiduguri,Maiduguri Site 3,0.8733,0.7754,0.8409360369706846,On Track,0.06553603697068466
ES-005531,2026-03-01,Nutrition Support Programme,Nutrition,Borno,Bama,Bama Site 5,0.8024,0.7133,0.7633434999611344,On Track,0.05004349996113433
ES-000603,2026-03-01,Community Resilience Programme,Protection/Resilience,Borno,Mafa,Mafa Site 1,0.8818,0.8225,0.8523384217004697,On Track,0.029838421700469686
ES-006139,2026-03-01,Nutrition Support Programme,Nutrition,Borno,Gwoza,Gwoza Site 6,0.7908,0.8448,0.756729671486278,On Track,0.08807032851372198
ES-005691,2026-03-01,Nutrition Support Programme,Nutrition,Borno,Ngala,Ngala Site 4,0.6891,0.6797,0.68926434590229,Watch,0.00956434590229005
ES-003707,2026-03-01,Education Access Project,Education,Borno,Mafa,Mafa Site 2,0.7114,0.7611,0.715600270281939,Watch,0.045499729718061044
ES-005147,2026-03-01,Nutrition Support Programme,Nutrition,Borno,Konduga,Konduga Site 5,0.7595,0.8068,0.7564186878519533,On Track,0.05038131214804664
ES-004155,2026-03-01,Education Access Project,Education,Borno,Ngala,Ngala Site 4,0.746,0.6932,0.7049804514220156,Watch,0.011780451422015559
ES-001691,2026-03-01,Livelihood Recovery Initiative,Livelihoods,Borno,Maiduguri,Maiduguri Site 5,0.9337,0.8159,0.8580545464142652,On Track,0.04215454641426519
ES-007611,2026-03-01,WASH Resilience Initiative,WASH,Borno,Gwoza,Gwoza Site 4,0.7307,0.7647,0.7240850320630514,Watch,0.04061496793694863
ES-006907,2026-03-01,WASH Resilience Initiative,WASH,Borno,Mafa,Mafa Site 6,0.788,0.7823,0.7636308815278895,On Track,0.018669118472110502
ES-003067,2026-03-01,Livelihood Recovery Initiative,Livelihoods,Borno,Gwoza,Gwoza Site 6,0.6347,0.6708,0.6557793745101584,Watch,0.01502062548984151
ES-005307,2026-03-01,Nutrition Support Programme,Nutrition,Borno,Mafa,Mafa Site 4,0.7645,0.8023,0.7382999100199471,Watch,0.06400008998005291
ES-002683,2026-03-01,Livelihood Recovery Initiative,Livelihoods,Borno,Ngala,Ngala Site 6,0.7344,0.7175,0.7133190425994473,Watch,0.004180957400552687
ES-003739,2026-03-01,Education Access Project,Education,Borno,Mafa,Mafa Site 3,0.7711,0.6914,0.737193992594657,Watch,0.045793992594656996
ES-005275,2026-03-01,Nutrition Support Programme,Nutrition,Borno,Mafa,Mafa Site 3,0.7937,0.3828,0.7480159417039868,Watch,0.3652159417039868
ES-004379,2026-03-01,Education Access Project,Education,Borno,Dikwa,Dikwa Site 5,0.7066,0.74,0.6927978988635469,Watch,0.04720210113645307
ES-003803,2026-03-01,Education Access Project,Education,Borno,Mafa,Mafa Site 5,0.7747,0.7658,0.7448366308735447,Watch,0.020963369126455356
ES-006843,2026-03-01,WASH Resilience Initiative,WASH,Borno,Mafa,Mafa Site 4,0.6643,0.7239,0.6756652497655834,Watch,0.04823475023441659
ES-002139,2026-03-01,Livelihood Recovery Initiative,Livelihoods,Borno,Mafa,Mafa Site 1,0.6454,0.7447,0.6458716339787928,Critical,0.09882836602120726
ES-006619,2026-03-01,WASH Resilience Initiative,WASH,Borno,Konduga,Konduga Site 3,0.6357,0.7734,0.6790438795703437,Watch,0.09435612042965624
ES-005787,2026-03-01,Nutrition Support Programme,Nutrition,Borno,Dikwa,Dikwa Site 1,0.7079,0.6516,0.7092752763677647,Watch,0.057675276367764705
ES-000891,2026-03-01,Community Resilience Programme,Protection/Resilience,Borno,Bama,Bama Site 4,0.7682,0.7934,0.7560243578041933,On Track,0.03737564219580669
ES-002779,2026-03-01,Livelihood Recovery Initiative,Livelihoods,Borno,Dikwa,Dikwa Site 3,0.6829,0.7811,0.7004072063762576,Watch,0.08069279362374238
ES-000571,2026-03-01,Community Resilience Programme,Protection/Resilience,Borno,Konduga,Konduga Site 6,0.8642,0.9304,0.8657180029693567,On Track,0.06468199703064326
ES-007259,2026-03-01,WASH Resilience Initiative,WASH,Borno,Ngala,Ngala Site 5,0.657,0.68,0.6757471830744609,Watch,0.004252816925539138
ES-006267,2026-03-01,WASH Resilience Initiative,WASH,Borno,Maiduguri,Maiduguri Site 4,0.7673,0.9612,0.7641442642209012,On Track,0.19705573577909885
ES-000347,2026-03-01,Community Resilience Programme,Protection/Resilience,Borno,Jere,Jere Site 5,0.7788,0.7881,0.7816277244081763,On Track,0.0064722755918237285
ES-005019,2026-03-01,Nutrition Support Programme,Nutrition,Borno,Konduga,Konduga Site 1,0.7321,0.7493,0.725213593141238,Watch,0.024086406858761955
ES-003003,2026-03-01,Livelihood Recovery Initiative,Livelihoods,Borno,Gwoza,Gwoza Site 4,0.8788,0.7623,0.7964962665953914,On Track,0.034196266595391434
ES-004219,2026-03-01,Education Access Project,Education,Borno,Ngala,Ngala Site 6,0.7528,0.6667,0.7411795582332457,Watch,0.0744795582332457
ES-006811,2026-03-01,WASH Resilience Initiative,WASH,Borno,Mafa,Mafa Site 3,0.6967,0.7178,0.6912381793881482,Watch,0.02656182061185175
ES-002203,2026-03-01,Livelihood Recovery Initiative,Livelihoods,Borno,Mafa,Mafa Site 3,0.641,0.6598,0.6633868676405784,Watch,0.0035868676405783617
ES-004443,2026-03-01,Education Access Project,Education,Borno,Gwoza,Gwoza Site 1,0.6679,0.7453,0.6903515969041332,Watch,0.054948403095866793
ES-003675,2026-03-01,Education Access Project,Education,Borno,Mafa,Mafa Site 1,0.7686,0.6802,0.7488684451412136,Watch,0.06866844514121362
ES-004123,2026-03-01,Education Access Project,Education,Borno,Ngala,Ngala Site 3,0.696,0.6396,0.6766522158175662,Watch,0.037052215817566236
ES-002395,2026-03-01,Livelihood Recovery Initiative,Livelihoods,Borno,Bama,Bama Site 3,0.7689,0.8627,0.7520548402874014,On Track,0.11064515971259858
ES-002107,2026-03-01,Livelihood Recovery Initiative,Livelihoods,Borno,Konduga,Konduga Site 6,0.9179,0.8902,0.8298541786614068,On Track,0.06034582133859323
ES-002619,2026-03-01,Livelihood Recovery Initiative,Livelihoods,Borno,Ngala,Ngala Site 4,0.7803,0.6984,0.7553403849529075,On Track,0.05694038495290743
ES-001435,2026-03-01,Community Resilience Programme,Protection/Resilience,Borno,Gwoza,Gwoza Site 3,0.8753,0.8395,0.8314909045551575,On Track,0.008009095444842518
ES-004187,2026-03-01,Education Access Project,Education,Borno,Ngala,Ngala Site 5,0.6843,0.7093,0.6848730974578929,Watch,0.02442690254210711
ES-006107,2026-03-01,Nutrition Support Programme,Nutrition,Borno,Gwoza,Gwoza Site 5,0.6979,0.7298,0.6932502238817674,Watch,0.036549776118232624
ES-000283,2026-03-01,Community Resilience Programme,Protection/Resilience,Borno,Jere,Jere Site 3,0.7838,0.8208,0.7718286342873423,On Track,0.0489713657126577
ES-007195,2026-03-01,WASH Resilience Initiative,WASH,Borno,Ngala,Ngala Site 3,0.6303,0.632,0.6391310371387731,Critical,0.007131037138773055
ES-004283,2026-03-01,Education Access Project,Education,Borno,Dikwa,Dikwa Site 2,0.7448,0.7603,0.7362772166515089,Watch,0.02402278334849106
ES-001307,2026-03-01,Community Resilience Programme,Protection/Resilience,Borno,Dikwa,Dikwa Site 5,0.6279,0.7235,0.6653629994112316,Watch,0.05813700058876847
ES-006715,2026-03-01,WASH Resilience Initiative,WASH,Borno,Konduga,Konduga Site 6,0.7377,0.2673,0.7185378107172042,Watch,0.45123781071720426
ES-007579,2026-03-01,WASH Resilience Initiative,WASH,Borno,Gwoza,Gwoza Site 3,0.6972,0.7457,0.6726486865962112,Watch,0.07305131340378879
ES-000059,2026-03-01,Community Resilience Programme,Protection/Resilience,Borno,Maiduguri,Maiduguri Site 2,0.8475,0.8766,0.8221176112864841,On Track,0.05448238871351596
ES-002427,2026-03-01,Livelihood Recovery Initiative,Livelihoods,Borno,Bama,Bama Site 4,0.7832,0.8003,0.7523758306549956,On Track,0.04792416934500443
ES-007643,2026-03-01,WASH Resilience Initiative,WASH,Borno,Gwoza,Gwoza Site 5,0.5749,0.5819,0.6099453751883155,Critical,0.028045375188315513
ES-005403,2026-03-01,Nutrition Support Programme,Nutrition,Borno,Bama,Bama Site 1,0.7987,0.7206,0.7713961798417398,On Track,0.050796179841739786
ES-007547,2026-03-01,WASH Resilience Initiative,WASH,Borno,Gwoza,Gwoza Site 2,0.7951,0.8031,0.76436524401847,On Track,0.03873475598153009
ES-007483,2026-03-01,WASH Resilience Initiative,WASH,Borno,Dikwa,Dikwa Site 6,0.7886,0.7206,0.7480311880079932,Watch,0.027431188007993157
ES-001115,2026-03-01,Community Resilience Programme,Protection/Resilience,Borno,Ngala,Ngala Site 5,0.7261,0.6797,0.7207476125943532,Watch,0.04104761259435319
ES-002331,2026-03-01,Livelihood Recovery Initiative,Livelihoods,Borno,Bama,Bama Site 1,0.6946,0.712,0.7007200366035332,Watch,0.011279963396466752
ES-001947,2026-03-01,Livelihood Recovery Initiative,Livelihoods,Borno,Konduga,Konduga Site 1,0.8025,0.6852,0.774857346747559,On Track,0.08965734674755899
ES-003323,2026-03-01,Education Access Project,Education,Borno,Jere,Jere Site 2,0.7879,0.8399,0.7703122770987421,On Track,0.06958772290125792
ES-007003,2026-03-01,WASH Resilience Initiative,WASH,Borno,Bama,Bama Site 3,0.6545,0.6904,0.6887235606650756,Watch,0.001676439334924451
ES-002939,2026-03-01,Livelihood Recovery Initiative,Livelihoods,Borno,Gwoza,Gwoza Site 2,0.7676,0.8299,0.7222326518106119,Watch,0.10766734818938806
ES-000187,2026-03-01,Community Resilience Programme,Protection/Resilience,Borno,Maiduguri,Maiduguri Site 6,0.7076,0.7058,0.7181327508518154,Watch,0.0123327508518154
ES-001339,2026-03-01,Community Resilience Programme,Protection/Resilience,Borno,Dikwa,Dikwa Site 6,0.7809,0.8415,0.7965153236603871,On Track,0.044984676339612895
ES-000091,2026-03-01,Community Resilience Programme,Protection/Resilience,Borno,Maiduguri,Maiduguri Site 3,0.8286,0.7585,0.8229674279972427,On Track,0.0644674279972427
ES-006747,2026-03-01,WASH Resilience Initiative,WASH,Borno,Mafa,Mafa Site 1,0.6515,0.7313,0.6889520736305718,Watch,0.04234792636942819
ES-004795,2026-03-01,Nutrition Support Programme,Nutrition,Borno,Maiduguri,Maiduguri Site 6,0.9369,0.8704,0.8829571645304861,On Track,0.012557164530486165
ES-006043,2026-03-01,Nutrition Support Programme,Nutrition,Borno,Gwoza,Gwoza Site 3,0.762,0.6906,0.7524466215799412,On Track,0.06184662157994125
ES-002235,2026-03-01,Livelihood Recovery Initiative,Livelihoods,Borno,Mafa,Mafa Site 4,0.7071,0.7249,0.691104232907767,Watch,0.033795767092232976
ES-004923,2026-03-01,Nutrition Support Programme,Nutrition,Borno,Jere,Jere Site 4,0.7049,0.7911,0.7126595876074633,Watch,0.07844041239253674
ES-005915,2026-03-01,Nutrition Support Programme,Nutrition,Borno,Dikwa,Dikwa Site 5,0.858,0.7643,0.8001559658573542,On Track,0.03585596585735418
ES-003419,2026-03-01,Education Access Project,Education,Borno,Jere,Jere Site 5,0.6421,0.7665,0.6783405115426868,Watch,0.08815948845731314
ES-002875,2026-03-01,Livelihood Recovery Initiative,Livelihoods,Borno,Dikwa,Dikwa Site 6,0.6584,0.5982,0.6846881916850249,Watch,0.08648819168502497
ES-003547,2026-03-01,Education Access Project,Education,Borno,Konduga,Konduga Site 3,0.6826,0.6397,0.7047501978432462,Watch,0.06505019784324617
ES-007387,2026-03-01,WASH Resilience Initiative,WASH,Borno,Dikwa,Dikwa Site 3,0.7172,0.7165,0.7276432864322385,Watch,0.011143286432238497
ES-000859,2026-03-01,Community Resilience Programme,Protection/Resilience,Borno,Bama,Bama Site 3,0.8003,0.842,0.7902596824661764,On Track,0.05174031753382358
ES-001403,2026-03-01,Community Resilience Programme,Protection/Resilience,Borno,Gwoza,Gwoza Site 2,0.7071,0.6771,0.6951017983306262,Watch,0.018001798330626206
ES-000507,2026-03-01,Community Resilience Programme,Protection/Resilience,Borno,Konduga,Konduga Site 4,0.7778,0.8444,0.77095014695624,On Track,0.07344985304376006
ES-000923,2026-03-01,Community Resilience Programme,Protection/Resilience,Borno,Bama,Bama Site 5,0.8105,0.94,0.7966269634262327,On Track,0.1433730365737672
ES-005115,2026-03-01,Nutrition Support Programme,Nutrition,Borno,Konduga,Konduga Site 4,0.829,0.8133,0.7861385641758488,On Track,0.027161435824151203
ES-000667,2026-03-01,Community Resilience Programme,Protection/Resilience,Borno,Mafa,Mafa Site 3,0.771,0.9278,0.7681114478857324,On Track,0.15968855211426758
ES-003483,2026-03-01,Education Access Project,Education,Borno,Konduga,Konduga Site 1,0.8423,0.8618,0.8042132135386751,On Track,0.05758678646132487
ES-003259,2026-03-01,Education Access Project,Education,Borno,Maiduguri,Maiduguri Site 6,0.8753,0.8667,0.8184892838592681,On Track,0.04821071614073191
ES-007099,2026-03-01,WASH Resilience Initiative,WASH,Borno,Bama,Bama Site 6,0.7391,0.7396,0.707305270090243,Watch,0.032294729909757014
ES-004763,2026-03-01,Nutrition Support Programme,Nutrition,Borno,Maiduguri,Maiduguri Site 5,0.7635,0.8037,0.745802848178175,Watch,0.05789715182182498
ES-004731,2026-03-01,Nutrition Support Programme,Nutrition,Borno,Maiduguri,Maiduguri Site 4,0.786,0.8567,0.7562717175857915,On Track,0.10042828241420854
ES-005947,2026-03-01,Nutrition Support Programme,Nutrition,Borno,Dikwa,Dikwa Site 6,0.7367,0.8213,0.7359738059894547,Watch,0.08532619401054531
ES-001659,2026-03-01,Livelihood Recovery Initiative,Livelihoods,Borno,Maiduguri,Maiduguri Site 4,0.9078,0.7731,0.8208794787531065,On Track,0.04777947875310651
ES-003291,2026-03-01,Education Access Project,Education,Borno,Jere,Jere Site 1,0.6853,0.7715,0.7120697862410071,Watch,0.05943021375899282
ES-005435,2026-03-01,Nutrition Support Programme,Nutrition,Borno,Bama,Bama Site 2,0.8146,0.8456,0.7723430184739756,On Track,0.07325698152602445
ES-001979,2026-03-01,Livelihood Recovery Initiative,Livelihoods,Borno,Konduga,Konduga Site 2,0.7705,0.7415,0.7396822475002374,Watch,0.0018177524997626815
ES-006491,2026-03-01,WASH Resilience Initiative,WASH,Borno,Jere,Jere Site 5,0.6969,0.7532,0.6574851223186924,Watch,0.0957148776813076
ES-002907,2026-03-01,Livelihood Recovery Initiative,Livelihoods,Borno,Gwoza,Gwoza Site 1,0.7058,0.7154,0.6974261563960726,Watch,0.017973843603927397
ES-007035,2026-03-01,WASH Resilience Initiative,WASH,Borno,Bama,Bama Site 4,0.7142,0.7666,0.7184132075646938,Watch,0.0481867924353061
ES-007323,2026-03-01,WASH Resilience Initiative,WASH,Borno,Dikwa,Dikwa Site 1,0.7112,0.777,0.7210686353161503,Watch,0.05593136468384974
ES-006299,2026-03-01,WASH Resilience Initiative,WASH,Borno,Maiduguri,Maiduguri Site 5,0.6364,0.6936,0.6557804783309312,Watch,0.03781952166906877
ES-006459,2026-03-01,WASH Resilience Initiative,WASH,Borno,Jere,Jere Site 4,0.7991,0.8364,0.7573828316538184,On Track,0.07901716834618167
ES-003387,2026-03-01,Education Access Project,Education,Borno,Jere,Jere Site 4,0.7582,0.8588,0.742315395626432,Watch,0.116484604373568
ES-001051,2026-03-01,Community Resilience Programme,Protection/Resilience,Borno,Ngala,Ngala Site 3,0.9446,0.8721,0.8643676119902777,On Track,0.007732388009722313
ES-003131,2026-03-01,Education Access Project,Education,Borno,Maiduguri,Maiduguri Site 2,0.7604,0.8574,0.748681938467244,Watch,0.1087180615327561
ES-003227,2026-03-01,Education Access Project,Education,Borno,Maiduguri,Maiduguri Site 5,0.7057,0.6678,0.7045523799135823,Watch,0.03675237991358238
ES-001243,2026-03-01,Community Resilience Programme,Protection/Resilience,Borno,Dikwa,Dikwa Site 3,0.7371,0.7203,0.727025710208729,Watch,0.006725710208728919
ES-003515,2026-03-01,Education Access Project,Education,Borno,Konduga,Konduga Site 2,0.7795,0.7608,0.7509648476066009,On Track,0.00983515239339916
ES-005467,2026-03-01,Nutrition Support Programme,Nutrition,Borno,Bama,Bama Site 3,0.7375,0.8008,0.7245390656140649,Watch,0.07626093438593506
ES-006011,2026-03-01,Nutrition Support Programme,Nutrition,Borno,Gwoza,Gwoza Site 2,0.7351,0.7309,0.7539751959438904,On Track,0.023075195943890403
ES-003355,2026-03-01,Education Access Project,Education,Borno,Jere,Jere Site 3,0.7132,0.6396,0.7055048649938602,Watch,0.06590486499386028
ES-006683,2026-03-01,WASH Resilience Initiative,WASH,Borno,Konduga,Konduga Site 5,0.5311,0.717,0.5830355502340133,Critical,0.13396444976598665
ES-000763,2026-03-01,Community Resilience Programme,Protection/Resilience,Borno,Mafa,Mafa Site 6,0.6437,0.7219,0.6538387945724972,Watch,0.06806120542750282
ES-000411,2026-03-01,Community Resilience Programme,Protection/Resilience,Borno,Konduga,Konduga Site 1,0.8045,0.8681,0.8096327412982393,On Track,0.05846725870176073
ES-002299,2026-03-01,Livelihood Recovery Initiative,Livelihoods,Borno,Mafa,Mafa Site 6,0.7323,0.8209,0.7275367973290574,Watch,0.09336320267094256
ES-000827,2026-03-01,Community Resilience Programme,Protection/Resilience,Borno,Bama,Bama Site 2,0.7556,0.7473,0.7422823246363284,Watch,0.005017675363671592
ES-005211,2026-03-01,Nutrition Support Programme,Nutrition,Borno,Mafa,Mafa Site 1,0.7629,0.6789,0.7532432363005382,On Track,0.0743432363005383
ES-004699,2026-03-01,Nutrition Support Programme,Nutrition,Borno,Maiduguri,Maiduguri Site 3,0.8177,0.8142,0.7963970992907754,On Track,0.017802900709224634
ES-001851,2026-03-01,Livelihood Recovery Initiative,Livelihoods,Borno,Jere,Jere Site 4,0.7965,0.6881,0.7587378454510312,On Track,0.07063784545103113
ES-007355,2026-03-01,WASH Resilience Initiative,WASH,Borno,Dikwa,Dikwa Site 2,0.8151,0.8261,0.7622508449950544,On Track,0.06384915500494559
ES-000251,2026-03-01,Community Resilience Programme,Protection/Resilience,Borno,Jere,Jere Site 2,0.6854,0.7587,0.7042800608198472,Watch,0.054419939180152865
ES-006875,2026-03-01,WASH Resilience Initiative,WASH,Borno,Mafa,Mafa Site 5,0.6861,0.7761,0.6624766066334501,Watch,0.11362339336654992
ES-001147,2026-03-01,Community Resilience Programme,Protection/Resilience,Borno,Ngala,Ngala Site 6,0.7488,0.7786,0.726467585694895,Watch,0.05213241430510496
ES-004891,2026-03-01,Nutrition Support Programme,Nutrition,Borno,Jere,Jere Site 3,0.7724,0.8647,0.7601805985171185,On Track,0.10451940148288152
ES-003995,2026-03-01,Education Access Project,Education,Borno,Bama,Bama Site 5,0.7492,0.7042,0.7063347758271733,Watch,0.002134775827173252
ES-000315,2026-03-01,Community Resilience Programme,Protection/Resilience,Borno,Jere,Jere Site 4,0.8475,0.8291,0.8257814492755016,On Track,0.0033185507244983814
ES-003099,2026-03-01,Education Access Project,Education,Borno,Maiduguri,Maiduguri Site 1,0.7471,0.7067,0.7222024674213068,Watch,0.015502467421306787
ES-002491,2026-03-01,Livelihood Recovery Initiative,Livelihoods,Borno,Bama,Bama Site 6,0.617,0.6926,0.6292346369499989,Critical,0.06336536305000107
ES-006651,2026-03-01,WASH Resilience Initiative,WASH,Borno,Konduga,Konduga Site 4,0.7586,0.8435,0.7453306449106696,Watch,0.09816935508933045
ES-002011,2026-03-01,Livelihood Recovery Initiative,Livelihoods,Borno,Konduga,Konduga Site 3,0.7515,0.6967,0.735179261271594,Watch,0.03847926127159407
ES-003579,2026-03-01,Education Access Project,Education,Borno,Konduga,Konduga Site 4,0.6378,0.747,0.6498683550966888,Critical,0.09713164490331117
ES-001915,2026-03-01,Livelihood Recovery Initiative,Livelihoods,Borno,Jere,Jere Site 6,0.7815,0.8276,0.7752978918924278,On Track,0.05230210810757219
ES-005179,2026-03-01,Nutrition Support Programme,Nutrition,Borno,Konduga,Konduga Site 6,0.7135,0.7093,0.6957272302040174,Watch,0.013572769795982653
ES-007451,2026-03-01,WASH Resilience Initiative,WASH,Borno,Dikwa,Dikwa Site 5,0.7447,0.6927,0.7306088684165951,Watch,0.03790886841659513
ES-004859,2026-03-01,Nutrition Support Programme,Nutrition,Borno,Jere,Jere Site 2,0.6888,0.789,0.7048371006333859,Watch,0.08416289936661414
ES-003163,2026-03-01,Education Access Project,Education,Borno,Maiduguri,Maiduguri Site 3,0.8038,0.7545,0.7649313990055783,On Track,0.010431399005578323
ES-005499,2026-03-01,Nutrition Support Programme,Nutrition,Borno,Bama,Bama Site 4,0.7175,0.8336,0.7379742533896003,Watch,0.09562574661039969
ES-002651,2026-03-01,Livelihood Recovery Initiative,Livelihoods,Borno,Ngala,Ngala Site 5,0.775,0.756,0.7618885775458166,On Track,0.00588857754581662
ES-000123,2026-03-01,Community Resilience Programme,Protection/Resilience,Borno,Maiduguri,Maiduguri Site 4,0.9373,0.8749,0.8513274274422691,On Track,0.02357257255773093
ES-003035,2026-03-01,Livelihood Recovery Initiative,Livelihoods,Borno,Gwoza,Gwoza Site 5,0.7209,0.7581,0.7175230446943381,Watch,0.040576955305661855
ES-006587,2026-03-01,WASH Resilience Initiative,WASH,Borno,Konduga,Konduga Site 2,0.6839,0.7823,0.7015358000706381,Watch,0.0807641999293619
ES-004571,2026-03-01,Education Access Project,Education,Borno,Gwoza,Gwoza Site 5,0.6673,0.6949,0.6592696309616709,Watch,0.03563036903832906
ES-000379,2026-03-01,Community Resilience Programme,Protection/Resilience,Borno,Jere,Jere Site 6,0.7651,0.8698,0.7616739594393568,On Track,0.10812604056064323
ES-003611,2026-03-01,Education Access Project,Education,Borno,Konduga,Konduga Site 5,0.6585,0.7429,0.6719817779624488,Watch,0.07091822203755116
ES-005243,2026-03-01,Nutrition Support Programme,Nutrition,Borno,Mafa,Mafa Site 2,0.7143,0.6831,0.7379099842461683,Watch,0.05480998424616823
ES-006523,2026-03-01,WASH Resilience Initiative,WASH,Borno,Jere,Jere Site 6,0.7022,0.6955,0.711770167549786,Watch,0.01627016754978594
ES-007067,2026-03-01,WASH Resilience Initiative,WASH,Borno,Bama,Bama Site 5,0.7584,0.7186,0.7383847544427325,Watch,0.019784754442732533
ES-006939,2026-03-01,WASH Resilience Initiative,WASH,Borno,Bama,Bama Site 1,0.5675,0.6356,0.6200340644889635,Critical,0.015565935511036577
ES-004987,2026-03-01,Nutrition Support Programme,Nutrition,Borno,Jere,Jere Site 6,0.6832,0.6469,0.6948605777468447,Watch,0.0479605777468447
ES-006203,2026-03-01,WASH Resilience Initiative,WASH,Borno,Maiduguri,Maiduguri Site 2,0.6422,0.7516,0.6492827851269118,Critical,0.1023172148730882
ES-005595,2026-03-01,Nutrition Support Programme,Nutrition,Borno,Ngala,Ngala Site 1,0.7894,0.8222,0.766494500834061,On Track,0.05570549916593903
ES-004027,2026-03-01,Education Access Project,Education,Borno,Bama,Bama Site 6,0.7767,0.791,0.7442204792822747,Watch,0.04677952071772529
ES-003451,2026-03-01,Education Access Project,Education,Borno,Jere,Jere Site 6,0.8623,0.868,0.8297245751068723,On Track,0.03827542489312774
ES-002267,2026-03-01,Livelihood Recovery Initiative,Livelihoods,Borno,Mafa,Mafa Site 5,0.8334,0.8283,0.790209717454628,On Track,0.038090282545372056
ES-005851,2026-03-01,Nutrition Support Programme,Nutrition,Borno,Dikwa,Dikwa Site 3,0.7819,0.7834,0.7521694741213643,On Track,0.03123052587863573
ES-004059,2026-03-01,Education Access Project,Education,Borno,Ngala,Ngala Site 1,0.6758,0.7211,0.6619532244254067,Watch,0.05914677557459325
ES-002363,2026-03-01,Livelihood Recovery Initiative,Livelihoods,Borno,Bama,Bama Site 2,0.7053,0.832,0.7144188624079458,Watch,0.11758113759205413
ES-004635,2026-03-01,Nutrition Support Programme,Nutrition,Borno,Maiduguri,Maiduguri Site 1,0.7393,0.6944,0.728775747429701,Watch,0.034375747429700954
ES-000027,2026-03-01,Community Resilience Programme,Protection/Resilience,Borno,Maiduguri,Maiduguri Site 1,0.8027,0.7755,0.7856558926974295,On Track,0.010155892697429558
ES-001211,2026-03-01,Community Resilience Programme,Protection/Resilience,Borno,Dikwa,Dikwa Site 2,0.8069,0.8005,0.79229325809151,On Track,0.008206741908490023
ES-004955,2026-03-01,Nutrition Support Programme,Nutrition,Borno,Jere,Jere Site 5,0.8215,0.8094,0.7894734702037294,On Track,0.01992652979627063
ES-004667,2026-03-01,Nutrition Support Programme,Nutrition,Borno,Maiduguri,Maiduguri Site 2,0.8024,0.8467,0.7835387001058511,On Track,0.06316129989414887
ES-000795,2026-03-01,Community Resilience Programme,Protection/Resilience,Borno,Bama,Bama Site 1,0.799,0.7098,0.7914337570202894,On Track,0.08163375702028941
ES-002555,2026-03-01,Livelihood Recovery Initiative,Livelihoods,Borno,Ngala,Ngala Site 2,0.7937,0.8983,0.7829730755989238,On Track,0.11532692440107617
ES-006331,2026-03-01,WASH Resilience Initiative,WASH,Borno,Maiduguri,Maiduguri Site 6,0.3595,0.8912,0.7281545609734676,Watch,0.16304543902653235
ES-006971,2026-03-01,WASH Resilience Initiative,WASH,Borno,Bama,Bama Site 2,0.6339,0.6914,0.6484930107231265,Critical,0.04290698927687353
ES-005883,2026-03-01,Nutrition Support Programme,Nutrition,Borno,Dikwa,Dikwa Site 4,0.8518,0.824,0.7847108923107317,On Track,0.0392891076892683
ES-006427,2026-03-01,WASH Resilience Initiative,WASH,Borno,Jere,Jere Site 3,0.8543,0.7218,0.7907743921740791,On Track,0.06897439217407908
ES-003963,2026-03-01,Education Access Project,Education,Borno,Bama,Bama Site 4,0.6952,0.7202,0.6955347163585514,Watch,0.0246652836414486
ES-002971,2026-03-01,Livelihood Recovery Initiative,Livelihoods,Borno,Gwoza,Gwoza Site 3,0.7207,0.7656,0.7194709502666043,Watch,0.0461290497333956
ES-000955,2026-03-01,Community Resilience Programme,Protection/Resilience,Borno,Bama,Bama Site 6,0.6942,0.6541,0.7259115243088771,Watch,0.07181152430887705
ES-002587,2026-03-01,Livelihood Recovery Initiative,Livelihoods,Borno,Ngala,Ngala Site 3,0.6761,0.7871,0.687244513219847,Watch,0.09985548678015299
ES-001499,2026-03-01,Community Resilience Programme,Protection/Resilience,Borno,Gwoza,Gwoza Site 5,0.7141,0.7875,0.7142727502444143,Watch,0.0732272497555857
ES-000219,2026-03-01,Community Resilience Programme,Protection/Resilience,Borno,Jere,Jere Site 1,0.9147,0.8786,0.8387395171699755,On Track,0.039860482830024524
ES-005979,2026-03-01,Nutrition Support Programme,Nutrition,Borno,Gwoza,Gwoza Site 1,0.5989,0.8137,0.6407417565625573,Critical,0.1729582434374427
ES-004603,2026-03-01,Education Access Project,Education,Borno,Gwoza,Gwoza Site 6,0.6822,0.7199,0.6606797683953625,Watch,0.05922023160463752
ES-000731,2026-03-01,Community Resilience Programme,Protection/Resilience,Borno,Mafa,Mafa Site 5,0.7776,0.7953,0.7580245551284562,On Track,0.03727544487154377
ES-002843,2026-03-01,Livelihood Recovery Initiative,Livelihoods,Borno,Dikwa,Dikwa Site 5,0.8004,0.7442,0.7727696928970004,On Track,0.0285696928970004
ES-003195,2026-03-01,Education Access Project,Education,Borno,Maiduguri,Maiduguri Site 4,0.7542,0.7859,0.7558177972065409,On Track,0.03008220279345919
ES-001819,2026-03-01,Livelihood Recovery Initiative,Livelihoods,Borno,Jere,Jere Site 3,0.7688,0.7517,0.7432167250966499,Watch,0.008483274903350102
ES-001883,2026-03-01,Livelihood Recovery Initiative,Livelihoods,Borno,Jere,Jere Site 5,0.7839,0.7473,0.7615766971249737,On Track,0.014276697124973703
ES-006235,2026-03-01,WASH Resilience Initiative,WASH,Borno,Maiduguri,Maiduguri Site 3,0.7225,0.6499,0.7541821945434538,On Track,0.10428219454345378
ES-007131,2026-03-01,WASH Resilience Initiative,WASH,Borno,Ngala,Ngala Site 1,0.7356,0.7778,0.7327022624845978,Watch,0.04509773751540225
ES-000539,2026-03-01,Community Resilience Programme,Protection/Resilience,Borno,Konduga,Konduga Site 5,0.9034,0.855,0.8332466562899459,On Track,0.021753343710054107
ES-005083,2026-03-01,Nutrition Support Programme,Nutrition,Borno,Konduga,Konduga Site 3,0.8326,0.7781,0.7898572095701147,On Track,0.011757209570114724
ES-003931,2026-03-01,Education Access Project,Education,Borno,Bama,Bama Site 3,0.7409,0.6826,0.7022973505088885,Watch,0.019697350508888545
ES-007419,2026-03-01,WASH Resilience Initiative,WASH,Borno,Dikwa,Dikwa Site 4,0.6881,0.6287,0.6977896187062573,Watch,0.0690896187062573
ES-003964,2026-04-01,Education Access Project,Education,Borno,Bama,Bama Site 4,0.7202,0.7161,0.7011809240432643,Watch,0.014919075956735695
ES-006172,2026-04-01,WASH Resilience Initiative,WASH,Borno,Maiduguri,Maiduguri Site 1,0.921,0.9688,0.8387609778513501,On Track,0.13003902214864993
ES-003868,2026-04-01,Education Access Project,Education,Borno,Bama,Bama Site 1,0.6338,0.7215,0.6665881039734195,Watch,0.05491189602658053
ES-005116,2026-04-01,Nutrition Support Programme,Nutrition,Borno,Konduga,Konduga Site 4,0.8133,0.7801,0.7671835429352848,On Track,0.012916457064715225
ES-002364,2026-04-01,Livelihood Recovery Initiative,Livelihoods,Borno,Bama,Bama Site 2,0.832,0.7311,0.7751899890025669,On Track,0.04408998900256689
ES-000124,2026-04-01,Community Resilience Programme,Protection/Resilience,Borno,Maiduguri,Maiduguri Site 4,0.8749,0.8723,0.8400866889429194,On Track,0.032213311057080585
ES-004316,2026-04-01,Education Access Project,Education,Borno,Dikwa,Dikwa Site 3,0.6529,0.7283,0.6738479504683362,Watch,0.054452049531663715
ES-005212,2026-04-01,Nutrition Support Programme,Nutrition,Borno,Mafa,Mafa Site 1,0.6789,0.7705,0.710341847940872,Watch,0.060158152059128
ES-002428,2026-04-01,Livelihood Recovery Initiative,Livelihoods,Borno,Bama,Bama Site 4,0.8003,0.786,0.7680877845546253,On Track,0.01791221544537469
ES-006556,2026-04-01,WASH Resilience Initiative,WASH,Borno,Konduga,Konduga Site 1,0.7644,0.7456,0.7583357149380987,On Track,0.012735714938098663
ES-000476,2026-04-01,Community Resilience Programme,Protection/Resilience,Borno,Konduga,Konduga Site 3,0.7048,0.8187,0.7119972237938578,Watch,0.10670277620614221
ES-001116,2026-04-01,Community Resilience Programme,Protection/Resilience,Borno,Ngala,Ngala Site 5,0.6797,0.78,0.6934150179026417,Watch,0.08658498209735832
ES-005532,2026-04-01,Nutrition Support Programme,Nutrition,Borno,Bama,Bama Site 5,0.7133,0.7632,0.7386959033879801,Watch,0.02450409661201991
ES-005244,2026-04-01,Nutrition Support Programme,Nutrition,Borno,Mafa,Mafa Site 2,0.6831,0.6915,0.7006447156424268,Watch,0.009144715642426804
ES-004220,2026-04-01,Education Access Project,Education,Borno,Ngala,Ngala Site 6,0.6667,0.6796,0.6731350323200249,Watch,0.006464967679975064
ES-006844,2026-04-01,WASH Resilience Initiative,WASH,Borno,Mafa,Mafa Site 4,0.7239,0.6639,0.703071802087412,Watch,0.039171802087412
ES-003932,2026-04-01,Education Access Project,Education,Borno,Bama,Bama Site 3,0.6826,0.6377,0.6868209496236624,Watch,0.04912094962366231
ES-004252,2026-04-01,Education Access Project,Education,Borno,Dikwa,Dikwa Site 1,0.7221,0.7364,0.6930057849884012,Watch,0.0433942150115989
ES-002460,2026-04-01,Livelihood Recovery Initiative,Livelihoods,Borno,Bama,Bama Site 5,0.6851,0.7447,0.6964563278289927,Watch,0.048243672171007335
ES-003900,2026-04-01,Education Access Project,Education,Borno,Bama,Bama Site 2,0.6994,0.7024,0.6879237584965284,Watch,0.014476241503471599
ES-000604,2026-04-01,Community Resilience Programme,Protection/Resilience,Borno,Mafa,Mafa Site 1,0.8225,0.9711,0.8268349459635619,On Track,0.14426505403643808
ES-005084,2026-04-01,Nutrition Support Programme,Nutrition,Borno,Konduga,Konduga Site 3,0.7781,0.7971,0.7546401680850056,On Track,0.04245983191499447
ES-002716,2026-04-01,Livelihood Recovery Initiative,Livelihoods,Borno,Dikwa,Dikwa Site 1,0.7806,0.86,0.7692661027073093,On Track,0.09073389729269066
ES-002300,2026-04-01,Livelihood Recovery Initiative,Livelihoods,Borno,Mafa,Mafa Site 6,0.8209,0.8474,0.7656043704389135,On Track,0.08179562956108655
ES-005180,2026-04-01,Nutrition Support Programme,Nutrition,Borno,Konduga,Konduga Site 6,0.7093,0.7157,0.6979070068206437,Watch,0.017792993179356342
ES-001596,2026-04-01,Livelihood Recovery Initiative,Livelihoods,Borno,Maiduguri,Maiduguri Site 2,0.6625,0.7435,0.6766307805446791,Watch,0.06686921945532098
ES-001564,2026-04-01,Livelihood Recovery Initiative,Livelihoods,Borno,Maiduguri,Maiduguri Site 1,0.8587,0.8206,0.7957599724991117,On Track,0.024840027500888318
ES-006396,2026-04-01,WASH Resilience Initiative,WASH,Borno,Jere,Jere Site 2,0.816,0.8105,0.77946423245516,On Track,0.031035767544839943
ES-005500,2026-04-01,Nutrition Support Programme,Nutrition,Borno,Bama,Bama Site 4,0.8336,0.9008,0.7892910638729859,On Track,0.11150893612701418
ES-002524,2026-04-01,Livelihood Recovery Initiative,Livelihoods,Borno,Ngala,Ngala Site 1,0.7177,0.8126,0.7091598663477637,Watch,0.10344013365223625
ES-000092,2026-04-01,Community Resilience Programme,Protection/Resilience,Borno,Maiduguri,Maiduguri Site 3,0.7585,0.7563,0.7693029939111258,On Track,0.013002993911125804
ES-006524,2026-04-01,WASH Resilience Initiative,WASH,Borno,Jere,Jere Site 6,0.6955,0.8274,0.6766806639448545,Watch,0.15071933605514554
ES-004028,2026-04-01,Education Access Project,Education,Borno,Bama,Bama Site 6,0.791,0.7247,0.7516458011996112,On Track,0.026945801199611208
ES-006588,2026-04-01,WASH Resilience Initiative,WASH,Borno,Konduga,Konduga Site 2,0.7823,0.777,0.7565319828436585,On Track,0.0204680171563415
ES-001372,2026-04-01,Community Resilience Programme,Protection/Resilience,Borno,Gwoza,Gwoza Site 1,0.7564,0.8102,0.7542393041809534,On Track,0.05596069581904661
ES-006428,2026-04-01,WASH Resilience Initiative,WASH,Borno,Jere,Jere Site 3,0.7218,0.7847,0.743606668645916,Watch,0.041093331354083995
ES-006460,2026-04-01,WASH Resilience Initiative,WASH,Borno,Jere,Jere Site 4,0.8364,0.7452,0.7708280685536643,On Track,0.025628068553664285
ES-001148,2026-04-01,Community Resilience Programme,Protection/Resilience,Borno,Ngala,Ngala Site 6,0.7786,0.7862,0.7617153878273988,On Track,0.024484612172601228
ES-002204,2026-04-01,Livelihood Recovery Initiative,Livelihoods,Borno,Mafa,Mafa Site 3,0.6598,0.6861,0.6475970617077687,Critical,0.03850293829223139
ES-001244,2026-04-01,Community Resilience Programme,Protection/Resilience,Borno,Dikwa,Dikwa Site 3,0.7203,0.6746,0.7139407307321323,Watch,0.03934073073213229
ES-006492,2026-04-01,WASH Resilience Initiative,WASH,Borno,Jere,Jere Site 5,0.7532,0.7287,0.7343716734184242,Watch,0.005671673418424228
ES-005276,2026-04-01,Nutrition Support Programme,Nutrition,Borno,Mafa,Mafa Site 3,0.3828,0.8037,0.7337199857053875,Watch,0.06998001429461242
ES-005468,2026-04-01,Nutrition Support Programme,Nutrition,Borno,Bama,Bama Site 3,0.8008,0.7937,0.7723344220181902,On Track,0.021365577981809714
ES-002492,2026-04-01,Livelihood Recovery Initiative,Livelihoods,Borno,Bama,Bama Site 6,0.6926,0.6221,0.6711858446942851,Watch,0.04908584469428512
ES-002556,2026-04-01,Livelihood Recovery Initiative,Livelihoods,Borno,Ngala,Ngala Site 2,0.8983,0.9898,0.8291335126909434,On Track,0.16066648730905664
ES-002236,2026-04-01,Livelihood Recovery Initiative,Livelihoods,Borno,Mafa,Mafa Site 4,0.7249,0.6995,0.6952772700980755,Watch,0.004222729901924516
ES-000252,2026-04-01,Community Resilience Programme,Protection/Resilience,Borno,Jere,Jere Site 2,0.7587,0.7464,0.7548907996147486,On Track,0.008490799614748634
ES-005436,2026-04-01,Nutrition Support Programme,Nutrition,Borno,Bama,Bama Site 2,0.8456,0.7582,0.7949108656780612,On Track,0.036710865678061255
ES-003996,2026-04-01,Education Access Project,Education,Borno,Bama,Bama Site 5,0.7042,0.7325,0.7106770940113624,Watch,0.021822905988637675
ES-006364,2026-04-01,WASH Resilience Initiative,WASH,Borno,Jere,Jere Site 1,0.7559,0.8105,0.7633183846568883,On Track,0.047181615343111716
ES-002684,2026-04-01,Livelihood Recovery Initiative,Livelihoods,Borno,Ngala,Ngala Site 6,0.7175,0.6618,0.7085501748924125,Watch,0.0467501748924124
ES-004284,2026-04-01,Education Access Project,Education,Borno,Dikwa,Dikwa Site 2,0.7603,0.7738,0.7490993798769157,Watch,0.024700620123084382
ES-005404,2026-04-01,Nutrition Support Programme,Nutrition,Borno,Bama,Bama Site 1,0.7206,0.6876,0.7247981554852284,Watch,0.037198155485228424
ES-002396,2026-04-01,Livelihood Recovery Initiative,Livelihoods,Borno,Bama,Bama Site 3,0.8627,0.7985,0.827052786550119,On Track,0.028552786550119058
ES-000860,2026-04-01,Community Resilience Programme,Protection/Resilience,Borno,Bama,Bama Site 3,0.842,0.7768,0.8143774307839494,On Track,0.03757743078394937
ES-000508,2026-04-01,Community Resilience Programme,Protection/Resilience,Borno,Konduga,Konduga Site 4,0.8444,0.9195,0.8062911225793287,On Track,0.11320887742067132
ES-000732,2026-04-01,Community Resilience Programme,Protection/Resilience,Borno,Mafa,Mafa Site 5,0.7953,0.7908,0.7808082706326618,On Track,0.009991729367338165
ES-002332,2026-04-01,Livelihood Recovery Initiative,Livelihoods,Borno,Bama,Bama Site 1,0.712,0.7146,0.7223090575440404,Watch,0.0077090575440403875
ES-006300,2026-04-01,WASH Resilience Initiative,WASH,Borno,Maiduguri,Maiduguri Site 5,0.6936,0.7051,0.6840775835663948,Watch,0.02102241643360514
ES-002268,2026-04-01,Livelihood Recovery Initiative,Livelihoods,Borno,Mafa,Mafa Site 5,0.8283,0.6286,0.7819050505605063,On Track,0.15330505056050625
ES-003036,2026-04-01,Livelihood Recovery Initiative,Livelihoods,Borno,Gwoza,Gwoza Site 5,0.7581,0.6747,0.7478775931639391,Watch,0.07317759316393913
ES-001468,2026-04-01,Community Resilience Programme,Protection/Resilience,Borno,Gwoza,Gwoza Site 4,0.7149,0.721,0.7313786848582449,Watch,0.010378684858244891
ES-003196,2026-04-01,Education Access Project,Education,Borno,Maiduguri,Maiduguri Site 4,0.7859,0.7968,0.7651596235305386,On Track,0.031640376469461384
ES-005980,2026-04-01,Nutrition Support Programme,Nutrition,Borno,Gwoza,Gwoza Site 1,0.8137,0.7869,0.778655194568196,On Track,0.008244805431804059
ES-003452,2026-04-01,Education Access Project,Education,Borno,Jere,Jere Site 6,0.868,0.7681,0.835277720798415,On Track,0.067177720798415
ES-002588,2026-04-01,Livelihood Recovery Initiative,Livelihoods,Borno,Ngala,Ngala Site 3,0.7871,0.718,0.7589113130159356,On Track,0.040911313015935646
ES-007068,2026-04-01,WASH Resilience Initiative,WASH,Borno,Bama,Bama Site 5,0.7186,0.7354,0.7291456049948299,Watch,0.00625439500517011
ES-003164,2026-04-01,Education Access Project,Education,Borno,Maiduguri,Maiduguri Site 3,0.7545,0.8197,0.7636809799978395,On Track,0.056019020002160524
ES-000220,2026-04-01,Community Resilience Programme,Protection/Resilience,Borno,Jere,Jere Site 1,0.8786,0.9661,0.8308662096491769,On Track,0.13523379035082306
ES-001884,2026-04-01,Livelihood Recovery Initiative,Livelihoods,Borno,Jere,Jere Site 5,0.7473,0.8111,0.7358405589513812,Watch,0.07525944104861881
ES-003484,2026-04-01,Education Access Project,Education,Borno,Konduga,Konduga Site 1,0.8618,0.9592,0.808105256701266,On Track,0.15109474329873407
ES-001916,2026-04-01,Livelihood Recovery Initiative,Livelihoods,Borno,Jere,Jere Site 6,0.8276,0.8685,0.7758205088992572,On Track,0.0926794911007428
ES-004764,2026-04-01,Nutrition Support Programme,Nutrition,Borno,Maiduguri,Maiduguri Site 5,0.8037,0.7854,0.7688339456235723,On Track,0.016566054376427664
ES-007036,2026-04-01,WASH Resilience Initiative,WASH,Borno,Bama,Bama Site 4,0.7666,0.8657,0.7408982722288617,Watch,0.1248017277711383
ES-006204,2026-04-01,WASH Resilience Initiative,WASH,Borno,Maiduguri,Maiduguri Site 2,0.7516,0.7509,0.7364385123572729,Watch,0.014461487642727144
ES-006012,2026-04-01,Nutrition Support Programme,Nutrition,Borno,Gwoza,Gwoza Site 2,0.7309,0.7111,0.7161376335959647,Watch,0.005037633595964763
ES-003132,2026-04-01,Education Access Project,Education,Borno,Maiduguri,Maiduguri Site 2,0.8574,0.7145,0.7990215111390678,On Track,0.0845215111390678
ES-003516,2026-04-01,Education Access Project,Education,Borno,Konduga,Konduga Site 2,0.7608,0.8388,0.7503630969851458,On Track,0.08843690301485418
ES-001852,2026-04-01,Livelihood Recovery Initiative,Livelihoods,Borno,Jere,Jere Site 4,0.6881,0.7551,0.6975435648152396,Watch,0.05755643518476039
ES-004892,2026-04-01,Nutrition Support Programme,Nutrition,Borno,Jere,Jere Site 3,0.8647,0.866,0.8102826791528555,On Track,0.055717320847144536
ES-006684,2026-04-01,WASH Resilience Initiative,WASH,Borno,Konduga,Konduga Site 5,0.717,0.677,0.7139045152937227,Watch,0.03690451529372263
ES-007004,2026-04-01,WASH Resilience Initiative,WASH,Borno,Bama,Bama Site 3,0.6904,0.6878,0.6880431955536256,Watch,0.00024319555362561918
ES-002940,2026-04-01,Livelihood Recovery Initiative,Livelihoods,Borno,Gwoza,Gwoza Site 2,0.8299,0.7808,0.7715756779807993,On Track,0.009224322019200759
ES-004732,2026-04-01,Nutrition Support Programme,Nutrition,Borno,Maiduguri,Maiduguri Site 4,0.8567,0.8345,0.7942599170103146,On Track,0.0402400829896854
ES-007100,2026-04-01,WASH Resilience Initiative,WASH,Borno,Bama,Bama Site 6,0.7396,0.7415,0.7141864894370012,Watch,0.0273135105629988
ES-000796,2026-04-01,Community Resilience Programme,Protection/Resilience,Borno,Bama,Bama Site 1,0.7098,0.736,0.7339206450915334,Watch,0.0020793549084665575
ES-007356,2026-04-01,WASH Resilience Initiative,WASH,Borno,Dikwa,Dikwa Site 2,0.8261,0.7774,0.7792344848822753,On Track,0.0018344848822753335
ES-004700,2026-04-01,Nutrition Support Programme,Nutrition,Borno,Maiduguri,Maiduguri Site 3,0.8142,0.8229,0.7790147483421356,On Track,0.04388525165786439
ES-000188,2026-04-01,Community Resilience Programme,Protection/Resilience,Borno,Maiduguri,Maiduguri Site 6,0.7058,0.6774,0.7217534060582026,Watch,0.044353406058202594
ES-006332,2026-04-01,WASH Resilience Initiative,WASH,Borno,Maiduguri,Maiduguri Site 6,0.8912,0.8059,0.8140169655417037,On Track,0.008116965541703713
ES-000316,2026-04-01,Community Resilience Programme,Protection/Resilience,Borno,Jere,Jere Site 4,0.8291,0.907,0.8259290965448928,On Track,0.08107090345510726
ES-007676,2026-04-01,WASH Resilience Initiative,WASH,Borno,Gwoza,Gwoza Site 6,0.6433,0.7129,0.641500581945128,Critical,0.07139941805487193
ES-006876,2026-04-01,WASH Resilience Initiative,WASH,Borno,Mafa,Mafa Site 5,0.7761,0.7931,0.7474556077768488,Watch,0.0456443922231512
ES-000764,2026-04-01,Community Resilience Programme,Protection/Resilience,Borno,Mafa,Mafa Site 6,0.7219,0.7666,0.7037038551396703,Watch,0.06289614486032968
ES-003228,2026-04-01,Education Access Project,Education,Borno,Maiduguri,Maiduguri Site 5,0.6678,0.7472,0.6483039116884116,Critical,0.09889608831158836
ES-000412,2026-04-01,Community Resilience Programme,Protection/Resilience,Borno,Konduga,Konduga Site 1,0.8681,0.8411,0.8410998215755461,On Track,1.7842445387827865e-07
ES-001660,2026-04-01,Livelihood Recovery Initiative,Livelihoods,Borno,Maiduguri,Maiduguri Site 4,0.7731,0.728,0.7576966109584362,On Track,0.02969661095843623
ES-007324,2026-04-01,WASH Resilience Initiative,WASH,Borno,Dikwa,Dikwa Site 1,0.777,0.7592,0.7632386099431996,On Track,0.0040386099431996
ES-005148,2026-04-01,Nutrition Support Programme,Nutrition,Borno,Konduga,Konduga Site 5,0.8068,0.7287,0.767870199885762,On Track,0.03917019988576198
ES-005948,2026-04-01,Nutrition Support Programme,Nutrition,Borno,Dikwa,Dikwa Site 6,0.8213,0.7392,0.7774338541064232,On Track,0.038233854106423215
ES-001052,2026-04-01,Community Resilience Programme,Protection/Resilience,Borno,Ngala,Ngala Site 3,0.8721,0.8829,0.8411383054117214,On Track,0.04176169458827861
ES-002908,2026-04-01,Livelihood Recovery Initiative,Livelihoods,Borno,Gwoza,Gwoza Site 1,0.7154,0.7513,0.7022158475857784,Watch,0.049084152414221593
ES-003388,2026-04-01,Education Access Project,Education,Borno,Jere,Jere Site 4,0.8588,0.783,0.8322424594078799,On Track,0.04924245940787986
ES-006748,2026-04-01,WASH Resilience Initiative,WASH,Borno,Mafa,Mafa Site 1,0.7313,0.6922,0.701171807362528,Watch,0.008971807362528006
ES-001948,2026-04-01,Livelihood Recovery Initiative,Livelihoods,Borno,Konduga,Konduga Site 1,0.6852,0.7678,0.701855887566268,Watch,0.065944112433732
ES-004924,2026-04-01,Nutrition Support Programme,Nutrition,Borno,Jere,Jere Site 4,0.7911,0.8058,0.7622722722796691,On Track,0.04352772772033087
ES-003420,2026-04-01,Education Access Project,Education,Borno,Jere,Jere Site 5,0.7665,0.8002,0.7501287198310744,On Track,0.05007128016892559
ES-004796,2026-04-01,Nutrition Support Programme,Nutrition,Borno,Maiduguri,Maiduguri Site 6,0.8704,0.7999,0.8009823634726171,On Track,0.0010823634726170317
ES-000828,2026-04-01,Community Resilience Programme,Protection/Resilience,Borno,Bama,Bama Site 2,0.7473,0.7887,0.7237080512153775,Watch,0.06499194878462244
ES-003548,2026-04-01,Education Access Project,Education,Borno,Konduga,Konduga Site 3,0.6397,0.7019,0.6769994898405901,Watch,0.02490051015940986
ES-006044,2026-04-01,Nutrition Support Programme,Nutrition,Borno,Gwoza,Gwoza Site 3,0.6906,0.8646,0.7018405431659329,Watch,0.16275945683406712
ES-003676,2026-04-01,Education Access Project,Education,Borno,Mafa,Mafa Site 1,0.6802,0.6955,0.7145727306907811,Watch,0.01907273069078108
ES-006108,2026-04-01,Nutrition Support Programme,Nutrition,Borno,Gwoza,Gwoza Site 5,0.7298,0.7848,0.7143413020809847,Watch,0.07045869791901538
ES-001308,2026-04-01,Community Resilience Programme,Protection/Resilience,Borno,Dikwa,Dikwa Site 5,0.7235,0.6268,0.6981666885687856,Watch,0.07136668856878559
ES-001756,2026-04-01,Livelihood Recovery Initiative,Livelihoods,Borno,Jere,Jere Site 1,0.7767,0.7459,0.7573973508363286,On Track,0.011497350836328635
ES-005724,2026-04-01,Nutrition Support Programme,Nutrition,Borno,Ngala,Ngala Site 5,0.8984,0.8394,0.8303148774875526,On Track,0.009085122512447419
ES-005628,2026-04-01,Nutrition Support Programme,Nutrition,Borno,Ngala,Ngala Site 2,0.6587,0.7746,0.6719257057945054,Watch,0.10267429420549457
ES-001692,2026-04-01,Livelihood Recovery Initiative,Livelihoods,Borno,Maiduguri,Maiduguri Site 5,0.8159,0.8872,0.7699219887673342,On Track,0.11727801123266579
ES-006908,2026-04-01,WASH Resilience Initiative,WASH,Borno,Mafa,Mafa Site 6,0.7823,0.7601,0.752317510322614,On Track,0.00778248967738604
ES-000348,2026-04-01,Community Resilience Programme,Protection/Resilience,Borno,Jere,Jere Site 5,0.7881,0.8795,0.7767366893582014,On Track,0.10276331064179856
ES-003004,2026-04-01,Livelihood Recovery Initiative,Livelihoods,Borno,Gwoza,Gwoza Site 4,0.7623,0.735,0.7605982605276346,On Track,0.025598260527634586
ES-003708,2026-04-01,Education Access Project,Education,Borno,Mafa,Mafa Site 2,0.7611,0.6617,0.7411004645845002,Watch,0.07940046458450023
ES-003804,2026-04-01,Education Access Project,Education,Borno,Mafa,Mafa Site 5,0.7658,0.6598,0.7383963468832043,Watch,0.07859634688320427
ES-003740,2026-04-01,Education Access Project,Education,Borno,Mafa,Mafa Site 3,0.6914,0.6025,0.7011268114162301,Watch,0.09862681141623009
ES-005692,2026-04-01,Nutrition Support Programme,Nutrition,Borno,Ngala,Ngala Site 4,0.6797,0.7555,0.6831464486129684,Watch,0.07235355138703159
ES-004828,2026-04-01,Nutrition Support Programme,Nutrition,Borno,Jere,Jere Site 1,0.7348,0.8995,0.7109863814715254,Watch,0.1885136185284746
ES-006140,2026-04-01,Nutrition Support Programme,Nutrition,Borno,Gwoza,Gwoza Site 6,0.8448,0.7628,0.769438655357142,On Track,0.0066386553571419205
ES-006716,2026-04-01,WASH Resilience Initiative,WASH,Borno,Konduga,Konduga Site 6,0.2673,0.7679,0.6900815179217242,Watch,0.0778184820782758
ES-005660,2026-04-01,Nutrition Support Programme,Nutrition,Borno,Ngala,Ngala Site 3,0.8156,0.7467,0.7612792072244196,On Track,0.014579207224419521
ES-003772,2026-04-01,Education Access Project,Education,Borno,Mafa,Mafa Site 4,0.801,0.7531,0.7426924310179763,Watch,0.010407568982023663
ES-006812,2026-04-01,WASH Resilience Initiative,WASH,Borno,Mafa,Mafa Site 3,0.7178,0.8025,0.7084074270802118,Watch,0.09409257291978823
ES-003068,2026-04-01,Livelihood Recovery Initiative,Livelihoods,Borno,Gwoza,Gwoza Site 6,0.6708,0.6328,0.6640611350132067,Watch,0.03126113501320671
ES-002620,2026-04-01,Livelihood Recovery Initiative,Livelihoods,Borno,Ngala,Ngala Site 4,0.6984,0.6982,0.69493483091877,Watch,0.0032651690812300904
ES-001532,2026-04-01,Community Resilience Programme,Protection/Resilience,Borno,Gwoza,Gwoza Site 6,0.7351,0.6655,0.7207113602937988,Watch,0.055211360293798806
ES-005756,2026-04-01,Nutrition Support Programme,Nutrition,Borno,Ngala,Ngala Site 6,0.6486,0.8542,0.6798480460740728,Watch,0.17435195392592717
ES-000668,2026-04-01,Community Resilience Programme,Protection/Resilience,Borno,Mafa,Mafa Site 3,0.9278,0.9723,0.8475925193520991,On Track,0.12470748064790094
ES-003100,2026-04-01,Education Access Project,Education,Borno,Maiduguri,Maiduguri Site 1,0.7067,0.8315,0.7130305392367123,Watch,0.11846946076328768
ES-000956,2026-04-01,Community Resilience Programme,Protection/Resilience,Borno,Bama,Bama Site 6,0.6541,0.6753,0.6845743460722806,Watch,0.009274346072280615
ES-003580,2026-04-01,Education Access Project,Education,Borno,Konduga,Konduga Site 4,0.747,0.7667,0.7297032171842709,Watch,0.03699678281572916
ES-000028,2026-04-01,Community Resilience Programme,Protection/Resilience,Borno,Maiduguri,Maiduguri Site 1,0.7755,0.8006,0.7704250137261138,On Track,0.03017498627388615
ES-006972,2026-04-01,WASH Resilience Initiative,WASH,Borno,Bama,Bama Site 2,0.6914,0.7197,0.6662678722592688,Watch,0.05343212774073125
ES-001820,2026-04-01,Livelihood Recovery Initiative,Livelihoods,Borno,Jere,Jere Site 3,0.7517,0.798,0.758769167700204,On Track,0.03923083229979607
ES-000540,2026-04-01,Community Resilience Programme,Protection/Resilience,Borno,Konduga,Konduga Site 5,0.855,0.7991,0.8276892066054247,On Track,0.028589206605424633
ES-000380,2026-04-01,Community Resilience Programme,Protection/Resilience,Borno,Jere,Jere Site 6,0.8698,0.9334,0.8338852515736975,On Track,0.09951474842630248
ES-002972,2026-04-01,Livelihood Recovery Initiative,Livelihoods,Borno,Gwoza,Gwoza Site 3,0.7656,0.7862,0.747464253586463,Watch,0.03873574641353705
ES-004860,2026-04-01,Nutrition Support Programme,Nutrition,Borno,Jere,Jere Site 2,0.789,0.3795,0.7536012896273854,On Track,0.37410128962738537
ES-003612,2026-04-01,Education Access Project,Education,Borno,Konduga,Konduga Site 5,0.7429,0.8012,0.7189283231139462,Watch,0.08227167688605386
ES-006940,2026-04-01,WASH Resilience Initiative,WASH,Borno,Bama,Bama Site 1,0.6356,0.7076,0.6476282559242068,Critical,0.0599717440757932
ES-005596,2026-04-01,Nutrition Support Programme,Nutrition,Borno,Ngala,Ngala Site 1,0.8222,0.8571,0.7846265742564144,On Track,0.07247342574358562
ES-000988,2026-04-01,Community Resilience Programme,Protection/Resilience,Borno,Ngala,Ngala Site 1,0.8077,0.8857,0.7865893675900953,On Track,0.0991106324099047
ES-001180,2026-04-01,Community Resilience Programme,Protection/Resilience,Borno,Dikwa,Dikwa Site 1,0.7338,0.7346,0.6991469706349566,Watch,0.035453029365043465
ES-006076,2026-04-01,Nutrition Support Programme,Nutrition,Borno,Gwoza,Gwoza Site 4,0.5721,0.6371,0.6235425367145883,Critical,0.013557463285411742
ES-001020,2026-04-01,Community Resilience Programme,Protection/Resilience,Borno,Ngala,Ngala Site 2,0.6664,0.7739,0.6960837860085305,Watch,0.07781621399146954
ES-003644,2026-04-01,Education Access Project,Education,Borno,Konduga,Konduga Site 6,0.7016,0.7746,0.7170382793032753,Watch,0.057561720696724605
ES-001788,2026-04-01,Livelihood Recovery Initiative,Livelihoods,Borno,Jere,Jere Site 2,0.7567,0.7936,0.7429432717308874,Watch,0.050656728269112605
ES-003836,2026-04-01,Education Access Project,Education,Borno,Mafa,Mafa Site 6,0.7268,0.6693,0.7222454687559903,Watch,0.052945468755990266
ES-001404,2026-04-01,Community Resilience Programme,Protection/Resilience,Borno,Gwoza,Gwoza Site 2,0.6771,0.7431,0.6666118378516025,Watch,0.07648816214839749
ES-003324,2026-04-01,Education Access Project,Education,Borno,Jere,Jere Site 2,0.8399,0.803,0.7845893053466428,On Track,0.018410694653357207
ES-003356,2026-04-01,Education Access Project,Education,Borno,Jere,Jere Site 3,0.6396,0.7198,0.6700854595081235,Watch,0.04971454049187651
ES-001084,2026-04-01,Community Resilience Programme,Protection/Resilience,Borno,Ngala,Ngala Site 4,0.7674,0.6692,0.7251542913284552,Watch,0.0559542913284552
ES-005788,2026-04-01,Nutrition Support Programme,Nutrition,Borno,Dikwa,Dikwa Site 1,0.6516,0.7845,0.6957721294371896,Watch,0.0887278705628104
ES-001436,2026-04-01,Community Resilience Programme,Protection/Resilience,Borno,Gwoza,Gwoza Site 3,0.8395,0.7943,0.830066758847411,On Track,0.035766758847410984
ES-005020,2026-04-01,Nutrition Support Programme,Nutrition,Borno,Konduga,Konduga Site 1,0.7493,0.7741,0.7390863822713349,Watch,0.03501361772866507
ES-002108,2026-04-01,Livelihood Recovery Initiative,Livelihoods,Borno,Konduga,Konduga Site 6,0.8902,0.8182,0.787364551449473,On Track,0.030835448550527
ES-004124,2026-04-01,Education Access Project,Education,Borno,Ngala,Ngala Site 3,0.6396,0.6667,0.6684595734016019,Watch,0.0017595734016019327
ES-004444,2026-04-01,Education Access Project,Education,Borno,Gwoza,Gwoza Site 1,0.7453,0.6784,0.7282543024028454,Watch,0.049854302402845385
ES-007292,2026-04-01,WASH Resilience Initiative,WASH,Borno,Ngala,Ngala Site 6,0.6137,0.6084,0.6258945274888676,Critical,0.017494527488867595
ES-007196,2026-04-01,WASH Resilience Initiative,WASH,Borno,Ngala,Ngala Site 3,0.632,0.2927,0.6601873550878149,Watch,0.3674873550878149
ES-007548,2026-04-01,WASH Resilience Initiative,WASH,Borno,Gwoza,Gwoza Site 2,0.8031,0.7847,0.7667081202720455,On Track,0.017991879727954463
ES-005340,2026-04-01,Nutrition Support Programme,Nutrition,Borno,Mafa,Mafa Site 5,0.6785,0.8691,0.7039455590434565,Watch,0.16515444095654352
ES-004092,2026-04-01,Education Access Project,Education,Borno,Ngala,Ngala Site 2,0.7463,0.8074,0.7142742663501012,Watch,0.09312573364989885
ES-004476,2026-04-01,Education Access Project,Education,Borno,Gwoza,Gwoza Site 2,0.745,0.6748,0.7127342246658294,Watch,0.03793422466582941
ES-007228,2026-04-01,WASH Resilience Initiative,WASH,Borno,Ngala,Ngala Site 4,0.6809,0.596,0.6836487455916257,Watch,0.08764874559162572
ES-005820,2026-04-01,Nutrition Support Programme,Nutrition,Borno,Dikwa,Dikwa Site 2,0.7968,0.8844,0.7628684793676599,On Track,0.12153152063234007
ES-002876,2026-04-01,Livelihood Recovery Initiative,Livelihoods,Borno,Dikwa,Dikwa Site 6,0.5982,0.688,0.6196260717712102,Critical,0.06837392822878974
ES-002076,2026-04-01,Livelihood Recovery Initiative,Livelihoods,Borno,Konduga,Konduga Site 5,0.7002,0.8006,0.7138324685424229,Watch,0.0867675314575771
ES-005372,2026-04-01,Nutrition Support Programme,Nutrition,Borno,Mafa,Mafa Site 6,0.7492,0.7641,0.7393212571400416,Watch,0.024778742859958403
ES-004508,2026-04-01,Education Access Project,Education,Borno,Gwoza,Gwoza Site 3,0.605,0.6412,0.6315317278663085,Critical,0.00966827213369148
ES-007516,2026-04-01,WASH Resilience Initiative,WASH,Borno,Gwoza,Gwoza Site 1,0.5653,0.6709,0.6260693056614717,Critical,0.044830694338528376
ES-000156,2026-04-01,Community Resilience Programme,Protection/Resilience,Borno,Maiduguri,Maiduguri Site 5,0.8185,0.753,0.8008810838587833,On Track,0.04788108385878331
ES-002780,2026-04-01,Livelihood Recovery Initiative,Livelihoods,Borno,Dikwa,Dikwa Site 3,0.7811,0.7146,0.7617879163098865,On Track,0.0471879163098865
ES-001212,2026-04-01,Community Resilience Programme,Protection/Resilience,Borno,Dikwa,Dikwa Site 2,0.8005,0.7593,0.7841087102156388,On Track,0.024808710215638796
ES-007580,2026-04-01,WASH Resilience Initiative,WASH,Borno,Gwoza,Gwoza Site 3,0.7457,0.7585,0.7157573630027413,Watch,0.042742636997258665
ES-006620,2026-04-01,WASH Resilience Initiative,WASH,Borno,Konduga,Konduga Site 3,0.7734,0.6785,0.7462715047480325,Watch,0.06777150474803251
ES-006780,2026-04-01,WASH Resilience Initiative,WASH,Borno,Mafa,Mafa Site 2,0.7406,0.68,0.722592363523402,Watch,0.0425923635234019
ES-000284,2026-04-01,Community Resilience Programme,Protection/Resilience,Borno,Jere,Jere Site 3,0.8208,0.8489,0.8375985919675643,On Track,0.011301408032435734
ES-000636,2026-04-01,Community Resilience Programme,Protection/Resilience,Borno,Mafa,Mafa Site 2,0.9055,0.9121,0.8419505352900984,On Track,0.07014946470990158
ES-004348,2026-04-01,Education Access Project,Education,Borno,Dikwa,Dikwa Site 4,0.8447,0.7335,0.7850575287083533,On Track,0.051557528708353284
ES-002172,2026-04-01,Livelihood Recovery Initiative,Livelihoods,Borno,Mafa,Mafa Site 2,0.6152,0.7081,0.6434181835093222,Critical,0.06468181649067772
ES-004188,2026-04-01,Education Access Project,Education,Borno,Ngala,Ngala Site 5,0.7093,0.7693,0.7121764538644855,Watch,0.057123546135514514
ES-007644,2026-04-01,WASH Resilience Initiative,WASH,Borno,Gwoza,Gwoza Site 5,0.5819,0.6122,0.618612062180203,Critical,0.006412062180203071
ES-005052,2026-04-01,Nutrition Support Programme,Nutrition,Borno,Konduga,Konduga Site 2,0.7683,0.7275,0.7570786619612451,On Track,0.029578661961245034
ES-005564,2026-04-01,Nutrition Support Programme,Nutrition,Borno,Bama,Bama Site 6,0.6428,0.6543,0.6934252273827087,Watch,0.03912522738270874
ES-000060,2026-04-01,Community Resilience Programme,Protection/Resilience,Borno,Maiduguri,Maiduguri Site 2,0.8766,0.8451,0.8492830943149463,On Track,0.004183094314946345
ES-001628,2026-04-01,Livelihood Recovery Initiative,Livelihoods,Borno,Maiduguri,Maiduguri Site 3,0.7754,0.8294,0.7903235257047522,On Track,0.039076474295247854
ES-004380,2026-04-01,Education Access Project,Education,Borno,Dikwa,Dikwa Site 5,0.74,0.7239,0.7249996771456683,Watch,0.0010996771456682763
ES-007260,2026-04-01,WASH Resilience Initiative,WASH,Borno,Ngala,Ngala Site 5,0.68,0.6909,0.6802257765301644,Watch,0.010674223469835598
ES-002748,2026-04-01,Livelihood Recovery Initiative,Livelihoods,Borno,Dikwa,Dikwa Site 2,0.7154,0.6746,0.7186738608736981,Watch,0.044073860873698134
ES-002140,2026-04-01,Livelihood Recovery Initiative,Livelihoods,Borno,Mafa,Mafa Site 1,0.7447,0.8512,0.7135811362199177,Watch,0.13761886378008226
ES-004156,2026-04-01,Education Access Project,Education,Borno,Ngala,Ngala Site 4,0.6932,0.6272,0.68014039362624,Watch,0.052940393626240034
ES-007612,2026-04-01,WASH Resilience Initiative,WASH,Borno,Gwoza,Gwoza Site 4,0.7647,0.6568,0.7536449710061781,On Track,0.09684497100617806
ES-000700,2026-04-01,Community Resilience Programme,Protection/Resilience,Borno,Mafa,Mafa Site 4,0.7291,0.7875,0.7568969050873134,On Track,0.030603094912686535
ES-004412,2026-04-01,Education Access Project,Education,Borno,Dikwa,Dikwa Site 6,0.7633,0.7614,0.7509831944186803,On Track,0.010416805581319633
ES-000892,2026-04-01,Community Resilience Programme,Protection/Resilience,Borno,Bama,Bama Site 4,0.7934,0.7993,0.7590310739560682,On Track,0.04026892604393184
ES-005308,2026-04-01,Nutrition Support Programme,Nutrition,Borno,Mafa,Mafa Site 4,0.8023,0.8331,0.7679202094955436,On Track,0.06517979050445633
ES-000444,2026-04-01,Community Resilience Programme,Protection/Resilience,Borno,Konduga,Konduga Site 2,0.7256,0.7719,0.6957518487799196,Watch,0.07614815122008045
ES-002652,2026-04-01,Livelihood Recovery Initiative,Livelihoods,Borno,Ngala,Ngala Site 5,0.756,0.7962,0.7438037851165022,Watch,0.05239621488349777
ES-002812,2026-04-01,Livelihood Recovery Initiative,Livelihoods,Borno,Dikwa,Dikwa Site 4,0.8206,0.7527,0.7632784439683502,On Track,0.01057844396835017
ES-004636,2026-04-01,Nutrition Support Programme,Nutrition,Borno,Maiduguri,Maiduguri Site 1,0.6944,0.8072,0.7152867921339076,Watch,0.09191320786609247
ES-006652,2026-04-01,WASH Resilience Initiative,WASH,Borno,Konduga,Konduga Site 4,0.8435,0.7993,0.7661627273579233,On Track,0.033137272642076665
ES-004572,2026-04-01,Education Access Project,Education,Borno,Gwoza,Gwoza Site 5,0.6949,0.7192,0.6883076024430701,Watch,0.03089239755692985
ES-000572,2026-04-01,Community Resilience Programme,Protection/Resilience,Borno,Konduga,Konduga Site 6,0.9304,0.8498,0.8582854775858001,On Track,0.008485477585800094
ES-003292,2026-04-01,Education Access Project,Education,Borno,Jere,Jere Site 1,0.7715,0.7595,0.7457346200180064,Watch,0.013765379981993564
ES-002012,2026-04-01,Livelihood Recovery Initiative,Livelihoods,Borno,Konduga,Konduga Site 3,0.6967,0.6548,0.7076669027860939,Watch,0.05286690278609385
ES-001980,2026-04-01,Livelihood Recovery Initiative,Livelihoods,Borno,Konduga,Konduga Site 2,0.7415,0.7053,0.693483392548352,Watch,0.011816607451648031
ES-001340,2026-04-01,Community Resilience Programme,Protection/Resilience,Borno,Dikwa,Dikwa Site 6,0.8415,0.7586,0.80283493341524,On Track,0.044234933415239985
ES-007452,2026-04-01,WASH Resilience Initiative,WASH,Borno,Dikwa,Dikwa Site 5,0.6927,0.7763,0.7035517427662173,Watch,0.07274825723378264
ES-002044,2026-04-01,Livelihood Recovery Initiative,Livelihoods,Borno,Konduga,Konduga Site 4,0.8393,0.7573,0.8014603744833926,On Track,0.044160374483392606
ES-001500,2026-04-01,Community Resilience Programme,Protection/Resilience,Borno,Gwoza,Gwoza Site 5,0.7875,0.751,0.7607636004700602,On Track,0.009763600470060196
ES-004668,2026-04-01,Nutrition Support Programme,Nutrition,Borno,Maiduguri,Maiduguri Site 2,0.8467,0.7683,0.8110978585608063,On Track,0.04279785856080631
ES-004604,2026-04-01,Education Access Project,Education,Borno,Gwoza,Gwoza Site 6,0.7199,0.7228,0.6902770061683928,Watch,0.03252299383160717
ES-002844,2026-04-01,Livelihood Recovery Initiative,Livelihoods,Borno,Dikwa,Dikwa Site 5,0.7442,0.7573,0.7405446211557296,Watch,0.016755378844270363
ES-006236,2026-04-01,WASH Resilience Initiative,WASH,Borno,Maiduguri,Maiduguri Site 3,0.6499,0.816,0.676585141054817,Watch,0.1394148589451829
ES-004956,2026-04-01,Nutrition Support Programme,Nutrition,Borno,Jere,Jere Site 5,0.8094,0.7567,0.774305399877573,On Track,0.017605399877572925
ES-005884,2026-04-01,Nutrition Support Programme,Nutrition,Borno,Dikwa,Dikwa Site 4,0.824,0.9031,0.7840664151521036,On Track,0.11903358484789639
ES-003260,2026-04-01,Education Access Project,Education,Borno,Maiduguri,Maiduguri Site 6,0.8667,0.8553,0.811478837772526,On Track,0.0438211622274739
ES-007420,2026-04-01,WASH Resilience Initiative,WASH,Borno,Dikwa,Dikwa Site 4,0.6287,0.7557,0.6768992971431421,Watch,0.07880070285685792
ES-001724,2026-04-01,Livelihood Recovery Initiative,Livelihoods,Borno,Maiduguri,Maiduguri Site 6,0.8689,0.8061,0.8276575573984735,On Track,0.021557557398473426
ES-004540,2026-04-01,Education Access Project,Education,Borno,Gwoza,Gwoza Site 4,0.6895,0.7253,0.6896018702860917,Watch,0.03569812971390829
ES-007484,2026-04-01,WASH Resilience Initiative,WASH,Borno,Dikwa,Dikwa Site 6,0.7206,0.7908,0.7247808932109255,Watch,0.06601910678907441
ES-004988,2026-04-01,Nutrition Support Programme,Nutrition,Borno,Jere,Jere Site 6,0.6469,0.7989,0.6659915004496656,Watch,0.13290849955033446
ES-007132,2026-04-01,WASH Resilience Initiative,WASH,Borno,Ngala,Ngala Site 1,0.7778,0.8019,0.7699484478794809,On Track,0.03195155212051903
ES-000924,2026-04-01,Community Resilience Programme,Protection/Resilience,Borno,Bama,Bama Site 5,0.94,0.97,0.8734973649038034,On Track,0.09650263509619661
ES-006268,2026-04-01,WASH Resilience Initiative,WASH,Borno,Maiduguri,Maiduguri Site 4,0.9612,0.8192,0.8905186800981543,On Track,0.07131868009815423
ES-005852,2026-04-01,Nutrition Support Programme,Nutrition,Borno,Dikwa,Dikwa Site 3,0.7834,0.7297,0.7638978972946942,On Track,0.034197897294694135
ES-005916,2026-04-01,Nutrition Support Programme,Nutrition,Borno,Dikwa,Dikwa Site 5,0.7643,0.7926,0.7577665472349618,On Track,0.03483345276503813
ES-004060,2026-04-01,Education Access Project,Education,Borno,Ngala,Ngala Site 1,0.7211,0.6942,0.7070782742303688,Watch,0.012878274230368802
ES-001276,2026-04-01,Community Resilience Programme,Protection/Resilience,Borno,Dikwa,Dikwa Site 4,0.7008,0.7289,0.7166936066754838,Watch,0.01220639332451623
ES-007388,2026-04-01,WASH Resilience Initiative,WASH,Borno,Dikwa,Dikwa Site 3,0.7165,0.7442,0.7026683225122532,Watch,0.041531677487746776
ES-007164,2026-04-01,WASH Resilience Initiative,WASH,Borno,Ngala,Ngala Site 2,0.8018,0.807,0.7645780878316246,On Track,0.04242191216837543
ES-006781,2026-05-01,WASH Resilience Initiative,WASH,Borno,Mafa,Mafa Site 2,0.68,0.6831,0.6958480081482118,Watch,0.012748008148211754
ES-001053,2026-05-01,Community Resilience Programme,Protection/Resilience,Borno,Ngala,Ngala Site 3,0.8829,0.844,0.8466234853746115,On Track,0.002623485374611545
ES-002557,2026-05-01,Livelihood Recovery Initiative,Livelihoods,Borno,Ngala,Ngala Site 2,0.9898,0.8497,0.8890555951633727,On Track,0.039355595163372725
ES-006717,2026-05-01,WASH Resilience Initiative,WASH,Borno,Konduga,Konduga Site 6,0.7679,0.7468,0.7491408913380666,Watch,0.0023408913380665863
ES-001117,2026-05-01,Community Resilience Programme,Protection/Resilience,Borno,Ngala,Ngala Site 5,0.78,0.7616,0.7616535480524091,On Track,5.354805240909144e-05
ES-001629,2026-05-01,Livelihood Recovery Initiative,Livelihoods,Borno,Maiduguri,Maiduguri Site 3,0.8294,0.7939,0.8079970242941262,On Track,0.014097024294126181
ES-006653,2026-05-01,WASH Resilience Initiative,WASH,Borno,Konduga,Konduga Site 4,0.7993,0.7186,0.7728322681216865,On Track,0.05423226812168647
ES-000189,2026-05-01,Community Resilience Programme,Protection/Resilience,Borno,Maiduguri,Maiduguri Site 6,0.6774,0.6131,0.6862892077053347,Watch,0.07318920770533477
ES-000125,2026-05-01,Community Resilience Programme,Protection/Resilience,Borno,Maiduguri,Maiduguri Site 4,0.8723,0.8478,0.848182034088256,On Track,0.00038203408825598917
ES-007261,2026-05-01,WASH Resilience Initiative,WASH,Borno,Ngala,Ngala Site 5,0.6909,0.5935,0.6916441653809597,Watch,0.09814416538095971
ES-001437,2026-05-01,Community Resilience Programme,Protection/Resilience,Borno,Gwoza,Gwoza Site 3,0.7943,0.7178,0.7667117489528696,On Track,0.04891174895286965
ES-000093,2026-05-01,Community Resilience Programme,Protection/Resilience,Borno,Maiduguri,Maiduguri Site 3,0.7563,0.8267,0.7646988508229883,On Track,0.062001149177011716
ES-002685,2026-05-01,Livelihood Recovery Initiative,Livelihoods,Borno,Ngala,Ngala Site 6,0.6618,0.7491,0.6781398644601537,Watch,0.07096013553984626
ES-006749,2026-05-01,WASH Resilience Initiative,WASH,Borno,Mafa,Mafa Site 1,0.6922,0.6695,0.6999107244653793,Watch,0.03041072446537929
ES-002525,2026-05-01,Livelihood Recovery Initiative,Livelihoods,Borno,Ngala,Ngala Site 1,0.8126,0.7539,0.7813624051815438,On Track,0.027462405181543748
ES-000157,2026-05-01,Community Resilience Programme,Protection/Resilience,Borno,Maiduguri,Maiduguri Site 5,0.753,0.8112,0.7632273464647327,On Track,0.04797265353526736
ES-006685,2026-05-01,WASH Resilience Initiative,WASH,Borno,Konduga,Konduga Site 5,0.677,0.6949,0.6883047749645739,Watch,0.006595225035426089
ES-006589,2026-05-01,WASH Resilience Initiative,WASH,Borno,Konduga,Konduga Site 2,0.777,0.6946,0.7585849523882442,On Track,0.0639849523882442
ES-002589,2026-05-01,Livelihood Recovery Initiative,Livelihoods,Borno,Ngala,Ngala Site 3,0.718,0.7866,0.7110240927671111,Watch,0.07557590723288887
ES-001085,2026-05-01,Community Resilience Programme,Protection/Resilience,Borno,Ngala,Ngala Site 4,0.6692,0.6041,0.6821532236472015,Watch,0.07805322364720158
ES-006269,2026-05-01,WASH Resilience Initiative,WASH,Borno,Maiduguri,Maiduguri Site 4,0.8192,0.7798,0.7869676580258013,On Track,0.007167658025801216
ES-001405,2026-05-01,Community Resilience Programme,Protection/Resilience,Borno,Gwoza,Gwoza Site 2,0.7431,0.7553,0.7166213291252859,Watch,0.038678670874714105
ES-001661,2026-05-01,Livelihood Recovery Initiative,Livelihoods,Borno,Maiduguri,Maiduguri Site 4,0.728,0.7172,0.734824067557157,Watch,0.017624067557157064
ES-001597,2026-05-01,Livelihood Recovery Initiative,Livelihoods,Borno,Maiduguri,Maiduguri Site 2,0.7435,0.7214,0.7116529148144022,Watch,0.009747085185597859
ES-002653,2026-05-01,Livelihood Recovery Initiative,Livelihoods,Borno,Ngala,Ngala Site 5,0.7962,0.7122,0.7589576355199235,On Track,0.0467576355199234
ES-001149,2026-05-01,Community Resilience Programme,Protection/Resilience,Borno,Ngala,Ngala Site 6,0.7862,0.7545,0.7686476939199004,On Track,0.01414769391990045
ES-001693,2026-05-01,Livelihood Recovery Initiative,Livelihoods,Borno,Maiduguri,Maiduguri Site 5,0.8872,0.8508,0.8325295419370827,On Track,0.018270458062917272
ES-000541,2026-05-01,Community Resilience Programme,Protection/Resilience,Borno,Konduga,Konduga Site 5,0.7991,0.8342,0.7627353386848552,On Track,0.07146466131514484
ES-006813,2026-05-01,WASH Resilience Initiative,WASH,Borno,Mafa,Mafa Site 3,0.8025,0.7168,0.7668377120842919,On Track,0.05003771208429186
ES-001725,2026-05-01,Livelihood Recovery Initiative,Livelihoods,Borno,Maiduguri,Maiduguri Site 6,0.8061,0.8391,0.7825927386034469,On Track,0.056507261396553043
ES-001021,2026-05-01,Community Resilience Programme,Protection/Resilience,Borno,Ngala,Ngala Site 2,0.7739,0.8156,0.7419389654433401,Watch,0.07366103455665984
ES-006621,2026-05-01,WASH Resilience Initiative,WASH,Borno,Konduga,Konduga Site 3,0.6785,0.7082,0.7191329887694909,Watch,0.010932988769490892
ES-000989,2026-05-01,Community Resilience Programme,Protection/Resilience,Borno,Ngala,Ngala Site 1,0.8857,0.7517,0.8077981894666001,On Track,0.05609818946660006
ES-002621,2026-05-01,Livelihood Recovery Initiative,Livelihoods,Borno,Ngala,Ngala Site 4,0.6982,0.6444,0.6658587048507021,Watch,0.021458704850702115
ES-000829,2026-05-01,Community Resilience Programme,Protection/Resilience,Borno,Bama,Bama Site 2,0.7887,0.7335,0.7597531137729412,On Track,0.02625311377294115
ES-005149,2026-05-01,Nutrition Support Programme,Nutrition,Borno,Konduga,Konduga Site 5,0.7287,0.7882,0.7474235732739382,Watch,0.040776426726061854
ES-006557,2026-05-01,WASH Resilience Initiative,WASH,Borno,Konduga,Konduga Site 1,0.7456,0.7432,0.7348005211897557,Watch,0.008399478810244276
ES-006141,2026-05-01,Nutrition Support Programme,Nutrition,Borno,Gwoza,Gwoza Site 6,0.7628,0.7707,0.7565109613351394,On Track,0.014189038664860654
ES-003741,2026-05-01,Education Access Project,Education,Borno,Mafa,Mafa Site 3,0.6025,0.6587,0.6523605654617027,Watch,0.006339434538297217
ES-003773,2026-05-01,Education Access Project,Education,Borno,Mafa,Mafa Site 4,0.7531,0.727,0.7668353685678059,On Track,0.039835368567805896
ES-003037,2026-05-01,Livelihood Recovery Initiative,Livelihoods,Borno,Gwoza,Gwoza Site 5,0.6747,0.6884,0.6867144245845548,Watch,0.0016855754154452285
ES-005661,2026-05-01,Nutrition Support Programme,Nutrition,Borno,Ngala,Ngala Site 3,0.7467,0.7525,0.7399752288599105,Watch,0.01252477114008943
ES-004829,2026-05-01,Nutrition Support Programme,Nutrition,Borno,Jere,Jere Site 1,0.8995,0.8096,0.8333970281661215,On Track,0.023797028166121503
ES-003805,2026-05-01,Education Access Project,Education,Borno,Mafa,Mafa Site 5,0.6598,0.7428,0.6781168403981817,Watch,0.06468315960181836
ES-000349,2026-05-01,Community Resilience Programme,Protection/Resilience,Borno,Jere,Jere Site 5,0.8795,0.8683,0.7936296658775063,On Track,0.07467033412249369
ES-005629,2026-05-01,Nutrition Support Programme,Nutrition,Borno,Ngala,Ngala Site 2,0.7746,0.7319,0.7522308655913567,On Track,0.02033086559135666
ES-003005,2026-05-01,Livelihood Recovery Initiative,Livelihoods,Borno,Gwoza,Gwoza Site 4,0.735,0.8052,0.7429268131054471,Watch,0.06227318689455297
ES-005693,2026-05-01,Nutrition Support Programme,Nutrition,Borno,Ngala,Ngala Site 4,0.7555,0.7967,0.7366205294522118,Watch,0.06007947054778817
ES-003837,2026-05-01,Education Access Project,Education,Borno,Mafa,Mafa Site 6,0.6693,0.7149,0.6890752282453454,Watch,0.025824771754654585
ES-001181,2026-05-01,Community Resilience Programme,Protection/Resilience,Borno,Dikwa,Dikwa Site 1,0.7346,0.6212,0.7118440664294439,Watch,0.09064406642944389
ES-005597,2026-05-01,Nutrition Support Programme,Nutrition,Borno,Ngala,Ngala Site 1,0.8571,0.7799,0.7773366264336408,On Track,0.0025633735663592727
ES-004861,2026-05-01,Nutrition Support Programme,Nutrition,Borno,Jere,Jere Site 2,0.3795,0.7187,0.7175531689456314,Watch,0.0011468310543686355
ES-002973,2026-05-01,Livelihood Recovery Initiative,Livelihoods,Borno,Gwoza,Gwoza Site 3,0.7862,0.7924,0.7533325862499873,On Track,0.03906741375001266
ES-003101,2026-05-01,Education Access Project,Education,Borno,Maiduguri,Maiduguri Site 1,0.8315,0.7021,0.7664986372952632,On Track,0.0643986372952633
ES-004797,2026-05-01,Nutrition Support Programme,Nutrition,Borno,Maiduguri,Maiduguri Site 6,0.7999,0.7785,0.768508589329938,On Track,0.009991410670061929
ES-004893,2026-05-01,Nutrition Support Programme,Nutrition,Borno,Jere,Jere Site 3,0.866,0.7009,0.8064211158471385,On Track,0.10552111584713852
ES-006205,2026-05-01,WASH Resilience Initiative,WASH,Borno,Maiduguri,Maiduguri Site 2,0.7509,0.7122,0.7208208978284383,Watch,0.008620897828438223
ES-003133,2026-05-01,Education Access Project,Education,Borno,Maiduguri,Maiduguri Site 2,0.7145,0.9322,0.7405476953660751,Watch,0.1916523046339249
ES-002941,2026-05-01,Livelihood Recovery Initiative,Livelihoods,Borno,Gwoza,Gwoza Site 2,0.7808,0.7425,0.7621786303351815,On Track,0.01967863033518147
ES-006909,2026-05-01,WASH Resilience Initiative,WASH,Borno,Mafa,Mafa Site 6,0.7601,0.694,0.7412195340685748,Watch,0.04721953406857482
ES-003069,2026-05-01,Livelihood Recovery Initiative,Livelihoods,Borno,Gwoza,Gwoza Site 6,0.6328,0.6881,0.6603190734984816,Watch,0.02778092650151842
ES-003709,2026-05-01,Education Access Project,Education,Borno,Mafa,Mafa Site 2,0.6617,0.6978,0.6641245861463814,Watch,0.03367541385361861
ES-005725,2026-05-01,Nutrition Support Programme,Nutrition,Borno,Ngala,Ngala Site 5,0.8394,0.8466,0.8216841615485764,On Track,0.024915838451423644
ES-003517,2026-05-01,Education Access Project,Education,Borno,Konduga,Konduga Site 2,0.8388,0.7752,0.7969063747880619,On Track,0.021706374788061922
ES-001853,2026-05-01,Livelihood Recovery Initiative,Livelihoods,Borno,Jere,Jere Site 4,0.7551,0.8394,0.7403948287363623,Watch,0.09900517126363773
ES-003869,2026-05-01,Education Access Project,Education,Borno,Bama,Bama Site 1,0.7215,0.6456,0.6866534338853374,Watch,0.04105343388533744
ES-003549,2026-05-01,Education Access Project,Education,Borno,Konduga,Konduga Site 3,0.7019,0.7139,0.6929734870632632,Watch,0.020926512936736752
ES-000029,2026-05-01,Community Resilience Programme,Protection/Resilience,Borno,Maiduguri,Maiduguri Site 1,0.8006,0.6647,0.7918924132720406,On Track,0.12719241327204067
ES-006045,2026-05-01,Nutrition Support Programme,Nutrition,Borno,Gwoza,Gwoza Site 3,0.8646,0.7651,0.8063639671302557,On Track,0.04126396713025571
ES-000957,2026-05-01,Community Resilience Programme,Protection/Resilience,Borno,Bama,Bama Site 6,0.6753,0.6332,0.6874847376909096,Watch,0.05428473769090958
ES-006973,2026-05-01,WASH Resilience Initiative,WASH,Borno,Bama,Bama Site 2,0.7197,0.7243,0.7153204945078239,Watch,0.008979505492176187
ES-001821,2026-05-01,Livelihood Recovery Initiative,Livelihoods,Borno,Jere,Jere Site 3,0.798,0.8262,0.762012553034574,On Track,0.064187446965426
ES-003581,2026-05-01,Education Access Project,Education,Borno,Konduga,Konduga Site 4,0.7667,0.7307,0.7443436815850409,Watch,0.013643681585040923
ES-000381,2026-05-01,Community Resilience Programme,Protection/Resilience,Borno,Jere,Jere Site 6,0.9334,0.7825,0.8766288169113877,On Track,0.09412881691138775
ES-003613,2026-05-01,Education Access Project,Education,Borno,Konduga,Konduga Site 5,0.8012,0.7074,0.7705026184761676,On Track,0.0631026184761676
ES-006941,2026-05-01,WASH Resilience Initiative,WASH,Borno,Bama,Bama Site 1,0.7076,0.6573,0.6956496594338125,Watch,0.03834965943381252
ES-006077,2026-05-01,Nutrition Support Programme,Nutrition,Borno,Gwoza,Gwoza Site 4,0.6371,0.5931,0.6673928594223899,Watch,0.07429285942238995
ES-000669,2026-05-01,Community Resilience Programme,Protection/Resilience,Borno,Mafa,Mafa Site 3,0.9723,0.9175,0.8936794958274928,On Track,0.02382050417250714
ES-003645,2026-05-01,Education Access Project,Education,Borno,Konduga,Konduga Site 6,0.7746,0.6362,0.7608322545080745,On Track,0.12463225450807447
ES-001789,2026-05-01,Livelihood Recovery Initiative,Livelihoods,Borno,Jere,Jere Site 2,0.7936,0.6386,0.7326826789580839,Watch,0.09408267895808398
ES-005757,2026-05-01,Nutrition Support Programme,Nutrition,Borno,Ngala,Ngala Site 6,0.8542,0.8436,0.7750339802869032,On Track,0.06856601971309684
ES-001533,2026-05-01,Community Resilience Programme,Protection/Resilience,Borno,Gwoza,Gwoza Site 6,0.6655,0.7199,0.7028408813279662,Watch,0.0170591186720338
ES-001757,2026-05-01,Livelihood Recovery Initiative,Livelihoods,Borno,Jere,Jere Site 1,0.7459,0.732,0.712725772656519,Watch,0.019274227343480943
ES-003677,2026-05-01,Education Access Project,Education,Borno,Mafa,Mafa Site 1,0.6955,0.6869,0.6866227414868451,Watch,0.0002772585131548544
ES-006109,2026-05-01,Nutrition Support Programme,Nutrition,Borno,Gwoza,Gwoza Site 5,0.7848,0.8269,0.7612181781286342,On Track,0.06568182187136573
ES-001309,2026-05-01,Community Resilience Programme,Protection/Resilience,Borno,Dikwa,Dikwa Site 5,0.6268,0.6889,0.6714162610301222,Watch,0.01748373896987776
ES-004765,2026-05-01,Nutrition Support Programme,Nutrition,Borno,Maiduguri,Maiduguri Site 5,0.7854,0.8225,0.754193795531974,On Track,0.06830620446802604
ES-003165,2026-05-01,Education Access Project,Education,Borno,Maiduguri,Maiduguri Site 3,0.8197,0.8962,0.7703726409258927,On Track,0.12582735907410725
ES-000221,2026-05-01,Community Resilience Programme,Protection/Resilience,Borno,Jere,Jere Site 1,0.9661,0.8934,0.8908667878339419,On Track,0.002533212166058063
ES-002909,2026-05-01,Livelihood Recovery Initiative,Livelihoods,Borno,Gwoza,Gwoza Site 1,0.7513,0.7747,0.7352178588637882,Watch,0.039482141136211846
ES-002749,2026-05-01,Livelihood Recovery Initiative,Livelihoods,Borno,Dikwa,Dikwa Site 2,0.6746,0.7431,0.7039168768892449,Watch,0.039183123110755114
ES-005309,2026-05-01,Nutrition Support Programme,Nutrition,Borno,Mafa,Mafa Site 4,0.8331,0.8128,0.7880847546005948,On Track,0.024715245399405172
ES-005053,2026-05-01,Nutrition Support Programme,Nutrition,Borno,Konduga,Konduga Site 2,0.7275,0.7774,0.7303259288823467,Watch,0.04707407111765327
ES-004189,2026-05-01,Education Access Project,Education,Borno,Ngala,Ngala Site 5,0.7693,0.7185,0.7378607404414333,Watch,0.01936074044143332
ES-000285,2026-05-01,Community Resilience Programme,Protection/Resilience,Borno,Jere,Jere Site 3,0.8489,0.8331,0.8181440824844939,On Track,0.014955917515506068
ES-005277,2026-05-01,Nutrition Support Programme,Nutrition,Borno,Mafa,Mafa Site 3,0.8037,0.8407,0.7669693293843171,On Track,0.07373067061568295
ES-004221,2026-05-01,Education Access Project,Education,Borno,Ngala,Ngala Site 6,0.6796,0.7606,0.6745354807353967,Watch,0.08606451926460335
ES-006173,2026-05-01,WASH Resilience Initiative,WASH,Borno,Maiduguri,Maiduguri Site 1,0.9688,0.8726,0.8816235233170728,On Track,0.00902352331707279
ES-002717,2026-05-01,Livelihood Recovery Initiative,Livelihoods,Borno,Dikwa,Dikwa Site 1,0.86,0.8035,0.8136767178014636,On Track,0.010176717801463564
ES-005245,2026-05-01,Nutrition Support Programme,Nutrition,Borno,Mafa,Mafa Site 2,0.6915,0.7396,0.710689681771481,Watch,0.028910318228519083
ES-005085,2026-05-01,Nutrition Support Programme,Nutrition,Borno,Konduga,Konduga Site 3,0.7971,0.6859,0.7639393930203746,On Track,0.07803939302037466
ES-002333,2026-05-01,Livelihood Recovery Initiative,Livelihoods,Borno,Bama,Bama Site 1,0.7146,0.6665,0.7054383218883731,Watch,0.038938321888373095
ES-000253,2026-05-01,Community Resilience Programme,Protection/Resilience,Borno,Jere,Jere Site 2,0.7464,0.7291,0.74021423031279,Watch,0.011114230312790019
ES-002493,2026-05-01,Livelihood Recovery Initiative,Livelihoods,Borno,Bama,Bama Site 6,0.6221,0.7486,0.642033131376911,Critical,0.10656686862308906
ES-005213,2026-05-01,Nutrition Support Programme,Nutrition,Borno,Mafa,Mafa Site 1,0.7705,0.7162,0.7392579385375943,Watch,0.023057938537594302
ES-002365,2026-05-01,Livelihood Recovery Initiative,Livelihoods,Borno,Bama,Bama Site 2,0.7311,0.7397,0.748440127903082,Watch,0.008740127903081985
ES-000733,2026-05-01,Community Resilience Programme,Protection/Resilience,Borno,Mafa,Mafa Site 5,0.7908,0.8126,0.7668746527399254,On Track,0.0457253472600746
ES-005117,2026-05-01,Nutrition Support Programme,Nutrition,Borno,Konduga,Konduga Site 4,0.7801,0.7722,0.7660194323684544,On Track,0.006180567631545619
ES-001245,2026-05-01,Community Resilience Programme,Protection/Resilience,Borno,Dikwa,Dikwa Site 3,0.6746,0.6913,0.6875567623772952,Watch,0.003743237622704787
ES-002461,2026-05-01,Livelihood Recovery Initiative,Livelihoods,Borno,Bama,Bama Site 5,0.7447,0.7749,0.7361452079780958,Watch,0.03875479202190424
ES-005181,2026-05-01,Nutrition Support Programme,Nutrition,Borno,Konduga,Konduga Site 6,0.7157,0.7613,0.7060591020702829,Watch,0.05524089792971709
ES-002397,2026-05-01,Livelihood Recovery Initiative,Livelihoods,Borno,Bama,Bama Site 3,0.7985,0.7516,0.7750040390917329,On Track,0.02340403909173283
ES-002429,2026-05-01,Livelihood Recovery Initiative,Livelihoods,Borno,Bama,Bama Site 4,0.786,0.7743,0.7788281904182963,On Track,0.0045281904182963295
ES-004157,2026-05-01,Education Access Project,Education,Borno,Ngala,Ngala Site 4,0.6272,0.6518,0.653544549533633,Watch,0.0017445495336328998
ES-006013,2026-05-01,Nutrition Support Programme,Nutrition,Borno,Gwoza,Gwoza Site 2,0.7111,0.7184,0.6934842381172246,Watch,0.024915761882775445
ES-000701,2026-05-01,Community Resilience Programme,Protection/Resilience,Borno,Mafa,Mafa Site 4,0.7875,0.8385,0.7825570521937708,On Track,0.055942947806229215
ES-005021,2026-05-01,Nutrition Support Programme,Nutrition,Borno,Konduga,Konduga Site 1,0.7741,0.8222,0.7526010342201389,On Track,0.06959896577986113
ES-004733,2026-05-01,Nutrition Support Programme,Nutrition,Borno,Maiduguri,Maiduguri Site 4,0.8345,0.812,0.8127856386967284,On Track,0.0007856386967283191
ES-004925,2026-05-01,Nutrition Support Programme,Nutrition,Borno,Jere,Jere Site 4,0.8058,0.7969,0.7740309062172377,On Track,0.022869093782762362
ES-003197,2026-05-01,Education Access Project,Education,Borno,Maiduguri,Maiduguri Site 4,0.7968,0.7433,0.7464534690466418,Watch,0.0031534690466418214
ES-000765,2026-05-01,Community Resilience Programme,Protection/Resilience,Borno,Mafa,Mafa Site 6,0.7666,0.804,0.7566193188033359,On Track,0.047380681196664165
ES-000317,2026-05-01,Community Resilience Programme,Protection/Resilience,Borno,Jere,Jere Site 4,0.907,0.8896,0.8478624613720728,On Track,0.04173753862792717
ES-003229,2026-05-01,Education Access Project,Education,Borno,Maiduguri,Maiduguri Site 5,0.7472,0.7451,0.7083641340708533,Watch,0.03673586592914668
ES-004701,2026-05-01,Nutrition Support Programme,Nutrition,Borno,Maiduguri,Maiduguri Site 3,0.8229,0.7579,0.7720168270330067,On Track,0.014116827033006651
ES-002877,2026-05-01,Livelihood Recovery Initiative,Livelihoods,Borno,Dikwa,Dikwa Site 6,0.688,0.6617,0.6735406657792289,Watch,0.011840665779228932
ES-006333,2026-05-01,WASH Resilience Initiative,WASH,Borno,Maiduguri,Maiduguri Site 6,0.8059,0.9065,0.7876748430580219,On Track,0.11882515694197804
ES-004669,2026-05-01,Nutrition Support Programme,Nutrition,Borno,Maiduguri,Maiduguri Site 2,0.7683,0.8656,0.7762086560231091,On Track,0.08939134397689097
ES-004957,2026-05-01,Nutrition Support Programme,Nutrition,Borno,Jere,Jere Site 5,0.7567,0.8006,0.7630850203930831,On Track,0.037514979606916854
ES-002845,2026-05-01,Livelihood Recovery Initiative,Livelihoods,Borno,Dikwa,Dikwa Site 5,0.7573,0.6619,0.7336449801881042,Watch,0.07174498018810416
ES-004637,2026-05-01,Nutrition Support Programme,Nutrition,Borno,Maiduguri,Maiduguri Site 1,0.8072,0.6849,0.7732448569621503,On Track,0.08834485696215033
ES-004989,2026-05-01,Nutrition Support Programme,Nutrition,Borno,Jere,Jere Site 6,0.7989,0.7532,0.7691991212471516,On Track,0.015999121247151638
ES-004061,2026-05-01,Education Access Project,Education,Borno,Ngala,Ngala Site 1,0.6942,0.7455,0.6785494102256001,Watch,0.06695058977439994
ES-007197,2026-05-01,WASH Resilience Initiative,WASH,Borno,Ngala,Ngala Site 3,0.2927,0.7245,0.6585881359048092,Watch,0.06591186409519079
ES-002813,2026-05-01,Livelihood Recovery Initiative,Livelihoods,Borno,Dikwa,Dikwa Site 4,0.7527,0.7305,0.7446046165905574,Watch,0.014104616590557395
ES-001277,2026-05-01,Community Resilience Programme,Protection/Resilience,Borno,Dikwa,Dikwa Site 4,0.7289,0.7381,0.7245556130799837,Watch,0.01354438692001625
ES-001213,2026-05-01,Community Resilience Programme,Protection/Resilience,Borno,Dikwa,Dikwa Site 2,0.7593,0.7006,0.7253243542634396,Watch,0.024724354263439552
ES-005373,2026-05-01,Nutrition Support Programme,Nutrition,Borno,Mafa,Mafa Site 6,0.7641,0.7978,0.7711707625649015,On Track,0.026629237435098485
ES-002781,2026-05-01,Livelihood Recovery Initiative,Livelihoods,Borno,Dikwa,Dikwa Site 3,0.7146,0.7059,0.7252054405391829,Watch,0.019305440539182928
ES-004093,2026-05-01,Education Access Project,Education,Borno,Ngala,Ngala Site 2,0.8074,0.7312,0.769853942914994,On Track,0.03865394291499402
ES-004125,2026-05-01,Education Access Project,Education,Borno,Ngala,Ngala Site 3,0.6667,0.7405,0.6617962316674634,Watch,0.07870376833253667
ES-005341,2026-05-01,Nutrition Support Programme,Nutrition,Borno,Mafa,Mafa Site 5,0.8691,0.861,0.8155847596304092,On Track,0.04541524036959077
ES-007037,2026-05-01,WASH Resilience Initiative,WASH,Borno,Bama,Bama Site 4,0.8657,0.7832,0.773540320887615,On Track,0.009659679112384967
ES-007005,2026-05-01,WASH Resilience Initiative,WASH,Borno,Bama,Bama Site 3,0.6878,0.7548,0.7020502995069141,Watch,0.052749700493085916
ES-005789,2026-05-01,Nutrition Support Programme,Nutrition,Borno,Dikwa,Dikwa Site 1,0.7845,0.7521,0.7422230436353562,Watch,0.009876956364643807
ES-000477,2026-05-01,Community Resilience Programme,Protection/Resilience,Borno,Konduga,Konduga Site 3,0.8187,0.7314,0.8119288056536359,On Track,0.08052880565363585
ES-005533,2026-05-01,Nutrition Support Programme,Nutrition,Borno,Bama,Bama Site 5,0.7632,0.755,0.7383431484675131,Watch,0.01665685153248686
ES-004317,2026-05-01,Education Access Project,Education,Borno,Dikwa,Dikwa Site 3,0.7283,0.6055,0.707484096113217,Watch,0.10198409611321702
ES-006845,2026-05-01,WASH Resilience Initiative,WASH,Borno,Mafa,Mafa Site 4,0.6639,0.6772,0.6677998542106343,Watch,0.009400145789365766
ES-007677,2026-05-01,WASH Resilience Initiative,WASH,Borno,Gwoza,Gwoza Site 6,0.7129,0.6883,0.7095535323121208,Watch,0.021253532312120793
ES-001469,2026-05-01,Community Resilience Programme,Protection/Resilience,Borno,Gwoza,Gwoza Site 4,0.721,0.8647,0.71092311845068,Watch,0.15377688154932
ES-002173,2026-05-01,Livelihood Recovery Initiative,Livelihoods,Borno,Mafa,Mafa Site 2,0.7081,0.7333,0.6986863059713787,Watch,0.034613694028621245
ES-004349,2026-05-01,Education Access Project,Education,Borno,Dikwa,Dikwa Site 4,0.7335,0.7233,0.7392390168526016,Watch,0.015939016852601573
ES-007293,2026-05-01,WASH Resilience Initiative,WASH,Borno,Ngala,Ngala Site 6,0.6084,0.793,0.6141195468086373,Critical,0.1788804531913627
ES-007645,2026-05-01,WASH Resilience Initiative,WASH,Borno,Gwoza,Gwoza Site 5,0.6122,0.6128,0.6297954692727638,Critical,0.01699546927276374
ES-006365,2026-05-01,WASH Resilience Initiative,WASH,Borno,Jere,Jere Site 1,0.8105,0.6832,0.7603751396486756,On Track,0.07717513964867562
ES-005565,2026-05-01,Nutrition Support Programme,Nutrition,Borno,Bama,Bama Site 6,0.6543,0.7326,0.7011525887321475,Watch,0.031447411267852554
ES-004381,2026-05-01,Education Access Project,Education,Borno,Dikwa,Dikwa Site 5,0.7239,0.852,0.7144935352299626,Watch,0.13750646477003736
ES-000797,2026-05-01,Community Resilience Programme,Protection/Resilience,Borno,Bama,Bama Site 1,0.736,0.72,0.7196346623261721,Watch,0.000365337673827848
ES-002141,2026-05-01,Livelihood Recovery Initiative,Livelihoods,Borno,Mafa,Mafa Site 1,0.8512,0.7847,0.7795504129484869,On Track,0.005149587051513027
ES-007613,2026-05-01,WASH Resilience Initiative,WASH,Borno,Gwoza,Gwoza Site 4,0.6568,0.6323,0.6709098753633218,Watch,0.03860987536332183
ES-004413,2026-05-01,Education Access Project,Education,Borno,Dikwa,Dikwa Site 6,0.7614,0.7967,0.7441225951563395,Watch,0.05257740484366047
ES-000061,2026-05-01,Community Resilience Programme,Protection/Resilience,Borno,Maiduguri,Maiduguri Site 2,0.8451,0.7991,0.8122358234217543,On Track,0.013135823421754234
ES-000893,2026-05-01,Community Resilience Programme,Protection/Resilience,Borno,Bama,Bama Site 4,0.7993,0.856,0.7937700012692275,On Track,0.06222999873077251
ES-007581,2026-05-01,WASH Resilience Initiative,WASH,Borno,Gwoza,Gwoza Site 3,0.7585,0.7013,0.7468524217112101,Watch,0.0455524217112101
ES-002109,2026-05-01,Livelihood Recovery Initiative,Livelihoods,Borno,Konduga,Konduga Site 6,0.8182,0.8506,0.7804229054283214,On Track,0.07017709457167864
ES-004445,2026-05-01,Education Access Project,Education,Borno,Gwoza,Gwoza Site 1,0.6784,0.6626,0.6819767077641817,Watch,0.019376707764181766
ES-000637,2026-05-01,Community Resilience Programme,Protection/Resilience,Borno,Mafa,Mafa Site 2,0.9121,0.9765,0.8509828935432234,On Track,0.1255171064567766
ES-004285,2026-05-01,Education Access Project,Education,Borno,Dikwa,Dikwa Site 2,0.7738,0.7054,0.75215223557193,On Track,0.04675223557192998
ES-004253,2026-05-01,Education Access Project,Education,Borno,Dikwa,Dikwa Site 1,0.7364,0.6746,0.7184446429830033,Watch,0.04384464298300328
ES-002205,2026-05-01,Livelihood Recovery Initiative,Livelihoods,Borno,Mafa,Mafa Site 3,0.6861,0.6599,0.6928208992755752,Watch,0.03292089927557518
ES-005405,2026-05-01,Nutrition Support Programme,Nutrition,Borno,Bama,Bama Site 1,0.6876,0.6583,0.6891375518461333,Watch,0.03083755184613335
ES-003901,2026-05-01,Education Access Project,Education,Borno,Bama,Bama Site 2,0.7024,0.6307,0.6946620659832384,Watch,0.06396206598323839
ES-001565,2026-05-01,Livelihood Recovery Initiative,Livelihoods,Borno,Maiduguri,Maiduguri Site 1,0.8206,0.7577,0.7825127146412655,On Track,0.024812714641265443
ES-000509,2026-05-01,Community Resilience Programme,Protection/Resilience,Borno,Konduga,Konduga Site 4,0.9195,0.813,0.8468177061819742,On Track,0.033817706181974216
ES-006525,2026-05-01,WASH Resilience Initiative,WASH,Borno,Jere,Jere Site 6,0.8274,0.8091,0.7580904728047665,On Track,0.05100952719523355
ES-002301,2026-05-01,Livelihood Recovery Initiative,Livelihoods,Borno,Mafa,Mafa Site 6,0.8474,0.6912,0.7671862218137026,On Track,0.07598622181370251
ES-003933,2026-05-01,Education Access Project,Education,Borno,Bama,Bama Site 3,0.6377,0.6031,0.650478217536245,Watch,0.04737821753624505
ES-005437,2026-05-01,Nutrition Support Programme,Nutrition,Borno,Bama,Bama Site 2,0.7582,0.7815,0.7555739093005992,On Track,0.025926090699400772
ES-006493,2026-05-01,WASH Resilience Initiative,WASH,Borno,Jere,Jere Site 5,0.7287,0.3135,0.7182458053691391,Watch,0.40474580536913907
ES-000605,2026-05-01,Community Resilience Programme,Protection/Resilience,Borno,Mafa,Mafa Site 1,0.9711,0.8781,0.9126632150341834,On Track,0.03456321503418336
ES-002269,2026-05-01,Livelihood Recovery Initiative,Livelihoods,Borno,Mafa,Mafa Site 5,0.6286,0.7754,0.6922043831616731,Watch,0.08319561683832688
ES-003965,2026-05-01,Education Access Project,Education,Borno,Bama,Bama Site 4,0.7161,0.7061,0.6975249489711731,Watch,0.00857505102882683
ES-006461,2026-05-01,WASH Resilience Initiative,WASH,Borno,Jere,Jere Site 4,0.7452,0.6989,0.7408164547511407,Watch,0.0419164547511407
ES-005469,2026-05-01,Nutrition Support Programme,Nutrition,Borno,Bama,Bama Site 3,0.7937,0.8498,0.761808723279273,On Track,0.08799127672072704
ES-002237,2026-05-01,Livelihood Recovery Initiative,Livelihoods,Borno,Mafa,Mafa Site 4,0.6995,0.6847,0.6977442006312797,Watch,0.013044200631279756
ES-003997,2026-05-01,Education Access Project,Education,Borno,Bama,Bama Site 5,0.7325,0.7841,0.7154130953180418,Watch,0.06868690468195826
ES-000861,2026-05-01,Community Resilience Programme,Protection/Resilience,Borno,Bama,Bama Site 3,0.7768,0.722,0.7921314674565065,On Track,0.07013146745650656
ES-006429,2026-05-01,WASH Resilience Initiative,WASH,Borno,Jere,Jere Site 3,0.7847,0.6939,0.7611306958163463,On Track,0.06723069581634633
ES-005501,2026-05-01,Nutrition Support Programme,Nutrition,Borno,Bama,Bama Site 4,0.9008,0.7941,0.8200672151829796,On Track,0.02596721518297962
ES-004029,2026-05-01,Education Access Project,Education,Borno,Bama,Bama Site 6,0.7247,0.8024,0.7354548989300494,Watch,0.06694510106995055
ES-001373,2026-05-01,Community Resilience Programme,Protection/Resilience,Borno,Gwoza,Gwoza Site 1,0.8102,0.739,0.807899047807742,On Track,0.06889904780774203
ES-006301,2026-05-01,WASH Resilience Initiative,WASH,Borno,Maiduguri,Maiduguri Site 5,0.7051,0.6653,0.7052721230408897,Watch,0.03997212304088971
ES-006397,2026-05-01,WASH Resilience Initiative,WASH,Borno,Jere,Jere Site 2,0.8105,0.7547,0.7654619385486942,On Track,0.010761938548694117
ES-007229,2026-05-01,WASH Resilience Initiative,WASH,Borno,Ngala,Ngala Site 4,0.596,0.668,0.6217127435794312,Critical,0.046287256420568856
ES-007549,2026-05-01,WASH Resilience Initiative,WASH,Borno,Gwoza,Gwoza Site 2,0.7847,0.7712,0.755953169822686,On Track,0.015246830177313986
ES-003261,2026-05-01,Education Access Project,Education,Borno,Maiduguri,Maiduguri Site 6,0.8553,0.7227,0.7969442402768265,On Track,0.07424424027682652
ES-000445,2026-05-01,Community Resilience Programme,Protection/Resilience,Borno,Konduga,Konduga Site 2,0.7719,0.7257,0.7525595238241732,On Track,0.026859523824173226
ES-001981,2026-05-01,Livelihood Recovery Initiative,Livelihoods,Borno,Konduga,Konduga Site 2,0.7053,0.6866,0.7098360553199989,Watch,0.02323605531999895
ES-003293,2026-05-01,Education Access Project,Education,Borno,Jere,Jere Site 1,0.7595,0.7983,0.7527563632171641,On Track,0.045543636782835906
ES-004477,2026-05-01,Education Access Project,Education,Borno,Gwoza,Gwoza Site 2,0.6748,0.5815,0.6727680774108264,Watch,0.09126807741082643
ES-005917,2026-05-01,Nutrition Support Programme,Nutrition,Borno,Dikwa,Dikwa Site 5,0.7926,0.8126,0.7749279835019108,On Track,0.037672016498089156
ES-003325,2026-05-01,Education Access Project,Education,Borno,Jere,Jere Site 2,0.803,0.7584,0.7750616996141423,On Track,0.016661699614142322
ES-000925,2026-05-01,Community Resilience Programme,Protection/Resilience,Borno,Bama,Bama Site 5,0.97,0.8366,0.9014181720625173,On Track,0.06481817206251728
ES-007357,2026-05-01,WASH Resilience Initiative,WASH,Borno,Dikwa,Dikwa Site 2,0.7774,0.7757,0.7601719830015139,On Track,0.01552801699848605
ES-001501,2026-05-01,Community Resilience Programme,Protection/Resilience,Borno,Gwoza,Gwoza Site 5,0.751,0.7183,0.7397323532726512,Watch,0.02143235327265114
ES-003357,2026-05-01,Education Access Project,Education,Borno,Jere,Jere Site 3,0.7198,0.7234,0.6949962979716134,Watch,0.0284037020283866
ES-006877,2026-05-01,WASH Resilience Initiative,WASH,Borno,Mafa,Mafa Site 5,0.7931,0.8194,0.7615674270335174,On Track,0.05783257296648259
ES-000413,2026-05-01,Community Resilience Programme,Protection/Resilience,Borno,Konduga,Konduga Site 1,0.8411,0.8552,0.8358102437490467,On Track,0.019389756250953294
ES-007165,2026-05-01,WASH Resilience Initiative,WASH,Borno,Ngala,Ngala Site 2,0.807,0.7635,0.7802976656333791,On Track,0.016797665633379144
ES-001949,2026-05-01,Livelihood Recovery Initiative,Livelihoods,Borno,Konduga,Konduga Site 1,0.7678,0.7847,0.7423145223674439,Watch,0.04238547763255607
ES-005949,2026-05-01,Nutrition Support Programme,Nutrition,Borno,Dikwa,Dikwa Site 6,0.7392,0.7291,0.7563235473757534,On Track,0.027223547375753387
ES-003389,2026-05-01,Education Access Project,Education,Borno,Jere,Jere Site 4,0.783,0.7873,0.7615762886193209,On Track,0.025723711380679082
ES-000573,2026-05-01,Community Resilience Programme,Protection/Resilience,Borno,Konduga,Konduga Site 6,0.8498,0.8723,0.8117042613906381,On Track,0.06059573860936185
ES-007101,2026-05-01,WASH Resilience Initiative,WASH,Borno,Bama,Bama Site 6,0.7415,0.7121,0.7233466790824155,Watch,0.0112466790824155
ES-001917,2026-05-01,Livelihood Recovery Initiative,Livelihoods,Borno,Jere,Jere Site 6,0.8685,0.8911,0.7985647937716549,On Track,0.0925352062283451
ES-003421,2026-05-01,Education Access Project,Education,Borno,Jere,Jere Site 5,0.8002,0.7845,0.7740237677222133,On Track,0.010476232277786712
ES-005981,2026-05-01,Nutrition Support Programme,Nutrition,Borno,Gwoza,Gwoza Site 1,0.7869,0.8021,0.7683730264432324,On Track,0.03372697355676768
ES-003453,2026-05-01,Education Access Project,Education,Borno,Jere,Jere Site 6,0.7681,0.7711,0.7593975358240748,On Track,0.011702464175925242
ES-007069,2026-05-01,WASH Resilience Initiative,WASH,Borno,Bama,Bama Site 5,0.7354,0.7113,0.7239171770325015,Watch,0.012617177032501425
ES-001885,2026-05-01,Livelihood Recovery Initiative,Livelihoods,Borno,Jere,Jere Site 5,0.8111,0.8879,0.769031824767383,On Track,0.11886817523261706
ES-003485,2026-05-01,Education Access Project,Education,Borno,Konduga,Konduga Site 1,0.9592,1.0304,0.9000857071579467,On Track,0.13031429284205331
ES-007325,2026-05-01,WASH Resilience Initiative,WASH,Borno,Dikwa,Dikwa Site 1,0.7592,0.8031,0.7534105310691438,On Track,0.04968946893085624
ES-007421,2026-05-01,WASH Resilience Initiative,WASH,Borno,Dikwa,Dikwa Site 4,0.7557,0.8215,0.7523235357714387,On Track,0.06917646422856127
ES-007389,2026-05-01,WASH Resilience Initiative,WASH,Borno,Dikwa,Dikwa Site 3,0.7442,0.7159,0.7244952814012209,Watch,0.0085952814012209
ES-001341,2026-05-01,Community Resilience Programme,Protection/Resilience,Borno,Dikwa,Dikwa Site 6,0.7586,0.7575,0.7542191659285216,On Track,0.003280834071478389
ES-004605,2026-05-01,Education Access Project,Education,Borno,Gwoza,Gwoza Site 6,0.7228,0.6356,0.6960050024217577,Watch,0.060405002421757614
ES-006237,2026-05-01,WASH Resilience Initiative,WASH,Borno,Maiduguri,Maiduguri Site 3,0.816,0.7282,0.7700001581466492,On Track,0.04180015814664928
ES-005885,2026-05-01,Nutrition Support Programme,Nutrition,Borno,Dikwa,Dikwa Site 4,0.9031,0.8349,0.844571677969403,On Track,0.009671677969403047
ES-007453,2026-05-01,WASH Resilience Initiative,WASH,Borno,Dikwa,Dikwa Site 5,0.7763,0.6404,0.7352892967052602,Watch,0.09488929670526025
ES-002013,2026-05-01,Livelihood Recovery Initiative,Livelihoods,Borno,Konduga,Konduga Site 3,0.6548,0.7421,0.6643509033083547,Watch,0.07774909669164531
ES-004573,2026-05-01,Education Access Project,Education,Borno,Gwoza,Gwoza Site 5,0.7192,0.6719,0.7017102018930806,Watch,0.02981020189308059
ES-005821,2026-05-01,Nutrition Support Programme,Nutrition,Borno,Dikwa,Dikwa Site 2,0.8844,0.8105,0.7670736271426065,On Track,0.04342637285739348
ES-007133,2026-05-01,WASH Resilience Initiative,WASH,Borno,Ngala,Ngala Site 1,0.8019,0.7598,0.7675826596583555,On Track,0.007782659658355451
ES-005853,2026-05-01,Nutrition Support Programme,Nutrition,Borno,Dikwa,Dikwa Site 3,0.7297,0.6946,0.7559439001907353,On Track,0.06134390019073532
ES-004509,2026-05-01,Education Access Project,Education,Borno,Gwoza,Gwoza Site 3,0.6412,0.6912,0.6494386431464315,Critical,0.04176135685356852
ES-002045,2026-05-01,Livelihood Recovery Initiative,Livelihoods,Borno,Konduga,Konduga Site 4,0.7573,0.7239,0.7443142365771186,Watch,0.020414236577118605
ES-007517,2026-05-01,WASH Resilience Initiative,WASH,Borno,Gwoza,Gwoza Site 1,0.6709,0.6949,0.6740779889663788,Watch,0.020822011033621135
ES-007485,2026-05-01,WASH Resilience Initiative,WASH,Borno,Dikwa,Dikwa Site 6,0.7908,0.9031,0.7656549975067412,On Track,0.13744500249325886
ES-004541,2026-05-01,Education Access Project,Education,Borno,Gwoza,Gwoza Site 4,0.7253,0.6082,0.709770469363872,Watch,0.10157046936387204
ES-002077,2026-05-01,Livelihood Recovery Initiative,Livelihoods,Borno,Konduga,Konduga Site 5,0.8006,0.7903,0.7747382520883164,On Track,0.015561747911683632
ES-000030,2026-06-01,Community Resilience Programme,Protection/Resilience,Borno,Maiduguri,Maiduguri Site 1,0.6647,0.6426,0.6752631652748793,Watch,0.032663165274879336
ES-007262,2026-06-01,WASH Resilience Initiative,WASH,Borno,Ngala,Ngala Site 5,0.5935,0.597,0.6565066526572202,Watch,0.059506652657220216
ES-006206,2026-06-01,WASH Resilience Initiative,WASH,Borno,Maiduguri,Maiduguri Site 2,0.7122,0.7764,0.7183168303502376,Watch,0.058083169649762345
ES-006910,2026-06-01,WASH Resilience Initiative,WASH,Borno,Mafa,Mafa Site 6,0.694,0.6462,0.6921993174265169,Watch,0.04599931742651686
ES-000094,2026-06-01,Community Resilience Programme,Protection/Resilience,Borno,Maiduguri,Maiduguri Site 3,0.8267,0.7148,0.809159246562497,On Track,0.09435924656249706
ES-000062,2026-06-01,Community Resilience Programme,Protection/Resilience,Borno,Maiduguri,Maiduguri Site 2,0.7991,0.8603,0.7668589255549527,On Track,0.09344107444504723
ES-006174,2026-06-01,WASH Resilience Initiative,WASH,Borno,Maiduguri,Maiduguri Site 1,0.8726,0.7586,0.8392083584065854,On Track,0.08060835840658531
ES-000734,2026-06-01,Community Resilience Programme,Protection/Resilience,Borno,Mafa,Mafa Site 5,0.8126,0.7656,0.8051614946350036,On Track,0.03956149463500369
ES-000766,2026-06-01,Community Resilience Programme,Protection/Resilience,Borno,Mafa,Mafa Site 6,0.804,0.7514,0.8023656244311898,On Track,0.05096562443118979
ES-006846,2026-06-01,WASH Resilience Initiative,WASH,Borno,Mafa,Mafa Site 4,0.6772,0.8025,0.6981060722893123,Watch,0.10439392771068767
ES-006814,2026-06-01,WASH Resilience Initiative,WASH,Borno,Mafa,Mafa Site 3,0.7168,0.5466,0.7186271539301058,Watch,0.17202715393010581
ES-006878,2026-06-01,WASH Resilience Initiative,WASH,Borno,Mafa,Mafa Site 5,0.8194,0.8123,0.780748965400461,On Track,0.03155103459953901
ES-000702,2026-06-01,Community Resilience Programme,Protection/Resilience,Borno,Mafa,Mafa Site 4,0.8385,0.8922,0.8131143427493788,On Track,0.07908565725062122
ES-000670,2026-06-01,Community Resilience Programme,Protection/Resilience,Borno,Mafa,Mafa Site 3,0.9175,0.7974,0.855599715489857,On Track,0.05819971548985703
ES-000798,2026-06-01,Community Resilience Programme,Protection/Resilience,Borno,Bama,Bama Site 1,0.72,0.85,0.7167810477905072,Watch,0.13321895220949276
ES-000638,2026-06-01,Community Resilience Programme,Protection/Resilience,Borno,Mafa,Mafa Site 2,0.9765,0.795,0.8905592413126688,On Track,0.0955592413126688
ES-006238,2026-06-01,WASH Resilience Initiative,WASH,Borno,Maiduguri,Maiduguri Site 3,0.7282,0.6669,0.7163349318506836,Watch,0.049434931850683594
ES-006270,2026-06-01,WASH Resilience Initiative,WASH,Borno,Maiduguri,Maiduguri Site 4,0.7798,0.8387,0.7693048537826557,On Track,0.06939514621734433
ES-000574,2026-06-01,Community Resilience Programme,Protection/Resilience,Borno,Konduga,Konduga Site 6,0.8723,0.9014,0.8526140424058323,On Track,0.048785957594167706
ES-004798,2026-06-01,Nutrition Support Programme,Nutrition,Borno,Maiduguri,Maiduguri Site 6,0.7785,0.7378,0.7688678633656472,On Track,0.031067863365647153
ES-006782,2026-06-01,WASH Resilience Initiative,WASH,Borno,Mafa,Mafa Site 2,0.6831,0.7279,0.7132311402732078,Watch,0.014668859726792216
ES-005054,2026-06-01,Nutrition Support Programme,Nutrition,Borno,Konduga,Konduga Site 2,0.7774,0.7692,0.7580435648971015,On Track,0.011156435102898543
ES-002750,2026-06-01,Livelihood Recovery Initiative,Livelihoods,Borno,Dikwa,Dikwa Site 2,0.7431,0.6588,0.7418531808848946,Watch,0.08305318088489455
ES-005022,2026-06-01,Nutrition Support Programme,Nutrition,Borno,Konduga,Konduga Site 1,0.8222,0.7741,0.7841100825165849,On Track,0.010010082516584862
ES-002782,2026-06-01,Livelihood Recovery Initiative,Livelihoods,Borno,Dikwa,Dikwa Site 3,0.7059,0.6382,0.6991438926436068,Watch,0.06094389264360678
ES-004990,2026-06-01,Nutrition Support Programme,Nutrition,Borno,Jere,Jere Site 6,0.7532,0.6139,0.7706202181980197,On Track,0.15672021819801973
ES-002814,2026-06-01,Livelihood Recovery Initiative,Livelihoods,Borno,Dikwa,Dikwa Site 4,0.7305,0.8013,0.7295188480188147,Watch,0.07178115198118529
ES-002846,2026-06-01,Livelihood Recovery Initiative,Livelihoods,Borno,Dikwa,Dikwa Site 5,0.6619,0.7438,0.6814554761373438,Watch,0.06234452386265621
ES-001278,2026-06-01,Community Resilience Programme,Protection/Resilience,Borno,Dikwa,Dikwa Site 4,0.7381,0.7649,0.7228820090480549,Watch,0.04201799095194514
ES-004958,2026-06-01,Nutrition Support Programme,Nutrition,Borno,Jere,Jere Site 5,0.8006,0.7044,0.7529146914604916,On Track,0.04851469146049159
ES-002878,2026-06-01,Livelihood Recovery Initiative,Livelihoods,Borno,Dikwa,Dikwa Site 6,0.6617,0.546,0.6719549774458717,Watch,0.1259549774458717
ES-000222,2026-06-01,Community Resilience Programme,Protection/Resilience,Borno,Jere,Jere Site 1,0.8934,0.9405,0.8408409947460728,On Track,0.09965900525392724
ES-002718,2026-06-01,Livelihood Recovery Initiative,Livelihoods,Borno,Dikwa,Dikwa Site 1,0.8035,0.7313,0.7903173845906106,On Track,0.05901738459061068
ES-004926,2026-06-01,Nutrition Support Programme,Nutrition,Borno,Jere,Jere Site 4,0.7969,0.8273,0.7787678295716416,On Track,0.048532170428358445
ES-002942,2026-06-01,Livelihood Recovery Initiative,Livelihoods,Borno,Gwoza,Gwoza Site 2,0.7425,0.7958,0.7491770038523246,Watch,0.0466229961476754
ES-004894,2026-06-01,Nutrition Support Programme,Nutrition,Borno,Jere,Jere Site 3,0.7009,0.7578,0.7382794213297932,Watch,0.019520578670206845
ES-002974,2026-06-01,Livelihood Recovery Initiative,Livelihoods,Borno,Gwoza,Gwoza Site 3,0.7924,0.7312,0.7606219939023082,On Track,0.029421993902308263
ES-004862,2026-06-01,Nutrition Support Programme,Nutrition,Borno,Jere,Jere Site 2,0.7187,0.8007,0.7114004214320159,Watch,0.0892995785679841
ES-003006,2026-06-01,Livelihood Recovery Initiative,Livelihoods,Borno,Gwoza,Gwoza Site 4,0.8052,0.6719,0.7451900958733231,Watch,0.07329009587332302
ES-004830,2026-06-01,Nutrition Support Programme,Nutrition,Borno,Jere,Jere Site 1,0.8096,0.7983,0.7623268013410591,On Track,0.035973198658940886
ES-003038,2026-06-01,Livelihood Recovery Initiative,Livelihoods,Borno,Gwoza,Gwoza Site 5,0.6884,0.7197,0.697461883759244,Watch,0.022238116240756
ES-006142,2026-06-01,Nutrition Support Programme,Nutrition,Borno,Gwoza,Gwoza Site 6,0.7707,0.6813,0.7284627760371626,Watch,0.04716277603716257
ES-003070,2026-06-01,Livelihood Recovery Initiative,Livelihoods,Borno,Gwoza,Gwoza Site 6,0.6881,0.67,0.672648512970982,Watch,0.0026485129709820088
ES-001310,2026-06-01,Community Resilience Programme,Protection/Resilience,Borno,Dikwa,Dikwa Site 5,0.6889,0.7067,0.6903047656607435,Watch,0.016395234339256493
ES-006110,2026-06-01,Nutrition Support Programme,Nutrition,Borno,Gwoza,Gwoza Site 5,0.8269,0.8728,0.7666580729372995,On Track,0.10614192706270054
ES-002910,2026-06-01,Livelihood Recovery Initiative,Livelihoods,Borno,Gwoza,Gwoza Site 1,0.7747,0.7489,0.735612751245246,Watch,0.013287248754753955
ES-001758,2026-06-01,Livelihood Recovery Initiative,Livelihoods,Borno,Jere,Jere Site 1,0.732,0.6794,0.7073276879880281,Watch,0.027927687988028138
ES-005086,2026-06-01,Nutrition Support Programme,Nutrition,Borno,Konduga,Konduga Site 3,0.6859,0.7485,0.7056293590348516,Watch,0.04287064096514848
ES-002494,2026-06-01,Livelihood Recovery Initiative,Livelihoods,Borno,Bama,Bama Site 6,0.7486,0.7601,0.733224709461735,Watch,0.026875290538264984
ES-004638,2026-06-01,Nutrition Support Programme,Nutrition,Borno,Maiduguri,Maiduguri Site 1,0.6849,0.7393,0.7087232317647999,Watch,0.030576768235200058
ES-004062,2026-06-01,Education Access Project,Education,Borno,Ngala,Ngala Site 1,0.7455,0.6489,0.7293196339420951,Watch,0.08041963394209506
ES-001214,2026-06-01,Community Resilience Programme,Protection/Resilience,Borno,Dikwa,Dikwa Site 2,0.7006,0.6977,0.7195797577811633,Watch,0.021879757781163356
ES-005374,2026-06-01,Nutrition Support Programme,Nutrition,Borno,Mafa,Mafa Site 6,0.7978,0.743,0.7620798809542244,On Track,0.019079880954224415
ES-004094,2026-06-01,Education Access Project,Education,Borno,Ngala,Ngala Site 2,0.7312,0.6655,0.726358606874951,Watch,0.06085860687495104
ES-004126,2026-06-01,Education Access Project,Education,Borno,Ngala,Ngala Site 3,0.7405,0.5993,0.7240290257189553,Watch,0.12472902571895528
ES-005342,2026-06-01,Nutrition Support Programme,Nutrition,Borno,Mafa,Mafa Site 5,0.861,0.7781,0.8487061568742935,On Track,0.0706061568742935
ES-004158,2026-06-01,Education Access Project,Education,Borno,Ngala,Ngala Site 4,0.6518,0.6398,0.6580017368496924,Watch,0.018201736849692396
ES-005310,2026-06-01,Nutrition Support Programme,Nutrition,Borno,Mafa,Mafa Site 4,0.8128,0.8265,0.7812582296504621,On Track,0.04524177034953791
ES-004190,2026-06-01,Education Access Project,Education,Borno,Ngala,Ngala Site 5,0.7185,0.628,0.6954881120213575,Watch,0.06748811202135752
ES-000286,2026-06-01,Community Resilience Programme,Protection/Resilience,Borno,Jere,Jere Site 3,0.8331,0.8286,0.8336231731519826,On Track,0.005023173151982641
ES-000254,2026-06-01,Community Resilience Programme,Protection/Resilience,Borno,Jere,Jere Site 2,0.7291,0.8238,0.717706084982809,Watch,0.10609391501719101
ES-005278,2026-06-01,Nutrition Support Programme,Nutrition,Borno,Mafa,Mafa Site 3,0.8407,0.72,0.7765480040948278,On Track,0.05654800409482785
ES-005246,2026-06-01,Nutrition Support Programme,Nutrition,Borno,Mafa,Mafa Site 2,0.7396,0.7965,0.7219893046986331,Watch,0.07451069530136689
ES-002334,2026-06-01,Livelihood Recovery Initiative,Livelihoods,Borno,Bama,Bama Site 1,0.6665,0.6516,0.6716301442019122,Watch,0.020030144201912292
ES-005214,2026-06-01,Nutrition Support Programme,Nutrition,Borno,Mafa,Mafa Site 1,0.7162,0.6586,0.71994173083705,Watch,0.06134173083705008
ES-002366,2026-06-01,Livelihood Recovery Initiative,Livelihoods,Borno,Bama,Bama Site 2,0.7397,0.7629,0.7132192829458629,Watch,0.049680717054137125
ES-001246,2026-06-01,Community Resilience Programme,Protection/Resilience,Borno,Dikwa,Dikwa Site 3,0.6913,0.75,0.7119834735696867,Watch,0.03801652643031328
ES-005182,2026-06-01,Nutrition Support Programme,Nutrition,Borno,Konduga,Konduga Site 6,0.7613,0.7883,0.7407576818078032,Watch,0.047542318192196786
ES-002398,2026-06-01,Livelihood Recovery Initiative,Livelihoods,Borno,Bama,Bama Site 3,0.7516,0.7928,0.7378263526537413,Watch,0.05497364734625865
ES-002430,2026-06-01,Livelihood Recovery Initiative,Livelihoods,Borno,Bama,Bama Site 4,0.7743,0.7637,0.7635596848304304,On Track,0.0001403151695696936
ES-005150,2026-06-01,Nutrition Support Programme,Nutrition,Borno,Konduga,Konduga Site 5,0.7882,0.7539,0.7569990315626949,On Track,0.003099031562694865
ES-002462,2026-06-01,Livelihood Recovery Initiative,Livelihoods,Borno,Bama,Bama Site 5,0.7749,0.7367,0.7500671815710699,On Track,0.013367181571069864
ES-005118,2026-06-01,Nutrition Support Programme,Nutrition,Borno,Konduga,Konduga Site 4,0.7722,0.6783,0.7338617468996783,Watch,0.0555617468996783
ES-004222,2026-06-01,Education Access Project,Education,Borno,Ngala,Ngala Site 6,0.7606,0.6499,0.7358750027689577,Watch,0.08597500276895764
ES-000126,2026-06-01,Community Resilience Programme,Protection/Resilience,Borno,Maiduguri,Maiduguri Site 4,0.8478,0.7755,0.8231123338324817,On Track,0.04761233383248176
ES-001534,2026-06-01,Community Resilience Programme,Protection/Resilience,Borno,Gwoza,Gwoza Site 6,0.7199,0.7102,0.7097135822268306,Watch,0.00048641777316948964
ES-006078,2026-06-01,Nutrition Support Programme,Nutrition,Borno,Gwoza,Gwoza Site 4,0.5931,0.5684,0.6279231830855638,Critical,0.05952318308556381
ES-005534,2026-06-01,Nutrition Support Programme,Nutrition,Borno,Bama,Bama Site 5,0.755,0.7285,0.743694141796496,Watch,0.015194141796495919
ES-002206,2026-06-01,Livelihood Recovery Initiative,Livelihoods,Borno,Mafa,Mafa Site 3,0.6599,0.6558,0.6826860254894769,Watch,0.026886025489476828
ES-001374,2026-06-01,Community Resilience Programme,Protection/Resilience,Borno,Gwoza,Gwoza Site 1,0.739,0.7388,0.7592427509550137,On Track,0.02044275095501369
ES-005502,2026-06-01,Nutrition Support Programme,Nutrition,Borno,Bama,Bama Site 4,0.7941,0.8769,0.7823258944714349,On Track,0.09457410552856516
ES-002238,2026-06-01,Livelihood Recovery Initiative,Livelihoods,Borno,Mafa,Mafa Site 4,0.6847,0.5969,0.6986004642160331,Watch,0.10170046421603307
ES-005470,2026-06-01,Nutrition Support Programme,Nutrition,Borno,Bama,Bama Site 3,0.8498,0.6834,0.7487184992898922,Watch,0.0653184992898922
ES-002270,2026-06-01,Livelihood Recovery Initiative,Livelihoods,Borno,Mafa,Mafa Site 5,0.7754,0.6546,0.7533981700435173,On Track,0.09879817004351732
ES-005438,2026-06-01,Nutrition Support Programme,Nutrition,Borno,Bama,Bama Site 2,0.7815,0.7768,0.7564214280594908,On Track,0.020378571940509294
ES-002302,2026-06-01,Livelihood Recovery Initiative,Livelihoods,Borno,Mafa,Mafa Site 6,0.6912,0.7122,0.6875519838570351,Watch,0.024648016142964968
ES-001566,2026-06-01,Livelihood Recovery Initiative,Livelihoods,Borno,Maiduguri,Maiduguri Site 1,0.7577,0.7189,0.7558626227786256,On Track,0.03696262277862561
ES-005406,2026-06-01,Nutrition Support Programme,Nutrition,Borno,Bama,Bama Site 1,0.6583,0.5902,0.689576328818717,Watch,0.09937632881871705
ES-001470,2026-06-01,Community Resilience Programme,Protection/Resilience,Borno,Gwoza,Gwoza Site 4,0.8647,0.8095,0.8081052531335818,On Track,0.0013947468664181617
ES-001598,2026-06-01,Livelihood Recovery Initiative,Livelihoods,Borno,Maiduguri,Maiduguri Site 2,0.7214,0.7817,0.7288669738955709,Watch,0.05283302610442908
ES-001630,2026-06-01,Livelihood Recovery Initiative,Livelihoods,Borno,Maiduguri,Maiduguri Site 3,0.7939,0.885,0.773087949961263,On Track,0.11191205003873705
ES-001438,2026-06-01,Community Resilience Programme,Protection/Resilience,Borno,Gwoza,Gwoza Site 3,0.7178,0.7127,0.7299401186870729,Watch,0.01724011868707287
ES-002654,2026-06-01,Livelihood Recovery Initiative,Livelihoods,Borno,Ngala,Ngala Site 5,0.7122,0.7309,0.7189161759993399,Watch,0.011983824000660115
ES-001662,2026-06-01,Livelihood Recovery Initiative,Livelihoods,Borno,Maiduguri,Maiduguri Site 4,0.7172,0.8042,0.728798361203884,Watch,0.07540163879611606
ES-002622,2026-06-01,Livelihood Recovery Initiative,Livelihoods,Borno,Ngala,Ngala Site 4,0.6444,0.6399,0.6644404564198131,Watch,0.02454045641981306
ES-001694,2026-06-01,Livelihood Recovery Initiative,Livelihoods,Borno,Maiduguri,Maiduguri Site 5,0.8508,0.7982,0.8025713919184299,On Track,0.004371391918429834
ES-001406,2026-06-01,Community Resilience Programme,Protection/Resilience,Borno,Gwoza,Gwoza Site 2,0.7553,0.6651,0.7359216284761464,Watch,0.07082162847614637
ES-002590,2026-06-01,Livelihood Recovery Initiative,Livelihoods,Borno,Ngala,Ngala Site 3,0.7866,0.7247,0.7550739994577889,On Track,0.030373999457788847
ES-001726,2026-06-01,Livelihood Recovery Initiative,Livelihoods,Borno,Maiduguri,Maiduguri Site 6,0.8391,0.8792,0.8056918708012506,On Track,0.07350812919874938
ES-002526,2026-06-01,Livelihood Recovery Initiative,Livelihoods,Borno,Ngala,Ngala Site 1,0.7539,0.6926,0.7436837939954691,Watch,0.05108379399546914
ES-002558,2026-06-01,Livelihood Recovery Initiative,Livelihoods,Borno,Ngala,Ngala Site 2,0.8497,0.9473,0.8039707117498112,On Track,0.14332928825018887
ES-002686,2026-06-01,Livelihood Recovery Initiative,Livelihoods,Borno,Ngala,Ngala Site 6,0.7491,0.8024,0.7451122297738008,Watch,0.05728777022619924
ES-001790,2026-06-01,Livelihood Recovery Initiative,Livelihoods,Borno,Jere,Jere Site 2,0.6386,0.6931,0.6777653568182166,Watch,0.015334643181783458
ES-002174,2026-06-01,Livelihood Recovery Initiative,Livelihoods,Borno,Mafa,Mafa Site 2,0.7333,0.6833,0.7126600678935716,Watch,0.029360067893571595
ES-002142,2026-06-01,Livelihood Recovery Initiative,Livelihoods,Borno,Mafa,Mafa Site 1,0.7847,0.635,0.7586468450036414,On Track,0.12364684500364143
ES-001822,2026-06-01,Livelihood Recovery Initiative,Livelihoods,Borno,Jere,Jere Site 3,0.8262,0.8263,0.7920591855775431,On Track,0.03424081442245697
ES-006046,2026-06-01,Nutrition Support Programme,Nutrition,Borno,Gwoza,Gwoza Site 3,0.7651,0.7673,0.759010554761321,On Track,0.008289445238679027
ES-001854,2026-06-01,Livelihood Recovery Initiative,Livelihoods,Borno,Jere,Jere Site 4,0.8394,0.7782,0.7951590111361714,On Track,0.016959011136171376
ES-006014,2026-06-01,Nutrition Support Programme,Nutrition,Borno,Gwoza,Gwoza Site 2,0.7184,0.7031,0.7126529943352204,Watch,0.0095529943352205
ES-001886,2026-06-01,Livelihood Recovery Initiative,Livelihoods,Borno,Jere,Jere Site 5,0.8879,0.9443,0.8302766475801805,On Track,0.11402335241981953
ES-005982,2026-06-01,Nutrition Support Programme,Nutrition,Borno,Gwoza,Gwoza Site 1,0.8021,0.7515,0.7652589673937806,On Track,0.013758967393780686
ES-001918,2026-06-01,Livelihood Recovery Initiative,Livelihoods,Borno,Jere,Jere Site 6,0.8911,0.8014,0.8254294204703212,On Track,0.024029420470321194
ES-007294,2026-06-01,WASH Resilience Initiative,WASH,Borno,Ngala,Ngala Site 6,0.793,0.7269,0.7614272437583561,On Track,0.03452724375835614
ES-005950,2026-06-01,Nutrition Support Programme,Nutrition,Borno,Dikwa,Dikwa Site 6,0.7291,0.692,0.7302044445855626,Watch,0.0382044445855626
ES-001950,2026-06-01,Livelihood Recovery Initiative,Livelihoods,Borno,Konduga,Konduga Site 1,0.7847,0.6833,0.7444260401864866,Watch,0.0611260401864866
ES-007166,2026-06-01,WASH Resilience Initiative,WASH,Borno,Ngala,Ngala Site 2,0.7635,0.7001,0.7534823589492317,On Track,0.05338235894923171
ES-005566,2026-06-01,Nutrition Support Programme,Nutrition,Borno,Bama,Bama Site 6,0.7326,0.7274,0.7247826558028111,Watch,0.0026173441971889533
ES-001502,2026-06-01,Community Resilience Programme,Protection/Resilience,Borno,Gwoza,Gwoza Site 5,0.7183,0.662,0.7227979314608902,Watch,0.06079793146089019
ES-001982,2026-06-01,Livelihood Recovery Initiative,Livelihoods,Borno,Konduga,Konduga Site 2,0.6866,0.6958,0.6952801465524973,Watch,0.0005198534475027161
ES-001342,2026-06-01,Community Resilience Programme,Protection/Resilience,Borno,Dikwa,Dikwa Site 6,0.7575,0.7516,0.741469919526341,Watch,0.010130080473659042
ES-005886,2026-06-01,Nutrition Support Programme,Nutrition,Borno,Dikwa,Dikwa Site 4,0.8349,0.7129,0.8074017881378586,On Track,0.09450178813785859
ES-002014,2026-06-01,Livelihood Recovery Initiative,Livelihoods,Borno,Konduga,Konduga Site 3,0.7421,0.7555,0.735956166483888,Watch,0.019543833516111997
ES-005854,2026-06-01,Nutrition Support Programme,Nutrition,Borno,Dikwa,Dikwa Site 3,0.6946,0.7079,0.6938791369906682,Watch,0.014020863009331808
ES-002046,2026-06-01,Livelihood Recovery Initiative,Livelihoods,Borno,Konduga,Konduga Site 4,0.7239,0.6884,0.7357442184783288,Watch,0.047344218478328814
ES-005822,2026-06-01,Nutrition Support Programme,Nutrition,Borno,Dikwa,Dikwa Site 2,0.8105,0.7959,0.7897602741763616,On Track,0.00613972582363842
ES-002078,2026-06-01,Livelihood Recovery Initiative,Livelihoods,Borno,Konduga,Konduga Site 5,0.7903,0.6593,0.7545247964430934,On Track,0.09522479644309345
ES-002110,2026-06-01,Livelihood Recovery Initiative,Livelihoods,Borno,Konduga,Konduga Site 6,0.8506,0.8407,0.7970098220463611,On Track,0.04369017795363894
ES-007134,2026-06-01,WASH Resilience Initiative,WASH,Borno,Ngala,Ngala Site 1,0.7598,0.7689,0.7603169357342715,On Track,0.008583064265728524
ES-005790,2026-06-01,Nutrition Support Programme,Nutrition,Borno,Dikwa,Dikwa Site 1,0.7521,0.6531,0.7424149295053258,Watch,0.08931492950532582
ES-005918,2026-06-01,Nutrition Support Programme,Nutrition,Borno,Dikwa,Dikwa Site 5,0.8126,0.792,0.7845087589282463,On Track,0.007491241071753696
ES-007198,2026-06-01,WASH Resilience Initiative,WASH,Borno,Ngala,Ngala Site 3,0.7245,0.6129,0.7025470738854802,Watch,0.08964707388548021
ES-006334,2026-06-01,WASH Resilience Initiative,WASH,Borno,Maiduguri,Maiduguri Site 6,0.9065,0.7802,0.8369524236132706,On Track,0.0567524236132706
ES-004670,2026-06-01,Nutrition Support Programme,Nutrition,Borno,Maiduguri,Maiduguri Site 2,0.8656,0.7515,0.8385337615913696,On Track,0.08703376159136966
ES-004030,2026-06-01,Education Access Project,Education,Borno,Bama,Bama Site 6,0.8024,0.7826,0.7792703974694537,On Track,0.0033296025305462607
ES-006398,2026-06-01,WASH Resilience Initiative,WASH,Borno,Jere,Jere Site 2,0.7547,0.6853,0.7407207280003583,Watch,0.055420728000358244
ES-004254,2026-06-01,Education Access Project,Education,Borno,Dikwa,Dikwa Site 1,0.6746,0.8175,0.7007333262196188,Watch,0.11676667378038119
ES-006302,2026-06-01,WASH Resilience Initiative,WASH,Borno,Maiduguri,Maiduguri Site 5,0.6653,0.6906,0.6797478109088072,Watch,0.010852189091192788
ES-006366,2026-06-01,WASH Resilience Initiative,WASH,Borno,Jere,Jere Site 1,0.6832,0.714,0.7377196075221797,Watch,0.02371960752217972
ES-004286,2026-06-01,Education Access Project,Education,Borno,Dikwa,Dikwa Site 2,0.7054,0.7398,0.710253832920079,Watch,0.02954616707992097
ES-000478,2026-06-01,Community Resilience Programme,Protection/Resilience,Borno,Konduga,Konduga Site 3,0.7314,0.782,0.7320822210531621,Watch,0.04991777894683791
ES-004318,2026-06-01,Education Access Project,Education,Borno,Dikwa,Dikwa Site 3,0.6055,0.6377,0.6387893469990548,Critical,0.0010893469990547189
ES-007678,2026-06-01,WASH Resilience Initiative,WASH,Borno,Gwoza,Gwoza Site 6,0.6883,0.69,0.6965993782270352,Watch,0.0065993782270352686
ES-004350,2026-06-01,Education Access Project,Education,Borno,Dikwa,Dikwa Site 4,0.7233,0.6989,0.6945744981675517,Watch,0.004325501832448286
ES-007646,2026-06-01,WASH Resilience Initiative,WASH,Borno,Gwoza,Gwoza Site 5,0.6128,0.5253,0.6125349152731989,Critical,0.08723491527319893
ES-004382,2026-06-01,Education Access Project,Education,Borno,Dikwa,Dikwa Site 5,0.852,0.6968,0.7910964713539039,On Track,0.09429647135390395
ES-007614,2026-06-01,WASH Resilience Initiative,WASH,Borno,Gwoza,Gwoza Site 4,0.6323,0.6925,0.6585587656031952,Watch,0.033941234396804854
ES-004414,2026-06-01,Education Access Project,Education,Borno,Dikwa,Dikwa Site 6,0.7967,0.8118,0.7696335787212211,On Track,0.0421664212787789
ES-007230,2026-06-01,WASH Resilience Initiative,WASH,Borno,Ngala,Ngala Site 4,0.668,0.7309,0.6520108151021566,Watch,0.07888918489784336
ES-000894,2026-06-01,Community Resilience Programme,Protection/Resilience,Borno,Bama,Bama Site 4,0.856,0.7941,0.8130554180084979,On Track,0.01895541800849787
ES-007582,2026-06-01,WASH Resilience Initiative,WASH,Borno,Gwoza,Gwoza Site 3,0.7013,0.6979,0.6952415928634709,Watch,0.002658407136529095
ES-004446,2026-06-01,Education Access Project,Education,Borno,Gwoza,Gwoza Site 1,0.6626,0.6462,0.6864417446926445,Watch,0.04024174469264452
ES-007550,2026-06-01,WASH Resilience Initiative,WASH,Borno,Gwoza,Gwoza Site 2,0.7712,0.7742,0.7358087559765711,Watch,0.03839124402342886
ES-004478,2026-06-01,Education Access Project,Education,Borno,Gwoza,Gwoza Site 2,0.5815,0.6112,0.6412080249710053,Critical,0.030008024971005298
ES-000446,2026-06-01,Community Resilience Programme,Protection/Resilience,Borno,Konduga,Konduga Site 2,0.7257,0.7453,0.723406711834289,Watch,0.02189328816571101
ES-007518,2026-06-01,WASH Resilience Initiative,WASH,Borno,Gwoza,Gwoza Site 1,0.6949,0.7494,0.6907241841627574,Watch,0.05867581583724257
ES-003262,2026-06-01,Education Access Project,Education,Borno,Maiduguri,Maiduguri Site 6,0.7227,0.6352,0.741204612437822,Watch,0.106004612437822
ES-006430,2026-06-01,WASH Resilience Initiative,WASH,Borno,Jere,Jere Site 3,0.6939,0.7331,0.7014874425826911,Watch,0.03161255741730884
ES-000862,2026-06-01,Community Resilience Programme,Protection/Resilience,Borno,Bama,Bama Site 3,0.722,0.7712,0.7340865936533736,Watch,0.03711340634662641
ES-003998,2026-06-01,Education Access Project,Education,Borno,Bama,Bama Site 5,0.7841,0.755,0.7593471610528,On Track,0.004347161052799975
ES-006462,2026-06-01,WASH Resilience Initiative,WASH,Borno,Jere,Jere Site 4,0.6989,0.619,0.7195377454102905,Watch,0.10053774541029048
ES-000158,2026-06-01,Community Resilience Programme,Protection/Resilience,Borno,Maiduguri,Maiduguri Site 5,0.8112,0.7329,0.7784775365129264,On Track,0.0455775365129264
ES-006750,2026-06-01,WASH Resilience Initiative,WASH,Borno,Mafa,Mafa Site 1,0.6695,0.7237,0.6755884374805501,Watch,0.048111562519449924
ES-000190,2026-06-01,Community Resilience Programme,Protection/Resilience,Borno,Maiduguri,Maiduguri Site 6,0.6131,0.6744,0.6434949698165053,Critical,0.030905030183494664
ES-000990,2026-06-01,Community Resilience Programme,Protection/Resilience,Borno,Ngala,Ngala Site 1,0.7517,0.7771,0.7657093229810847,On Track,0.011390677018915274
ES-006718,2026-06-01,WASH Resilience Initiative,WASH,Borno,Konduga,Konduga Site 6,0.7468,0.7576,0.7341908297311783,Watch,0.023409170268821722
ES-001022,2026-06-01,Community Resilience Programme,Protection/Resilience,Borno,Ngala,Ngala Site 2,0.8156,0.7639,0.8018710564985112,On Track,0.03797105649851118
ES-000542,2026-06-01,Community Resilience Programme,Protection/Resilience,Borno,Konduga,Konduga Site 5,0.8342,0.7282,0.8048195707307962,On Track,0.07661957073079628
ES-006686,2026-06-01,WASH Resilience Initiative,WASH,Borno,Konduga,Konduga Site 5,0.6949,0.6798,0.679818104050411,Watch,1.8104050411027472e-05
ES-001054,2026-06-01,Community Resilience Programme,Protection/Resilience,Borno,Ngala,Ngala Site 3,0.844,0.8394,0.8390309799111124,On Track,0.00036902008888761717
ES-006654,2026-06-01,WASH Resilience Initiative,WASH,Borno,Konduga,Konduga Site 4,0.7186,0.7585,0.7322507681774445,Watch,0.026249231822555452
ES-001086,2026-06-01,Community Resilience Programme,Protection/Resilience,Borno,Ngala,Ngala Site 4,0.6041,0.6555,0.632755892709498,Critical,0.022744107290502025
ES-004542,2026-06-01,Education Access Project,Education,Borno,Gwoza,Gwoza Site 4,0.6082,0.6235,0.6548151057040557,Watch,0.0313151057040556
ES-000830,2026-06-01,Community Resilience Programme,Protection/Resilience,Borno,Bama,Bama Site 2,0.7335,0.777,0.7402947548412532,Watch,0.036705245158746846
ES-001118,2026-06-01,Community Resilience Programme,Protection/Resilience,Borno,Ngala,Ngala Site 5,0.7616,0.765,0.7377012086852596,Watch,0.027298791314740445
ES-006590,2026-06-01,WASH Resilience Initiative,WASH,Borno,Konduga,Konduga Site 2,0.6946,0.6984,0.6983950534281596,Watch,4.946571840469538e-06
ES-001150,2026-06-01,Community Resilience Programme,Protection/Resilience,Borno,Ngala,Ngala Site 6,0.7545,0.6689,0.7530099594786512,On Track,0.08410995947865119
ES-006558,2026-06-01,WASH Resilience Initiative,WASH,Borno,Konduga,Konduga Site 1,0.7432,0.7013,0.7372288500167207,Watch,0.03592885001672064
ES-003870,2026-06-01,Education Access Project,Education,Borno,Bama,Bama Site 1,0.6456,0.6747,0.6739003923866635,Watch,0.0007996076133364172
ES-003902,2026-06-01,Education Access Project,Education,Borno,Bama,Bama Site 2,0.6307,0.666,0.681155447512125,Watch,0.015155447512124942
ES-000510,2026-06-01,Community Resilience Programme,Protection/Resilience,Borno,Konduga,Konduga Site 4,0.813,0.7885,0.798195837166409,On Track,0.009695837166408983
ES-006526,2026-06-01,WASH Resilience Initiative,WASH,Borno,Jere,Jere Site 6,0.8091,0.7142,0.7785546987899313,On Track,0.06435469878993139
ES-003934,2026-06-01,Education Access Project,Education,Borno,Bama,Bama Site 3,0.6031,0.592,0.6305494289975121,Critical,0.038549428997512125
ES-006494,2026-06-01,WASH Resilience Initiative,WASH,Borno,Jere,Jere Site 5,0.3135,0.7992,0.696757644280215,Watch,0.102442355719785
ES-003966,2026-06-01,Education Access Project,Education,Borno,Bama,Bama Site 4,0.7061,0.681,0.6944031354578833,Watch,0.013403135457883297
ES-006622,2026-06-01,WASH Resilience Initiative,WASH,Borno,Konduga,Konduga Site 3,0.7082,0.7116,0.7171586320365164,Watch,0.005558632036516409
ES-007486,2026-06-01,WASH Resilience Initiative,WASH,Borno,Dikwa,Dikwa Site 6,0.9031,0.8398,0.8421470624550094,On Track,0.0023470624550093744
ES-004510,2026-06-01,Education Access Project,Education,Borno,Gwoza,Gwoza Site 3,0.6912,0.6849,0.6710552218700485,Watch,0.01384477812995144
ES-007454,2026-06-01,WASH Resilience Initiative,WASH,Borno,Dikwa,Dikwa Site 5,0.6404,0.654,0.6634512483098381,Watch,0.009451248309838123
ES-003646,2026-06-01,Education Access Project,Education,Borno,Konduga,Konduga Site 6,0.6362,0.731,0.6643048278978263,Watch,0.06669517210217368
ES-005758,2026-06-01,Nutrition Support Programme,Nutrition,Borno,Ngala,Ngala Site 6,0.8436,0.7152,0.7922646449583697,On Track,0.07706464495836973
ES-003678,2026-06-01,Education Access Project,Education,Borno,Mafa,Mafa Site 1,0.6869,0.7381,0.6739682191597723,Watch,0.06413178084022764
ES-005726,2026-06-01,Nutrition Support Programme,Nutrition,Borno,Ngala,Ngala Site 5,0.8466,0.8107,0.8060467974384142,On Track,0.004653202561585745
ES-003710,2026-06-01,Education Access Project,Education,Borno,Mafa,Mafa Site 2,0.6978,0.7121,0.7043075924157106,Watch,0.00779240758428934
ES-005694,2026-06-01,Nutrition Support Programme,Nutrition,Borno,Ngala,Ngala Site 4,0.7967,0.7276,0.7533331922027677,On Track,0.025733192202767707
ES-003742,2026-06-01,Education Access Project,Education,Borno,Mafa,Mafa Site 3,0.6587,0.6111,0.657763381436945,Watch,0.04666338143694504
ES-003774,2026-06-01,Education Access Project,Education,Borno,Mafa,Mafa Site 4,0.727,0.6496,0.7435075246748827,Watch,0.09390752467488273
ES-000350,2026-06-01,Community Resilience Programme,Protection/Resilience,Borno,Jere,Jere Site 5,0.8683,0.7915,0.832525294142252,On Track,0.04102529414225198
ES-005662,2026-06-01,Nutrition Support Programme,Nutrition,Borno,Ngala,Ngala Site 3,0.7525,0.6973,0.7499916395584358,Watch,0.05269163955843581
ES-003806,2026-06-01,Education Access Project,Education,Borno,Mafa,Mafa Site 5,0.7428,0.6687,0.7150072449045608,Watch,0.04630724490456084
ES-004574,2026-06-01,Education Access Project,Education,Borno,Gwoza,Gwoza Site 5,0.6719,0.6056,0.6642984267126522,Watch,0.05869842671265213
ES-005630,2026-06-01,Nutrition Support Programme,Nutrition,Borno,Ngala,Ngala Site 2,0.7319,0.8739,0.741124662005701,Watch,0.13277533799429897
ES-001182,2026-06-01,Community Resilience Programme,Protection/Resilience,Borno,Dikwa,Dikwa Site 1,0.6212,0.6755,0.670583147042842,Watch,0.004916852957157936
ES-005598,2026-06-01,Nutrition Support Programme,Nutrition,Borno,Ngala,Ngala Site 1,0.7799,0.771,0.7470805105914281,Watch,0.023919489408571915
ES-003102,2026-06-01,Education Access Project,Education,Borno,Maiduguri,Maiduguri Site 1,0.7021,0.699,0.723666594130194,Watch,0.02466659413019401
ES-003134,2026-06-01,Education Access Project,Education,Borno,Maiduguri,Maiduguri Site 2,0.9322,0.9561,0.8600351689521165,On Track,0.09606483104788344
ES-004766,2026-06-01,Nutrition Support Programme,Nutrition,Borno,Maiduguri,Maiduguri Site 5,0.8225,0.7145,0.7807725137152749,On Track,0.06627251371527487
ES-003166,2026-06-01,Education Access Project,Education,Borno,Maiduguri,Maiduguri Site 3,0.8962,0.7303,0.8435545831325633,On Track,0.11325458313256331
ES-004734,2026-06-01,Nutrition Support Programme,Nutrition,Borno,Maiduguri,Maiduguri Site 4,0.812,0.7874,0.7805302392530739,On Track,0.006869760746926135
ES-003198,2026-06-01,Education Access Project,Education,Borno,Maiduguri,Maiduguri Site 4,0.7433,0.574,0.7431439971081776,Watch,0.16914399710817762
ES-000318,2026-06-01,Community Resilience Programme,Protection/Resilience,Borno,Jere,Jere Site 4,0.8896,0.9678,0.8402702895334088,On Track,0.12752971046659123
ES-003230,2026-06-01,Education Access Project,Education,Borno,Maiduguri,Maiduguri Site 5,0.7451,0.7047,0.7126018101620202,Watch,0.007901810162020184
ES-004702,2026-06-01,Nutrition Support Programme,Nutrition,Borno,Maiduguri,Maiduguri Site 3,0.7579,0.8514,0.7661712638359386,On Track,0.08522873616406146
ES-003838,2026-06-01,Education Access Project,Education,Borno,Mafa,Mafa Site 6,0.7149,0.7105,0.687476353656577,Watch,0.02302364634342302
ES-006942,2026-06-01,WASH Resilience Initiative,WASH,Borno,Bama,Bama Site 1,0.6573,0.5738,0.6658804320777227,Watch,0.09208043207772276
ES-003614,2026-06-01,Education Access Project,Education,Borno,Konduga,Konduga Site 5,0.7074,0.6842,0.7239122315549225,Watch,0.03971223155492243
ES-000382,2026-06-01,Community Resilience Programme,Protection/Resilience,Borno,Jere,Jere Site 6,0.7825,0.7483,0.7957595692132831,On Track,0.04745956921328309
ES-004606,2026-06-01,Education Access Project,Education,Borno,Gwoza,Gwoza Site 6,0.6356,0.3642,0.6693117442471302,Watch,0.3051117442471302
ES-007422,2026-06-01,WASH Resilience Initiative,WASH,Borno,Dikwa,Dikwa Site 4,0.8215,0.7204,0.7803778610260743,On Track,0.059977861026074275
ES-003294,2026-06-01,Education Access Project,Education,Borno,Jere,Jere Site 1,0.7983,0.7717,0.7631567148763889,On Track,0.008543285123611133
ES-007390,2026-06-01,WASH Resilience Initiative,WASH,Borno,Dikwa,Dikwa Site 3,0.7159,0.7488,0.7196556759266602,Watch,0.029144324073339778
ES-003326,2026-06-01,Education Access Project,Education,Borno,Jere,Jere Site 2,0.7584,0.6902,0.7581170897507331,On Track,0.06791708975073307
ES-000926,2026-06-01,Community Resilience Programme,Protection/Resilience,Borno,Bama,Bama Site 5,0.8366,0.8445,0.7977210510022221,On Track,0.0467789489977779
ES-007358,2026-06-01,WASH Resilience Initiative,WASH,Borno,Dikwa,Dikwa Site 2,0.7757,0.72,0.75732175918112,On Track,0.03732175918112002
ES-003358,2026-06-01,Education Access Project,Education,Borno,Jere,Jere Site 3,0.7234,0.6906,0.701408523199472,Watch,0.010808523199472009
ES-000414,2026-06-01,Community Resilience Programme,Protection/Resilience,Borno,Konduga,Konduga Site 1,0.8552,0.7952,0.8426157629853561,On Track,0.0474157629853561
ES-007326,2026-06-01,WASH Resilience Initiative,WASH,Borno,Dikwa,Dikwa Site 1,0.8031,0.7552,0.7616212455254608,On Track,0.006421245525460861
ES-000958,2026-06-01,Community Resilience Programme,Protection/Resilience,Borno,Bama,Bama Site 6,0.6332,0.6261,0.6651015017958649,Watch,0.039001501795864923
ES-007102,2026-06-01,WASH Resilience Initiative,WASH,Borno,Bama,Bama Site 6,0.7121,0.7674,0.7039263021830454,Watch,0.06347369781695456
ES-003390,2026-06-01,Education Access Project,Education,Borno,Jere,Jere Site 4,0.7873,0.7868,0.754499591206777,On Track,0.032300408793223045
ES-003422,2026-06-01,Education Access Project,Education,Borno,Jere,Jere Site 5,0.7845,0.6858,0.7728290124315633,On Track,0.08702901243156336
ES-003582,2026-06-01,Education Access Project,Education,Borno,Konduga,Konduga Site 4,0.7307,0.6439,0.7129098756364469,Watch,0.0690098756364469
ES-006974,2026-06-01,WASH Resilience Initiative,WASH,Borno,Bama,Bama Site 2,0.7243,0.6534,0.717924275842388,Watch,0.06452427584238807
ES-003550,2026-06-01,Education Access Project,Education,Borno,Konduga,Konduga Site 3,0.7139,0.6788,0.7039955396092111,Watch,0.02519553960921117
ES-003518,2026-06-01,Education Access Project,Education,Borno,Konduga,Konduga Site 2,0.7752,0.7255,0.7748064930492153,On Track,0.049306493049215305
ES-007038,2026-06-01,WASH Resilience Initiative,WASH,Borno,Bama,Bama Site 4,0.7832,0.6929,0.7618755239940875,On Track,0.06897552399408757
ES-007006,2026-06-01,WASH Resilience Initiative,WASH,Borno,Bama,Bama Site 3,0.7548,0.7654,0.7362847452895274,Watch,0.029115254710472604
ES-003486,2026-06-01,Education Access Project,Education,Borno,Konduga,Konduga Site 1,1.0304,0.9968,0.8614664266739848,On Track,0.13533357332601526
ES-007070,2026-06-01,WASH Resilience Initiative,WASH,Borno,Bama,Bama Site 5,0.7113,0.7983,0.7075856779290756,Watch,0.09071432207092445
ES-003454,2026-06-01,Education Access Project,Education,Borno,Jere,Jere Site 6,0.7711,0.6847,0.7500489957496096,On Track,0.06534899574960962
ES-000606,2026-06-01,Community Resilience Programme,Protection/Resilience,Borno,Mafa,Mafa Site 1,0.8781,0.771,0.8530007461638663,On Track,0.08200074616386632
ES-007167,2026-07-01,WASH Resilience Initiative,WASH,Borno,Ngala,Ngala Site 2,0.7001,0.6996,0.7065052103283194,Watch,0.006905210328319367
ES-007231,2026-07-01,WASH Resilience Initiative,WASH,Borno,Ngala,Ngala Site 4,0.7309,0.7511,0.7028152507016148,Watch,0.04828474929838522
ES-006335,2026-07-01,WASH Resilience Initiative,WASH,Borno,Maiduguri,Maiduguri Site 6,0.7802,0.7715,0.7748967719188066,On Track,0.003396771918806607
ES-007263,2026-07-01,WASH Resilience Initiative,WASH,Borno,Ngala,Ngala Site 5,0.597,0.6436,0.6224944096722905,Critical,0.021105590327709423
ES-007135,2026-07-01,WASH Resilience Initiative,WASH,Borno,Ngala,Ngala Site 1,0.7689,0.693,0.7350150889349074,Watch,0.04201508893490746
ES-007199,2026-07-01,WASH Resilience Initiative,WASH,Borno,Ngala,Ngala Site 3,0.6129,0.5747,0.6570082923151201,Watch,0.08230829231512016
ES-006303,2026-07-01,WASH Resilience Initiative,WASH,Borno,Maiduguri,Maiduguri Site 5,0.6906,0.6607,0.6876150545721919,Watch,0.0269150545721919
ES-001919,2026-07-01,Livelihood Recovery Initiative,Livelihoods,Borno,Jere,Jere Site 6,0.8014,0.7449,0.7826945012741927,On Track,0.037794501274192704
ES-006239,2026-07-01,WASH Resilience Initiative,WASH,Borno,Maiduguri,Maiduguri Site 3,0.6669,0.6784,0.6592781871815816,Watch,0.019121812818418404
ES-003807,2026-07-01,Education Access Project,Education,Borno,Mafa,Mafa Site 5,0.6687,0.6829,0.6588767548366739,Watch,0.0240232451633261
ES-003775,2026-07-01,Education Access Project,Education,Borno,Mafa,Mafa Site 4,0.6496,0.6876,0.6869801672952933,Watch,0.0006198327047066687
ES-003743,2026-07-01,Education Access Project,Education,Borno,Mafa,Mafa Site 3,0.6111,0.6493,0.6127276986488331,Critical,0.03657230135116685
ES-003711,2026-07-01,Education Access Project,Education,Borno,Mafa,Mafa Site 2,0.7121,0.6192,0.7076966538743688,Watch,0.08849665387436878
ES-003679,2026-07-01,Education Access Project,Education,Borno,Mafa,Mafa Site 1,0.7381,0.7086,0.6940740570504318,Watch,0.014525942949568216
ES-003647,2026-07-01,Education Access Project,Education,Borno,Konduga,Konduga Site 6,0.731,0.7147,0.7011492285398175,Watch,0.013550771460182465
ES-003615,2026-07-01,Education Access Project,Education,Borno,Konduga,Konduga Site 5,0.6842,0.5945,0.7051163255730872,Watch,0.1106163255730872
ES-003583,2026-07-01,Education Access Project,Education,Borno,Konduga,Konduga Site 4,0.6439,0.6663,0.6713964832746029,Watch,0.005096483274602881
ES-003551,2026-07-01,Education Access Project,Education,Borno,Konduga,Konduga Site 3,0.6788,0.6188,0.7058416673601781,Watch,0.08704166736017804
ES-003519,2026-07-01,Education Access Project,Education,Borno,Konduga,Konduga Site 2,0.7255,0.5979,0.7463251281253237,Watch,0.1484251281253237
ES-003487,2026-07-01,Education Access Project,Education,Borno,Konduga,Konduga Site 1,0.9968,0.986,0.9043923136494116,On Track,0.08160768635058835
ES-003455,2026-07-01,Education Access Project,Education,Borno,Jere,Jere Site 6,0.6847,0.6495,0.6915368563320766,Watch,0.042036856332076655
ES-003423,2026-07-01,Education Access Project,Education,Borno,Jere,Jere Site 5,0.6858,0.7063,0.721357041091842,Watch,0.015057041091841916
ES-003391,2026-07-01,Education Access Project,Education,Borno,Jere,Jere Site 4,0.7868,0.7572,0.7713350775547468,On Track,0.014135077554746855
ES-003359,2026-07-01,Education Access Project,Education,Borno,Jere,Jere Site 3,0.6906,0.7321,0.7130625554400613,Watch,0.01903744455993872
ES-003327,2026-07-01,Education Access Project,Education,Borno,Jere,Jere Site 2,0.6902,0.7014,0.6971460281001651,Watch,0.004253971899834896
ES-003295,2026-07-01,Education Access Project,Education,Borno,Jere,Jere Site 1,0.7717,0.674,0.7607388814861642,On Track,0.08673888148616415
ES-004607,2026-07-01,Education Access Project,Education,Borno,Gwoza,Gwoza Site 6,0.3642,0.7353,0.6522298293338104,Watch,0.0830701706661896
ES-004575,2026-07-01,Education Access Project,Education,Borno,Gwoza,Gwoza Site 5,0.6056,0.6753,0.6100702320508835,Critical,0.0652297679491165
ES-004543,2026-07-01,Education Access Project,Education,Borno,Gwoza,Gwoza Site 4,0.6235,0.6394,0.6424037754108977,Critical,0.003003775410897691
ES-004511,2026-07-01,Education Access Project,Education,Borno,Gwoza,Gwoza Site 3,0.6849,0.532,0.682840364067882,Watch,0.15084036406788193
ES-004479,2026-07-01,Education Access Project,Education,Borno,Gwoza,Gwoza Site 2,0.6112,0.661,0.627249388388515,Critical,0.03375061161148507
ES-004447,2026-07-01,Education Access Project,Education,Borno,Gwoza,Gwoza Site 1,0.6462,0.5685,0.6679904408426972,Watch,0.0994904408426972
ES-004415,2026-07-01,Education Access Project,Education,Borno,Dikwa,Dikwa Site 6,0.8118,0.7698,0.7709781966478307,On Track,0.0011781966478306982
ES-004383,2026-07-01,Education Access Project,Education,Borno,Dikwa,Dikwa Site 5,0.6968,0.6668,0.701634912351808,Watch,0.03483491235180802
ES-003839,2026-07-01,Education Access Project,Education,Borno,Mafa,Mafa Site 6,0.7105,0.7709,0.7056242280779715,Watch,0.06527577192202849
ES-004351,2026-07-01,Education Access Project,Education,Borno,Dikwa,Dikwa Site 4,0.6989,0.6357,0.7068747413664714,Watch,0.0711747413664714
ES-003103,2026-07-01,Education Access Project,Education,Borno,Maiduguri,Maiduguri Site 1,0.699,0.698,0.6946378035107433,Watch,0.003362196489256619
ES-003167,2026-07-01,Education Access Project,Education,Borno,Maiduguri,Maiduguri Site 3,0.7303,0.7657,0.7516096635119666,On Track,0.014090336488033484
ES-003007,2026-07-01,Livelihood Recovery Initiative,Livelihoods,Borno,Gwoza,Gwoza Site 4,0.6719,0.6463,0.6663526866749464,Watch,0.02005268667494642
ES-002975,2026-07-01,Livelihood Recovery Initiative,Livelihoods,Borno,Gwoza,Gwoza Site 3,0.7312,0.7229,0.7223841898394832,Watch,0.0005158101605168275
ES-002943,2026-07-01,Livelihood Recovery Initiative,Livelihoods,Borno,Gwoza,Gwoza Site 2,0.7958,0.6811,0.7531028426187457,On Track,0.07200284261874568
ES-002911,2026-07-01,Livelihood Recovery Initiative,Livelihoods,Borno,Gwoza,Gwoza Site 1,0.7489,0.6824,0.7383728552568969,Watch,0.05597285525689688
ES-002879,2026-07-01,Livelihood Recovery Initiative,Livelihoods,Borno,Dikwa,Dikwa Site 6,0.546,0.5137,0.6413622745380202,Critical,0.12766227453802015
ES-002847,2026-07-01,Livelihood Recovery Initiative,Livelihoods,Borno,Dikwa,Dikwa Site 5,0.7438,0.6427,0.7219387023539806,Watch,0.07923870235398056
ES-002815,2026-07-01,Livelihood Recovery Initiative,Livelihoods,Borno,Dikwa,Dikwa Site 4,0.8013,0.6971,0.76543771774371,On Track,0.06833771774371
ES-002783,2026-07-01,Livelihood Recovery Initiative,Livelihoods,Borno,Dikwa,Dikwa Site 3,0.6382,0.6532,0.6745886161047007,Watch,0.021388616104700664
ES-002751,2026-07-01,Livelihood Recovery Initiative,Livelihoods,Borno,Dikwa,Dikwa Site 2,0.6588,0.6429,0.6897207684063975,Watch,0.046820768406397484
ES-002719,2026-07-01,Livelihood Recovery Initiative,Livelihoods,Borno,Dikwa,Dikwa Site 1,0.7313,0.7521,0.73596208973034,Watch,0.01613791026965994
ES-002495,2026-07-01,Livelihood Recovery Initiative,Livelihoods,Borno,Bama,Bama Site 6,0.7601,0.6425,0.7393730546423366,Watch,0.09687305464233664
ES-002463,2026-07-01,Livelihood Recovery Initiative,Livelihoods,Borno,Bama,Bama Site 5,0.7367,0.6955,0.7359323044387331,Watch,0.040432304438733135
ES-002431,2026-07-01,Livelihood Recovery Initiative,Livelihoods,Borno,Bama,Bama Site 4,0.7637,0.6914,0.7368155891187289,Watch,0.045415589118728894
ES-002399,2026-07-01,Livelihood Recovery Initiative,Livelihoods,Borno,Bama,Bama Site 3,0.7928,0.8311,0.7647043652146721,On Track,0.06639563478532784
ES-002367,2026-07-01,Livelihood Recovery Initiative,Livelihoods,Borno,Bama,Bama Site 2,0.7629,0.832,0.7433099410036884,Watch,0.08869005899631155
ES-002335,2026-07-01,Livelihood Recovery Initiative,Livelihoods,Borno,Bama,Bama Site 1,0.6516,0.5308,0.6741990565667528,Watch,0.14339905656675278
ES-004223,2026-07-01,Education Access Project,Education,Borno,Ngala,Ngala Site 6,0.6499,0.5072,0.6740385309585195,Watch,0.16683853095851953
ES-004191,2026-07-01,Education Access Project,Education,Borno,Ngala,Ngala Site 5,0.628,0.6661,0.6706178856425337,Watch,0.004517885642533637
ES-004159,2026-07-01,Education Access Project,Education,Borno,Ngala,Ngala Site 4,0.6398,0.6544,0.6433483462895792,Critical,0.011051653710420828
ES-004127,2026-07-01,Education Access Project,Education,Borno,Ngala,Ngala Site 3,0.5993,0.6312,0.6446717085428676,Critical,0.013471708542867611
ES-004095,2026-07-01,Education Access Project,Education,Borno,Ngala,Ngala Site 2,0.6655,0.5553,0.6841913975992778,Watch,0.1288913975992778
ES-004063,2026-07-01,Education Access Project,Education,Borno,Ngala,Ngala Site 1,0.6489,0.6575,0.669406785194719,Watch,0.011906785194718994
ES-003263,2026-07-01,Education Access Project,Education,Borno,Maiduguri,Maiduguri Site 6,0.6352,0.6881,0.6832885887105914,Watch,0.004811411289408651
ES-003231,2026-07-01,Education Access Project,Education,Borno,Maiduguri,Maiduguri Site 5,0.7047,0.7057,0.7091151046621484,Watch,0.0034151046621484493
ES-003199,2026-07-01,Education Access Project,Education,Borno,Maiduguri,Maiduguri Site 4,0.574,0.6689,0.6530541968952496,Watch,0.015845803104750478
ES-003135,2026-07-01,Education Access Project,Education,Borno,Maiduguri,Maiduguri Site 2,0.9561,0.8544,0.8913284491065402,On Track,0.03692844910654014
ES-003039,2026-07-01,Livelihood Recovery Initiative,Livelihoods,Borno,Gwoza,Gwoza Site 5,0.7197,0.6797,0.7116232600328348,Watch,0.031923260032834855
ES-004319,2026-07-01,Education Access Project,Education,Borno,Dikwa,Dikwa Site 3,0.6377,0.2886,0.6483260002318948,Critical,0.35972600023189477
ES-004255,2026-07-01,Education Access Project,Education,Borno,Dikwa,Dikwa Site 1,0.8175,0.6486,0.7748046762492031,On Track,0.12620467624920317
ES-000415,2026-07-01,Community Resilience Programme,Protection/Resilience,Borno,Konduga,Konduga Site 1,0.7952,0.6742,0.7753932615209026,On Track,0.10119326152090258
ES-000383,2026-07-01,Community Resilience Programme,Protection/Resilience,Borno,Jere,Jere Site 6,0.7483,0.7283,0.711391526564633,Watch,0.016908473435366944
ES-000351,2026-07-01,Community Resilience Programme,Protection/Resilience,Borno,Jere,Jere Site 5,0.7915,0.8193,0.7873303800988369,On Track,0.03196961990116309
ES-000319,2026-07-01,Community Resilience Programme,Protection/Resilience,Borno,Jere,Jere Site 4,0.9678,0.9144,0.9024371647082161,On Track,0.01196283529178388
ES-000287,2026-07-01,Community Resilience Programme,Protection/Resilience,Borno,Jere,Jere Site 3,0.8286,0.8231,0.8213105369778764,On Track,0.001789463022123683
ES-000255,2026-07-01,Community Resilience Programme,Protection/Resilience,Borno,Jere,Jere Site 2,0.8238,0.7886,0.8041297103285716,On Track,0.015529710328571644
ES-000223,2026-07-01,Community Resilience Programme,Protection/Resilience,Borno,Jere,Jere Site 1,0.9405,0.8127,0.8737334243077275,On Track,0.06103342430772751
ES-001535,2026-07-01,Community Resilience Programme,Protection/Resilience,Borno,Gwoza,Gwoza Site 6,0.7102,0.6691,0.7117182665607465,Watch,0.04261826656074652
ES-001503,2026-07-01,Community Resilience Programme,Protection/Resilience,Borno,Gwoza,Gwoza Site 5,0.662,0.7092,0.6851753141983349,Watch,0.02402468580166517
ES-001471,2026-07-01,Community Resilience Programme,Protection/Resilience,Borno,Gwoza,Gwoza Site 4,0.8095,0.7494,0.7797357955851862,On Track,0.030335795585186287
ES-001439,2026-07-01,Community Resilience Programme,Protection/Resilience,Borno,Gwoza,Gwoza Site 3,0.7127,0.6679,0.7084529589551724,Watch,0.0405529589551723
ES-001407,2026-07-01,Community Resilience Programme,Protection/Resilience,Borno,Gwoza,Gwoza Site 2,0.6651,0.6823,0.6809614024996509,Watch,0.001338597500349148
ES-001375,2026-07-01,Community Resilience Programme,Protection/Resilience,Borno,Gwoza,Gwoza Site 1,0.7388,0.6685,0.7322314607120441,Watch,0.06373146071204416
ES-001343,2026-07-01,Community Resilience Programme,Protection/Resilience,Borno,Dikwa,Dikwa Site 6,0.7516,0.7209,0.7392453005271933,Watch,0.018345300527193298
ES-001311,2026-07-01,Community Resilience Programme,Protection/Resilience,Borno,Dikwa,Dikwa Site 5,0.7067,0.6178,0.6967577782276432,Watch,0.07895777822764316
ES-001279,2026-07-01,Community Resilience Programme,Protection/Resilience,Borno,Dikwa,Dikwa Site 4,0.7649,0.7848,0.7629712816244328,On Track,0.021828718375567213
ES-001247,2026-07-01,Community Resilience Programme,Protection/Resilience,Borno,Dikwa,Dikwa Site 3,0.75,0.7116,0.7187399725907712,Watch,0.007139972590771149
ES-001215,2026-07-01,Community Resilience Programme,Protection/Resilience,Borno,Dikwa,Dikwa Site 2,0.6977,0.712,0.7031545228873614,Watch,0.008845477112638611
ES-001183,2026-07-01,Community Resilience Programme,Protection/Resilience,Borno,Dikwa,Dikwa Site 1,0.6755,0.7029,0.6627740362183897,Watch,0.04012596378161026
ES-000959,2026-07-01,Community Resilience Programme,Protection/Resilience,Borno,Bama,Bama Site 6,0.6261,0.7127,0.6480097054084225,Critical,0.06469029459157749
ES-000927,2026-07-01,Community Resilience Programme,Protection/Resilience,Borno,Bama,Bama Site 5,0.8445,0.8402,0.8149930846197045,On Track,0.025206915380295403
ES-000895,2026-07-01,Community Resilience Programme,Protection/Resilience,Borno,Bama,Bama Site 4,0.7941,0.8509,0.777881570434192,On Track,0.07301842956580795
ES-000863,2026-07-01,Community Resilience Programme,Protection/Resilience,Borno,Bama,Bama Site 3,0.7712,0.7879,0.7550796707070689,On Track,0.032820329292931105
ES-000831,2026-07-01,Community Resilience Programme,Protection/Resilience,Borno,Bama,Bama Site 2,0.777,0.6692,0.7580734191665002,On Track,0.08887341916650016
ES-000799,2026-07-01,Community Resilience Programme,Protection/Resilience,Borno,Bama,Bama Site 1,0.85,0.8063,0.8096533045086695,On Track,0.0033533045086694413
ES-000447,2026-07-01,Community Resilience Programme,Protection/Resilience,Borno,Konduga,Konduga Site 2,0.7453,0.6887,0.7214009769865791,Watch,0.032700976986579144
ES-004287,2026-07-01,Education Access Project,Education,Borno,Dikwa,Dikwa Site 2,0.7398,0.6775,0.7468625224487886,Watch,0.0693625224487886
ES-000479,2026-07-01,Community Resilience Programme,Protection/Resilience,Borno,Konduga,Konduga Site 3,0.782,0.6887,0.760994192986278,On Track,0.07229419298627804
ES-000543,2026-07-01,Community Resilience Programme,Protection/Resilience,Borno,Konduga,Konduga Site 5,0.7282,0.8041,0.7430496672667015,Watch,0.06105033273329852
ES-004031,2026-07-01,Education Access Project,Education,Borno,Bama,Bama Site 6,0.7826,0.7685,0.77022872123872,On Track,0.0017287212387200324
ES-003999,2026-07-01,Education Access Project,Education,Borno,Bama,Bama Site 5,0.755,0.6958,0.7364748792289189,Watch,0.04067487922891888
ES-003967,2026-07-01,Education Access Project,Education,Borno,Bama,Bama Site 4,0.681,0.831,0.702686678271899,Watch,0.12831332172810095
ES-003935,2026-07-01,Education Access Project,Education,Borno,Bama,Bama Site 3,0.592,0.6436,0.6275519536637849,Critical,0.01604804633621504
ES-003903,2026-07-01,Education Access Project,Education,Borno,Bama,Bama Site 2,0.666,0.6096,0.6570214500810247,Watch,0.04742145008102472
ES-003871,2026-07-01,Education Access Project,Education,Borno,Bama,Bama Site 1,0.6747,0.6687,0.6435290457055792,Critical,0.025170954294420733
ES-001151,2026-07-01,Community Resilience Programme,Protection/Resilience,Borno,Ngala,Ngala Site 6,0.6689,0.5974,0.6722873305094647,Watch,0.07488733050946461
ES-001119,2026-07-01,Community Resilience Programme,Protection/Resilience,Borno,Ngala,Ngala Site 5,0.765,0.7668,0.7598302613202103,On Track,0.006969738679789783
ES-001087,2026-07-01,Community Resilience Programme,Protection/Resilience,Borno,Ngala,Ngala Site 4,0.6555,0.6251,0.6499780854487889,Critical,0.02487808544878889
ES-001055,2026-07-01,Community Resilience Programme,Protection/Resilience,Borno,Ngala,Ngala Site 3,0.8394,0.7644,0.8207524508459568,On Track,0.05635245084595686
ES-001023,2026-07-01,Community Resilience Programme,Protection/Resilience,Borno,Ngala,Ngala Site 2,0.7639,0.7509,0.7495053030551656,Watch,0.001394696944834406
ES-000991,2026-07-01,Community Resilience Programme,Protection/Resilience,Borno,Ngala,Ngala Site 1,0.7771,0.793,0.7664199652150919,On Track,0.026580034784908113
ES-000191,2026-07-01,Community Resilience Programme,Protection/Resilience,Borno,Maiduguri,Maiduguri Site 6,0.6744,0.5877,0.6869192360907793,Watch,0.09921923609077932
ES-000159,2026-07-01,Community Resilience Programme,Protection/Resilience,Borno,Maiduguri,Maiduguri Site 5,0.7329,0.6704,0.7511348123327207,On Track,0.08073481233272073
ES-000127,2026-07-01,Community Resilience Programme,Protection/Resilience,Borno,Maiduguri,Maiduguri Site 4,0.7755,0.7612,0.7836605748829848,On Track,0.022460574882984807
ES-000095,2026-07-01,Community Resilience Programme,Protection/Resilience,Borno,Maiduguri,Maiduguri Site 3,0.7148,0.8105,0.7288404666181983,Watch,0.08165953338180165
ES-000063,2026-07-01,Community Resilience Programme,Protection/Resilience,Borno,Maiduguri,Maiduguri Site 2,0.8603,0.7872,0.8233871371953204,On Track,0.03618713719532041
ES-000031,2026-07-01,Community Resilience Programme,Protection/Resilience,Borno,Maiduguri,Maiduguri Site 1,0.6426,0.7261,0.6567664913124657,Watch,0.0693335086875343
ES-000767,2026-07-01,Community Resilience Programme,Protection/Resilience,Borno,Mafa,Mafa Site 6,0.7514,0.7647,0.7432800559382549,Watch,0.02141994406174519
ES-000735,2026-07-01,Community Resilience Programme,Protection/Resilience,Borno,Mafa,Mafa Site 5,0.7656,0.8259,0.7513381124188228,On Track,0.07456188758117721
ES-000703,2026-07-01,Community Resilience Programme,Protection/Resilience,Borno,Mafa,Mafa Site 4,0.8922,0.7855,0.8404756940308367,On Track,0.054975694030836686
ES-000671,2026-07-01,Community Resilience Programme,Protection/Resilience,Borno,Mafa,Mafa Site 3,0.7974,0.7716,0.7722989094477374,On Track,0.000698909447737428
ES-000639,2026-07-01,Community Resilience Programme,Protection/Resilience,Borno,Mafa,Mafa Site 2,0.795,0.7334,0.7725406947124934,On Track,0.039140694712493374
ES-000607,2026-07-01,Community Resilience Programme,Protection/Resilience,Borno,Mafa,Mafa Site 1,0.771,0.7803,0.7661658080654783,On Track,0.0141341919345217
ES-000575,2026-07-01,Community Resilience Programme,Protection/Resilience,Borno,Konduga,Konduga Site 6,0.9014,0.8301,0.8675432144098749,On Track,0.03744321440987497
ES-000511,2026-07-01,Community Resilience Programme,Protection/Resilience,Borno,Konduga,Konduga Site 4,0.7885,0.798,0.7942249267406377,On Track,0.003775073259362327
ES-003071,2026-07-01,Livelihood Recovery Initiative,Livelihoods,Borno,Gwoza,Gwoza Site 6,0.67,0.6894,0.6729638412741763,Watch,0.016436158725823713
ES-001759,2026-07-01,Livelihood Recovery Initiative,Livelihoods,Borno,Jere,Jere Site 1,0.6794,0.6909,0.7033876346106336,Watch,0.012487634610633624
ES-001791,2026-07-01,Livelihood Recovery Initiative,Livelihoods,Borno,Jere,Jere Site 2,0.6931,0.6799,0.7030114088142588,Watch,0.023111408814258882
ES-007391,2026-07-01,WASH Resilience Initiative,WASH,Borno,Dikwa,Dikwa Site 3,0.7488,0.7303,0.7363107304921404,Watch,0.006010730492140404
ES-007359,2026-07-01,WASH Resilience Initiative,WASH,Borno,Dikwa,Dikwa Site 2,0.72,0.6537,0.7153624368204001,Watch,0.06166243682040018
ES-007327,2026-07-01,WASH Resilience Initiative,WASH,Borno,Dikwa,Dikwa Site 1,0.7552,0.6958,0.7718039377647371,On Track,0.07600393776473713
ES-007103,2026-07-01,WASH Resilience Initiative,WASH,Borno,Bama,Bama Site 6,0.7674,0.7201,0.7447470052526836,Watch,0.024647005252683596
ES-007071,2026-07-01,WASH Resilience Initiative,WASH,Borno,Bama,Bama Site 5,0.7983,0.8378,0.7711805352180999,On Track,0.06661946478190006
ES-007039,2026-07-01,WASH Resilience Initiative,WASH,Borno,Bama,Bama Site 4,0.6929,0.6809,0.6995984261305294,Watch,0.01869842613052941
ES-007007,2026-07-01,WASH Resilience Initiative,WASH,Borno,Bama,Bama Site 3,0.7654,0.7596,0.7499516728100734,Watch,0.009648327189926698
ES-006975,2026-07-01,WASH Resilience Initiative,WASH,Borno,Bama,Bama Site 2,0.6534,0.6669,0.6949840561817909,Watch,0.028084056181790884
ES-006943,2026-07-01,WASH Resilience Initiative,WASH,Borno,Bama,Bama Site 1,0.5738,0.5746,0.6248162841673908,Critical,0.05021628416739077
ES-005759,2026-07-01,Nutrition Support Programme,Nutrition,Borno,Ngala,Ngala Site 6,0.7152,0.8116,0.7363938591681082,Watch,0.07520614083189181
ES-005727,2026-07-01,Nutrition Support Programme,Nutrition,Borno,Ngala,Ngala Site 5,0.8107,0.8255,0.7841550138626393,On Track,0.041344986137360706
ES-005695,2026-07-01,Nutrition Support Programme,Nutrition,Borno,Ngala,Ngala Site 4,0.7276,0.7484,0.7361610313013308,Watch,0.01223896869866914
ES-005663,2026-07-01,Nutrition Support Programme,Nutrition,Borno,Ngala,Ngala Site 3,0.6973,0.7047,0.7140898541852538,Watch,0.009389854185253843
ES-005631,2026-07-01,Nutrition Support Programme,Nutrition,Borno,Ngala,Ngala Site 2,0.8739,0.6645,0.8267814330265909,On Track,0.16228143302659093
ES-005599,2026-07-01,Nutrition Support Programme,Nutrition,Borno,Ngala,Ngala Site 1,0.771,0.7274,0.7493015630116064,Watch,0.021901563011606395
ES-004799,2026-07-01,Nutrition Support Programme,Nutrition,Borno,Maiduguri,Maiduguri Site 6,0.7378,0.751,0.7459211275373014,Watch,0.005078872462698558
ES-004767,2026-07-01,Nutrition Support Programme,Nutrition,Borno,Maiduguri,Maiduguri Site 5,0.7145,0.702,0.7407800103104045,Watch,0.03878001031040457
ES-004735,2026-07-01,Nutrition Support Programme,Nutrition,Borno,Maiduguri,Maiduguri Site 4,0.7874,0.7876,0.7790488651637142,On Track,0.008551134836285779
ES-004703,2026-07-01,Nutrition Support Programme,Nutrition,Borno,Maiduguri,Maiduguri Site 3,0.8514,0.797,0.7999438043263907,On Track,0.002943804326390631
ES-004671,2026-07-01,Nutrition Support Programme,Nutrition,Borno,Maiduguri,Maiduguri Site 2,0.7515,0.7264,0.7429694587615596,Watch,0.016569458761559575
ES-004639,2026-07-01,Nutrition Support Programme,Nutrition,Borno,Maiduguri,Maiduguri Site 1,0.7393,0.7734,0.7315102698478038,Watch,0.041889730152196214
ES-005375,2026-07-01,Nutrition Support Programme,Nutrition,Borno,Mafa,Mafa Site 6,0.743,0.8709,0.7312111545844923,Watch,0.13968884541550775
ES-005343,2026-07-01,Nutrition Support Programme,Nutrition,Borno,Mafa,Mafa Site 5,0.7781,0.6362,0.7598523887577115,On Track,0.12365238875771156
ES-005311,2026-07-01,Nutrition Support Programme,Nutrition,Borno,Mafa,Mafa Site 4,0.8265,0.8466,0.7755396069097632,On Track,0.07106039309023682
ES-005279,2026-07-01,Nutrition Support Programme,Nutrition,Borno,Mafa,Mafa Site 3,0.72,0.7409,0.7040168153714764,Watch,0.03688318462852358
ES-007423,2026-07-01,WASH Resilience Initiative,WASH,Borno,Dikwa,Dikwa Site 4,0.7204,0.8072,0.7406942227163903,Watch,0.06650577728360973
ES-005247,2026-07-01,Nutrition Support Programme,Nutrition,Borno,Mafa,Mafa Site 2,0.7965,0.7009,0.7554234367142881,On Track,0.054523436714288165
ES-007455,2026-07-01,WASH Resilience Initiative,WASH,Borno,Dikwa,Dikwa Site 5,0.654,0.5768,0.6557455319650194,Watch,0.07894553196501941
ES-007519,2026-07-01,WASH Resilience Initiative,WASH,Borno,Gwoza,Gwoza Site 1,0.7494,0.7197,0.7171476128069042,Watch,0.0025523871930958064
ES-006207,2026-07-01,WASH Resilience Initiative,WASH,Borno,Maiduguri,Maiduguri Site 2,0.7764,0.6243,0.7435628425936345,Watch,0.11926284259363451
ES-006175,2026-07-01,WASH Resilience Initiative,WASH,Borno,Maiduguri,Maiduguri Site 1,0.7586,0.7125,0.7638298259690384,On Track,0.051329825969038345
ES-006911,2026-07-01,WASH Resilience Initiative,WASH,Borno,Mafa,Mafa Site 6,0.6462,0.6421,0.688991978491246,Watch,0.046891978491246045
ES-006879,2026-07-01,WASH Resilience Initiative,WASH,Borno,Mafa,Mafa Site 5,0.8123,0.7306,0.7643018497943259,On Track,0.03370184979432589
ES-006847,2026-07-01,WASH Resilience Initiative,WASH,Borno,Mafa,Mafa Site 4,0.8025,0.835,0.7390511576418015,Watch,0.09594884235819845
ES-006815,2026-07-01,WASH Resilience Initiative,WASH,Borno,Mafa,Mafa Site 3,0.5466,0.6717,0.6589232374736004,Watch,0.012776762526399588
ES-006783,2026-07-01,WASH Resilience Initiative,WASH,Borno,Mafa,Mafa Site 2,0.7279,0.7147,0.7111885430748637,Watch,0.003511456925136325
ES-006751,2026-07-01,WASH Resilience Initiative,WASH,Borno,Mafa,Mafa Site 1,0.7237,0.6798,0.7025895816200554,Watch,0.0227895816200554
ES-006719,2026-07-01,WASH Resilience Initiative,WASH,Borno,Konduga,Konduga Site 6,0.7576,0.6898,0.7518309342248032,On Track,0.062030934224803214
ES-006687,2026-07-01,WASH Resilience Initiative,WASH,Borno,Konduga,Konduga Site 5,0.6798,0.7118,0.6751048165224081,Watch,0.03669518347759193
ES-006655,2026-07-01,WASH Resilience Initiative,WASH,Borno,Konduga,Konduga Site 4,0.7585,0.7247,0.7491112070032939,Watch,0.02441120700329391
ES-006623,2026-07-01,WASH Resilience Initiative,WASH,Borno,Konduga,Konduga Site 3,0.7116,0.5572,0.6990585382015974,Watch,0.14185853820159733
ES-006591,2026-07-01,WASH Resilience Initiative,WASH,Borno,Konduga,Konduga Site 2,0.6984,0.5914,0.7029125830081179,Watch,0.11151258300811784
ES-006559,2026-07-01,WASH Resilience Initiative,WASH,Borno,Konduga,Konduga Site 1,0.7013,0.777,0.7339290822522886,Watch,0.043070917747711435
ES-006527,2026-07-01,WASH Resilience Initiative,WASH,Borno,Jere,Jere Site 6,0.7142,0.7516,0.7416674277159498,Watch,0.0099325722840502
ES-006495,2026-07-01,WASH Resilience Initiative,WASH,Borno,Jere,Jere Site 5,0.7992,0.6804,0.7662463158705518,On Track,0.0858463158705518
ES-006463,2026-07-01,WASH Resilience Initiative,WASH,Borno,Jere,Jere Site 4,0.619,0.6917,0.6612673274361527,Watch,0.030432672563847296
ES-006431,2026-07-01,WASH Resilience Initiative,WASH,Borno,Jere,Jere Site 3,0.7331,0.7437,0.7297091670182458,Watch,0.013990832981754187
ES-006399,2026-07-01,WASH Resilience Initiative,WASH,Borno,Jere,Jere Site 2,0.6853,0.6763,0.6861348373270207,Watch,0.009834837327020729
ES-006367,2026-07-01,WASH Resilience Initiative,WASH,Borno,Jere,Jere Site 1,0.714,0.7742,0.7213718250243721,Watch,0.05282817497562786
ES-007679,2026-07-01,WASH Resilience Initiative,WASH,Borno,Gwoza,Gwoza Site 6,0.69,0.6408,0.6870788605147636,Watch,0.0462788605147636
ES-007647,2026-07-01,WASH Resilience Initiative,WASH,Borno,Gwoza,Gwoza Site 5,0.5253,0.6624,0.5828711175164453,Critical,0.07952888248355472
ES-007615,2026-07-01,WASH Resilience Initiative,WASH,Borno,Gwoza,Gwoza Site 4,0.6925,0.6327,0.6582838344017875,Watch,0.025583834401787464
ES-007583,2026-07-01,WASH Resilience Initiative,WASH,Borno,Gwoza,Gwoza Site 3,0.6979,0.6868,0.6931970149452163,Watch,0.006397014945216384
ES-007551,2026-07-01,WASH Resilience Initiative,WASH,Borno,Gwoza,Gwoza Site 2,0.7742,0.7809,0.7517716814669907,On Track,0.029128318533009345
ES-007487,2026-07-01,WASH Resilience Initiative,WASH,Borno,Dikwa,Dikwa Site 6,0.8398,0.7139,0.7822837388466087,On Track,0.06838373884660875
ES-005215,2026-07-01,Nutrition Support Programme,Nutrition,Borno,Mafa,Mafa Site 1,0.6586,0.6329,0.6794075196203628,Watch,0.046507519620362814
ES-005183,2026-07-01,Nutrition Support Programme,Nutrition,Borno,Konduga,Konduga Site 6,0.7883,0.719,0.7672375174219452,On Track,0.048237517421945264
ES-005151,2026-07-01,Nutrition Support Programme,Nutrition,Borno,Konduga,Konduga Site 5,0.7539,0.6554,0.753417236851998,On Track,0.09801723685199804
ES-002623,2026-07-01,Livelihood Recovery Initiative,Livelihoods,Borno,Ngala,Ngala Site 4,0.6399,0.6358,0.6630084374361706,Watch,0.02720843743617052
ES-002591,2026-07-01,Livelihood Recovery Initiative,Livelihoods,Borno,Ngala,Ngala Site 3,0.7247,0.6701,0.7102074094267771,Watch,0.04010740942677704
ES-002559,2026-07-01,Livelihood Recovery Initiative,Livelihoods,Borno,Ngala,Ngala Site 2,0.9473,0.8517,0.8556670655955213,On Track,0.003967065595521291
ES-002527,2026-07-01,Livelihood Recovery Initiative,Livelihoods,Borno,Ngala,Ngala Site 1,0.6926,0.6656,0.6993260118432768,Watch,0.03372601184327684
ES-001727,2026-07-01,Livelihood Recovery Initiative,Livelihoods,Borno,Maiduguri,Maiduguri Site 6,0.8792,0.7497,0.8279321200428444,On Track,0.07823212004284441
ES-001695,2026-07-01,Livelihood Recovery Initiative,Livelihoods,Borno,Maiduguri,Maiduguri Site 5,0.7982,0.8671,0.7722478154369067,On Track,0.0948521845630933
ES-001663,2026-07-01,Livelihood Recovery Initiative,Livelihoods,Borno,Maiduguri,Maiduguri Site 4,0.8042,0.9398,0.78949077428123,On Track,0.15030922571876992
ES-001631,2026-07-01,Livelihood Recovery Initiative,Livelihoods,Borno,Maiduguri,Maiduguri Site 3,0.885,0.7957,0.8241373297731627,On Track,0.02843732977316271
ES-001599,2026-07-01,Livelihood Recovery Initiative,Livelihoods,Borno,Maiduguri,Maiduguri Site 2,0.7817,0.7025,0.7534015685232555,On Track,0.05090156852325545
ES-001567,2026-07-01,Livelihood Recovery Initiative,Livelihoods,Borno,Maiduguri,Maiduguri Site 1,0.7189,0.6778,0.7406548308222861,Watch,0.06285483082228616
ES-002303,2026-07-01,Livelihood Recovery Initiative,Livelihoods,Borno,Mafa,Mafa Site 6,0.7122,0.7569,0.7075150335223593,Watch,0.04938496647764068
ES-002271,2026-07-01,Livelihood Recovery Initiative,Livelihoods,Borno,Mafa,Mafa Site 5,0.6546,0.5824,0.6767505614802418,Watch,0.09435056148024179
ES-002239,2026-07-01,Livelihood Recovery Initiative,Livelihoods,Borno,Mafa,Mafa Site 4,0.5969,0.5942,0.6278698181907472,Critical,0.033669818190747214
ES-002207,2026-07-01,Livelihood Recovery Initiative,Livelihoods,Borno,Mafa,Mafa Site 3,0.6558,0.8015,0.6682674280317518,Watch,0.13323257196824823
ES-002175,2026-07-01,Livelihood Recovery Initiative,Livelihoods,Borno,Mafa,Mafa Site 2,0.6833,0.619,0.6980646476771242,Watch,0.07906464767712418
ES-002143,2026-07-01,Livelihood Recovery Initiative,Livelihoods,Borno,Mafa,Mafa Site 1,0.635,0.809,0.6775949450585992,Watch,0.13140505494140087
ES-002111,2026-07-01,Livelihood Recovery Initiative,Livelihoods,Borno,Konduga,Konduga Site 6,0.8407,0.7986,0.7990379703688725,On Track,0.00043797036887249785
ES-002079,2026-07-01,Livelihood Recovery Initiative,Livelihoods,Borno,Konduga,Konduga Site 5,0.6593,0.6895,0.6986171309006642,Watch,0.009117130900664239
ES-002047,2026-07-01,Livelihood Recovery Initiative,Livelihoods,Borno,Konduga,Konduga Site 4,0.6884,0.6891,0.6894196104477206,Watch,0.000319610447720553
ES-002015,2026-07-01,Livelihood Recovery Initiative,Livelihoods,Borno,Konduga,Konduga Site 3,0.7555,0.759,0.736578345812826,Watch,0.02242165418717401
ES-001983,2026-07-01,Livelihood Recovery Initiative,Livelihoods,Borno,Konduga,Konduga Site 2,0.6958,0.7305,0.693970446841435,Watch,0.03652955315856499
ES-001951,2026-07-01,Livelihood Recovery Initiative,Livelihoods,Borno,Konduga,Konduga Site 1,0.6833,0.7284,0.6996443409061915,Watch,0.028755659093808505
ES-001887,2026-07-01,Livelihood Recovery Initiative,Livelihoods,Borno,Jere,Jere Site 5,0.9443,0.8483,0.8467569465937334,On Track,0.0015430534062667034
ES-001855,2026-07-01,Livelihood Recovery Initiative,Livelihoods,Borno,Jere,Jere Site 4,0.7782,0.8321,0.7710328515869224,On Track,0.06106714841307759
ES-001823,2026-07-01,Livelihood Recovery Initiative,Livelihoods,Borno,Jere,Jere Site 3,0.8263,0.7722,0.7855122317598395,On Track,0.013312231759839532
ES-002655,2026-07-01,Livelihood Recovery Initiative,Livelihoods,Borno,Ngala,Ngala Site 5,0.7309,0.7644,0.7279376950013201,Watch,0.03646230499867986
ES-002687,2026-07-01,Livelihood Recovery Initiative,Livelihoods,Borno,Ngala,Ngala Site 6,0.8024,0.7656,0.7588541829485655,On Track,0.0067458170514344
ES-005407,2026-07-01,Nutrition Support Programme,Nutrition,Borno,Bama,Bama Site 1,0.5902,0.5443,0.6379908915434115,Critical,0.09369089154341148
ES-005439,2026-07-01,Nutrition Support Programme,Nutrition,Borno,Bama,Bama Site 2,0.7768,0.7552,0.751201530030784,On Track,0.003998469969215934
ES-005119,2026-07-01,Nutrition Support Programme,Nutrition,Borno,Konduga,Konduga Site 4,0.6783,0.5543,0.6791621057804001,Watch,0.12486210578040013
ES-005087,2026-07-01,Nutrition Support Programme,Nutrition,Borno,Konduga,Konduga Site 3,0.7485,0.6785,0.7510070396301578,On Track,0.07250703963015781
ES-005055,2026-07-01,Nutrition Support Programme,Nutrition,Borno,Konduga,Konduga Site 2,0.7692,0.6234,0.7642422678177647,On Track,0.14084226781776477
ES-005023,2026-07-01,Nutrition Support Programme,Nutrition,Borno,Konduga,Konduga Site 1,0.7741,0.735,0.7599856030041315,On Track,0.02498560300413155
ES-004991,2026-07-01,Nutrition Support Programme,Nutrition,Borno,Jere,Jere Site 6,0.6139,0.7117,0.657441557573811,Watch,0.054258442426189046
ES-004959,2026-07-01,Nutrition Support Programme,Nutrition,Borno,Jere,Jere Site 5,0.7044,0.7164,0.7108974549126235,Watch,0.005502545087376576
ES-004927,2026-07-01,Nutrition Support Programme,Nutrition,Borno,Jere,Jere Site 4,0.8273,0.7412,0.7809195272174105,On Track,0.039719527217410566
ES-004895,2026-07-01,Nutrition Support Programme,Nutrition,Borno,Jere,Jere Site 3,0.7578,0.7543,0.7490612079732295,Watch,0.005238792026770467
ES-004863,2026-07-01,Nutrition Support Programme,Nutrition,Borno,Jere,Jere Site 2,0.8007,0.8182,0.7656039335867061,On Track,0.05259606641329395
ES-004831,2026-07-01,Nutrition Support Programme,Nutrition,Borno,Jere,Jere Site 1,0.7983,0.7464,0.7727526526399118,On Track,0.026352652639911822
ES-006143,2026-07-01,Nutrition Support Programme,Nutrition,Borno,Gwoza,Gwoza Site 6,0.6813,0.6657,0.6867971702712691,Watch,0.021097170271269117
ES-006111,2026-07-01,Nutrition Support Programme,Nutrition,Borno,Gwoza,Gwoza Site 5,0.8728,0.7965,0.8093473649280342,On Track,0.012847364928034177
ES-006271,2026-07-01,WASH Resilience Initiative,WASH,Borno,Maiduguri,Maiduguri Site 4,0.8387,0.7545,0.8141601746237115,On Track,0.05966017462371154
ES-006079,2026-07-01,Nutrition Support Programme,Nutrition,Borno,Gwoza,Gwoza Site 4,0.5684,0.7408,0.6164559629756707,Critical,0.12434403702432928
ES-006015,2026-07-01,Nutrition Support Programme,Nutrition,Borno,Gwoza,Gwoza Site 2,0.7031,0.6818,0.7071720620706617,Watch,0.025372062070661783
ES-005983,2026-07-01,Nutrition Support Programme,Nutrition,Borno,Gwoza,Gwoza Site 1,0.7515,0.6459,0.739537883089091,Watch,0.09363788308909093
ES-005951,2026-07-01,Nutrition Support Programme,Nutrition,Borno,Dikwa,Dikwa Site 6,0.692,0.7099,0.7021309438121619,Watch,0.007769056187838075
ES-005919,2026-07-01,Nutrition Support Programme,Nutrition,Borno,Dikwa,Dikwa Site 5,0.792,0.8472,0.7742969381342862,On Track,0.07290306186571371
ES-005887,2026-07-01,Nutrition Support Programme,Nutrition,Borno,Dikwa,Dikwa Site 4,0.7129,0.7239,0.7267088216058333,Watch,0.0028088216058332893
ES-005855,2026-07-01,Nutrition Support Programme,Nutrition,Borno,Dikwa,Dikwa Site 3,0.7079,0.7442,0.7040828355478547,Watch,0.040117164452145304
ES-005823,2026-07-01,Nutrition Support Programme,Nutrition,Borno,Dikwa,Dikwa Site 2,0.7959,0.7683,0.7604961132194543,On Track,0.007803886780545666
ES-005791,2026-07-01,Nutrition Support Programme,Nutrition,Borno,Dikwa,Dikwa Site 1,0.6531,0.6356,0.6839715355879705,Watch,0.04837153558797047
ES-005567,2026-07-01,Nutrition Support Programme,Nutrition,Borno,Bama,Bama Site 6,0.7274,0.7524,0.7213112359865396,Watch,0.03108876401346039
ES-005535,2026-07-01,Nutrition Support Programme,Nutrition,Borno,Bama,Bama Site 5,0.7285,0.7417,0.730154641649444,Watch,0.011545358350556034
ES-005503,2026-07-01,Nutrition Support Programme,Nutrition,Borno,Bama,Bama Site 4,0.8769,0.7996,0.8336393331607651,On Track,0.03403933316076513
ES-005471,2026-07-01,Nutrition Support Programme,Nutrition,Borno,Bama,Bama Site 3,0.6834,0.6047,0.7132979420207988,Watch,0.10859794202079875
ES-006047,2026-07-01,Nutrition Support Programme,Nutrition,Borno,Gwoza,Gwoza Site 3,0.7673,0.7302,0.742767570383672,Watch,0.012567570383672066
ES-007295,2026-07-01,WASH Resilience Initiative,WASH,Borno,Ngala,Ngala Site 6,0.7269,0.5974,0.7524075645128714,On Track,0.15500756451287134
