record_id,reporting_date,programme_name,sector,state,lga,community,achievement_rate,risk_label,predicted_risk,probability_high,probability_low,probability_medium,risk_prediction_correct
ES-004826,2026-02-01,Nutrition Support Programme,Nutrition,Borno,Jere,Jere Site 1,0.6975,Medium,Medium,0.0011763027527491472,0.00012073808556063905,0.9987029591616902,True
ES-002138,2026-02-01,Livelihood Recovery Initiative,Livelihoods,Borno,Mafa,Mafa Site 1,0.5252,High,High,0.9815631974089947,1.2925896729381554e-13,0.018436802590876128,True
ES-005434,2026-02-01,Nutrition Support Programme,Nutrition,Borno,Bama,Bama Site 2,0.8341,Low,Low,1.1003237153624023e-21,0.9999999993565951,6.434048980690562e-10,True
ES-000666,2026-02-01,Community Resilience Programme,Protection/Resilience,Borno,Mafa,Mafa Site 3,0.8349,Low,Low,3.673446061639032e-17,0.9999995966538034,4.033461964039619e-07,True
ES-000058,2026-02-01,Community Resilience Programme,Protection/Resilience,Borno,Maiduguri,Maiduguri Site 2,0.8009,Low,Low,2.345189640724557e-15,0.9999930984097815,6.9015902160503334e-06,True
ES-001754,2026-02-01,Livelihood Recovery Initiative,Livelihoods,Borno,Jere,Jere Site 1,0.6516,High,High,0.6419486350228469,1.446191537813946e-10,0.35805136483253386,True
ES-006842,2026-02-01,WASH Resilience Initiative,WASH,Borno,Mafa,Mafa Site 4,0.7496,Low,Low,8.80242294392925e-09,0.9409885508933492,0.059011440304227766,True
ES-004922,2026-02-01,Nutrition Support Programme,Nutrition,Borno,Jere,Jere Site 4,0.6809,Medium,Medium,0.008965322274937272,8.994826748725138e-07,0.9910337782423878,True
ES-003418,2026-02-01,Education Access Project,Education,Borno,Jere,Jere Site 5,0.7171,Medium,Medium,0.0006631632305411549,7.448592230749852e-05,0.9992623508471513,True
ES-003482,2026-02-01,Education Access Project,Education,Borno,Konduga,Konduga Site 1,0.9343,Low,Low,6.010337674833989e-28,0.9999999999998344,1.6557880132409091e-13,True
ES-000218,2026-02-01,Community Resilience Programme,Protection/Resilience,Borno,Jere,Jere Site 1,0.7633,Low,Low,7.666570224859199e-10,0.9940174589008413,0.0059825403325017516,True
ES-005562,2026-02-01,Nutrition Support Programme,Nutrition,Borno,Bama,Bama Site 6,0.8767,Low,Low,6.164726499848499e-25,0.9999999999873628,1.263716205845469e-11,True
ES-003002,2026-02-01,Livelihood Recovery Initiative,Livelihoods,Borno,Gwoza,Gwoza Site 4,0.6685,Medium,Medium,0.14655246251889126,1.7194694158110238e-08,0.8534475202864147,True
ES-006202,2026-02-01,WASH Resilience Initiative,WASH,Borno,Maiduguri,Maiduguri Site 2,0.5587,Medium,Medium,0.17986582780677213,1.9210597098237117e-08,0.8201341529826307,True
ES-001530,2026-02-01,Community Resilience Programme,Protection/Resilience,Borno,Gwoza,Gwoza Site 6,0.6639,Medium,Medium,0.06748385394165168,1.439695924545376e-08,0.932516131661389,True
ES-005338,2026-02-01,Nutrition Support Programme,Nutrition,Borno,Mafa,Mafa Site 5,0.7411,Low,Low,8.124360466301165e-13,0.9998457055547674,0.00015429444442028377,True
ES-006970,2026-02-01,WASH Resilience Initiative,WASH,Borno,Bama,Bama Site 2,0.5988,Medium,Medium,0.0017642115713936775,7.152622643548635e-05,0.9981642622021708,True
ES-007450,2026-02-01,WASH Resilience Initiative,WASH,Borno,Dikwa,Dikwa Site 5,0.8251,Low,Low,7.932086698335822e-11,0.9985727221061748,0.0014272778145044158,True
ES-006682,2026-02-01,WASH Resilience Initiative,WASH,Borno,Konduga,Konduga Site 5,0.552,High,High,0.9999012051653455,3.1989473189998687e-19,9.879483465433614e-05,True
ES-000026,2026-02-01,Community Resilience Programme,Protection/Resilience,Borno,Maiduguri,Maiduguri Site 1,0.9307,Low,Low,8.070978963556525e-36,1.0,2.528760784672397e-18,True
ES-007130,2026-02-01,WASH Resilience Initiative,WASH,Borno,Ngala,Ngala Site 1,0.8132,Low,Low,2.8871687452879226e-23,0.9999999999770077,2.2992323168769657e-11,True
ES-000602,2026-02-01,Community Resilience Programme,Protection/Resilience,Borno,Mafa,Mafa Site 1,0.8353,Low,Low,6.305019725141395e-23,0.9999999998943108,1.0568915798434986e-10,True
ES-003034,2026-02-01,Livelihood Recovery Initiative,Livelihoods,Borno,Gwoza,Gwoza Site 5,0.7154,Low,Low,8.278413624240224e-12,0.9991807203731045,0.0008192796186170553,True
ES-000890,2026-02-01,Community Resilience Programme,Protection/Resilience,Borno,Bama,Bama Site 4,0.6999,Medium,Medium,4.510070787551989e-05,0.03175811804404439,0.9681967812480801,True
ES-005786,2026-02-01,Nutrition Support Programme,Nutrition,Borno,Dikwa,Dikwa Site 1,0.7634,Low,Low,1.4635558967062004e-15,0.9999954745759786,4.52542401970585e-06,True
ES-000826,2026-02-01,Community Resilience Programme,Protection/Resilience,Borno,Bama,Bama Site 2,0.7076,Low,Low,2.6785710895419306e-10,0.9968382385133053,0.003161761218837736,True
ES-000346,2026-02-01,Community Resilience Programme,Protection/Resilience,Borno,Jere,Jere Site 5,0.774,Low,Low,1.043442565967652e-13,0.9999594977728574,4.0502227038312724e-05,True
ES-004666,2026-02-01,Nutrition Support Programme,Nutrition,Borno,Maiduguri,Maiduguri Site 2,0.8056,Low,Low,7.169876887223304e-21,0.9999999961152237,3.884776256896927e-09,True
ES-003866,2026-02-01,Education Access Project,Education,Borno,Bama,Bama Site 1,0.6873,Medium,Medium,1.6257860468760975e-05,0.052660105426542494,0.9473236367129888,True
ES-003066,2026-02-01,Livelihood Recovery Initiative,Livelihoods,Borno,Gwoza,Gwoza Site 6,0.6395,High,High,0.8590603887478031,1.0569814217160067e-11,0.14093961124162702,True
ES-006298,2026-02-01,WASH Resilience Initiative,WASH,Borno,Maiduguri,Maiduguri Site 5,0.7157,Medium,Medium,1.1517129321812653e-05,0.035007892749621655,0.9649805901210566,True
ES-003450,2026-02-01,Education Access Project,Education,Borno,Jere,Jere Site 6,0.8558,Low,Low,9.316616717025725e-27,0.9999999999995988,4.011308662652369e-13,True
ES-004634,2026-02-01,Nutrition Support Programme,Nutrition,Borno,Maiduguri,Maiduguri Site 1,0.6856,Medium,Medium,3.4829988003583303e-06,0.179540422695104,0.8204560943060957,True
ES-004538,2026-02-01,Education Access Project,Education,Borno,Gwoza,Gwoza Site 4,0.7538,Low,Low,1.5781272628131989e-19,0.9999999837723972,1.622760273205861e-08,True
ES-003930,2026-02-01,Education Access Project,Education,Borno,Bama,Bama Site 3,0.6507,Medium,Medium,0.007672327963540045,1.6248113253630413e-05,0.9923114239232064,True
ES-001914,2026-02-01,Livelihood Recovery Initiative,Livelihoods,Borno,Jere,Jere Site 6,0.7744,Low,Low,3.236111973330765e-15,0.999996209539699,3.7904602976744845e-06,True
ES-006330,2026-02-01,WASH Resilience Initiative,WASH,Borno,Maiduguri,Maiduguri Site 6,0.7848,Low,Low,7.253698116837014e-14,0.9999336455050607,6.635449486655246e-05,True
ES-005466,2026-02-01,Nutrition Support Programme,Nutrition,Borno,Bama,Bama Site 3,0.7348,Low,Low,1.2816233928296886e-06,0.5589925895706689,0.4410061288059383,True
ES-001946,2026-02-01,Livelihood Recovery Initiative,Livelihoods,Borno,Konduga,Konduga Site 1,0.786,Low,Low,1.3354680728934988e-12,0.9996429188630559,0.0003570811356084706,True
ES-007034,2026-02-01,WASH Resilience Initiative,WASH,Borno,Bama,Bama Site 4,0.7249,Low,Low,2.285659454336008e-09,0.9889487956154712,0.011051202098869272,True
ES-007098,2026-02-01,WASH Resilience Initiative,WASH,Borno,Bama,Bama Site 6,0.7281,Medium,Medium,0.0012971975917189006,3.816559812128291e-05,0.9986646368101597,True
ES-005498,2026-02-01,Nutrition Support Programme,Nutrition,Borno,Bama,Bama Site 4,0.7469,Low,Low,2.1341372393186343e-08,0.9587896688501321,0.04121030980849553,True
ES-005050,2026-02-01,Nutrition Support Programme,Nutrition,Borno,Konduga,Konduga Site 2,0.7763,Medium,Medium,1.5094020850794632e-05,0.002260154466193378,0.9977247515129558,True
ES-003290,2026-02-01,Education Access Project,Education,Borno,Jere,Jere Site 1,0.7766,Low,Low,2.095293450846296e-18,0.999999933731377,6.626862314730905e-08,True
ES-004602,2026-02-01,Education Access Project,Education,Borno,Gwoza,Gwoza Site 6,0.6385,Medium,Medium,0.00018150408633546867,0.0009892369298447683,0.9988292589838197,True
ES-000922,2026-02-01,Community Resilience Programme,Protection/Resilience,Borno,Bama,Bama Site 5,0.7663,Medium,Medium,1.0464244297439405e-05,0.030122953994727083,0.9698665817609754,True
ES-000282,2026-02-01,Community Resilience Programme,Protection/Resilience,Borno,Jere,Jere Site 3,0.7066,High,Medium,0.3730188616340671,4.541396020514789e-10,0.6269811379117932,False
ES-006170,2026-02-01,WASH Resilience Initiative,WASH,Borno,Maiduguri,Maiduguri Site 1,0.7655,Low,Low,8.144018869941771e-07,0.523389643076979,0.47660954252113397,True
ES-007290,2026-02-01,WASH Resilience Initiative,WASH,Borno,Ngala,Ngala Site 6,0.5243,High,High,0.9393504952928303,1.7226411419208069e-12,0.060649504705446985,True
ES-001978,2026-02-01,Livelihood Recovery Initiative,Livelihoods,Borno,Konduga,Konduga Site 2,0.6751,Medium,Medium,0.0002406188219155762,0.0004147569648704817,0.999344624213214,True
ES-007066,2026-02-01,WASH Resilience Initiative,WASH,Borno,Bama,Bama Site 5,0.7655,Low,Low,1.1947215336764065e-07,0.7803724542855006,0.21962742624234613,True
ES-002010,2026-02-01,Livelihood Recovery Initiative,Livelihoods,Borno,Konduga,Konduga Site 3,0.7317,Low,Low,6.14641983860868e-08,0.7018992233902546,0.29810071514554703,True
ES-000314,2026-02-01,Community Resilience Programme,Protection/Resilience,Borno,Jere,Jere Site 4,0.8247,Low,Low,1.0892385515966784e-16,0.9999988730249914,1.1269750087374112e-06,True
ES-007386,2026-02-01,WASH Resilience Initiative,WASH,Borno,Dikwa,Dikwa Site 3,0.7727,Low,Low,2.1366594050315988e-10,0.9968833260602799,0.003116673726054353,True
ES-003322,2026-02-01,Education Access Project,Education,Borno,Jere,Jere Site 2,0.724,Medium,Medium,7.413208697662972e-07,0.44991224631864274,0.5500870123604875,True
ES-007322,2026-02-01,WASH Resilience Initiative,WASH,Borno,Dikwa,Dikwa Site 1,0.7426,Medium,Medium,3.6779133864944e-05,0.02594056748842585,0.9740226533777091,True
ES-003898,2026-02-01,Education Access Project,Education,Borno,Bama,Bama Site 2,0.641,Medium,Medium,0.00042755485452385236,0.0008106863575256684,0.9987617587879504,True
ES-002106,2026-02-01,Livelihood Recovery Initiative,Livelihoods,Borno,Konduga,Konduga Site 6,0.7621,Low,Low,2.04569237237803e-09,0.9853022839144936,0.014697714039814073,True
ES-003386,2026-02-01,Education Access Project,Education,Borno,Jere,Jere Site 4,0.8256,Low,Low,4.467883401608187e-11,0.9960508633756273,0.003949136579693989,True
ES-001818,2026-02-01,Livelihood Recovery Initiative,Livelihoods,Borno,Jere,Jere Site 3,0.7279,Medium,Medium,0.00026723067808071026,7.988207764461873e-05,0.9996528872442746,True
ES-003962,2026-02-01,Education Access Project,Education,Borno,Bama,Bama Site 4,0.6507,Medium,Medium,0.00484811786059645,2.9238551076503678e-05,0.9951226435883269,True
ES-007002,2026-02-01,WASH Resilience Initiative,WASH,Borno,Bama,Bama Site 3,0.6984,Low,Low,1.1984516473752356e-08,0.9732962107301173,0.026703777285366354,True
ES-007226,2026-02-01,WASH Resilience Initiative,WASH,Borno,Ngala,Ngala Site 4,0.7129,Medium,Medium,2.776528910067158e-05,0.03386169274830345,0.9661105419625959,True
ES-005530,2026-02-01,Nutrition Support Programme,Nutrition,Borno,Bama,Bama Site 5,0.8022,Low,Low,4.687964152604594e-18,0.9999998837942263,1.1620577361962353e-07,True
ES-002042,2026-02-01,Livelihood Recovery Initiative,Livelihoods,Borno,Konduga,Konduga Site 4,0.7523,Low,Low,6.236061609683038e-11,0.9980080375579077,0.0019919623797315946,True
ES-007354,2026-02-01,WASH Resilience Initiative,WASH,Borno,Dikwa,Dikwa Site 2,0.6801,Medium,Medium,6.149763395515455e-05,0.061597376184307745,0.938341126181737,True
ES-005370,2026-02-01,Nutrition Support Programme,Nutrition,Borno,Mafa,Mafa Site 6,0.6596,Medium,Medium,0.1058847670567708,3.0945002276327233e-07,0.8941149234932064,True
ES-001850,2026-02-01,Livelihood Recovery Initiative,Livelihoods,Borno,Jere,Jere Site 4,0.6965,Medium,Medium,0.00012491634954920933,0.00040610422084044707,0.9994689794296104,True
ES-003354,2026-02-01,Education Access Project,Education,Borno,Jere,Jere Site 3,0.6784,Medium,Medium,0.00020190891050762285,0.00010179837973668839,0.9996962927097557,True
ES-002074,2026-02-01,Livelihood Recovery Initiative,Livelihoods,Borno,Konduga,Konduga Site 5,0.6618,Medium,Medium,5.998351368080271e-06,0.12435633080974831,0.8756376708388836,True
ES-000250,2026-02-01,Community Resilience Programme,Protection/Resilience,Borno,Jere,Jere Site 2,0.7716,Low,Low,5.310385974994048e-10,0.9904285643236428,0.009571435145318774,True
ES-004570,2026-02-01,Education Access Project,Education,Borno,Gwoza,Gwoza Site 5,0.6575,Medium,Medium,0.0029165502948950194,4.911913871339304e-06,0.9970785377912337,True
ES-001882,2026-02-01,Livelihood Recovery Initiative,Livelihoods,Borno,Jere,Jere Site 5,0.8246,Low,Low,8.500328519738506e-19,0.9999999252525307,7.47474692391053e-08,True
ES-000634,2026-02-01,Community Resilience Programme,Protection/Resilience,Borno,Mafa,Mafa Site 2,0.7808,Low,Low,9.489320014770376e-11,0.996299861745193,0.003700138159913811,True
ES-004890,2026-02-01,Nutrition Support Programme,Nutrition,Borno,Jere,Jere Site 3,0.8082,Medium,Medium,1.4905080678949474e-06,0.11764372265407813,0.882354786837854,True
ES-001786,2026-02-01,Livelihood Recovery Initiative,Livelihoods,Borno,Jere,Jere Site 2,0.7064,Low,Low,4.226457318735486e-10,0.9918381616930906,0.008161837884263709,True
ES-002554,2026-02-01,Livelihood Recovery Initiative,Livelihoods,Borno,Ngala,Ngala Site 2,0.8628,Low,Low,7.072855174142549e-25,0.9999999999885587,1.1441249624364158e-11,True
ES-006650,2026-02-01,WASH Resilience Initiative,WASH,Borno,Konduga,Konduga Site 4,0.7917,Low,Low,2.212414875572554e-09,0.9838896362106001,0.016110361576985123,True
ES-004154,2026-02-01,Education Access Project,Education,Borno,Ngala,Ngala Site 4,0.5472,High,High,0.9431218902605469,1.031778207840346e-11,0.05687810972913521,True
ES-005178,2026-02-01,Nutrition Support Programme,Nutrition,Borno,Konduga,Konduga Site 6,0.6151,High,High,0.7468845193315616,1.2737020462447864e-10,0.25311548054106814,True
ES-003802,2026-02-01,Education Access Project,Education,Borno,Mafa,Mafa Site 5,0.7733,Low,Low,5.3364215933031e-21,0.9999999990071642,9.928358274504504e-10,True
ES-006042,2026-02-01,Nutrition Support Programme,Nutrition,Borno,Gwoza,Gwoza Site 3,0.7859,Low,Low,6.160478705129518e-20,0.9999999887942984,1.1205701519866652e-08,True
ES-004186,2026-02-01,Education Access Project,Education,Borno,Ngala,Ngala Site 5,0.6274,Medium,Medium,1.1939225682307e-05,0.09639807097232937,0.9035899898019883,True
ES-006458,2026-02-01,WASH Resilience Initiative,WASH,Borno,Jere,Jere Site 4,0.8266,Low,Low,4.0298026282619015e-22,0.999999999239058,7.609419625307503e-10,True
ES-006266,2026-02-01,WASH Resilience Initiative,WASH,Borno,Maiduguri,Maiduguri Site 4,0.6956,Medium,Medium,0.0006868779029917664,0.00014425495608008375,0.9991688671409281,True
ES-003770,2026-02-01,Education Access Project,Education,Borno,Mafa,Mafa Site 4,0.7306,Low,Low,1.0320364549847614e-09,0.9866484107450466,0.01335158822291689,True
ES-006778,2026-02-01,WASH Resilience Initiative,WASH,Borno,Mafa,Mafa Site 2,0.7109,Low,Low,7.555249046867082e-17,0.9999995711816179,4.288183820789439e-07,True
ES-004218,2026-02-01,Education Access Project,Education,Borno,Ngala,Ngala Site 6,0.5948,High,High,0.6582473842626976,3.964494968326647e-11,0.34175261569765747,True
ES-001338,2026-02-01,Community Resilience Programme,Protection/Resilience,Borno,Dikwa,Dikwa Site 6,0.9033,Low,Low,8.903160701826091e-26,0.9999999999968225,3.177418318933677e-12,True
ES-006010,2026-02-01,Nutrition Support Programme,Nutrition,Borno,Gwoza,Gwoza Site 2,0.7555,Low,Low,2.4314359620758173e-11,0.9993392795456031,0.0006607204300824714,True
ES-006618,2026-02-01,WASH Resilience Initiative,WASH,Borno,Konduga,Konduga Site 3,0.6669,Low,Low,2.098325480600965e-06,0.5228448529620083,0.4771530487125111,True
ES-006426,2026-02-01,WASH Resilience Initiative,WASH,Borno,Jere,Jere Site 3,0.795,Low,Low,5.107645924122307e-25,0.9999999999870184,1.2981715342818794e-11,True
ES-001050,2026-02-01,Community Resilience Programme,Protection/Resilience,Borno,Ngala,Ngala Site 3,0.9888,Low,Low,6.65535106799365e-46,1.0,3.8915323612098905e-24,True
ES-002330,2026-02-01,Livelihood Recovery Initiative,Livelihoods,Borno,Bama,Bama Site 1,0.5885,High,High,0.7239089380404451,3.606334738128673e-10,0.27609106159892133,True
ES-003738,2026-02-01,Education Access Project,Education,Borno,Mafa,Mafa Site 3,0.3054,High,High,0.9999999975984644,3.4744199667756773e-29,2.401535579639169e-09,True
ES-005210,2026-02-01,Nutrition Support Programme,Nutrition,Borno,Mafa,Mafa Site 1,0.7425,Low,Low,6.412551686068256e-09,0.9697648682094291,0.03023512537801918,True
ES-002362,2026-02-01,Livelihood Recovery Initiative,Livelihoods,Borno,Bama,Bama Site 2,0.7509,Medium,Medium,0.00013607575601015326,0.002989959901390386,0.9968739643425993,True
ES-006394,2026-02-01,WASH Resilience Initiative,WASH,Borno,Jere,Jere Site 2,0.7534,Low,Low,8.499872180023906e-17,0.9999994368358048,5.631641952383267e-07,True
ES-000954,2026-02-01,Community Resilience Programme,Protection/Resilience,Borno,Bama,Bama Site 6,0.7536,Low,Low,3.3284420543393245e-09,0.9816399540031975,0.01836004266836051,True
ES-002394,2026-02-01,Livelihood Recovery Initiative,Livelihoods,Borno,Bama,Bama Site 3,0.6953,Medium,Medium,6.621295922906705e-05,0.012375213127043016,0.987558573913728,True
ES-001370,2026-02-01,Community Resilience Programme,Protection/Resilience,Borno,Gwoza,Gwoza Site 1,0.6237,Medium,Medium,0.2450511958069205,4.804530769685667e-08,0.7549487561477718,True
ES-006810,2026-02-01,WASH Resilience Initiative,WASH,Borno,Mafa,Mafa Site 3,0.7088,Medium,Medium,0.0009006466975715273,7.489897743731022e-05,0.9990244543249911,True
ES-003706,2026-02-01,Education Access Project,Education,Borno,Mafa,Mafa Site 2,0.6622,Medium,Medium,0.03649165435675203,9.945742589127286e-08,0.963508246185822,True
ES-006490,2026-02-01,WASH Resilience Initiative,WASH,Borno,Jere,Jere Site 5,0.6934,Medium,Medium,0.00042395304115791754,0.00017215059953111674,0.999403896359311,True
ES-004122,2026-02-01,Education Access Project,Education,Borno,Ngala,Ngala Site 3,0.742,Low,Low,3.931373413707859e-14,0.9999757401600675,2.4259839893056423e-05,True
ES-000986,2026-02-01,Community Resilience Programme,Protection/Resilience,Borno,Ngala,Ngala Site 1,0.8628,Low,Low,3.392333784241595e-24,0.9999999999850833,1.4916784708300806e-11,True
ES-001242,2026-02-01,Community Resilience Programme,Protection/Resilience,Borno,Dikwa,Dikwa Site 3,0.6799,Medium,Medium,0.0037250770214220857,4.655531012645697e-05,0.9962283676684515,True
ES-006586,2026-02-01,WASH Resilience Initiative,WASH,Borno,Konduga,Konduga Site 2,0.6873,Medium,Medium,0.0008630779239040346,0.0001122023741302333,0.9990247197019658,True
ES-003162,2026-02-01,Education Access Project,Education,Borno,Maiduguri,Maiduguri Site 3,0.7626,Low,Low,3.037834967684879e-13,0.9999228453406219,7.715465907421445e-05,True
ES-003194,2026-02-01,Education Access Project,Education,Borno,Maiduguri,Maiduguri Site 4,0.7195,Low,Low,4.83286265331401e-10,0.9919191538308161,0.008080845685897653,True
ES-006106,2026-02-01,Nutrition Support Programme,Nutrition,Borno,Gwoza,Gwoza Site 5,0.6782,Medium,Medium,0.0022725971205997237,5.249147409060572e-06,0.9977221537319911,True
ES-006138,2026-02-01,Nutrition Support Programme,Nutrition,Borno,Gwoza,Gwoza Site 6,0.7343,Low,Low,1.7566345489950525e-13,0.9999163341528745,8.366584694976406e-05,True
ES-003226,2026-02-01,Education Access Project,Education,Borno,Maiduguri,Maiduguri Site 5,0.6598,High,High,0.8448285874354836,8.494550394619889e-12,0.15517141255602188,True
ES-003130,2026-02-01,Education Access Project,Education,Borno,Maiduguri,Maiduguri Site 2,0.6917,Medium,Medium,7.558570449751294e-06,0.0258790924787435,0.9741133489508068,True
ES-000090,2026-02-01,Community Resilience Programme,Protection/Resilience,Borno,Maiduguri,Maiduguri Site 3,0.7815,Low,Low,2.1811899068003798e-16,0.9999990808309833,9.191690165150739e-07,True
ES-006554,2026-02-01,WASH Resilience Initiative,WASH,Borno,Konduga,Konduga Site 1,0.7668,Low,Low,6.4501694366395034e-12,0.999263260442462,0.0007367395510877978,True
ES-005146,2026-02-01,Nutrition Support Programme,Nutrition,Borno,Konduga,Konduga Site 5,0.8422,Low,Low,3.801225616436561e-21,0.9999999975487319,2.451268127188327e-09,True
ES-003258,2026-02-01,Education Access Project,Education,Borno,Maiduguri,Maiduguri Site 6,0.8039,Low,Low,6.284410280869254e-26,0.9999999999968199,3.1800279800660476e-12,True
ES-003098,2026-02-01,Education Access Project,Education,Borno,Maiduguri,Maiduguri Site 1,0.6461,High,High,0.9902210174587852,5.144574684403174e-14,0.009778982541163389,True
ES-006074,2026-02-01,Nutrition Support Programme,Nutrition,Borno,Gwoza,Gwoza Site 4,0.6297,Medium,Medium,0.3086656230211325,1.6446746334757296e-09,0.691334375334193,True
ES-001274,2026-02-01,Community Resilience Programme,Protection/Resilience,Borno,Dikwa,Dikwa Site 4,0.6724,Medium,Medium,2.3223878058885703e-05,0.001993514546669542,0.9979832615752715,True
ES-004058,2026-02-01,Education Access Project,Education,Borno,Ngala,Ngala Site 1,0.6429,Medium,High,0.7552123937999742,9.683227118730032e-10,0.24478760523170315,False
ES-006522,2026-02-01,WASH Resilience Initiative,WASH,Borno,Jere,Jere Site 6,0.8225,Low,Low,1.0345716465390893e-17,0.9999998715771036,1.284228964787086e-07,True
ES-000762,2026-02-01,Community Resilience Programme,Protection/Resilience,Borno,Mafa,Mafa Site 6,0.6571,Medium,Medium,0.12500621777776552,2.7718028159188234e-07,0.8749935050419528,True
ES-004090,2026-02-01,Education Access Project,Education,Borno,Ngala,Ngala Site 2,0.6475,Medium,Medium,0.0002815948389975181,0.0012345969385715006,0.998483808222431,True
ES-003834,2026-02-01,Education Access Project,Education,Borno,Mafa,Mafa Site 6,0.7778,Low,Low,7.805027968169364e-17,0.9999996407817628,3.5921823708091035e-07,True
ES-004986,2026-02-01,Nutrition Support Programme,Nutrition,Borno,Jere,Jere Site 6,0.6877,Medium,Medium,0.2299027744187442,6.7125660311738715e-09,0.7700972188686898,True
ES-001018,2026-02-01,Community Resilience Programme,Protection/Resilience,Borno,Ngala,Ngala Site 2,0.7459,Low,Low,2.9453170512080317e-10,0.9942752397386084,0.005724759966859965,True
ES-001306,2026-02-01,Community Resilience Programme,Protection/Resilience,Borno,Dikwa,Dikwa Site 5,0.6,Medium,Medium,0.0012729009064047021,0.0008163229372747316,0.9979107761563205,True
ES-007482,2026-02-01,WASH Resilience Initiative,WASH,Borno,Dikwa,Dikwa Site 6,0.6687,Low,Low,1.8717025993420986e-06,0.552154124563839,0.44784400373356165,True
ES-000730,2026-02-01,Community Resilience Programme,Protection/Resilience,Borno,Mafa,Mafa Site 5,0.7571,Medium,Medium,5.317097392842624e-06,0.19386287420034246,0.8061318087022646,True
ES-006362,2026-02-01,WASH Resilience Initiative,WASH,Borno,Jere,Jere Site 1,0.7947,Low,Low,5.5632572399315e-19,0.9999999862964242,1.3703575942473156e-08,True
ES-005274,2026-02-01,Nutrition Support Programme,Nutrition,Borno,Mafa,Mafa Site 3,0.7326,Low,Low,1.4713285276797868e-16,0.9999990786716881,9.213283116551375e-07,True
ES-007578,2026-02-01,WASH Resilience Initiative,WASH,Borno,Gwoza,Gwoza Site 3,0.6957,Medium,Medium,0.03374724283916722,1.5982943805354346e-07,0.9662525973313947,True
ES-002810,2026-02-01,Livelihood Recovery Initiative,Livelihoods,Borno,Dikwa,Dikwa Site 4,0.7349,Low,Low,5.206864206912243e-18,0.9999997135935353,2.8640646465306364e-07,True
ES-003578,2026-02-01,Education Access Project,Education,Borno,Konduga,Konduga Site 4,0.6155,Medium,Medium,0.008136060833135884,1.773834133643504e-05,0.9918462008255275,True
ES-006746,2026-02-01,WASH Resilience Initiative,WASH,Borno,Mafa,Mafa Site 1,0.7347,Low,Low,5.1004214375786065e-09,0.9803402399789879,0.019659754920590734,True
ES-000122,2026-02-01,Community Resilience Programme,Protection/Resilience,Borno,Maiduguri,Maiduguri Site 4,0.8777,Low,Low,5.027046414384899e-16,0.999996732582349,3.267417650454325e-06,True
ES-005882,2026-02-01,Nutrition Support Programme,Nutrition,Borno,Dikwa,Dikwa Site 4,0.8116,Low,Low,8.01868698605411e-20,0.9999999806660581,1.933394178842715e-08,True
ES-001466,2026-02-01,Community Resilience Programme,Protection/Resilience,Borno,Gwoza,Gwoza Site 4,0.7774,Low,Low,4.7749427524830905e-20,0.9999999906673466,9.332653519929215e-09,True
ES-002842,2026-02-01,Livelihood Recovery Initiative,Livelihoods,Borno,Dikwa,Dikwa Site 5,0.742,Low,Low,8.123417453147755e-08,0.9080219517943722,0.09197796697145316,True
ES-007546,2026-02-01,WASH Resilience Initiative,WASH,Borno,Gwoza,Gwoza Site 2,0.7201,Low,Low,4.3435587039369966e-09,0.9935328981472048,0.006467097509236463,True
ES-000186,2026-02-01,Community Resilience Programme,Protection/Resilience,Borno,Maiduguri,Maiduguri Site 6,0.692,Medium,Medium,2.1951331693281017e-05,0.00572949722995502,0.9942485514383518,True
ES-001146,2026-02-01,Community Resilience Programme,Protection/Resilience,Borno,Ngala,Ngala Site 6,0.7184,Medium,Medium,0.0007856813585453792,9.180156872301457e-06,0.9992051384845824,True
ES-002874,2026-02-01,Livelihood Recovery Initiative,Livelihoods,Borno,Dikwa,Dikwa Site 6,0.6712,Low,Low,3.267974889737551e-07,0.7269726713920912,0.27302700181041983,True
ES-003546,2026-02-01,Education Access Project,Education,Borno,Konduga,Konduga Site 3,0.7069,Medium,Medium,0.0005026411715417494,8.382024604658218e-05,0.9994135385824116,True
ES-005850,2026-02-01,Nutrition Support Programme,Nutrition,Borno,Dikwa,Dikwa Site 3,0.728,Low,Low,5.6215203160888294e-14,0.999976931068693,2.3068931250714675e-05,True
ES-002906,2026-02-01,Livelihood Recovery Initiative,Livelihoods,Borno,Gwoza,Gwoza Site 1,0.6503,Medium,Medium,0.3083839152703593,8.681444589177686e-09,0.6916160760481961,True
ES-003514,2026-02-01,Education Access Project,Education,Borno,Konduga,Konduga Site 2,0.7587,Low,Low,1.4546520079387379e-08,0.9040577155972921,0.09594226985618773,True
ES-007514,2026-02-01,WASH Resilience Initiative,WASH,Borno,Gwoza,Gwoza Site 1,0.6544,Medium,Medium,0.0037452290565605792,1.86470160465035e-05,0.996236123927393,True
ES-005818,2026-02-01,Nutrition Support Programme,Nutrition,Borno,Dikwa,Dikwa Site 2,0.8772,Low,Low,1.5103558342438433e-20,0.9999999977727836,2.2272163838839977e-09,True
ES-002938,2026-02-01,Livelihood Recovery Initiative,Livelihoods,Borno,Gwoza,Gwoza Site 2,0.6933,Low,Low,4.173264499093896e-07,0.7950766200844339,0.2049229625891163,True
ES-005306,2026-02-01,Nutrition Support Programme,Nutrition,Borno,Mafa,Mafa Site 4,0.7587,Low,Low,6.3541767894000376e-12,0.9990614704349062,0.0009385295587394063,True
ES-002970,2026-02-01,Livelihood Recovery Initiative,Livelihoods,Borno,Gwoza,Gwoza Site 3,0.6978,Medium,Medium,0.35975626126247046,7.496912634806776e-10,0.6402437379878382,True
ES-001498,2026-02-01,Community Resilience Programme,Protection/Resilience,Borno,Gwoza,Gwoza Site 5,0.7436,Low,Low,1.0630149428270361e-10,0.9960971108797849,0.0039028890139135163,True
ES-002778,2026-02-01,Livelihood Recovery Initiative,Livelihoods,Borno,Dikwa,Dikwa Site 3,0.6723,Medium,Medium,0.013272514317527137,9.790401728306114e-07,0.9867265066423001,True
ES-004954,2026-02-01,Nutrition Support Programme,Nutrition,Borno,Jere,Jere Site 5,0.7222,Low,Medium,3.355748303190283e-07,0.47495385904599724,0.5250458053791723,False
ES-001114,2026-02-01,Community Resilience Programme,Protection/Resilience,Borno,Ngala,Ngala Site 5,0.6941,Medium,Medium,0.0003160456932575653,0.0007512709035307585,0.9989326834032117,True
ES-003610,2026-02-01,Education Access Project,Education,Borno,Konduga,Konduga Site 5,0.568,High,High,0.9909809079912936,2.193058139798126e-14,0.009019092008684393,True
ES-005978,2026-02-01,Nutrition Support Programme,Nutrition,Borno,Gwoza,Gwoza Site 1,0.6679,Low,Low,1.585780960373808e-13,0.9999656919782974,3.430802154403687e-05,True
ES-002426,2026-02-01,Livelihood Recovery Initiative,Livelihoods,Borno,Bama,Bama Site 4,0.645,High,High,0.9999999999999958,3.705752535478632e-44,4.264615118605609e-15,True
ES-005114,2026-02-01,Nutrition Support Programme,Nutrition,Borno,Konduga,Konduga Site 4,0.7184,Medium,Medium,0.001617821809955368,0.00015997181392779364,0.9982222063761168,True
ES-000794,2026-02-01,Community Resilience Programme,Protection/Resilience,Borno,Bama,Bama Site 1,0.7083,Medium,Medium,0.0007534337438384351,0.0004269193157489129,0.9988196469404127,True
ES-001082,2026-02-01,Community Resilience Programme,Protection/Resilience,Borno,Ngala,Ngala Site 4,0.5929,High,High,0.9333613386583992,9.16356419969741e-12,0.06663866133243736,True
ES-002458,2026-02-01,Livelihood Recovery Initiative,Livelihoods,Borno,Bama,Bama Site 5,0.7126,Medium,Medium,1.0601823204457113e-05,0.032577090770474555,0.9674123074063211,True
ES-001402,2026-02-01,Community Resilience Programme,Protection/Resilience,Borno,Gwoza,Gwoza Site 2,0.7172,Low,Low,1.7027805571093797e-13,0.9999832595628906,1.674043693921252e-05,True
ES-007674,2026-02-01,WASH Resilience Initiative,WASH,Borno,Gwoza,Gwoza Site 6,0.5307,High,High,0.9954840890337849,4.049416009109821e-15,0.004515910966211208,True
ES-007194,2026-02-01,WASH Resilience Initiative,WASH,Borno,Ngala,Ngala Site 3,0.6348,Low,Low,5.390569696008e-10,0.9950900756177795,0.004909923843163654,True
ES-003674,2026-02-01,Education Access Project,Education,Borno,Mafa,Mafa Site 1,0.7418,Low,Low,6.884843857833477e-19,0.9999999772106362,2.2789363793067363e-08,True
ES-005946,2026-02-01,Nutrition Support Programme,Nutrition,Borno,Dikwa,Dikwa Site 6,0.8011,Low,Low,7.76560756829906e-21,0.9999999984051622,1.5948379068962463e-09,True
ES-005242,2026-02-01,Nutrition Support Programme,Nutrition,Borno,Mafa,Mafa Site 2,0.8092,Low,Low,4.5193469339170076e-26,0.9999999999981188,1.8812553095790634e-12,True
ES-002490,2026-02-01,Livelihood Recovery Initiative,Livelihoods,Borno,Bama,Bama Site 6,0.562,High,High,0.999997879447467,2.8166060703893746e-23,2.120552533096541e-06,True
ES-003642,2026-02-01,Education Access Project,Education,Borno,Konduga,Konduga Site 6,0.779,Low,Low,3.923886754288349e-19,0.9999999764729507,2.352704928699736e-08,True
ES-007642,2026-02-01,WASH Resilience Initiative,WASH,Borno,Gwoza,Gwoza Site 5,0.6277,Medium,Medium,0.13793255143941208,2.1981842276395414e-08,0.8620674265787457,True
ES-005018,2026-02-01,Nutrition Support Programme,Nutrition,Borno,Konduga,Konduga Site 1,0.7276,Low,Low,2.666805450523249e-07,0.7038412937724194,0.2961584395470355,True
ES-002714,2026-02-01,Livelihood Recovery Initiative,Livelihoods,Borno,Dikwa,Dikwa Site 1,0.8146,Low,Low,5.093338631404276e-20,0.9999999944010949,5.5989051352450514e-09,True
ES-005914,2026-02-01,Nutrition Support Programme,Nutrition,Borno,Dikwa,Dikwa Site 5,0.8998,Low,Low,1.3211063768551762e-25,0.9999999999972393,2.760573490526779e-12,True
ES-002746,2026-02-01,Livelihood Recovery Initiative,Livelihoods,Borno,Dikwa,Dikwa Site 2,0.602,High,High,0.9975551368969535,1.6924821960906683e-15,0.0024448631030445827,True
ES-001434,2026-02-01,Community Resilience Programme,Protection/Resilience,Borno,Gwoza,Gwoza Site 3,0.8286,Low,Low,2.0568370574781954e-23,0.9999999999046629,9.533703003330024e-11,True
ES-001210,2026-02-01,Community Resilience Programme,Protection/Resilience,Borno,Dikwa,Dikwa Site 2,0.7919,Low,Low,1.3413377836028707e-10,0.9984515690786725,0.0015484307871936438,True
ES-007610,2026-02-01,WASH Resilience Initiative,WASH,Borno,Gwoza,Gwoza Site 4,0.5726,High,High,0.9998917516774607,1.2292480810495607e-18,0.00010824832253939614,True
ES-006234,2026-02-01,WASH Resilience Initiative,WASH,Borno,Maiduguri,Maiduguri Site 3,0.8772,Low,Low,1.8681671524882026e-20,0.9999999963313158,3.668684159413482e-09,True
ES-000698,2026-02-01,Community Resilience Programme,Protection/Resilience,Borno,Mafa,Mafa Site 4,0.7721,Low,Low,1.935485130056584e-12,0.9996289185415526,0.0003710814565119302,True
ES-002170,2026-02-01,Livelihood Recovery Initiative,Livelihoods,Borno,Mafa,Mafa Site 2,0.6437,Medium,Medium,0.03817524210601978,1.6405556726685854e-07,0.9618245938384129,True
ES-007418,2026-02-01,WASH Resilience Initiative,WASH,Borno,Dikwa,Dikwa Site 4,0.7646,Low,Low,2.7474830598290204e-13,0.999848144662462,0.00015185533726326539,True
ES-000538,2026-02-01,Community Resilience Programme,Protection/Resilience,Borno,Konduga,Konduga Site 5,0.762,Medium,Medium,2.0959775595747674e-05,0.00719993694634845,0.9927791032780559,True
ES-000858,2026-02-01,Community Resilience Programme,Protection/Resilience,Borno,Bama,Bama Site 3,0.7573,Low,Low,1.1204377109328821e-09,0.9919911796968677,0.008008819182694433,True
ES-001178,2026-02-01,Community Resilience Programme,Protection/Resilience,Borno,Dikwa,Dikwa Site 1,0.742,Low,Low,2.1187001824323066e-07,0.74810184469273,0.25189794343725175,True
ES-007162,2026-02-01,WASH Resilience Initiative,WASH,Borno,Ngala,Ngala Site 2,0.7174,Low,Low,1.956648325951189e-13,0.9999449507008527,5.504929895189735e-05,True
ES-000442,2026-02-01,Community Resilience Programme,Protection/Resilience,Borno,Konduga,Konduga Site 2,0.7504,Low,Low,1.1862966595532018e-11,0.9986376203768261,0.0013623796113109272,True
ES-000410,2026-02-01,Community Resilience Programme,Protection/Resilience,Borno,Konduga,Konduga Site 1,0.8298,Low,Low,9.309863884486472e-30,0.9999999999999836,1.6478816519721174e-14,True
ES-004026,2026-02-01,Education Access Project,Education,Borno,Bama,Bama Site 6,0.7194,Low,Low,3.099244236700424e-08,0.9278647396465587,0.07213522936099907,True
ES-004282,2026-02-01,Education Access Project,Education,Borno,Dikwa,Dikwa Site 2,0.735,Low,Low,1.2650768506936474e-10,0.9983066096681483,0.0016933902053440817,True
ES-001626,2026-02-01,Livelihood Recovery Initiative,Livelihoods,Borno,Maiduguri,Maiduguri Site 3,0.8576,Low,Low,2.112257743584156e-08,0.891912339660897,0.10808763921652546,True
ES-002202,2026-02-01,Livelihood Recovery Initiative,Livelihoods,Borno,Mafa,Mafa Site 3,0.65,Medium,Medium,0.017278123561348877,1.0405582915399763e-06,0.9827208358803595,True
ES-002298,2026-02-01,Livelihood Recovery Initiative,Livelihoods,Borno,Mafa,Mafa Site 6,0.7355,Medium,Medium,0.0005126669684395793,0.00042609967530312715,0.9990612333562572,True
ES-005754,2026-02-01,Nutrition Support Programme,Nutrition,Borno,Ngala,Ngala Site 6,0.758,Low,Low,7.446396477267212e-17,0.9999988546844666,1.1453155334663943e-06,True
ES-004698,2026-02-01,Nutrition Support Programme,Nutrition,Borno,Maiduguri,Maiduguri Site 3,0.8928,Low,Low,3.441925588533282e-24,0.9999999999723224,2.7677605158467322e-11,True
ES-004250,2026-02-01,Education Access Project,Education,Borno,Dikwa,Dikwa Site 1,0.6686,Medium,Medium,7.062809351122839e-05,0.011057022023985298,0.9888723498825034,True
ES-002586,2026-02-01,Livelihood Recovery Initiative,Livelihoods,Borno,Ngala,Ngala Site 3,0.7504,Medium,Medium,3.683851523490969e-05,0.0027053332588469065,0.9972578282259182,True
ES-004762,2026-02-01,Nutrition Support Programme,Nutrition,Borno,Maiduguri,Maiduguri Site 5,0.6636,Medium,Medium,0.0032239362029153453,1.864030246231341e-06,0.9967741997668383,True
ES-001658,2026-02-01,Livelihood Recovery Initiative,Livelihoods,Borno,Maiduguri,Maiduguri Site 4,0.862,Low,Low,7.413520537066162e-10,0.9806623155190288,0.01933768373961891,True
ES-006714,2026-02-01,WASH Resilience Initiative,WASH,Borno,Konduga,Konduga Site 6,0.5985,Medium,Medium,6.687505008060718e-05,0.008332575175925111,0.9916005497739943,True
ES-000506,2026-02-01,Community Resilience Programme,Protection/Resilience,Borno,Konduga,Konduga Site 4,0.6508,Low,Low,3.26194719111472e-14,0.9999912207752832,8.779224684036218e-06,True
ES-001594,2026-02-01,Livelihood Recovery Initiative,Livelihoods,Borno,Maiduguri,Maiduguri Site 2,0.6356,High,High,0.9913088971047906,2.951907915977535e-15,0.008691102895206356,True
ES-004730,2026-02-01,Nutrition Support Programme,Nutrition,Borno,Maiduguri,Maiduguri Site 4,0.7848,Low,Low,5.34442608487505e-12,0.9992483730886841,0.00075162690597157,True
ES-004794,2026-02-01,Nutrition Support Programme,Nutrition,Borno,Maiduguri,Maiduguri Site 6,0.7924,Low,Low,3.65574636875904e-08,0.791891671570529,0.2081082918720074,True
ES-004346,2026-02-01,Education Access Project,Education,Borno,Dikwa,Dikwa Site 4,0.6348,Medium,Medium,4.1130417239327284e-05,0.0019882130193071153,0.9979706565634535,True
ES-005722,2026-02-01,Nutrition Support Programme,Nutrition,Borno,Ngala,Ngala Site 5,0.8289,Low,Low,2.0662096882865528e-12,0.999609757079784,0.00039024291814977686,True
ES-005082,2026-02-01,Nutrition Support Programme,Nutrition,Borno,Konduga,Konduga Site 3,0.8334,Low,Low,1.53257237415699e-23,0.9999999999340565,6.594353686844844e-11,True
ES-004442,2026-02-01,Education Access Project,Education,Borno,Gwoza,Gwoza Site 1,0.6271,Medium,Medium,0.0013269494746001042,0.00020646037542658888,0.9984665901499733,True
ES-002618,2026-02-01,Livelihood Recovery Initiative,Livelihoods,Borno,Ngala,Ngala Site 4,0.6229,Medium,Medium,0.14988591755043798,4.424815860838107e-08,0.8501140382014034,True
ES-006874,2026-02-01,WASH Resilience Initiative,WASH,Borno,Mafa,Mafa Site 5,0.6906,Medium,Medium,9.506340873879049e-05,0.008956221418700859,0.9909487151725604,True
ES-002522,2026-02-01,Livelihood Recovery Initiative,Livelihoods,Borno,Ngala,Ngala Site 1,0.6235,Medium,Medium,0.08954379886380374,6.865596874462268e-07,0.9104555145765089,True
ES-000378,2026-02-01,Community Resilience Programme,Protection/Resilience,Borno,Jere,Jere Site 6,0.7676,Medium,Medium,2.6922829007727806e-06,0.2799540086488488,0.7200432990682505,True
ES-006906,2026-02-01,WASH Resilience Initiative,WASH,Borno,Mafa,Mafa Site 6,0.7762,Low,Low,7.868876865496954e-16,0.9999988774813795,1.1225186197440407e-06,True
ES-005594,2026-02-01,Nutrition Support Programme,Nutrition,Borno,Ngala,Ngala Site 1,0.7979,Low,Low,9.476914291737295e-16,0.9999984129127022,1.5870872968957891e-06,True
ES-004474,2026-02-01,Education Access Project,Education,Borno,Gwoza,Gwoza Site 2,0.595,High,High,0.9999543689680914,2.654419018205433e-19,4.5631031908693716e-05,True
ES-001690,2026-02-01,Livelihood Recovery Initiative,Livelihoods,Borno,Maiduguri,Maiduguri Site 5,0.8065,Low,Low,2.5827877127544703e-15,0.9999828285049196,1.717149507768346e-05,True
ES-003994,2026-02-01,Education Access Project,Education,Borno,Bama,Bama Site 5,0.7705,Low,Low,7.643551588613697e-14,0.999963854716276,3.614528364768509e-05,True
ES-000570,2026-02-01,Community Resilience Programme,Protection/Resilience,Borno,Konduga,Konduga Site 6,0.8296,Low,Low,2.44692937637631e-16,0.999998671680793,1.328319206787415e-06,True
ES-005626,2026-02-01,Nutrition Support Programme,Nutrition,Borno,Ngala,Ngala Site 2,0.6261,High,High,0.7739697494630702,5.854208780693973e-11,0.22603025047838765,True
ES-005690,2026-02-01,Nutrition Support Programme,Nutrition,Borno,Ngala,Ngala Site 4,0.6987,Medium,Medium,7.572690022898928e-05,0.0022379691609823492,0.9976863039387887,True
ES-005658,2026-02-01,Nutrition Support Programme,Nutrition,Borno,Ngala,Ngala Site 3,0.789,Low,Low,1.3135781737860578e-19,0.9999999836181974,1.638180244110433e-08,True
ES-004858,2026-02-01,Nutrition Support Programme,Nutrition,Borno,Jere,Jere Site 2,0.7293,Medium,Medium,0.03404596470534952,5.389261200868841e-07,0.9659534963685305,True
ES-002650,2026-02-01,Livelihood Recovery Initiative,Livelihoods,Borno,Ngala,Ngala Site 5,0.7839,Medium,High,0.9984227535601317,4.845125404213726e-17,0.0015772464398683098,False
ES-000154,2026-02-01,Community Resilience Programme,Protection/Resilience,Borno,Maiduguri,Maiduguri Site 5,0.8285,Low,Low,2.5808657284025092e-24,0.9999999999579614,4.203857884350532e-11,True
ES-004506,2026-02-01,Education Access Project,Education,Borno,Gwoza,Gwoza Site 3,0.6413,Low,Low,1.3526109925288629e-08,0.9507136954268819,0.049286291047008296,True
ES-004378,2026-02-01,Education Access Project,Education,Borno,Dikwa,Dikwa Site 5,0.6898,Medium,Medium,7.063815847729198e-05,0.006545392188503326,0.9933839696530194,True
ES-005402,2026-02-01,Nutrition Support Programme,Nutrition,Borno,Bama,Bama Site 1,0.6258,Medium,Medium,4.7584610480925676e-05,0.012272045606892478,0.9876803697826265,True
ES-001562,2026-02-01,Livelihood Recovery Initiative,Livelihoods,Borno,Maiduguri,Maiduguri Site 1,0.7626,Medium,Medium,3.3246721413828273e-06,0.18424727278112255,0.8157494025467361,True
ES-004314,2026-02-01,Education Access Project,Education,Borno,Dikwa,Dikwa Site 3,0.792,Low,Low,7.515521146371684e-25,0.9999999999931402,6.859742343716421e-12,True
ES-006938,2026-02-01,WASH Resilience Initiative,WASH,Borno,Bama,Bama Site 1,0.5895,High,High,0.8832479158421565,6.950048059717601e-11,0.11675208408834284,True
ES-000474,2026-02-01,Community Resilience Programme,Protection/Resilience,Borno,Konduga,Konduga Site 3,0.8853,Low,Low,3.2024825358178413e-24,0.9999999999628582,3.714191049329042e-11,True
ES-001722,2026-02-01,Livelihood Recovery Initiative,Livelihoods,Borno,Maiduguri,Maiduguri Site 6,0.7367,Medium,Medium,1.8441278937454164e-05,0.004133902828488011,0.9958476558925744,True
ES-004410,2026-02-01,Education Access Project,Education,Borno,Dikwa,Dikwa Site 6,0.7081,Low,Low,2.3904361596368753e-12,0.9998193760512658,0.00018062394634355266,True
ES-002682,2026-02-01,Livelihood Recovery Initiative,Livelihoods,Borno,Ngala,Ngala Site 6,0.7196,Medium,Medium,4.1195646774721665e-05,0.0029052546797719244,0.9970535496734533,True
ES-007258,2026-02-01,WASH Resilience Initiative,WASH,Borno,Ngala,Ngala Site 5,0.6285,Medium,Medium,0.43066445089048655,6.262558814078708e-09,0.5693355428469545,True
ES-002266,2026-02-01,Livelihood Recovery Initiative,Livelihoods,Borno,Mafa,Mafa Site 5,0.6127,High,High,0.949586984337636,1.506455821878164e-12,0.05041301566085746,True
ES-002234,2026-02-01,Livelihood Recovery Initiative,Livelihoods,Borno,Mafa,Mafa Site 4,0.6573,Medium,Medium,1.678372411834168e-05,0.05033134093449665,0.949651875341385,True
ES-000251,2026-03-01,Community Resilience Programme,Protection/Resilience,Borno,Jere,Jere Site 2,0.6854,Low,Low,1.755010472893989e-09,0.9897995275970466,0.010200470647942784,True
ES-003579,2026-03-01,Education Access Project,Education,Borno,Konduga,Konduga Site 4,0.6378,High,High,0.8451957899384703,3.288938549897442e-11,0.1548042100286403,True
ES-004091,2026-03-01,Education Access Project,Education,Borno,Ngala,Ngala Site 2,0.7405,Low,Low,5.983594941678509e-17,0.9999996159543734,3.8404562663067756e-07,True
ES-005563,2026-03-01,Nutrition Support Programme,Nutrition,Borno,Bama,Bama Site 6,0.7523,Low,Low,3.6723545712761465e-07,0.7056307806661356,0.29436885209840713,True
ES-003771,2026-03-01,Education Access Project,Education,Borno,Mafa,Mafa Site 4,0.7526,Low,Low,2.1202587368413857e-17,0.9999996662029704,3.337970296877725e-07,True
ES-006459,2026-03-01,WASH Resilience Initiative,WASH,Borno,Jere,Jere Site 4,0.7991,Low,Low,2.003610425632907e-14,0.9999753049693548,2.4695030625215762e-05,True
ES-007355,2026-03-01,WASH Resilience Initiative,WASH,Borno,Dikwa,Dikwa Site 2,0.8151,Low,Low,3.218743318783244e-20,0.999999997032853,2.967147055748684e-09,True
ES-003611,2026-03-01,Education Access Project,Education,Borno,Konduga,Konduga Site 5,0.6585,Medium,Medium,0.2818226645750057,2.7187118256556322e-09,0.7181773327062825,True
ES-000219,2026-03-01,Community Resilience Programme,Protection/Resilience,Borno,Jere,Jere Site 1,0.9147,Low,Low,1.2032815400519693e-27,0.999999999999788,2.1199250191824085e-13,True
ES-000539,2026-03-01,Community Resilience Programme,Protection/Resilience,Borno,Konduga,Konduga Site 5,0.9034,Low,Low,7.636646245048102e-20,0.9999999848872407,1.5112759244087612e-08,True
ES-005883,2026-03-01,Nutrition Support Programme,Nutrition,Borno,Dikwa,Dikwa Site 4,0.8518,Low,Low,1.75623023044854e-28,0.9999999999998612,1.387016315472791e-13,True
ES-003707,2026-03-01,Education Access Project,Education,Borno,Mafa,Mafa Site 2,0.7114,High,High,0.8617243699712508,1.7130007053792257e-11,0.1382756300116191,True
ES-005723,2026-03-01,Nutrition Support Programme,Nutrition,Borno,Ngala,Ngala Site 5,0.8253,Low,Low,5.053679723936436e-17,0.99999938581063,6.141893700145976e-07,True
ES-001275,2026-03-01,Community Resilience Programme,Protection/Resilience,Borno,Dikwa,Dikwa Site 4,0.6708,Medium,Medium,0.011072200319707506,1.8119912278910714e-07,0.9889276184811698,True
ES-000635,2026-03-01,Community Resilience Programme,Protection/Resilience,Borno,Mafa,Mafa Site 2,0.7558,Low,Low,1.516508131680563e-08,0.9455789071251445,0.05442107770977422,True
ES-007515,2026-03-01,WASH Resilience Initiative,WASH,Borno,Gwoza,Gwoza Site 1,0.6871,Medium,Medium,0.0016051082665609754,9.033457482662183e-05,0.9983045571586123,True
ES-000571,2026-03-01,Community Resilience Programme,Protection/Resilience,Borno,Konduga,Konduga Site 6,0.8642,Low,Low,2.786876891169526e-21,0.9999999984014933,1.5985066586713394e-09,True
ES-001595,2026-03-01,Livelihood Recovery Initiative,Livelihoods,Borno,Maiduguri,Maiduguri Site 2,0.7299,Medium,Medium,0.00810452830135616,2.863010965382827e-07,0.9918951853975473,True
ES-005627,2026-03-01,Nutrition Support Programme,Nutrition,Borno,Ngala,Ngala Site 2,0.5985,Medium,Medium,0.04339008825540398,3.701454012000081e-07,0.9566095415991948,True
ES-001755,2026-03-01,Livelihood Recovery Initiative,Livelihoods,Borno,Jere,Jere Site 1,0.649,Medium,Medium,0.02396721461979823,8.95045432568997e-07,0.9760318903347692,True
ES-006747,2026-03-01,WASH Resilience Initiative,WASH,Borno,Mafa,Mafa Site 1,0.6515,Medium,High,0.7450657005120453,9.707679991378085e-10,0.25493429851718663,False
ES-007387,2026-03-01,WASH Resilience Initiative,WASH,Borno,Dikwa,Dikwa Site 3,0.7172,Medium,Medium,1.1742687460180498e-05,0.12119992809383294,0.8787883292187069,True
ES-002811,2026-03-01,Livelihood Recovery Initiative,Livelihoods,Borno,Dikwa,Dikwa Site 4,0.7164,Low,Low,1.323144850814963e-07,0.5960288619315725,0.4039710057539424,True
ES-005595,2026-03-01,Nutrition Support Programme,Nutrition,Borno,Ngala,Ngala Site 1,0.7894,Low,Low,9.430297952697192e-08,0.9225110004726856,0.0774889052243348,True
ES-006267,2026-03-01,WASH Resilience Initiative,WASH,Borno,Maiduguri,Maiduguri Site 4,0.7673,Medium,Medium,6.008341629113673e-05,0.007775478799622654,0.9921644377840861,True
ES-002267,2026-03-01,Livelihood Recovery Initiative,Livelihoods,Borno,Mafa,Mafa Site 5,0.8334,Low,Low,2.2903784714517123e-22,0.9999999996102555,3.89744407889673e-10,True
ES-007131,2026-03-01,WASH Resilience Initiative,WASH,Borno,Ngala,Ngala Site 1,0.7356,Low,Low,4.079745776661943e-11,0.9996257688293455,0.00037423112985699564,True
ES-005531,2026-03-01,Nutrition Support Programme,Nutrition,Borno,Bama,Bama Site 5,0.8024,Medium,Medium,2.529258170579917e-06,0.1105789677156321,0.8894185030261973,True
ES-005659,2026-03-01,Nutrition Support Programme,Nutrition,Borno,Ngala,Ngala Site 3,0.8169,Low,Low,2.6784456871176496e-19,0.999999980753474,1.924652609652712e-08,True
ES-002683,2026-03-01,Livelihood Recovery Initiative,Livelihoods,Borno,Ngala,Ngala Site 6,0.7344,Medium,Medium,4.271889854411364e-06,0.021399010876672227,0.9785967172334733,True
ES-005275,2026-03-01,Nutrition Support Programme,Nutrition,Borno,Mafa,Mafa Site 3,0.7937,Medium,Medium,4.566955066397897e-06,0.13459890111959902,0.8653965319253346,True
ES-001819,2026-03-01,Livelihood Recovery Initiative,Livelihoods,Borno,Jere,Jere Site 3,0.7688,Low,Low,2.0524847242203415e-11,0.9974087269000542,0.0025912730794207636,True
ES-000155,2026-03-01,Community Resilience Programme,Protection/Resilience,Borno,Maiduguri,Maiduguri Site 5,0.796,Low,Low,1.3101739132949639e-19,0.999999986006983,1.3993017058802124e-08,True
ES-001851,2026-03-01,Livelihood Recovery Initiative,Livelihoods,Borno,Jere,Jere Site 4,0.7965,Low,Low,2.1178569985303666e-14,0.9999602871457606,3.9712854218291786e-05,True
ES-006523,2026-03-01,WASH Resilience Initiative,WASH,Borno,Jere,Jere Site 6,0.7022,Medium,Medium,0.002484447622438218,9.93463685706446e-05,0.9974162060089913,True
ES-004059,2026-03-01,Education Access Project,Education,Borno,Ngala,Ngala Site 1,0.6758,Medium,Medium,0.05698295020220943,2.595438891783279e-07,0.9430167902539014,True
ES-006843,2026-03-01,WASH Resilience Initiative,WASH,Borno,Mafa,Mafa Site 4,0.6643,Medium,Medium,0.0033206653169359237,1.1253191829301537e-05,0.9966680814912349,True
ES-000763,2026-03-01,Community Resilience Programme,Protection/Resilience,Borno,Mafa,Mafa Site 6,0.6437,Medium,Medium,0.019400655582293157,3.2844247584580293e-06,0.9805960599929483,True
ES-000507,2026-03-01,Community Resilience Programme,Protection/Resilience,Borno,Konduga,Konduga Site 4,0.7778,Low,Low,4.8248151077327315e-20,0.9999999910473037,8.952696342971005e-09,True
ES-004987,2026-03-01,Nutrition Support Programme,Nutrition,Borno,Jere,Jere Site 6,0.6832,Medium,Medium,1.3669870710552592e-05,0.029068271560873712,0.9709180585684156,True
ES-002779,2026-03-01,Livelihood Recovery Initiative,Livelihoods,Borno,Dikwa,Dikwa Site 3,0.6829,Medium,Medium,0.0002265165086658013,0.0008257395320335605,0.9989477439593006,True
ES-001787,2026-03-01,Livelihood Recovery Initiative,Livelihoods,Borno,Jere,Jere Site 2,0.741,Medium,Medium,1.5946332394425233e-05,0.014683143132649675,0.9853009105349559,True
ES-003355,2026-03-01,Education Access Project,Education,Borno,Jere,Jere Site 3,0.7132,Low,Low,3.8626369280662937e-10,0.9879004892883053,0.012099510325431027,True
ES-000411,2026-03-01,Community Resilience Programme,Protection/Resilience,Borno,Konduga,Konduga Site 1,0.8045,Low,Low,8.89618646250753e-16,0.9999965257597856,3.474240213449148e-06,True
ES-003899,2026-03-01,Education Access Project,Education,Borno,Bama,Bama Site 2,0.6462,Medium,Medium,3.5486837067099465e-05,0.03971358860728915,0.9602509245556438,True
ES-005371,2026-03-01,Nutrition Support Programme,Nutrition,Borno,Mafa,Mafa Site 6,0.7137,Medium,Medium,0.13807870364665759,2.1118837610334534e-07,0.8619210851649663,True
ES-002427,2026-03-01,Livelihood Recovery Initiative,Livelihoods,Borno,Bama,Bama Site 4,0.7832,Low,Low,3.3532533064935115e-10,0.9928417490692927,0.007158250595382086,True
ES-001115,2026-03-01,Community Resilience Programme,Protection/Resilience,Borno,Ngala,Ngala Site 5,0.7261,Medium,Medium,0.00046492867768201487,0.00013376499842821971,0.9994013063238898,True
ES-003387,2026-03-01,Education Access Project,Education,Borno,Jere,Jere Site 4,0.7582,Medium,Medium,1.7697873140826866e-05,0.00807153021631438,0.9919107719105448,True
ES-007579,2026-03-01,WASH Resilience Initiative,WASH,Borno,Gwoza,Gwoza Site 3,0.6972,Medium,Medium,0.252158742731619,3.140503511939383e-09,0.7478412541278774,True
ES-000443,2026-03-01,Community Resilience Programme,Protection/Resilience,Borno,Konduga,Konduga Site 2,0.6793,Low,Low,1.309413893768137e-08,0.9304819118392545,0.06951807506660646,True
ES-004827,2026-03-01,Nutrition Support Programme,Nutrition,Borno,Jere,Jere Site 1,0.8202,Low,Low,7.417890497203522e-11,0.9970347309841551,0.002965268941665913,True
ES-007483,2026-03-01,WASH Resilience Initiative,WASH,Borno,Dikwa,Dikwa Site 6,0.7886,Low,Low,2.741216173687448e-19,0.9999999843347547,1.5665245298923916e-08,True
ES-001147,2026-03-01,Community Resilience Programme,Protection/Resilience,Borno,Ngala,Ngala Site 6,0.7488,Low,Low,2.1994207917074295e-12,0.9994894941628732,0.0005105058349275084,True
ES-003483,2026-03-01,Education Access Project,Education,Borno,Konduga,Konduga Site 1,0.8423,Low,Low,2.4507135692257604e-17,0.9999996246213118,3.75378688277051e-07,True
ES-005851,2026-03-01,Nutrition Support Programme,Nutrition,Borno,Dikwa,Dikwa Site 3,0.7819,Low,Low,1.5003288082926085e-19,0.9999999888002514,1.1199748612060416e-08,True
ES-000059,2026-03-01,Community Resilience Programme,Protection/Resilience,Borno,Maiduguri,Maiduguri Site 2,0.8475,Low,Low,1.960418293926685e-14,0.9999711507196286,2.884928035190377e-05,True
ES-000667,2026-03-01,Community Resilience Programme,Protection/Resilience,Borno,Mafa,Mafa Site 3,0.771,Low,Low,1.824748131708515e-13,0.9999535357598123,4.646424000516124e-05,True
ES-004411,2026-03-01,Education Access Project,Education,Borno,Dikwa,Dikwa Site 6,0.7507,Low,Low,3.3384265377215618e-15,0.9999952434594084,4.7565405883982626e-06,True
ES-001723,2026-03-01,Livelihood Recovery Initiative,Livelihoods,Borno,Maiduguri,Maiduguri Site 6,0.8621,Low,Low,2.8857433651311304e-20,0.9999999895344144,1.0465585514189054e-08,True
ES-006811,2026-03-01,WASH Resilience Initiative,WASH,Borno,Mafa,Mafa Site 3,0.6967,Medium,Medium,0.002659044321549365,1.3874933908313091e-05,0.9973270807445423,True
ES-004763,2026-03-01,Nutrition Support Programme,Nutrition,Borno,Maiduguri,Maiduguri Site 5,0.7635,Low,Low,1.9874952654584133e-12,0.9993865720681125,0.0006134279298999515,True
ES-002875,2026-03-01,Livelihood Recovery Initiative,Livelihoods,Borno,Dikwa,Dikwa Site 6,0.6584,Medium,Medium,5.663348611458825e-06,0.18940228466345482,0.8105920519879337,True
ES-006491,2026-03-01,WASH Resilience Initiative,WASH,Borno,Jere,Jere Site 5,0.6969,Medium,Medium,0.033696544214845074,9.264447116707405e-08,0.9663033631406838,True
ES-002299,2026-03-01,Livelihood Recovery Initiative,Livelihoods,Borno,Mafa,Mafa Site 6,0.7323,High,High,0.9999999991284978,5.867648399152682e-31,8.715022879000573e-10,True
ES-003867,2026-03-01,Education Access Project,Education,Borno,Bama,Bama Site 1,0.6322,Medium,High,0.5674941092983363,1.6319823508433542e-09,0.4325058890696814,False
ES-003003,2026-03-01,Livelihood Recovery Initiative,Livelihoods,Borno,Gwoza,Gwoza Site 4,0.8788,High,High,0.9999999993361659,6.094636561552388e-33,6.63834079602845e-10,True
ES-004155,2026-03-01,Education Access Project,Education,Borno,Ngala,Ngala Site 4,0.746,Low,Low,6.001242948250133e-09,0.9476220742950677,0.05237791970368935,True
ES-005691,2026-03-01,Nutrition Support Programme,Nutrition,Borno,Ngala,Ngala Site 4,0.6891,Low,Low,2.146063167364866e-09,0.9850686049576102,0.014931392896326575,True
ES-002907,2026-03-01,Livelihood Recovery Initiative,Livelihoods,Borno,Gwoza,Gwoza Site 1,0.7058,Medium,Medium,0.00022449126221397504,0.0010546488805220227,0.9987208598572639,True
ES-005819,2026-03-01,Nutrition Support Programme,Nutrition,Borno,Dikwa,Dikwa Site 2,0.7457,Low,Low,7.992146776182653e-07,0.7847356501061621,0.21526355067916034,True
ES-001563,2026-03-01,Livelihood Recovery Initiative,Livelihoods,Borno,Maiduguri,Maiduguri Site 1,0.8243,Low,Low,1.7207794488022576e-17,0.9999996794656595,3.205343403908264e-07,True
ES-002939,2026-03-01,Livelihood Recovery Initiative,Livelihoods,Borno,Gwoza,Gwoza Site 2,0.7676,Low,Low,5.020539563671568e-10,0.9962730345559815,0.00372696494196466,True
ES-005179,2026-03-01,Nutrition Support Programme,Nutrition,Borno,Konduga,Konduga Site 6,0.7135,Medium,Medium,0.0697301912425088,3.157037853538039e-08,0.9302697771871127,True
ES-001307,2026-03-01,Community Resilience Programme,Protection/Resilience,Borno,Dikwa,Dikwa Site 5,0.6279,Medium,Medium,0.000951444666332481,0.0005737870826341714,0.9984747682510333,True
ES-003803,2026-03-01,Education Access Project,Education,Borno,Mafa,Mafa Site 5,0.7747,Low,Low,1.5583586351329553e-20,0.9999999972208224,2.7791775405018874e-09,True
ES-002651,2026-03-01,Livelihood Recovery Initiative,Livelihoods,Borno,Ngala,Ngala Site 5,0.775,Low,Low,3.4369164391422085e-08,0.8863891778430836,0.11361078778775213,True
ES-005307,2026-03-01,Nutrition Support Programme,Nutrition,Borno,Mafa,Mafa Site 4,0.7645,Low,Low,2.151501554566897e-11,0.9984572887538204,0.0015427112246643455,True
ES-007163,2026-03-01,WASH Resilience Initiative,WASH,Borno,Ngala,Ngala Site 2,0.7784,Low,Low,1.9938777364451077e-17,0.9999997791090637,2.2089093622781732e-07,True
ES-001499,2026-03-01,Community Resilience Programme,Protection/Resilience,Borno,Gwoza,Gwoza Site 5,0.7141,Low,Low,1.371734666694357e-07,0.8052245242736312,0.19477533855290222,True
ES-003515,2026-03-01,Education Access Project,Education,Borno,Konduga,Konduga Site 2,0.7795,Medium,Medium,1.9340885308878154e-06,0.14524620006965516,0.854751865841814,True
ES-002971,2026-03-01,Livelihood Recovery Initiative,Livelihoods,Borno,Gwoza,Gwoza Site 3,0.7207,Medium,Medium,7.955535079069524e-06,0.023431947633124915,0.9765600968317961,True
ES-004315,2026-03-01,Education Access Project,Education,Borno,Dikwa,Dikwa Site 3,0.8941,Low,Low,1.62141535454289e-24,0.9999999999862994,1.3700676885089577e-11,True
ES-006363,2026-03-01,WASH Resilience Initiative,WASH,Borno,Jere,Jere Site 1,0.8551,Low,Low,9.055673229950853e-25,0.9999999999882923,1.1707715636413086e-11,True
ES-006043,2026-03-01,Nutrition Support Programme,Nutrition,Borno,Gwoza,Gwoza Site 3,0.762,Low,Medium,5.492063024477782e-07,0.443243372908686,0.5567560778850116,False
ES-004187,2026-03-01,Education Access Project,Education,Borno,Ngala,Ngala Site 5,0.6843,High,High,0.9999999939656616,2.0931968945195675e-31,6.034338237039154e-09,True
ES-004731,2026-03-01,Nutrition Support Programme,Nutrition,Borno,Maiduguri,Maiduguri Site 4,0.786,Low,Low,1.2600886160662468e-08,0.9429204657991991,0.05707952159991487,True
ES-004027,2026-03-01,Education Access Project,Education,Borno,Bama,Bama Site 6,0.7767,Low,Low,8.67410502289305e-10,0.9864785363712525,0.013521462761337083,True
ES-006651,2026-03-01,WASH Resilience Initiative,WASH,Borno,Konduga,Konduga Site 4,0.7586,Low,Low,1.9139530966348262e-12,0.9998054227101929,0.00019457728789314737,True
ES-002523,2026-03-01,Livelihood Recovery Initiative,Livelihoods,Borno,Ngala,Ngala Site 1,0.6992,Low,Low,1.4902565594858067e-09,0.993300013691391,0.006699984818352665,True
ES-001467,2026-03-01,Community Resilience Programme,Protection/Resilience,Borno,Gwoza,Gwoza Site 4,0.7438,Low,Low,5.266535070658747e-15,0.9999932072701732,6.792729821536271e-06,True
ES-000923,2026-03-01,Community Resilience Programme,Protection/Resilience,Borno,Bama,Bama Site 5,0.8105,Low,Low,1.786895937629697e-16,0.9999990468689476,9.531310521618783e-07,True
ES-007419,2026-03-01,WASH Resilience Initiative,WASH,Borno,Dikwa,Dikwa Site 4,0.6881,Medium,Medium,0.00020754369555848386,0.00014221941937675998,0.9996502368850647,True
ES-004379,2026-03-01,Education Access Project,Education,Borno,Dikwa,Dikwa Site 5,0.7066,Medium,Medium,0.0016410972352058411,5.5706206629605046e-05,0.9983031965581646,True
ES-005339,2026-03-01,Nutrition Support Programme,Nutrition,Borno,Mafa,Mafa Site 5,0.7493,Medium,Medium,1.2947737079995647e-05,0.06796098394740023,0.9320260683155197,True
ES-003067,2026-03-01,Livelihood Recovery Initiative,Livelihoods,Borno,Gwoza,Gwoza Site 6,0.6347,Medium,Medium,0.0007143961827924045,6.807985069037139e-05,0.9992175239665173,True
ES-002459,2026-03-01,Livelihood Recovery Initiative,Livelihoods,Borno,Bama,Bama Site 5,0.7016,Medium,Medium,0.007994874694791937,4.0431620948281225e-06,0.9920010821431131,True
ES-006715,2026-03-01,WASH Resilience Initiative,WASH,Borno,Konduga,Konduga Site 6,0.7377,Low,Low,8.52094211508335e-10,0.9871990639908639,0.012800935157041768,True
ES-006907,2026-03-01,WASH Resilience Initiative,WASH,Borno,Mafa,Mafa Site 6,0.788,Low,Low,2.4555898078476006e-19,0.9999999913141165,8.685883431735818e-09,True
ES-000187,2026-03-01,Community Resilience Programme,Protection/Resilience,Borno,Maiduguri,Maiduguri Site 6,0.7076,Medium,Medium,0.0032078940890046636,3.482614131074386e-06,0.9967886232968642,True
ES-003835,2026-03-01,Education Access Project,Education,Borno,Mafa,Mafa Site 6,0.7428,Medium,Medium,1.951678023023308e-05,0.07793104031047712,0.9220494429092927,True
ES-003419,2026-03-01,Education Access Project,Education,Borno,Jere,Jere Site 5,0.6421,Medium,Medium,0.017501075883426642,5.446933256484827e-07,0.9824983794232478,True
ES-004923,2026-03-01,Nutrition Support Programme,Nutrition,Borno,Jere,Jere Site 4,0.7049,Medium,Medium,9.298751625237408e-05,0.0008586813424325117,0.9990483311413151,True
ES-006203,2026-03-01,WASH Resilience Initiative,WASH,Borno,Maiduguri,Maiduguri Site 2,0.6422,Medium,Medium,1.5624895316229776e-06,0.2213860205194561,0.7786124169910124,True
ES-002843,2026-03-01,Livelihood Recovery Initiative,Livelihoods,Borno,Dikwa,Dikwa Site 5,0.8004,Low,Low,3.384607329759499e-15,0.9999961133384015,3.8866615952372236e-06,True
ES-001019,2026-03-01,Community Resilience Programme,Protection/Resilience,Borno,Ngala,Ngala Site 2,0.7399,Medium,Medium,8.872159691012017e-06,0.05327791683664725,0.9467132110036618,True
ES-004251,2026-03-01,Education Access Project,Education,Borno,Dikwa,Dikwa Site 1,0.6694,Medium,Medium,9.810033639407299e-06,0.12014958477516355,0.879840605191197,True
ES-000123,2026-03-01,Community Resilience Programme,Protection/Resilience,Borno,Maiduguri,Maiduguri Site 4,0.9373,Low,Low,4.2381832917089567e-32,0.9999999999999993,6.110941945242873e-16,True
ES-003547,2026-03-01,Education Access Project,Education,Borno,Konduga,Konduga Site 3,0.6826,Medium,Medium,0.00014477160302170448,0.00048188956030036876,0.9993733388366779,True
ES-007451,2026-03-01,WASH Resilience Initiative,WASH,Borno,Dikwa,Dikwa Site 5,0.7447,Low,Low,3.3158962781699466e-07,0.8954042886672856,0.10459537974308666,True
ES-000027,2026-03-01,Community Resilience Programme,Protection/Resilience,Borno,Maiduguri,Maiduguri Site 1,0.8027,Low,Low,1.8274130059268583e-14,0.9999886013704378,1.1398629544064004e-05,True
ES-005083,2026-03-01,Nutrition Support Programme,Nutrition,Borno,Konduga,Konduga Site 3,0.8326,Low,Low,2.573906145509013e-33,1.0,9.005167013769007e-17,True
ES-003035,2026-03-01,Livelihood Recovery Initiative,Livelihoods,Borno,Gwoza,Gwoza Site 5,0.7209,Low,Low,5.17547049845355e-13,0.9998568221190063,0.00014317788047631615,True
ES-007547,2026-03-01,WASH Resilience Initiative,WASH,Borno,Gwoza,Gwoza Site 2,0.7951,Low,Low,3.1503064211804526e-11,0.9994901464118413,0.0005098535566556705,True
ES-002363,2026-03-01,Livelihood Recovery Initiative,Livelihoods,Borno,Bama,Bama Site 2,0.7053,High,High,0.9999999999996767,8.842102929230792e-40,3.2319212067309286e-13,True
ES-004955,2026-03-01,Nutrition Support Programme,Nutrition,Borno,Jere,Jere Site 5,0.8215,Low,Low,3.074826815808231e-13,0.9998287540638087,0.0001712459358839552,True
ES-003451,2026-03-01,Education Access Project,Education,Borno,Jere,Jere Site 6,0.8623,Low,Low,1.1158478489655907e-15,0.9999975149340409,2.4850659579716046e-06,True
ES-005787,2026-03-01,Nutrition Support Programme,Nutrition,Borno,Dikwa,Dikwa Site 1,0.7079,Low,Low,1.8439208396814343e-08,0.95133994966783,0.048660031892961586,True
ES-004443,2026-03-01,Education Access Project,Education,Borno,Gwoza,Gwoza Site 1,0.6679,High,High,0.9841883001520105,4.2746985813525716e-13,0.015811699847561988,True
ES-001531,2026-03-01,Community Resilience Programme,Protection/Resilience,Borno,Gwoza,Gwoza Site 6,0.7419,Low,Low,3.612647880862997e-10,0.9913841659644113,0.008615833674323899,True
ES-005115,2026-03-01,Nutrition Support Programme,Nutrition,Borno,Konduga,Konduga Site 4,0.829,Low,Low,1.8054227772739996e-22,0.9999999997766302,2.2336981860800224e-10,True
ES-004123,2026-03-01,Education Access Project,Education,Borno,Ngala,Ngala Site 3,0.696,Medium,Medium,0.0005927818742236314,9.976033418675598e-05,0.9993074577915897,True
ES-003739,2026-03-01,Education Access Project,Education,Borno,Mafa,Mafa Site 3,0.7711,Low,Low,3.9245801341840765e-09,0.9760689982636301,0.023930997811789766,True
ES-002555,2026-03-01,Livelihood Recovery Initiative,Livelihoods,Borno,Ngala,Ngala Site 2,0.7937,Low,Low,1.8262887946312913e-20,0.9999999970457709,2.9542290997329126e-09,True
ES-001883,2026-03-01,Livelihood Recovery Initiative,Livelihoods,Borno,Jere,Jere Site 5,0.7839,Low,Low,8.169601126066469e-11,0.9959235115305829,0.00407648838772108,True
ES-006235,2026-03-01,WASH Resilience Initiative,WASH,Borno,Maiduguri,Maiduguri Site 3,0.7225,Low,Low,6.032545143156517e-07,0.6185460942965043,0.38145330244898135,True
ES-000091,2026-03-01,Community Resilience Programme,Protection/Resilience,Borno,Maiduguri,Maiduguri Site 3,0.8286,Low,Low,9.445011191503273e-14,0.9999637046184328,3.6295381472779936e-05,True
ES-003643,2026-03-01,Education Access Project,Education,Borno,Konduga,Konduga Site 6,0.7589,Low,Low,5.781984166706689e-13,0.99987651536941,0.0001234846300119873,True
ES-002043,2026-03-01,Livelihood Recovery Initiative,Livelihoods,Borno,Konduga,Konduga Site 4,0.8499,Low,Low,3.2991602058554573e-21,0.999999998675356,1.324643892174739e-09,True
ES-002331,2026-03-01,Livelihood Recovery Initiative,Livelihoods,Borno,Bama,Bama Site 1,0.6946,High,High,0.9999999999976337,6.179141546618885e-38,2.3662593148119044e-12,True
ES-004283,2026-03-01,Education Access Project,Education,Borno,Dikwa,Dikwa Site 2,0.7448,Low,Low,5.667807031865657e-16,0.9999991489166509,8.51083348416322e-07,True
ES-005211,2026-03-01,Nutrition Support Programme,Nutrition,Borno,Mafa,Mafa Site 1,0.7629,Low,Low,1.62625295281386e-16,0.9999993395219399,6.604780598732733e-07,True
ES-005467,2026-03-01,Nutrition Support Programme,Nutrition,Borno,Bama,Bama Site 3,0.7375,Low,Low,5.431201350322415e-13,0.9999041208717292,9.587912772760843e-05,True
ES-000859,2026-03-01,Community Resilience Programme,Protection/Resilience,Borno,Bama,Bama Site 3,0.8003,Medium,Medium,0.00024385984069948255,0.0006511706158785023,0.999104969543422,True
ES-004571,2026-03-01,Education Access Project,Education,Borno,Gwoza,Gwoza Site 5,0.6673,Medium,Medium,2.750635799117711e-05,0.013195447243979969,0.9867770463980289,True
ES-006107,2026-03-01,Nutrition Support Programme,Nutrition,Borno,Gwoza,Gwoza Site 5,0.6979,Medium,Medium,3.790343389073098e-05,0.005872297604906595,0.9940897989612026,True
ES-004891,2026-03-01,Nutrition Support Programme,Nutrition,Borno,Jere,Jere Site 3,0.7724,Low,Low,1.9117155142546014e-10,0.9933910780483687,0.006608921760459766,True
ES-006427,2026-03-01,WASH Resilience Initiative,WASH,Borno,Jere,Jere Site 3,0.8543,Low,Low,2.7571492188520134e-26,0.9999999999951745,4.825439044081872e-12,True
ES-000603,2026-03-01,Community Resilience Programme,Protection/Resilience,Borno,Mafa,Mafa Site 1,0.8818,Low,Low,8.607906687302445e-29,0.9999999999999671,3.278537958597481e-14,True
ES-002075,2026-03-01,Livelihood Recovery Initiative,Livelihoods,Borno,Konduga,Konduga Site 5,0.77,Low,Low,3.2857962143844917e-12,0.9994180585307215,0.0005819414659924911,True
ES-003195,2026-03-01,Education Access Project,Education,Borno,Maiduguri,Maiduguri Site 4,0.7542,Low,Low,2.0340268201170817e-18,0.9999999313203707,6.867962920315797e-08,True
ES-003675,2026-03-01,Education Access Project,Education,Borno,Mafa,Mafa Site 1,0.7686,Low,Low,1.16266471923012e-19,0.9999999908755236,9.12447653058395e-09,True
ES-007035,2026-03-01,WASH Resilience Initiative,WASH,Borno,Bama,Bama Site 4,0.7142,Low,Low,7.625023760315635e-13,0.9999016046009245,9.839539831307037e-05,True
ES-006619,2026-03-01,WASH Resilience Initiative,WASH,Borno,Konduga,Konduga Site 3,0.6357,Medium,Medium,0.0017159119280962265,6.0874924975122585e-05,0.9982232131469285,True
ES-006139,2026-03-01,Nutrition Support Programme,Nutrition,Borno,Gwoza,Gwoza Site 6,0.7908,Low,Low,6.005790174090274e-14,0.9999386427545474,6.135724539272262e-05,True
ES-003131,2026-03-01,Education Access Project,Education,Borno,Maiduguri,Maiduguri Site 2,0.7604,Low,Low,9.973365355456292e-08,0.7313213479226596,0.2686785523436869,True
ES-004635,2026-03-01,Nutrition Support Programme,Nutrition,Borno,Maiduguri,Maiduguri Site 1,0.7393,Low,Low,1.1336181180374359e-08,0.9417957020163851,0.058204286647433746,True
ES-002715,2026-03-01,Livelihood Recovery Initiative,Livelihoods,Borno,Dikwa,Dikwa Site 1,0.7616,Medium,Medium,0.0003889892715109946,0.00036996030937430646,0.9992410504191148,True
ES-002011,2026-03-01,Livelihood Recovery Initiative,Livelihoods,Borno,Konduga,Konduga Site 3,0.7515,Medium,Medium,1.7207889459454748e-05,0.016857669326486656,0.9831251227840538,True
ES-006171,2026-03-01,WASH Resilience Initiative,WASH,Borno,Maiduguri,Maiduguri Site 1,0.7963,Low,Low,1.8205933078186517e-08,0.9423083626592302,0.0576916191348368,True
ES-001211,2026-03-01,Community Resilience Programme,Protection/Resilience,Borno,Dikwa,Dikwa Site 2,0.8069,Low,Low,2.8390009522889966e-12,0.9998426013780787,0.00015739861908232238,True
ES-001627,2026-03-01,Livelihood Recovery Initiative,Livelihoods,Borno,Maiduguri,Maiduguri Site 3,0.8733,Low,Low,2.0319561944786765e-23,0.9999999999377815,6.22183551835375e-11,True
ES-004603,2026-03-01,Education Access Project,Education,Borno,Gwoza,Gwoza Site 6,0.6822,Medium,Medium,0.00025703025034251847,0.00024276390250454758,0.9995002058471528,True
ES-000955,2026-03-01,Community Resilience Programme,Protection/Resilience,Borno,Bama,Bama Site 6,0.6942,Low,Low,8.298845687998081e-07,0.53836867093694,0.4616304991784912,True
ES-007643,2026-03-01,WASH Resilience Initiative,WASH,Borno,Gwoza,Gwoza Site 5,0.5749,High,High,0.9801898894221034,4.00299296165095e-13,0.019810110577496313,True
ES-000891,2026-03-01,Community Resilience Programme,Protection/Resilience,Borno,Bama,Bama Site 4,0.7682,Low,Low,6.760303795435715e-08,0.8821516782728579,0.11784825412410406,True
ES-000379,2026-03-01,Community Resilience Programme,Protection/Resilience,Borno,Jere,Jere Site 6,0.7651,Medium,Medium,1.1711373821173854e-05,0.10164464551990342,0.8983436431062755,True
ES-001371,2026-03-01,Community Resilience Programme,Protection/Resilience,Borno,Gwoza,Gwoza Site 1,0.7892,Low,Low,5.510622217367412e-18,0.9999998716902012,1.2830979876825417e-07,True
ES-003227,2026-03-01,Education Access Project,Education,Borno,Maiduguri,Maiduguri Site 5,0.7057,Medium,Medium,4.303019478760197e-06,0.0369033856635226,0.9630923113169987,True
ES-005915,2026-03-01,Nutrition Support Programme,Nutrition,Borno,Dikwa,Dikwa Site 5,0.858,Low,Low,1.34795250618088e-19,0.999999990831809,9.168191038373648e-09,True
ES-006875,2026-03-01,WASH Resilience Initiative,WASH,Borno,Mafa,Mafa Site 5,0.6861,Medium,Medium,0.0002954450465290297,0.001254069752923819,0.9984504852005471,True
ES-002203,2026-03-01,Livelihood Recovery Initiative,Livelihoods,Borno,Mafa,Mafa Site 3,0.641,Medium,Medium,0.003606650966554507,1.6285646491012516e-05,0.9963770633869544,True
ES-001243,2026-03-01,Community Resilience Programme,Protection/Resilience,Borno,Dikwa,Dikwa Site 3,0.7371,Low,Low,1.5116712043402452e-12,0.999845721058869,0.00015427893961931187,True
ES-006683,2026-03-01,WASH Resilience Initiative,WASH,Borno,Konduga,Konduga Site 5,0.5311,High,High,0.9997859415853569,1.321776202566614e-18,0.00021405841464300948,True
ES-007675,2026-03-01,WASH Resilience Initiative,WASH,Borno,Gwoza,Gwoza Site 6,0.6085,High,High,0.9790897028020793,8.233585192522667e-14,0.020910297197838313,True
ES-006971,2026-03-01,WASH Resilience Initiative,WASH,Borno,Bama,Bama Site 2,0.6339,Medium,Medium,0.193372247169131,4.878480411732649e-08,0.8066277040460649,True
ES-005403,2026-03-01,Nutrition Support Programme,Nutrition,Borno,Bama,Bama Site 1,0.7987,Low,Low,6.611800626857376e-07,0.5539467162696903,0.44605262255024714,True
ES-001051,2026-03-01,Community Resilience Programme,Protection/Resilience,Borno,Ngala,Ngala Site 3,0.9446,Low,Low,2.1033610185042972e-30,0.999999999999994,5.975173497555814e-15,True
ES-003163,2026-03-01,Education Access Project,Education,Borno,Maiduguri,Maiduguri Site 3,0.8038,Low,Low,1.5141535811354492e-14,0.9999874541514862,1.2545848498681663e-05,True
ES-006395,2026-03-01,WASH Resilience Initiative,WASH,Borno,Jere,Jere Site 2,0.7847,Low,Low,1.2584166765567672e-17,0.9999998248982878,1.7510171218406176e-07,True
ES-006779,2026-03-01,WASH Resilience Initiative,WASH,Borno,Mafa,Mafa Site 2,0.7339,Low,Low,5.294323132332073e-11,0.9985862316175141,0.0014137683295424928,True
ES-001083,2026-03-01,Community Resilience Programme,Protection/Resilience,Borno,Ngala,Ngala Site 4,0.6023,Medium,Medium,0.17537726357122224,5.151607404117746e-08,0.8246226849127037,True
ES-001659,2026-03-01,Livelihood Recovery Initiative,Livelihoods,Borno,Maiduguri,Maiduguri Site 4,0.9078,Low,Low,7.358166290892979e-14,0.9999436541867586,5.634581316787838e-05,True
ES-005435,2026-03-01,Nutrition Support Programme,Nutrition,Borno,Bama,Bama Site 2,0.8146,Low,Low,1.1581058221309887e-09,0.9851795396780351,0.014820459163859144,True
ES-004507,2026-03-01,Education Access Project,Education,Borno,Gwoza,Gwoza Site 3,0.6019,Medium,Medium,0.0002596724279834585,0.0009964691976141165,0.9987438583744024,True
ES-002171,2026-03-01,Livelihood Recovery Initiative,Livelihoods,Borno,Mafa,Mafa Site 2,0.6765,Medium,Medium,0.0051572137373365684,3.452649700089631e-06,0.9948393336129634,True
ES-002139,2026-03-01,Livelihood Recovery Initiative,Livelihoods,Borno,Mafa,Mafa Site 1,0.6454,Medium,Medium,0.1018165046461883,1.6333861665101177e-08,0.89818347901995,True
ES-001403,2026-03-01,Community Resilience Programme,Protection/Resilience,Borno,Gwoza,Gwoza Site 2,0.7071,Low,Low,3.4308198002446604e-08,0.9713144248023703,0.028685540889431753,True
ES-000475,2026-03-01,Community Resilience Programme,Protection/Resilience,Borno,Konduga,Konduga Site 3,0.7216,Medium,Medium,3.339753025431463e-05,0.01237196562839569,0.98759463684135,True
ES-005947,2026-03-01,Nutrition Support Programme,Nutrition,Borno,Dikwa,Dikwa Site 6,0.7367,Low,Low,5.445760707770013e-09,0.9749044881348313,0.02509550641940805,True
ES-007259,2026-03-01,WASH Resilience Initiative,WASH,Borno,Ngala,Ngala Site 5,0.657,Medium,Medium,0.0022695571753365232,5.333116572527473e-05,0.9976771116589382,True
ES-007003,2026-03-01,WASH Resilience Initiative,WASH,Borno,Bama,Bama Site 3,0.6545,Medium,Medium,0.0019832651389420117,6.160107782932073e-05,0.9979551337832288,True
ES-002491,2026-03-01,Livelihood Recovery Initiative,Livelihoods,Borno,Bama,Bama Site 6,0.617,High,High,0.9999803411335524,2.52870785556617e-21,1.9658866447665677e-05,True
ES-003963,2026-03-01,Education Access Project,Education,Borno,Bama,Bama Site 4,0.6952,Medium,Medium,8.330265183698434e-05,0.007170018014948433,0.9927466793332145,True
ES-004859,2026-03-01,Nutrition Support Programme,Nutrition,Borno,Jere,Jere Site 2,0.6888,Medium,Medium,1.589044501923926e-05,0.06386274701607535,0.9361213625389054,True
ES-000987,2026-03-01,Community Resilience Programme,Protection/Resilience,Borno,Ngala,Ngala Site 1,0.934,Low,Low,7.39502264367596e-25,0.9999999999932248,6.775270086481078e-12,True
ES-000347,2026-03-01,Community Resilience Programme,Protection/Resilience,Borno,Jere,Jere Site 5,0.7788,Low,Low,2.7520149023086107e-16,0.9999987627818131,1.2372181865923711e-06,True
ES-003995,2026-03-01,Education Access Project,Education,Borno,Bama,Bama Site 5,0.7492,Low,Low,6.711909666775776e-17,0.9999993718661455,6.281338544829851e-07,True
ES-005243,2026-03-01,Nutrition Support Programme,Nutrition,Borno,Mafa,Mafa Site 2,0.7143,High,High,0.9999999944515545,4.7818197366627207e-29,5.548445470962691e-09,True
ES-006587,2026-03-01,WASH Resilience Initiative,WASH,Borno,Konduga,Konduga Site 2,0.6839,Medium,Medium,7.59351620243649e-06,0.03497728058951217,0.9650151258942854,True
ES-004539,2026-03-01,Education Access Project,Education,Borno,Gwoza,Gwoza Site 4,0.7582,Low,Low,4.700957246254367e-15,0.999994017133123,5.982866872488606e-06,True
ES-006939,2026-03-01,WASH Resilience Initiative,WASH,Borno,Bama,Bama Site 1,0.5675,High,High,0.9996535446467502,6.029840618134455e-18,0.0003464553532498059,True
ES-001691,2026-03-01,Livelihood Recovery Initiative,Livelihoods,Borno,Maiduguri,Maiduguri Site 5,0.9337,Low,Low,1.3198477752113047e-24,0.9999999999557125,4.4287508315480274e-11,True
ES-004667,2026-03-01,Nutrition Support Programme,Nutrition,Borno,Maiduguri,Maiduguri Site 2,0.8024,Low,Low,4.9605787489945136e-17,0.9999993049732624,6.950267375094354e-07,True
ES-002107,2026-03-01,Livelihood Recovery Initiative,Livelihoods,Borno,Konduga,Konduga Site 6,0.9179,Low,Low,1.2042599492212684e-30,0.9999999999999942,5.761483660905538e-15,True
ES-007067,2026-03-01,WASH Resilience Initiative,WASH,Borno,Bama,Bama Site 5,0.7584,Medium,Medium,3.626547835469723e-05,0.04939621578671411,0.9505675187349312,True
ES-000315,2026-03-01,Community Resilience Programme,Protection/Resilience,Borno,Jere,Jere Site 4,0.8475,Low,Low,3.695602355631225e-24,0.9999999999588607,4.113930271003791e-11,True
ES-005979,2026-03-01,Nutrition Support Programme,Nutrition,Borno,Gwoza,Gwoza Site 1,0.5989,Medium,Medium,0.005686840317548488,1.6173926741059756e-05,0.9942969857557105,True
ES-002747,2026-03-01,Livelihood Recovery Initiative,Livelihoods,Borno,Dikwa,Dikwa Site 2,0.7152,Medium,Medium,0.00013414769043923783,0.004644668801236972,0.9952211835083237,True
ES-006075,2026-03-01,Nutrition Support Programme,Nutrition,Borno,Gwoza,Gwoza Site 4,0.5686,Medium,Medium,0.05864474250821526,1.3022156356721491e-07,0.9413551272702212,True
ES-003291,2026-03-01,Education Access Project,Education,Borno,Jere,Jere Site 1,0.6853,High,High,0.9999999982300789,1.098134621669571e-32,1.76992109867968e-09,True
ES-006011,2026-03-01,Nutrition Support Programme,Nutrition,Borno,Gwoza,Gwoza Site 2,0.7351,Low,Low,1.7948998935044864e-12,0.9999138705928182,8.612940538692078e-05,True
ES-007611,2026-03-01,WASH Resilience Initiative,WASH,Borno,Gwoza,Gwoza Site 4,0.7307,Medium,Medium,1.1560165619414467e-05,0.014273800518096895,0.9857146393162837,True
ES-003259,2026-03-01,Education Access Project,Education,Borno,Maiduguri,Maiduguri Site 6,0.8753,Low,Low,1.860728397789764e-32,0.9999999999999996,4.971788060634724e-16,True
ES-001435,2026-03-01,Community Resilience Programme,Protection/Resilience,Borno,Gwoza,Gwoza Site 3,0.8753,Low,Low,4.8076926117349706e-23,0.9999999997230771,2.7692292906887787e-10,True
ES-001947,2026-03-01,Livelihood Recovery Initiative,Livelihoods,Borno,Konduga,Konduga Site 1,0.8025,Low,Low,1.0041905524260336e-15,0.9999944969665511,5.5030334478410075e-06,True
ES-003323,2026-03-01,Education Access Project,Education,Borno,Jere,Jere Site 2,0.7879,Low,Low,9.674762834184747e-18,0.9999998446088033,1.5539119664891391e-07,True
ES-000731,2026-03-01,Community Resilience Programme,Protection/Resilience,Borno,Mafa,Mafa Site 5,0.7776,Low,Low,3.7698339406181235e-19,0.9999999750673807,2.4932619338746164e-08,True
ES-005499,2026-03-01,Nutrition Support Programme,Nutrition,Borno,Bama,Bama Site 4,0.7175,Medium,Medium,0.00026207503280335347,0.0003065226544852226,0.9994314023127113,True
ES-000699,2026-03-01,Community Resilience Programme,Protection/Resilience,Borno,Mafa,Mafa Site 4,0.8435,Low,Low,7.424618889322542e-28,0.9999999999998317,1.6823251910475544e-13,True
ES-005755,2026-03-01,Nutrition Support Programme,Nutrition,Borno,Ngala,Ngala Site 6,0.7315,Medium,Medium,6.80242384798765e-05,0.0005244664249166686,0.9994075093366036,True
ES-003931,2026-03-01,Education Access Project,Education,Borno,Bama,Bama Site 3,0.7409,Low,Low,5.583406332738114e-11,0.9982311063688052,0.001768893575360631,True
ES-004699,2026-03-01,Nutrition Support Programme,Nutrition,Borno,Maiduguri,Maiduguri Site 3,0.8177,Low,Low,2.0375869522791724e-12,0.9997328076310518,0.00026719236691074145,True
ES-001339,2026-03-01,Community Resilience Programme,Protection/Resilience,Borno,Dikwa,Dikwa Site 6,0.7809,Low,Low,3.6549335076800504e-18,0.9999999538295142,4.617048567767124e-08,True
ES-007099,2026-03-01,WASH Resilience Initiative,WASH,Borno,Bama,Bama Site 6,0.7391,Medium,Medium,2.827667359703588e-05,0.017242799065972463,0.9827289242604306,True
ES-004219,2026-03-01,Education Access Project,Education,Borno,Ngala,Ngala Site 6,0.7528,Medium,Medium,9.089707998031928e-06,0.004281073916059452,0.9957098363759425,True
ES-007291,2026-03-01,WASH Resilience Initiative,WASH,Borno,Ngala,Ngala Site 6,0.6074,Medium,Medium,0.004375911344941631,2.545858278800994e-06,0.9956215427967796,True
ES-001915,2026-03-01,Livelihood Recovery Initiative,Livelihoods,Borno,Jere,Jere Site 6,0.7815,Low,Low,2.1002959048363344e-08,0.9305922459831357,0.06940773301390533,True
ES-005051,2026-03-01,Nutrition Support Programme,Nutrition,Borno,Konduga,Konduga Site 2,0.8168,Low,Low,2.1543898789334292e-15,0.9999918097487261,8.190251271670533e-06,True
ES-007227,2026-03-01,WASH Resilience Initiative,WASH,Borno,Ngala,Ngala Site 4,0.6824,Medium,Medium,8.421430667139019e-05,0.005063451891449517,0.9948523338018791,True
ES-001179,2026-03-01,Community Resilience Programme,Protection/Resilience,Borno,Dikwa,Dikwa Site 1,0.7444,Medium,Medium,3.2710857760350748e-06,0.2692517588993221,0.7307449700149017,True
ES-004347,2026-03-01,Education Access Project,Education,Borno,Dikwa,Dikwa Site 4,0.844,Low,Low,1.500082141635428e-19,0.9999999491549482,5.084505174222306e-08,True
ES-003099,2026-03-01,Education Access Project,Education,Borno,Maiduguri,Maiduguri Site 1,0.7471,Medium,Medium,0.022616359703968913,3.171031184009426e-07,0.9773833231929128,True
ES-007195,2026-03-01,WASH Resilience Initiative,WASH,Borno,Ngala,Ngala Site 3,0.6303,Medium,Medium,0.006484030286673918,1.2598586542333314e-05,0.9935033711267837,True
ES-005147,2026-03-01,Nutrition Support Programme,Nutrition,Borno,Konduga,Konduga Site 5,0.7595,Low,Low,3.442702845217053e-16,0.9999986986298701,1.3013701293593585e-06,True
ES-007323,2026-03-01,WASH Resilience Initiative,WASH,Borno,Dikwa,Dikwa Site 1,0.7112,Medium,Medium,6.756208013068771e-06,0.2228647658469788,0.7771284779450082,True
ES-001979,2026-03-01,Livelihood Recovery Initiative,Livelihoods,Borno,Konduga,Konduga Site 2,0.7705,Low,Low,8.855821584072387e-14,0.9999199790475587,8.002095235268656e-05,True
ES-005019,2026-03-01,Nutrition Support Programme,Nutrition,Borno,Konduga,Konduga Site 1,0.7321,Medium,Medium,5.072856638801636e-06,0.08561498636585306,0.9143799407775082,True
ES-002395,2026-03-01,Livelihood Recovery Initiative,Livelihoods,Borno,Bama,Bama Site 3,0.7689,Low,Low,2.8711244327160537e-10,0.9952193025482113,0.004780697164676078,True
ES-006555,2026-03-01,WASH Resilience Initiative,WASH,Borno,Konduga,Konduga Site 1,0.8328,Low,Low,1.5068021681879953e-18,0.9999999100504872,8.994951277894987e-08,True
ES-002235,2026-03-01,Livelihood Recovery Initiative,Livelihoods,Borno,Mafa,Mafa Site 4,0.7071,Medium,Medium,0.0011885827680741749,1.383296593947521e-05,0.9987975842659862,True
ES-002619,2026-03-01,Livelihood Recovery Initiative,Livelihoods,Borno,Ngala,Ngala Site 4,0.7803,High,High,0.9999970731682802,4.573650218578671e-23,2.9268317196874516e-06,True
ES-004475,2026-03-01,Education Access Project,Education,Borno,Gwoza,Gwoza Site 2,0.7125,Low,Low,6.542858418254771e-09,0.9847683896708096,0.015231603786331854,True
ES-000827,2026-03-01,Community Resilience Programme,Protection/Resilience,Borno,Bama,Bama Site 2,0.7556,Low,Low,1.707016436132443e-11,0.9990701667436039,0.0009298332393259136,True
ES-002587,2026-03-01,Livelihood Recovery Initiative,Livelihoods,Borno,Ngala,Ngala Site 3,0.6761,High,High,0.9995164560713079,1.6222012561493642e-17,0.0004835439286921579,True
ES-006299,2026-03-01,WASH Resilience Initiative,WASH,Borno,Maiduguri,Maiduguri Site 5,0.6364,High,High,0.9999999886528749,2.622158627248621e-29,1.1347125099481375e-08,True
ES-000795,2026-03-01,Community Resilience Programme,Protection/Resilience,Borno,Bama,Bama Site 1,0.799,Low,Low,1.3300805714673877e-09,0.9855394004053323,0.014460598264587102,True
ES-000283,2026-03-01,Community Resilience Programme,Protection/Resilience,Borno,Jere,Jere Site 3,0.7838,Low,Low,6.177496676879642e-08,0.5919370560101028,0.40806288221493037,True
ES-006331,2026-03-01,WASH Resilience Initiative,WASH,Borno,Maiduguri,Maiduguri Site 6,0.3595,High,High,0.9999575681706264,4.3116546461342543e-19,4.243182937363045e-05,True
ES-004795,2026-03-01,Nutrition Support Programme,Nutrition,Borno,Maiduguri,Maiduguri Site 6,0.9369,Low,Low,1.8903390329413565e-31,0.9999999999999971,2.916039448853881e-15,True
ES-001084,2026-04-01,Community Resilience Programme,Protection/Resilience,Borno,Ngala,Ngala Site 4,0.7674,Low,Low,2.056138639277618e-08,0.880772381592443,0.11922759784617072,True
ES-000700,2026-04-01,Community Resilience Programme,Protection/Resilience,Borno,Mafa,Mafa Site 4,0.7291,Low,Low,2.869433287630613e-14,0.9999736766113803,2.6323388591073912e-05,True
ES-005852,2026-04-01,Nutrition Support Programme,Nutrition,Borno,Dikwa,Dikwa Site 3,0.7834,Low,Low,2.089486231346335e-24,0.9999999999882034,1.1796471662637765e-11,True
ES-000124,2026-04-01,Community Resilience Programme,Protection/Resilience,Borno,Maiduguri,Maiduguri Site 4,0.8749,Low,Low,3.428215544069616e-23,0.999999999869627,1.3037306464985912e-10,True
ES-005628,2026-04-01,Nutrition Support Programme,Nutrition,Borno,Ngala,Ngala Site 2,0.6587,Medium,Medium,2.4063284446495658e-05,0.028897876326777705,0.9710780603887758,True
ES-002460,2026-04-01,Livelihood Recovery Initiative,Livelihoods,Borno,Bama,Bama Site 5,0.6851,High,High,0.9999999999989388,1.4725379227112444e-39,1.0610858330319709e-12,True
ES-002780,2026-04-01,Livelihood Recovery Initiative,Livelihoods,Borno,Dikwa,Dikwa Site 3,0.7811,Low,Low,8.505321941945021e-15,0.9999873281862475,1.2671813744098949e-05,True
ES-007516,2026-04-01,WASH Resilience Initiative,WASH,Borno,Gwoza,Gwoza Site 1,0.5653,Medium,High,0.8070018087667886,4.1707642788081263e-10,0.19299819081613503,False
ES-004028,2026-04-01,Education Access Project,Education,Borno,Bama,Bama Site 6,0.791,Low,Low,1.236372200933022e-13,0.9999437788648667,5.622113500954766e-05,True
ES-006236,2026-04-01,WASH Resilience Initiative,WASH,Borno,Maiduguri,Maiduguri Site 3,0.6499,Medium,Medium,0.002093185466605458,3.130084524264475e-05,0.9978755136881517,True
ES-005948,2026-04-01,Nutrition Support Programme,Nutrition,Borno,Dikwa,Dikwa Site 6,0.8213,Low,Low,4.035626462281623e-29,0.9999999999999754,2.4542353461073723e-14,True
ES-001148,2026-04-01,Community Resilience Programme,Protection/Resilience,Borno,Ngala,Ngala Site 6,0.7786,Low,Medium,6.347382946296022e-07,0.22389241216975347,0.776106953091952,False
ES-001052,2026-04-01,Community Resilience Programme,Protection/Resilience,Borno,Ngala,Ngala Site 3,0.8721,Low,Low,4.395880106682758e-13,0.9998502310240425,0.0001497689755179026,True
ES-003612,2026-04-01,Education Access Project,Education,Borno,Konduga,Konduga Site 5,0.7429,Low,Low,3.409406256386982e-07,0.512305629751589,0.48769402930778544,True
ES-004380,2026-04-01,Education Access Project,Education,Borno,Dikwa,Dikwa Site 5,0.74,Medium,Medium,0.003929535945405045,4.610941511782317e-05,0.9960243546394772,True
ES-003516,2026-04-01,Education Access Project,Education,Borno,Konduga,Konduga Site 2,0.7608,Low,Low,3.740649672708309e-10,0.9932709148220504,0.006729084803884593,True
ES-005116,2026-04-01,Nutrition Support Programme,Nutrition,Borno,Konduga,Konduga Site 4,0.8133,Low,Low,1.1107930317748927e-09,0.9908842728954402,0.00911572599376668,True
ES-000188,2026-04-01,Community Resilience Programme,Protection/Resilience,Borno,Maiduguri,Maiduguri Site 6,0.7058,Medium,Medium,6.630980179015822e-05,0.0020167484835419457,0.9979169417146678,True
ES-000540,2026-04-01,Community Resilience Programme,Protection/Resilience,Borno,Konduga,Konduga Site 5,0.855,Low,Low,2.363544397395467e-22,0.9999999997604452,2.395548334542185e-10,True
ES-007676,2026-04-01,WASH Resilience Initiative,WASH,Borno,Gwoza,Gwoza Site 6,0.6433,High,High,0.9933883027956942,4.602994873820925e-15,0.0066116972043011825,True
ES-003772,2026-04-01,Education Access Project,Education,Borno,Mafa,Mafa Site 4,0.801,Low,Low,8.745398472616904e-20,0.9999999795423768,2.045762324166135e-08,True
ES-002908,2026-04-01,Livelihood Recovery Initiative,Livelihoods,Borno,Gwoza,Gwoza Site 1,0.7154,Low,Low,7.922703742904923e-12,0.9995202994675189,0.0004797005245584514,True
ES-004732,2026-04-01,Nutrition Support Programme,Nutrition,Borno,Maiduguri,Maiduguri Site 4,0.8567,Low,Low,1.65458956501006e-09,0.9696943093430636,0.030305689002346797,True
ES-006012,2026-04-01,Nutrition Support Programme,Nutrition,Borno,Gwoza,Gwoza Site 2,0.7309,Low,Low,3.731363878757978e-15,0.9999979440640911,2.0559359051090493e-06,True
ES-000476,2026-04-01,Community Resilience Programme,Protection/Resilience,Borno,Konduga,Konduga Site 3,0.7048,Medium,Medium,1.6005505437084783e-06,0.3440445743137188,0.6559538251357374,True
ES-005180,2026-04-01,Nutrition Support Programme,Nutrition,Borno,Konduga,Konduga Site 6,0.7093,Medium,Medium,9.442997197208465e-05,0.0013749111481562541,0.9985306588798717,True
ES-001116,2026-04-01,Community Resilience Programme,Protection/Resilience,Borno,Ngala,Ngala Site 5,0.6797,Medium,Medium,4.251131626963151e-05,0.018847914772831056,0.9811095739108994,True
ES-001692,2026-04-01,Livelihood Recovery Initiative,Livelihoods,Borno,Maiduguri,Maiduguri Site 5,0.8159,Low,Low,4.445254936989846e-09,0.9632586075618399,0.03674138799290514,True
ES-001596,2026-04-01,Livelihood Recovery Initiative,Livelihoods,Borno,Maiduguri,Maiduguri Site 2,0.6625,Medium,Medium,0.04498387011506436,1.0851883459076097e-07,0.955016021366101,True
ES-005596,2026-04-01,Nutrition Support Programme,Nutrition,Borno,Ngala,Ngala Site 1,0.8222,Low,Low,6.995193101400393e-14,0.9999787842389122,2.1215761017781364e-05,True
ES-003644,2026-04-01,Education Access Project,Education,Borno,Konduga,Konduga Site 6,0.7016,Medium,Medium,0.012654561437994483,7.118572460802846e-07,0.9873447267047595,True
ES-006748,2026-04-01,WASH Resilience Initiative,WASH,Borno,Mafa,Mafa Site 1,0.7313,Low,Low,3.010947394176792e-07,0.7621533526368387,0.23784634626842183,True
ES-002844,2026-04-01,Livelihood Recovery Initiative,Livelihoods,Borno,Dikwa,Dikwa Site 5,0.7442,Low,Low,1.5862567245457193e-09,0.990431197895157,0.009568800518586227,True
ES-006460,2026-04-01,WASH Resilience Initiative,WASH,Borno,Jere,Jere Site 4,0.8364,Low,Low,4.263544040876385e-22,0.9999999993505764,6.494235697530217e-10,True
ES-004860,2026-04-01,Nutrition Support Programme,Nutrition,Borno,Jere,Jere Site 2,0.789,Medium,Medium,4.839245953506329e-06,0.04496647153660658,0.9550286892174398,True
ES-001468,2026-04-01,Community Resilience Programme,Protection/Resilience,Borno,Gwoza,Gwoza Site 4,0.7149,Low,Low,3.627577182876195e-11,0.9987541677311643,0.0012458322325599699,True
ES-006620,2026-04-01,WASH Resilience Initiative,WASH,Borno,Konduga,Konduga Site 3,0.7734,Low,Low,1.0936841727818174e-14,0.9999877189237947,1.2281076194397235e-05,True
ES-001212,2026-04-01,Community Resilience Programme,Protection/Resilience,Borno,Dikwa,Dikwa Site 2,0.8005,Low,Low,2.1836776990354088e-13,0.999971723862915,2.8276136866748913e-05,True
ES-002428,2026-04-01,Livelihood Recovery Initiative,Livelihoods,Borno,Bama,Bama Site 4,0.8003,Medium,Medium,2.3497425757418748e-06,0.23406223588206423,0.7659354143753601,True
ES-007644,2026-04-01,WASH Resilience Initiative,WASH,Borno,Gwoza,Gwoza Site 5,0.5819,Medium,High,0.5046029168790457,1.5959368607393721e-09,0.4953970815250175,False
ES-004316,2026-04-01,Education Access Project,Education,Borno,Dikwa,Dikwa Site 3,0.6529,Medium,High,0.5469713212132818,3.200330810146343e-09,0.4530286755863874,False
ES-001628,2026-04-01,Livelihood Recovery Initiative,Livelihoods,Borno,Maiduguri,Maiduguri Site 3,0.7754,Low,Low,3.505225373322381e-09,0.9731703200063343,0.026829676488440486,True
ES-005020,2026-04-01,Nutrition Support Programme,Nutrition,Borno,Konduga,Konduga Site 1,0.7493,Medium,Medium,1.9635980488142426e-05,0.013183359444488315,0.9867970045750235,True
ES-003580,2026-04-01,Education Access Project,Education,Borno,Konduga,Konduga Site 4,0.747,Low,Low,3.45845428572639e-08,0.9136142655719518,0.08638569984350532,True
ES-000796,2026-04-01,Community Resilience Programme,Protection/Resilience,Borno,Bama,Bama Site 1,0.7098,Medium,High,0.8970882446955829,2.1722670615205758e-11,0.10291175528269446,False
ES-005916,2026-04-01,Nutrition Support Programme,Nutrition,Borno,Dikwa,Dikwa Site 5,0.7643,Low,Low,4.3973921171178454e-07,0.7682040401551712,0.23179552010561708,True
ES-002716,2026-04-01,Livelihood Recovery Initiative,Livelihoods,Borno,Dikwa,Dikwa Site 1,0.7806,Low,Low,3.9877128073970434e-12,0.9995250556861364,0.0004749443098758111,True
ES-001340,2026-04-01,Community Resilience Programme,Protection/Resilience,Borno,Dikwa,Dikwa Site 6,0.8415,Low,Low,5.79747780538623e-23,0.999999999901203,9.879703148737059e-11,True
ES-002812,2026-04-01,Livelihood Recovery Initiative,Livelihoods,Borno,Dikwa,Dikwa Site 4,0.8206,Low,Low,2.00414441279257e-20,0.9999999859985103,1.4001489702958385e-08,True
ES-002620,2026-04-01,Livelihood Recovery Initiative,Livelihoods,Borno,Ngala,Ngala Site 4,0.6984,Medium,Medium,0.0024188226503104263,2.331560839702183e-05,0.9975578617412926,True
ES-005244,2026-04-01,Nutrition Support Programme,Nutrition,Borno,Mafa,Mafa Site 2,0.6831,Medium,Medium,0.0008376670017637398,7.421741302815176e-05,0.9990881155852082,True
ES-005276,2026-04-01,Nutrition Support Programme,Nutrition,Borno,Mafa,Mafa Site 3,0.3828,High,High,0.9965117856866643,4.476783707429912e-14,0.0034882143132910198,True
ES-007612,2026-04-01,WASH Resilience Initiative,WASH,Borno,Gwoza,Gwoza Site 4,0.7647,Low,Low,3.812468999266162e-17,0.999999534407625,4.6559237504348886e-07,True
ES-000924,2026-04-01,Community Resilience Programme,Protection/Resilience,Borno,Bama,Bama Site 5,0.94,Low,Low,3.336300656653512e-30,0.9999999999999891,1.0934798481992168e-14,True
ES-007260,2026-04-01,WASH Resilience Initiative,WASH,Borno,Ngala,Ngala Site 5,0.68,Medium,Medium,0.0004265400120807935,0.0005500388647734488,0.9990234211231457,True
ES-005884,2026-04-01,Nutrition Support Programme,Nutrition,Borno,Dikwa,Dikwa Site 4,0.824,Low,Low,1.8184559430042528e-22,0.9999999994050015,5.949985907876183e-10,True
ES-002492,2026-04-01,Livelihood Recovery Initiative,Livelihoods,Borno,Bama,Bama Site 6,0.6926,Medium,Medium,0.005170229887364403,8.184706200608145e-06,0.9948215854064351,True
ES-002748,2026-04-01,Livelihood Recovery Initiative,Livelihoods,Borno,Dikwa,Dikwa Site 2,0.7154,Low,Low,5.633320897014073e-09,0.9809795104131005,0.019020483953578603,True
ES-004220,2026-04-01,Education Access Project,Education,Borno,Ngala,Ngala Site 6,0.6667,Medium,Medium,1.2461282856135865e-06,0.22406256069613595,0.7759361931755785,True
ES-005660,2026-04-01,Nutrition Support Programme,Nutrition,Borno,Ngala,Ngala Site 3,0.8156,Low,Low,5.103749488729286e-22,0.9999999995130817,4.86918321626266e-10,True
ES-002588,2026-04-01,Livelihood Recovery Initiative,Livelihoods,Borno,Ngala,Ngala Site 3,0.7871,Low,Low,5.31988318391381e-09,0.9562823916534671,0.043717603026649954,True
ES-003676,2026-04-01,Education Access Project,Education,Borno,Mafa,Mafa Site 1,0.6802,Medium,Medium,8.58529812452103e-06,0.11112235112947047,0.888869063572405,True
ES-006268,2026-04-01,WASH Resilience Initiative,WASH,Borno,Maiduguri,Maiduguri Site 4,0.9612,Low,Low,5.952160527560958e-32,0.9999999999999991,9.492048115623669e-16,True
ES-000444,2026-04-01,Community Resilience Programme,Protection/Resilience,Borno,Konduga,Konduga Site 2,0.7256,Medium,Medium,3.0325539891545567e-06,0.05728854376732958,0.9427084236786812,True
ES-007580,2026-04-01,WASH Resilience Initiative,WASH,Borno,Gwoza,Gwoza Site 3,0.7457,Medium,Medium,2.584461300974738e-06,0.11768477881100213,0.882312636727697,True
ES-001436,2026-04-01,Community Resilience Programme,Protection/Resilience,Borno,Gwoza,Gwoza Site 3,0.8395,Low,Low,1.520351846281598e-20,0.9999999948759759,5.1240239973883736e-09,True
ES-007548,2026-04-01,WASH Resilience Initiative,WASH,Borno,Gwoza,Gwoza Site 2,0.8031,Low,Low,1.4652548390697046e-15,0.9999989221617755,1.0778382229181916e-06,True
ES-006428,2026-04-01,WASH Resilience Initiative,WASH,Borno,Jere,Jere Site 3,0.7218,Low,Low,8.650896771997491e-12,0.9992435409729453,0.0007564590184037992,True
ES-004188,2026-04-01,Education Access Project,Education,Borno,Ngala,Ngala Site 5,0.7093,Low,Low,3.8614799023746295e-08,0.8974956514801223,0.10250430990507861,True
ES-003548,2026-04-01,Education Access Project,Education,Borno,Konduga,Konduga Site 3,0.6397,Medium,Medium,0.0007737354582721621,0.0001949128583828357,0.999031351683345,True
ES-002332,2026-04-01,Livelihood Recovery Initiative,Livelihoods,Borno,Bama,Bama Site 1,0.712,Low,Low,4.895965831370454e-07,0.7050561504230817,0.29494335998033533,True
ES-002876,2026-04-01,Livelihood Recovery Initiative,Livelihoods,Borno,Dikwa,Dikwa Site 6,0.5982,Medium,Medium,0.0001351686374234244,0.003411330501234439,0.9964535008613421,True
ES-001404,2026-04-01,Community Resilience Programme,Protection/Resilience,Borno,Gwoza,Gwoza Site 2,0.6771,Medium,Medium,0.009491889059284228,4.570831459442123e-05,0.9904624026261214,True
ES-005340,2026-04-01,Nutrition Support Programme,Nutrition,Borno,Mafa,Mafa Site 5,0.6785,Medium,Medium,0.346868552020873,2.003473428984827e-09,0.6531314459756535,True
ES-005820,2026-04-01,Nutrition Support Programme,Nutrition,Borno,Dikwa,Dikwa Site 2,0.7968,Medium,Medium,8.415483879270645e-06,0.40829107176606866,0.5917005127500521,True
ES-005148,2026-04-01,Nutrition Support Programme,Nutrition,Borno,Konduga,Konduga Site 5,0.8068,Low,Low,5.749938102744014e-23,0.9999999998354077,1.645924464458527e-10,True
ES-001180,2026-04-01,Community Resilience Programme,Protection/Resilience,Borno,Dikwa,Dikwa Site 1,0.7338,Medium,Medium,1.4437378861776179e-05,0.03829544710090904,0.9616901155202291,True
ES-000284,2026-04-01,Community Resilience Programme,Protection/Resilience,Borno,Jere,Jere Site 3,0.8208,Low,Low,1.2614685316717174e-11,0.9969737138545915,0.0030262861327936827,True
ES-002396,2026-04-01,Livelihood Recovery Initiative,Livelihoods,Borno,Bama,Bama Site 3,0.8627,Low,Low,4.790780939407088e-26,0.999999999998263,1.7370139135549842e-12,True
ES-006556,2026-04-01,WASH Resilience Initiative,WASH,Borno,Konduga,Konduga Site 1,0.7644,Low,Low,7.683514234797976e-17,0.9999993338230914,6.661769085127769e-07,True
ES-001980,2026-04-01,Livelihood Recovery Initiative,Livelihoods,Borno,Konduga,Konduga Site 2,0.7415,Medium,Medium,7.841638034963596e-07,0.286014656322913,0.7139845595132834,True
ES-004796,2026-04-01,Nutrition Support Programme,Nutrition,Borno,Maiduguri,Maiduguri Site 6,0.8704,Low,Low,5.648320893029506e-17,0.9999989067577487,1.093242251233051e-06,True
ES-007068,2026-04-01,WASH Resilience Initiative,WASH,Borno,Bama,Bama Site 5,0.7186,Medium,Medium,4.833589068832224e-06,0.18569454408990593,0.8143006223210253,True
ES-004476,2026-04-01,Education Access Project,Education,Borno,Gwoza,Gwoza Site 2,0.745,Low,Low,1.9108566379476896e-12,0.9999064419671817,9.35580309073313e-05,True
ES-006172,2026-04-01,WASH Resilience Initiative,WASH,Borno,Maiduguri,Maiduguri Site 1,0.921,Low,Low,1.5967594955444618e-27,0.99999999999974,2.600469413731974e-13,True
ES-003132,2026-04-01,Education Access Project,Education,Borno,Maiduguri,Maiduguri Site 2,0.8574,Low,Low,2.8468868890141483e-22,0.9999999991988529,8.011472583244761e-10,True
ES-004636,2026-04-01,Nutrition Support Programme,Nutrition,Borno,Maiduguri,Maiduguri Site 1,0.6944,Low,Low,6.49836274250594e-09,0.9730212962466106,0.026978697255026794,True
ES-004252,2026-04-01,Education Access Project,Education,Borno,Dikwa,Dikwa Site 1,0.7221,Medium,Medium,7.612035836185181e-06,0.12870487330231487,0.8712875146618488,True
ES-002012,2026-04-01,Livelihood Recovery Initiative,Livelihoods,Borno,Konduga,Konduga Site 3,0.6967,Medium,Medium,0.0001696454129664848,0.0004287587056570503,0.9994015958813763,True
ES-003228,2026-04-01,Education Access Project,Education,Borno,Maiduguri,Maiduguri Site 5,0.6678,Medium,Medium,0.12092272284597469,8.50661962241633e-09,0.8790772686474058,True
ES-004604,2026-04-01,Education Access Project,Education,Borno,Gwoza,Gwoza Site 6,0.7199,Medium,Medium,0.0011480109195368153,1.729914097786954e-05,0.9988346899394852,True
ES-000380,2026-04-01,Community Resilience Programme,Protection/Resilience,Borno,Jere,Jere Site 6,0.8698,Low,Low,1.1757851486476755e-23,0.9999999999443245,5.567536576038274e-11,True
ES-003292,2026-04-01,Education Access Project,Education,Borno,Jere,Jere Site 1,0.7715,Low,Low,1.0984702310118625e-10,0.9959770163703403,0.004022983519812677,True
ES-004956,2026-04-01,Nutrition Support Programme,Nutrition,Borno,Jere,Jere Site 5,0.8094,Medium,Medium,6.887414740342035e-07,0.3560800996479018,0.643919211610624,True
ES-006780,2026-04-01,WASH Resilience Initiative,WASH,Borno,Mafa,Mafa Site 2,0.7406,Low,Low,3.3973936943711436e-16,0.9999989729503888,1.0270496107973122e-06,True
ES-001948,2026-04-01,Livelihood Recovery Initiative,Livelihoods,Borno,Konduga,Konduga Site 1,0.6852,Medium,Medium,9.379756571535593e-05,0.0003762292147495248,0.9995299732195351,True
ES-001884,2026-04-01,Livelihood Recovery Initiative,Livelihoods,Borno,Jere,Jere Site 5,0.7473,Low,Low,4.161006907632204e-11,0.9974971541843407,0.0025028457740491647,True
ES-007324,2026-04-01,WASH Resilience Initiative,WASH,Borno,Dikwa,Dikwa Site 1,0.777,Low,Low,1.16146789691364e-15,0.9999977079728075,2.2920271913286482e-06,True
ES-002684,2026-04-01,Livelihood Recovery Initiative,Livelihoods,Borno,Ngala,Ngala Site 6,0.7175,Medium,Medium,0.00022092151224632447,0.0002472423816144111,0.9995318361061392,True
ES-000828,2026-04-01,Community Resilience Programme,Protection/Resilience,Borno,Bama,Bama Site 2,0.7473,Medium,Medium,0.0004224493360994978,0.0003344028721687039,0.9992431477917317,True
ES-006076,2026-04-01,Nutrition Support Programme,Nutrition,Borno,Gwoza,Gwoza Site 4,0.5721,High,High,0.9979877226346575,6.231780262937468e-16,0.0020122773653418213,True
ES-003324,2026-04-01,Education Access Project,Education,Borno,Jere,Jere Site 2,0.8399,Low,Low,4.673065956116482e-19,0.9999999663242212,3.367577876018272e-08,True
ES-004700,2026-04-01,Nutrition Support Programme,Nutrition,Borno,Maiduguri,Maiduguri Site 3,0.8142,Low,Low,2.882125503671258e-16,0.9999987567468638,1.2432531359663515e-06,True
ES-001916,2026-04-01,Livelihood Recovery Initiative,Livelihoods,Borno,Jere,Jere Site 6,0.8276,Medium,Medium,4.841385960351337e-06,0.2260905658621576,0.7739045927518821,True
ES-003100,2026-04-01,Education Access Project,Education,Borno,Maiduguri,Maiduguri Site 1,0.7067,Medium,Medium,0.11869919155280308,6.443835999120803e-08,0.881300744008837,True
ES-003932,2026-04-01,Education Access Project,Education,Borno,Bama,Bama Site 3,0.6826,Medium,High,0.5149827203142512,3.5337904867958464e-09,0.4850172761519583,False
ES-000732,2026-04-01,Community Resilience Programme,Protection/Resilience,Borno,Mafa,Mafa Site 5,0.7953,Low,Low,1.9074328759590753e-14,0.9999866900027167,1.3309997264327061e-05,True
ES-005052,2026-04-01,Nutrition Support Programme,Nutrition,Borno,Konduga,Konduga Site 2,0.7683,Low,Low,1.2485135768747865e-11,0.9986856193637212,0.001314380623793614,True
ES-005980,2026-04-01,Nutrition Support Programme,Nutrition,Borno,Gwoza,Gwoza Site 1,0.8137,Low,Low,5.1469132396716803e-20,0.999999986348963,1.3651036899775438e-08,True
ES-005500,2026-04-01,Nutrition Support Programme,Nutrition,Borno,Bama,Bama Site 4,0.8336,Low,Low,2.7351581350779326e-21,0.9999999989803598,1.01964013409277e-09,True
ES-003260,2026-04-01,Education Access Project,Education,Borno,Maiduguri,Maiduguri Site 6,0.8667,Low,Low,7.191597784123834e-22,0.9999999992024398,7.975603014979472e-10,True
ES-007100,2026-04-01,WASH Resilience Initiative,WASH,Borno,Bama,Bama Site 6,0.7396,Low,Low,1.5539724408476878e-10,0.997604723488177,0.0023952763564257353,True
ES-005756,2026-04-01,Nutrition Support Programme,Nutrition,Borno,Ngala,Ngala Site 6,0.6486,Medium,Medium,0.0005666597064194007,5.207911438541591e-05,0.9993812611791951,True
ES-007228,2026-04-01,WASH Resilience Initiative,WASH,Borno,Ngala,Ngala Site 4,0.6809,Medium,Medium,3.1377563889025357e-06,0.20959666541365074,0.7904001968299603,True
ES-000892,2026-04-01,Community Resilience Programme,Protection/Resilience,Borno,Bama,Bama Site 4,0.7934,Low,Low,1.2285406163169375e-07,0.8376325112920355,0.1623673658539029,True
ES-000956,2026-04-01,Community Resilience Programme,Protection/Resilience,Borno,Bama,Bama Site 6,0.6541,Medium,Medium,0.000554623338421667,0.00033179499507254503,0.9991135816665059,True
ES-000316,2026-04-01,Community Resilience Programme,Protection/Resilience,Borno,Jere,Jere Site 4,0.8291,Low,Low,4.1205819771365046e-13,0.9997954799642174,0.0002045200353706163,True
ES-006940,2026-04-01,WASH Resilience Initiative,WASH,Borno,Bama,Bama Site 1,0.6356,Medium,Medium,0.033280884871884964,1.4151502546761404e-06,0.9667176999778604,True
ES-006588,2026-04-01,WASH Resilience Initiative,WASH,Borno,Konduga,Konduga Site 2,0.7823,Low,Low,6.802930678335042e-17,0.999999079750552,9.20249448100277e-07,True
ES-004668,2026-04-01,Nutrition Support Programme,Nutrition,Borno,Maiduguri,Maiduguri Site 2,0.8467,Low,Low,2.2489866832399533e-28,0.9999999999998475,1.5246948361572906e-13,True
ES-000348,2026-04-01,Community Resilience Programme,Protection/Resilience,Borno,Jere,Jere Site 5,0.7881,Low,Low,2.3838152699094557e-12,0.999592661566788,0.00040733843082814793,True
ES-003164,2026-04-01,Education Access Project,Education,Borno,Maiduguri,Maiduguri Site 3,0.7545,Medium,Medium,7.129845705370957e-06,0.13185230797403888,0.8681405621802558,True
ES-005212,2026-04-01,Nutrition Support Programme,Nutrition,Borno,Mafa,Mafa Site 1,0.6789,Low,Low,4.806651481206499e-13,0.999944399822933,5.560017658633644e-05,True
ES-001244,2026-04-01,Community Resilience Programme,Protection/Resilience,Borno,Dikwa,Dikwa Site 3,0.7203,Medium,Medium,2.6578553378847447e-05,0.052033225320375756,0.9479401961262454,True
ES-006684,2026-04-01,WASH Resilience Initiative,WASH,Borno,Konduga,Konduga Site 5,0.717,Medium,Medium,9.420982599826889e-06,0.035974816845055234,0.9640157621723449,True
ES-006972,2026-04-01,WASH Resilience Initiative,WASH,Borno,Bama,Bama Site 2,0.6914,Medium,Medium,1.7011374028171533e-05,0.11008744658435805,0.8898955420416137,True
ES-005404,2026-04-01,Nutrition Support Programme,Nutrition,Borno,Bama,Bama Site 1,0.7206,Low,Low,2.9408106214448936e-10,0.9973381951181762,0.0026618045877426356,True
ES-005436,2026-04-01,Nutrition Support Programme,Nutrition,Borno,Bama,Bama Site 2,0.8456,Low,Low,1.8038731465597208e-21,0.9999999990970869,9.029130535198517e-10,True
ES-002140,2026-04-01,Livelihood Recovery Initiative,Livelihoods,Borno,Mafa,Mafa Site 1,0.7447,Medium,Medium,3.3058305575023142e-06,0.1183195492521622,0.8816771449172803,True
ES-002556,2026-04-01,Livelihood Recovery Initiative,Livelihoods,Borno,Ngala,Ngala Site 2,0.8983,Low,Low,5.877010877078467e-34,1.0,3.969718665300558e-17,True
ES-006396,2026-04-01,WASH Resilience Initiative,WASH,Borno,Jere,Jere Site 2,0.816,Low,Low,7.87764606549452e-22,0.9999999995424724,4.575275622298512e-10,True
ES-004508,2026-04-01,Education Access Project,Education,Borno,Gwoza,Gwoza Site 3,0.605,Medium,Medium,0.0059035968760938595,4.244785487480522e-06,0.9940921583384187,True
ES-000028,2026-04-01,Community Resilience Programme,Protection/Resilience,Borno,Maiduguri,Maiduguri Site 1,0.7755,Medium,Medium,0.03813236925039104,1.8762592767298932e-07,0.9618674431236813,True
ES-002172,2026-04-01,Livelihood Recovery Initiative,Livelihoods,Borno,Mafa,Mafa Site 2,0.6152,Medium,Medium,0.3577819198705583,2.4450703025022993e-09,0.6422180776843713,True
ES-004540,2026-04-01,Education Access Project,Education,Borno,Gwoza,Gwoza Site 4,0.6895,Medium,Medium,0.0002727393344412033,0.00036305876559514645,0.9993642018999637,True
ES-006876,2026-04-01,WASH Resilience Initiative,WASH,Borno,Mafa,Mafa Site 5,0.7761,Medium,Medium,5.023280186211564e-06,0.1557080078286775,0.8442869688911362,True
ES-002108,2026-04-01,Livelihood Recovery Initiative,Livelihoods,Borno,Konduga,Konduga Site 6,0.8902,Low,Low,1.9371612187876095e-29,0.9999999999999813,1.8690064655027486e-14,True
ES-003964,2026-04-01,Education Access Project,Education,Borno,Bama,Bama Site 4,0.7202,Medium,Medium,2.766677690951524e-06,0.27945903059226646,0.7205382027300427,True
ES-006332,2026-04-01,WASH Resilience Initiative,WASH,Borno,Maiduguri,Maiduguri Site 6,0.8912,Low,Low,3.7435435238273184e-27,0.9999999999991707,8.292904634248892e-13,True
ES-004892,2026-04-01,Nutrition Support Programme,Nutrition,Borno,Jere,Jere Site 3,0.8647,Low,Low,5.487670822617228e-21,0.999999993902436,6.097564013661518e-09,True
ES-004284,2026-04-01,Education Access Project,Education,Borno,Dikwa,Dikwa Site 2,0.7603,Low,Low,8.320622955867959e-15,0.999995109710407,4.890289584913351e-06,True
ES-007036,2026-04-01,WASH Resilience Initiative,WASH,Borno,Bama,Bama Site 4,0.7666,Low,Low,3.9183036120903745e-13,0.999926846303705,7.315369590310636e-05,True
ES-005468,2026-04-01,Nutrition Support Programme,Nutrition,Borno,Bama,Bama Site 3,0.8008,Low,Low,7.717026075736197e-24,0.9999999999732401,2.6759966615699048e-11,True
ES-000092,2026-04-01,Community Resilience Programme,Protection/Resilience,Borno,Maiduguri,Maiduguri Site 3,0.7585,Medium,Medium,0.07446023446800101,2.32942989710941e-07,0.9255395325890093,True
ES-000860,2026-04-01,Community Resilience Programme,Protection/Resilience,Borno,Bama,Bama Site 3,0.842,Low,Low,2.6878590153662405e-15,0.9999957952476161,4.204752381323058e-06,True
ES-002044,2026-04-01,Livelihood Recovery Initiative,Livelihoods,Borno,Konduga,Konduga Site 4,0.8393,Low,Low,6.364937067909828e-21,0.9999999982415286,1.758471415260959e-09,True
ES-002236,2026-04-01,Livelihood Recovery Initiative,Livelihoods,Borno,Mafa,Mafa Site 4,0.7249,Medium,Medium,0.00027744559319137295,0.00017746748759373955,0.999545086919215,True
ES-003196,2026-04-01,Education Access Project,Education,Borno,Maiduguri,Maiduguri Site 4,0.7859,Low,Low,2.1015006393034327e-11,0.9984668733727138,0.0015331266062713375,True
ES-000604,2026-04-01,Community Resilience Programme,Protection/Resilience,Borno,Mafa,Mafa Site 1,0.8225,Low,Low,3.240004398796025e-26,0.9999999999992468,7.53245320216437e-13,True
ES-006108,2026-04-01,Nutrition Support Programme,Nutrition,Borno,Gwoza,Gwoza Site 5,0.7298,Low,Low,2.2834220100799245e-08,0.908998667164332,0.09100131000144789,True
ES-002076,2026-04-01,Livelihood Recovery Initiative,Livelihoods,Borno,Konduga,Konduga Site 5,0.7002,Medium,Medium,2.3074176726332312e-05,0.03304666164083913,0.9669302641824347,True
ES-002364,2026-04-01,Livelihood Recovery Initiative,Livelihoods,Borno,Bama,Bama Site 2,0.832,Medium,Medium,1.53464410376004e-06,0.25197386620040463,0.7480245991554917,True
ES-000988,2026-04-01,Community Resilience Programme,Protection/Resilience,Borno,Ngala,Ngala Site 1,0.8077,Low,Low,5.362293796692531e-18,0.9999999444921093,5.5507890814512435e-08,True
ES-002204,2026-04-01,Livelihood Recovery Initiative,Livelihoods,Borno,Mafa,Mafa Site 3,0.6598,Medium,Medium,0.0010868867743074652,0.00010441828941682845,0.9988086949362758,True
ES-007004,2026-04-01,WASH Resilience Initiative,WASH,Borno,Bama,Bama Site 3,0.6904,Low,Low,1.1353088052958161e-06,0.7367133584765699,0.2632855062146249,True
ES-003996,2026-04-01,Education Access Project,Education,Borno,Bama,Bama Site 5,0.7042,Medium,Medium,6.270002830123007e-05,0.004484689394310088,0.9954526105773887,True
ES-004572,2026-04-01,Education Access Project,Education,Borno,Gwoza,Gwoza Site 5,0.6949,Low,Low,8.772128932165226e-09,0.9323490216794346,0.06765096954843657,True
ES-001308,2026-04-01,Community Resilience Programme,Protection/Resilience,Borno,Dikwa,Dikwa Site 5,0.7235,Medium,Medium,0.0018879229647891344,4.6462272352514954e-05,0.9980656147628584,True
ES-002524,2026-04-01,Livelihood Recovery Initiative,Livelihoods,Borno,Ngala,Ngala Site 1,0.7177,Low,Low,8.89706311245977e-08,0.9193653198138626,0.08063459121550627,True
ES-006300,2026-04-01,WASH Resilience Initiative,WASH,Borno,Maiduguri,Maiduguri Site 5,0.6936,Medium,Medium,0.0022575160891417645,3.928288016843158e-06,0.9977385556228415,True
ES-004764,2026-04-01,Nutrition Support Programme,Nutrition,Borno,Maiduguri,Maiduguri Site 5,0.8037,Low,Low,6.240963855520968e-25,0.9999999999892093,1.0790746592946368e-11,True
ES-002300,2026-04-01,Livelihood Recovery Initiative,Livelihoods,Borno,Mafa,Mafa Site 6,0.8209,Low,Low,4.7314892055633186e-08,0.8589559289685398,0.1410440237165682,True
ES-003868,2026-04-01,Education Access Project,Education,Borno,Bama,Bama Site 1,0.6338,Medium,Medium,0.00033088067233751956,0.0006035504257108731,0.9990655689019516,True
ES-006492,2026-04-01,WASH Resilience Initiative,WASH,Borno,Jere,Jere Site 5,0.7532,Medium,Medium,0.00013979580314867147,0.0005190500598314045,0.99934115413702,True
ES-006652,2026-04-01,WASH Resilience Initiative,WASH,Borno,Konduga,Konduga Site 4,0.8435,Low,Low,3.465826605146342e-20,0.9999999927565328,7.243467186030582e-09,True
ES-003804,2026-04-01,Education Access Project,Education,Borno,Mafa,Mafa Site 5,0.7658,Low,Low,2.3506019376484536e-16,0.9999992413650169,7.586349829161278e-07,True
ES-007452,2026-04-01,WASH Resilience Initiative,WASH,Borno,Dikwa,Dikwa Site 5,0.6927,Low,Low,1.8198305139073297e-12,0.9999158250846893,8.417491349107415e-05,True
ES-007292,2026-04-01,WASH Resilience Initiative,WASH,Borno,Ngala,Ngala Site 6,0.6137,Medium,Medium,0.012909167502951128,1.630353799819182e-07,0.987090669461669,True
ES-005788,2026-04-01,Nutrition Support Programme,Nutrition,Borno,Dikwa,Dikwa Site 1,0.6516,High,High,0.9998697166293462,8.168242319967812e-19,0.00013028337065385036,True
ES-003036,2026-04-01,Livelihood Recovery Initiative,Livelihoods,Borno,Gwoza,Gwoza Site 5,0.7581,Low,Low,1.4203178064102884e-15,0.999995222638689,4.7773613096586405e-06,True
ES-005084,2026-04-01,Nutrition Support Programme,Nutrition,Borno,Konduga,Konduga Site 3,0.7781,Low,Low,6.2951309536285495e-12,0.9993361308377869,0.0006638691559179305,True
ES-004124,2026-04-01,Education Access Project,Education,Borno,Ngala,Ngala Site 3,0.6396,Medium,Medium,0.00010694595869722495,0.008264292094508666,0.9916287619467942,True
ES-003452,2026-04-01,Education Access Project,Education,Borno,Jere,Jere Site 6,0.868,Low,Medium,1.0108059183807237e-06,0.4914361780646043,0.5085628111294772,False
ES-001532,2026-04-01,Community Resilience Programme,Protection/Resilience,Borno,Gwoza,Gwoza Site 6,0.7351,Low,Low,3.493359938831947e-07,0.6223723980086713,0.3776272526553348,True
ES-001020,2026-04-01,Community Resilience Programme,Protection/Resilience,Borno,Ngala,Ngala Site 2,0.6664,Medium,Medium,1.9008223568720972e-05,0.08499385171911779,0.9149871400573135,True
ES-004924,2026-04-01,Nutrition Support Programme,Nutrition,Borno,Jere,Jere Site 4,0.7911,Low,Low,8.969781772972032e-18,0.999999680762593,3.192374069922054e-07,True
ES-004444,2026-04-01,Education Access Project,Education,Borno,Gwoza,Gwoza Site 1,0.7453,Low,Low,3.998928642005073e-16,0.9999989774059043,1.0225940953901913e-06,True
ES-003004,2026-04-01,Livelihood Recovery Initiative,Livelihoods,Borno,Gwoza,Gwoza Site 4,0.7623,Low,Low,6.423667758890768e-07,0.51067407310735,0.4893252845258742,True
ES-000252,2026-04-01,Community Resilience Programme,Protection/Resilience,Borno,Jere,Jere Site 2,0.7587,Low,Low,6.228062119436862e-16,0.9999976637595884,2.3362404110153465e-06,True
ES-006812,2026-04-01,WASH Resilience Initiative,WASH,Borno,Mafa,Mafa Site 3,0.7178,Low,Low,1.1402467707265864e-07,0.8890178864847249,0.11098199949059812,True
ES-006364,2026-04-01,WASH Resilience Initiative,WASH,Borno,Jere,Jere Site 1,0.7559,Medium,Medium,9.064197358474645e-05,0.0018937699400121489,0.9980155880864031,True
ES-001564,2026-04-01,Livelihood Recovery Initiative,Livelihoods,Borno,Maiduguri,Maiduguri Site 1,0.8587,Low,Low,3.22925590880887e-27,0.9999999999996931,3.068397027637008e-13,True
ES-002940,2026-04-01,Livelihood Recovery Initiative,Livelihoods,Borno,Gwoza,Gwoza Site 2,0.8299,Low,Low,4.5325847926377884e-21,0.999999998713567,1.2864330081724702e-09,True
ES-001724,2026-04-01,Livelihood Recovery Initiative,Livelihoods,Borno,Maiduguri,Maiduguri Site 6,0.8689,Low,Low,1.7373983814990343e-23,0.9999999998780029,1.2199700597052242e-10,True
ES-005308,2026-04-01,Nutrition Support Programme,Nutrition,Borno,Mafa,Mafa Site 4,0.8023,Low,Low,1.9014289961401962e-22,0.9999999995790683,4.209317134217288e-10,True
ES-002652,2026-04-01,Livelihood Recovery Initiative,Livelihoods,Borno,Ngala,Ngala Site 5,0.756,High,High,0.999999886125955,4.0774448815655685e-26,1.1387404506618644e-07,True
ES-001500,2026-04-01,Community Resilience Programme,Protection/Resilience,Borno,Gwoza,Gwoza Site 5,0.7875,Low,Low,8.819802291144844e-15,0.999987425654093,1.2574345898064821e-05,True
ES-003740,2026-04-01,Education Access Project,Education,Borno,Mafa,Mafa Site 3,0.6914,Medium,Medium,5.262597914340112e-06,0.29366842196374154,0.7063263154383441,True
ES-002972,2026-04-01,Livelihood Recovery Initiative,Livelihoods,Borno,Gwoza,Gwoza Site 3,0.7656,Low,Low,2.443697886230162e-18,0.9999999187383258,8.126167419151525e-08,True
ES-000060,2026-04-01,Community Resilience Programme,Protection/Resilience,Borno,Maiduguri,Maiduguri Site 2,0.8766,Low,Low,4.5966080824519575e-20,0.9999999804764576,1.9523542395908212e-08,True
ES-004156,2026-04-01,Education Access Project,Education,Borno,Ngala,Ngala Site 4,0.6932,Medium,Medium,2.576510773044618e-06,0.37809739075521476,0.6219000327340121,True
ES-003484,2026-04-01,Education Access Project,Education,Borno,Konduga,Konduga Site 1,0.8618,Low,Low,9.55870170957146e-16,0.9999947219569256,5.278043073520909e-06,True
ES-007484,2026-04-01,WASH Resilience Initiative,WASH,Borno,Dikwa,Dikwa Site 6,0.7206,Low,Low,2.861527561808755e-07,0.8535148537069034,0.14648486014034043,True
ES-005692,2026-04-01,Nutrition Support Programme,Nutrition,Borno,Ngala,Ngala Site 4,0.6797,Medium,Medium,0.013287609285428208,1.3740180676900802e-06,0.9867110166965042,True
ES-007132,2026-04-01,WASH Resilience Initiative,WASH,Borno,Ngala,Ngala Site 1,0.7778,Low,Low,3.522768607366688e-16,0.999999338205719,6.617942806256446e-07,True
ES-004412,2026-04-01,Education Access Project,Education,Borno,Dikwa,Dikwa Site 6,0.7633,Low,Low,9.584770202458923e-19,0.9999999620668877,3.79331123271437e-08,True
ES-006044,2026-04-01,Nutrition Support Programme,Nutrition,Borno,Gwoza,Gwoza Site 3,0.6906,High,High,1.0,1.8045883778401136e-50,2.776050907033312e-17,True
ES-000668,2026-04-01,Community Resilience Programme,Protection/Resilience,Borno,Mafa,Mafa Site 3,0.9278,Low,Low,8.859860404381252e-24,0.9999999999272497,7.275022521736089e-11,True
ES-007164,2026-04-01,WASH Resilience Initiative,WASH,Borno,Ngala,Ngala Site 2,0.8018,Low,Low,6.102311333824639e-18,0.9999998926978801,1.0730211988586092e-07,True
ES-003068,2026-04-01,Livelihood Recovery Initiative,Livelihoods,Borno,Gwoza,Gwoza Site 6,0.6708,Medium,Medium,0.000541633132942803,0.00015877259589098855,0.9992995942711662,True
ES-006716,2026-04-01,WASH Resilience Initiative,WASH,Borno,Konduga,Konduga Site 6,0.2673,High,High,0.9999999999999267,1.1186124419995737e-40,7.331869335202611e-14,True
ES-007420,2026-04-01,WASH Resilience Initiative,WASH,Borno,Dikwa,Dikwa Site 4,0.6287,High,High,0.6075350653302921,3.614504913794094e-11,0.3924649346335628,True
ES-006204,2026-04-01,WASH Resilience Initiative,WASH,Borno,Maiduguri,Maiduguri Site 2,0.7516,Low,Low,2.0245332079965199e-13,0.9998804666537415,0.00011953334605596937,True
ES-005532,2026-04-01,Nutrition Support Programme,Nutrition,Borno,Bama,Bama Site 5,0.7133,High,High,0.8020116792059551,4.322322732704002e-11,0.1979883207508216,True
ES-003708,2026-04-01,Education Access Project,Education,Borno,Mafa,Mafa Site 2,0.7611,Low,Low,6.490911574991169e-17,0.9999995864891258,4.1351087421166977e-07,True
ES-001820,2026-04-01,Livelihood Recovery Initiative,Livelihoods,Borno,Jere,Jere Site 3,0.7517,Medium,Medium,0.0007488921848375707,6.132564071162205e-06,0.9992449752510912,True
ES-004988,2026-04-01,Nutrition Support Programme,Nutrition,Borno,Jere,Jere Site 6,0.6469,High,High,0.9892327798820242,8.091429993924551e-14,0.010767220117894959,True
ES-002268,2026-04-01,Livelihood Recovery Initiative,Livelihoods,Borno,Mafa,Mafa Site 5,0.8283,Low,Low,1.2923119363918636e-12,0.9998009474944021,0.00019905250430568957,True
ES-000764,2026-04-01,Community Resilience Programme,Protection/Resilience,Borno,Mafa,Mafa Site 6,0.7219,Medium,Medium,0.000992972928779666,0.00032382420777654625,0.9986832028634437,True
ES-007356,2026-04-01,WASH Resilience Initiative,WASH,Borno,Dikwa,Dikwa Site 2,0.8261,Low,Low,1.8972531782100958e-22,0.9999999998804783,1.1952174123234693e-10,True
ES-000156,2026-04-01,Community Resilience Programme,Protection/Resilience,Borno,Maiduguri,Maiduguri Site 5,0.8185,Low,Low,3.2050427315927156e-11,0.9973192206812341,0.002680779286715492,True
ES-001852,2026-04-01,Livelihood Recovery Initiative,Livelihoods,Borno,Jere,Jere Site 4,0.6881,Medium,Medium,0.0001413481575165047,0.000675462285128881,0.9991831895573546,True
ES-007196,2026-04-01,WASH Resilience Initiative,WASH,Borno,Ngala,Ngala Site 3,0.632,Medium,Medium,0.25885614450948796,6.553070204215239e-09,0.7411438489374418,True
ES-003356,2026-04-01,Education Access Project,Education,Borno,Jere,Jere Site 3,0.6396,Medium,Medium,0.028383089374353455,1.2866185453618275e-07,0.971616781963792,True
ES-004060,2026-04-01,Education Access Project,Education,Borno,Ngala,Ngala Site 1,0.7211,Medium,Medium,0.16437930510411283,1.614887109090627e-07,0.8356205334071761,True
ES-005372,2026-04-01,Nutrition Support Programme,Nutrition,Borno,Mafa,Mafa Site 6,0.7492,Low,Low,4.658649473687855e-10,0.9955586289571641,0.0044413705769711515,True
ES-001372,2026-04-01,Community Resilience Programme,Protection/Resilience,Borno,Gwoza,Gwoza Site 1,0.7564,Low,Low,4.590003592665908e-13,0.9999218962089307,7.810379061026837e-05,True
ES-001276,2026-04-01,Community Resilience Programme,Protection/Resilience,Borno,Dikwa,Dikwa Site 4,0.7008,Medium,Medium,8.7924879128841e-07,0.14209467713407387,0.8579044436171348,True
ES-000636,2026-04-01,Community Resilience Programme,Protection/Resilience,Borno,Mafa,Mafa Site 2,0.9055,Low,Low,2.7872632351288026e-23,0.999999999833358,1.6664202095903825e-10,True
ES-000508,2026-04-01,Community Resilience Programme,Protection/Resilience,Borno,Konduga,Konduga Site 4,0.8444,Low,Low,2.984389636758296e-19,0.9999999801685475,1.983145255875355e-08,True
ES-006844,2026-04-01,WASH Resilience Initiative,WASH,Borno,Mafa,Mafa Site 4,0.7239,Medium,Medium,0.001229058210266402,8.719887279869612e-06,0.9987622219024537,True
ES-006524,2026-04-01,WASH Resilience Initiative,WASH,Borno,Jere,Jere Site 6,0.6955,Medium,Medium,0.014830797742516387,5.34473110405891e-06,0.9851638575263796,True
ES-001788,2026-04-01,Livelihood Recovery Initiative,Livelihoods,Borno,Jere,Jere Site 2,0.7567,Low,Low,2.902398324185259e-08,0.9185150448270561,0.08148492614896069,True
ES-006908,2026-04-01,WASH Resilience Initiative,WASH,Borno,Mafa,Mafa Site 6,0.7823,Low,Low,4.6112852672412896e-14,0.9999834208382873,1.657916166648797e-05,True
ES-003420,2026-04-01,Education Access Project,Education,Borno,Jere,Jere Site 5,0.7665,Low,Low,7.022507500063511e-12,0.9987152468253391,0.001284753167638429,True
ES-003836,2026-04-01,Education Access Project,Education,Borno,Mafa,Mafa Site 6,0.7268,Medium,Medium,6.9441992283049815e-06,0.23375157338383742,0.7662414824169342,True
ES-001756,2026-04-01,Livelihood Recovery Initiative,Livelihoods,Borno,Jere,Jere Site 1,0.7767,Low,Medium,4.3360628111346603e-07,0.47912957475253704,0.520869991641182,False
ES-004348,2026-04-01,Education Access Project,Education,Borno,Dikwa,Dikwa Site 4,0.8447,Low,Low,2.91379362407364e-20,0.9999999862116582,1.3788341854957229e-08,True
ES-003388,2026-04-01,Education Access Project,Education,Borno,Jere,Jere Site 4,0.8588,Low,Low,1.690021331847926e-10,0.990424811759603,0.009575188071394873,True
ES-005724,2026-04-01,Nutrition Support Programme,Nutrition,Borno,Ngala,Ngala Site 5,0.8984,Low,Low,1.4225762865121207e-19,0.9999999777631177,2.2236882252227616e-08,True
ES-000220,2026-04-01,Community Resilience Programme,Protection/Resilience,Borno,Jere,Jere Site 1,0.8786,Low,Low,1.2715216299431845e-20,0.9999999974951774,2.5048225751242566e-09,True
ES-005564,2026-04-01,Nutrition Support Programme,Nutrition,Borno,Bama,Bama Site 6,0.6428,High,High,0.8253945678326493,2.620408213915636e-11,0.17460543214114657,True
ES-000572,2026-04-01,Community Resilience Programme,Protection/Resilience,Borno,Konduga,Konduga Site 6,0.9304,Low,Low,3.930746261990205e-30,0.9999999999999889,1.1098055813248721e-14,True
ES-007388,2026-04-01,WASH Resilience Initiative,WASH,Borno,Dikwa,Dikwa Site 3,0.7165,Medium,Medium,0.0004881482748162767,0.0007366443792889431,0.9987752073458948,True
ES-006140,2026-04-01,Nutrition Support Programme,Nutrition,Borno,Gwoza,Gwoza Site 6,0.8448,Low,Low,1.432157091763979e-17,0.9999996178182256,3.8218177444376874e-07,True
ES-004828,2026-04-01,Nutrition Support Programme,Nutrition,Borno,Jere,Jere Site 1,0.7348,Low,Low,3.0681727432260486e-09,0.9857232712444449,0.014276725687382441,True
ES-000412,2026-04-01,Community Resilience Programme,Protection/Resilience,Borno,Konduga,Konduga Site 1,0.8681,Low,Low,7.529761748475318e-31,0.9999999999999969,3.0477158024626077e-15,True
ES-003900,2026-04-01,Education Access Project,Education,Borno,Bama,Bama Site 2,0.6994,Medium,Medium,2.421435839400736e-05,0.014390116321844412,0.9855856693197614,True
ES-004092,2026-04-01,Education Access Project,Education,Borno,Ngala,Ngala Site 2,0.7463,Low,Low,8.484799790867373e-12,0.999485626119128,0.0005143738723872601,True
ES-001660,2026-04-01,Livelihood Recovery Initiative,Livelihoods,Borno,Maiduguri,Maiduguri Site 4,0.7731,Medium,Medium,0.00016003595943222024,0.0009243156840502689,0.9989156483565175,True
ES-000477,2026-05-01,Community Resilience Programme,Protection/Resilience,Borno,Konduga,Konduga Site 3,0.8187,Low,Low,7.174191204930924e-13,0.9996949461336749,0.0003050538656075902,True
ES-005981,2026-05-01,Nutrition Support Programme,Nutrition,Borno,Gwoza,Gwoza Site 1,0.7869,Low,Low,1.4459589347973602e-18,0.9999999650726302,3.492736983845723e-08,True
ES-004957,2026-05-01,Nutrition Support Programme,Nutrition,Borno,Jere,Jere Site 5,0.7567,Medium,Medium,1.9191512504699675e-06,0.2880955567921512,0.7119025240565984,True
ES-002589,2026-05-01,Livelihood Recovery Initiative,Livelihoods,Borno,Ngala,Ngala Site 3,0.718,Medium,Medium,0.00021552220626669437,0.00034004374358127684,0.9994444340501522,True
ES-003741,2026-05-01,Education Access Project,Education,Borno,Mafa,Mafa Site 3,0.6025,Medium,High,0.6850999939958035,6.341278140585978e-10,0.31490000537006874,False
ES-002333,2026-05-01,Livelihood Recovery Initiative,Livelihoods,Borno,Bama,Bama Site 1,0.7146,Medium,Medium,5.168387927837159e-05,0.008735585635912906,0.9912127304848087,True
ES-001021,2026-05-01,Community Resilience Programme,Protection/Resilience,Borno,Ngala,Ngala Site 2,0.7739,Low,Low,8.36706335198035e-09,0.961470051594803,0.03852994003813356,True
ES-001693,2026-05-01,Livelihood Recovery Initiative,Livelihoods,Borno,Maiduguri,Maiduguri Site 5,0.8872,Low,Low,1.727272667904788e-22,0.9999999992287381,7.71261985818046e-10,True
ES-000765,2026-05-01,Community Resilience Programme,Protection/Resilience,Borno,Mafa,Mafa Site 6,0.7666,Medium,Medium,4.147732785186882e-06,0.24081086185761091,0.7591849904096039,True
ES-004061,2026-05-01,Education Access Project,Education,Borno,Ngala,Ngala Site 1,0.6942,Medium,Medium,0.0036860289426279337,0.00014793420745015017,0.9961660368499219,True
ES-000509,2026-05-01,Community Resilience Programme,Protection/Resilience,Borno,Konduga,Konduga Site 4,0.9195,Low,Low,5.719792108765625e-29,0.9999999999999774,2.274767017818959e-14,True
ES-001277,2026-05-01,Community Resilience Programme,Protection/Resilience,Borno,Dikwa,Dikwa Site 4,0.7289,Low,Low,9.698727047515772e-13,0.9995754898911273,0.000424510107902894,True
ES-002525,2026-05-01,Livelihood Recovery Initiative,Livelihoods,Borno,Ngala,Ngala Site 1,0.8126,Low,Low,1.36729198944137e-19,0.9999999925208584,7.479141684736141e-09,True
ES-006077,2026-05-01,Nutrition Support Programme,Nutrition,Borno,Gwoza,Gwoza Site 4,0.6371,Medium,Medium,0.0007734412366236596,3.911972367627664e-05,0.9991874390397001,True
ES-006301,2026-05-01,WASH Resilience Initiative,WASH,Borno,Maiduguri,Maiduguri Site 5,0.7051,Medium,Medium,5.380183056837463e-06,0.09550482011219988,0.9044897997047434,True
ES-003101,2026-05-01,Education Access Project,Education,Borno,Maiduguri,Maiduguri Site 1,0.8315,Low,Low,3.4765750255735775e-12,0.9995802205166306,0.0004197794798926805,True
ES-003261,2026-05-01,Education Access Project,Education,Borno,Maiduguri,Maiduguri Site 6,0.8553,Low,Low,2.1759951693950557e-18,0.9999998797141678,1.2028583206732164e-07,True
ES-005149,2026-05-01,Nutrition Support Programme,Nutrition,Borno,Konduga,Konduga Site 5,0.7287,Low,Low,1.4374828073022068e-10,0.9964270965659113,0.0035729032903405082,True
ES-004797,2026-05-01,Nutrition Support Programme,Nutrition,Borno,Maiduguri,Maiduguri Site 6,0.7999,Medium,Medium,1.1216601393080323e-06,0.09111522772585075,0.9088836506140099,True
ES-006525,2026-05-01,WASH Resilience Initiative,WASH,Borno,Jere,Jere Site 6,0.8274,Low,Low,1.768640098143843e-18,0.9999999355563961,6.44436038608813e-08,True
ES-006557,2026-05-01,WASH Resilience Initiative,WASH,Borno,Konduga,Konduga Site 1,0.7456,Low,Low,2.308541559139176e-18,0.9999999397144811,6.028551884901785e-08,True
ES-003133,2026-05-01,Education Access Project,Education,Borno,Maiduguri,Maiduguri Site 2,0.7145,Low,Low,3.759761815320001e-07,0.6086586329686164,0.39134099105520215,True
ES-003229,2026-05-01,Education Access Project,Education,Borno,Maiduguri,Maiduguri Site 5,0.7472,Medium,Medium,5.924428280167288e-06,0.021600464187691015,0.9783936113840287,True
ES-006877,2026-05-01,WASH Resilience Initiative,WASH,Borno,Mafa,Mafa Site 5,0.7931,Low,Low,9.992821712419293e-23,0.9999999998408546,1.5914530933854875e-10,True
ES-004285,2026-05-01,Education Access Project,Education,Borno,Dikwa,Dikwa Site 2,0.7738,Low,Low,1.0124520927210004e-17,0.9999999057860898,9.421391023997492e-08,True
ES-003197,2026-05-01,Education Access Project,Education,Borno,Maiduguri,Maiduguri Site 4,0.7968,Low,Low,1.207489551361241e-12,0.9997084255540196,0.000291574444772804,True
ES-006109,2026-05-01,Nutrition Support Programme,Nutrition,Borno,Gwoza,Gwoza Site 5,0.7848,Low,Low,4.0561394717598356e-20,0.9999999906917764,9.308223627231868e-09,True
ES-006589,2026-05-01,WASH Resilience Initiative,WASH,Borno,Konduga,Konduga Site 2,0.777,Low,Low,5.529555179132472e-16,0.999997458860267,2.5411397324721152e-06,True
ES-001245,2026-05-01,Community Resilience Programme,Protection/Resilience,Borno,Dikwa,Dikwa Site 3,0.6746,Medium,Medium,1.379851589404346e-05,0.2662817839673753,0.7337044175167308,True
ES-005085,2026-05-01,Nutrition Support Programme,Nutrition,Borno,Konduga,Konduga Site 3,0.7971,Low,Low,7.098376833379568e-12,0.9988553390091478,0.0011446609837538293,True
ES-002557,2026-05-01,Livelihood Recovery Initiative,Livelihoods,Borno,Ngala,Ngala Site 2,0.9898,Low,Low,5.370268815590865e-38,1.0,1.7198478004211954e-19,True
ES-003165,2026-05-01,Education Access Project,Education,Borno,Maiduguri,Maiduguri Site 3,0.8197,Low,Low,6.48458590570801e-20,0.9999999918774017,8.122598293668962e-09,True
ES-000989,2026-05-01,Community Resilience Programme,Protection/Resilience,Borno,Ngala,Ngala Site 1,0.8857,Low,Low,7.30329725711244e-33,1.0,5.4919473468089724e-17,True
ES-001053,2026-05-01,Community Resilience Programme,Protection/Resilience,Borno,Ngala,Ngala Site 3,0.8829,Low,Low,1.5314714144579977e-24,0.9999999999820335,1.7966499907720587e-11,True
ES-004093,2026-05-01,Education Access Project,Education,Borno,Ngala,Ngala Site 2,0.8074,Low,Low,8.493952850769491e-12,0.9996287752650446,0.00037122472646135073,True
ES-006141,2026-05-01,Nutrition Support Programme,Nutrition,Borno,Gwoza,Gwoza Site 6,0.7628,Low,Low,9.96637295434576e-10,0.9819108739476596,0.018089125055703106,True
ES-004221,2026-05-01,Education Access Project,Education,Borno,Ngala,Ngala Site 6,0.6796,Medium,Medium,6.345143032888307e-05,0.0008704024705344931,0.9990661460991365,True
ES-005117,2026-05-01,Nutrition Support Programme,Nutrition,Borno,Konduga,Konduga Site 4,0.7801,Low,Low,3.966367942191015e-14,0.9999813759746592,1.8624025301131067e-05,True
ES-004317,2026-05-01,Education Access Project,Education,Borno,Dikwa,Dikwa Site 3,0.7283,Medium,Medium,0.00028664189491396094,0.0006343461184696906,0.9990790119866163,True
ES-006429,2026-05-01,WASH Resilience Initiative,WASH,Borno,Jere,Jere Site 3,0.7847,Low,Low,2.6567829971361014e-08,0.864660596567597,0.13533937686457292,True
ES-001341,2026-05-01,Community Resilience Programme,Protection/Resilience,Borno,Dikwa,Dikwa Site 6,0.7586,Low,Low,6.502698883176696e-18,0.999999929235189,7.076481107483383e-08,True
ES-000733,2026-05-01,Community Resilience Programme,Protection/Resilience,Borno,Mafa,Mafa Site 5,0.7908,Low,Low,1.975995208947592e-14,0.9999847613305185,1.5238669461688703e-05,True
ES-006013,2026-05-01,Nutrition Support Programme,Nutrition,Borno,Gwoza,Gwoza Site 2,0.7111,Low,Low,9.372467344161995e-07,0.7276476225633285,0.272351440189937,True
ES-005597,2026-05-01,Nutrition Support Programme,Nutrition,Borno,Ngala,Ngala Site 1,0.8571,Low,Low,4.536015384391413e-23,0.9999999999557267,4.427329100460055e-11,True
ES-003773,2026-05-01,Education Access Project,Education,Borno,Mafa,Mafa Site 4,0.7531,Medium,Medium,1.3324544074974248e-05,0.038646390588086416,0.9613402848678386,True
ES-006269,2026-05-01,WASH Resilience Initiative,WASH,Borno,Maiduguri,Maiduguri Site 4,0.8192,Low,Low,2.1092043082612783e-08,0.9225515173998571,0.07744846150809989,True
ES-006813,2026-05-01,WASH Resilience Initiative,WASH,Borno,Mafa,Mafa Site 3,0.8025,Low,Low,1.3426738513745423e-18,0.9999999508345137,4.916548642443911e-08,True
ES-003837,2026-05-01,Education Access Project,Education,Borno,Mafa,Mafa Site 6,0.6693,Medium,Medium,0.004865426047891425,2.933710786740656e-05,0.9951052368442412,True
ES-000189,2026-05-01,Community Resilience Programme,Protection/Resilience,Borno,Maiduguri,Maiduguri Site 6,0.6774,Medium,Medium,6.301902575972703e-05,0.0025914929774453004,0.997345487996795,True
ES-004189,2026-05-01,Education Access Project,Education,Borno,Ngala,Ngala Site 5,0.7693,Low,Low,2.030600345580472e-16,0.9999990636805599,9.36319439870557e-07,True
ES-005181,2026-05-01,Nutrition Support Programme,Nutrition,Borno,Konduga,Konduga Site 6,0.7157,Medium,Medium,0.0002891527217933616,0.00021441030638022122,0.9994964369718263,True
ES-000093,2026-05-01,Community Resilience Programme,Protection/Resilience,Borno,Maiduguri,Maiduguri Site 3,0.7563,Medium,Medium,8.537973220908869e-06,0.0605530639950485,0.9394383980317307,True
ES-001309,2026-05-01,Community Resilience Programme,Protection/Resilience,Borno,Dikwa,Dikwa Site 5,0.6268,Medium,High,0.7408973069469393,1.1735237937307664e-09,0.25910269187953694,False
ES-001725,2026-05-01,Livelihood Recovery Initiative,Livelihoods,Borno,Maiduguri,Maiduguri Site 6,0.8061,Low,Low,1.08740676865404e-17,0.9999996659803009,3.3401969904553574e-07,True
ES-004157,2026-05-01,Education Access Project,Education,Borno,Ngala,Ngala Site 4,0.6272,High,High,0.9996797639801107,8.325557847454946e-18,0.0003202360198892632,True
ES-006045,2026-05-01,Nutrition Support Programme,Nutrition,Borno,Gwoza,Gwoza Site 3,0.8646,Low,Low,8.629682281863122e-28,0.9999999999996718,3.282217139071878e-13,True
ES-006493,2026-05-01,WASH Resilience Initiative,WASH,Borno,Jere,Jere Site 5,0.7287,Medium,Medium,5.9766387094915383e-05,0.004169283917825641,0.9957709496950795,True
ES-003805,2026-05-01,Education Access Project,Education,Borno,Mafa,Mafa Site 5,0.6598,Medium,Medium,0.0006261823469260112,0.0008835373820014418,0.9984902802710726,True
ES-004125,2026-05-01,Education Access Project,Education,Borno,Ngala,Ngala Site 3,0.6667,Medium,Medium,8.258136942272695e-05,0.006519005845752565,0.9933984127848247,True
ES-004765,2026-05-01,Nutrition Support Programme,Nutrition,Borno,Maiduguri,Maiduguri Site 5,0.7854,Low,Low,2.230905144949938e-25,0.9999999999922435,7.756571867339663e-12,True
ES-006461,2026-05-01,WASH Resilience Initiative,WASH,Borno,Jere,Jere Site 4,0.7452,Medium,Medium,4.373643782066587e-05,0.00429761259483151,0.9956586509673477,True
ES-006621,2026-05-01,WASH Resilience Initiative,WASH,Borno,Konduga,Konduga Site 3,0.6785,Low,Low,4.505078564036152e-10,0.9968395449066014,0.003160454642890597,True
ES-002173,2026-05-01,Livelihood Recovery Initiative,Livelihoods,Borno,Mafa,Mafa Site 2,0.7081,Medium,Medium,1.563752912662794e-05,0.01010802608550288,0.9898763363853705,True
ES-006397,2026-05-01,WASH Resilience Initiative,WASH,Borno,Jere,Jere Site 2,0.8105,Low,Low,9.630841033887965e-16,0.9999977758110942,2.2241889050669826e-06,True
ES-005533,2026-05-01,Nutrition Support Programme,Nutrition,Borno,Bama,Bama Site 5,0.7632,Medium,Medium,0.00029109018480447064,0.00030626804359251545,0.9994026417716031,True
ES-007133,2026-05-01,WASH Resilience Initiative,WASH,Borno,Ngala,Ngala Site 1,0.8019,Low,Low,1.7056272044875939e-19,0.999999992868069,7.131930950621912e-09,True
ES-001821,2026-05-01,Livelihood Recovery Initiative,Livelihoods,Borno,Jere,Jere Site 3,0.798,Low,Low,2.8214819194934667e-17,0.9999987772567097,1.2227432903365405e-06,True
ES-007357,2026-05-01,WASH Resilience Initiative,WASH,Borno,Dikwa,Dikwa Site 2,0.7774,Low,Low,9.20979393143236e-22,0.9999999997810876,2.1891253807651465e-10,True
ES-001853,2026-05-01,Livelihood Recovery Initiative,Livelihoods,Borno,Jere,Jere Site 4,0.7551,High,High,0.6752157807281,7.653968087170178e-11,0.3247842191953603,True
ES-003357,2026-05-01,Education Access Project,Education,Borno,Jere,Jere Site 3,0.7198,Low,Low,2.7609536842902314e-10,0.9841472032941565,0.015852796429748222,True
ES-006909,2026-05-01,WASH Resilience Initiative,WASH,Borno,Mafa,Mafa Site 6,0.7601,Low,Low,8.749499974531259e-13,0.9999340571427606,6.594285636425185e-05,True
ES-005373,2026-05-01,Nutrition Support Programme,Nutrition,Borno,Mafa,Mafa Site 6,0.7641,Low,Low,4.86336872974259e-13,0.9999113825857855,8.861741372838586e-05,True
ES-004829,2026-05-01,Nutrition Support Programme,Nutrition,Borno,Jere,Jere Site 1,0.8995,Low,Low,6.402530215535004e-28,0.9999999999997764,2.2360368646899927e-13,True
ES-000637,2026-05-01,Community Resilience Programme,Protection/Resilience,Borno,Mafa,Mafa Site 2,0.9121,Low,Low,2.620731246509868e-29,0.9999999999999751,2.4773048718043967e-14,True
ES-000253,2026-05-01,Community Resilience Programme,Protection/Resilience,Borno,Jere,Jere Site 2,0.7464,Medium,Medium,0.00025422807286305723,0.00040621826757058805,0.9993395536595664,True
ES-002237,2026-05-01,Livelihood Recovery Initiative,Livelihoods,Borno,Mafa,Mafa Site 4,0.6995,Medium,Medium,0.00028543326595980396,0.00019445024574112597,0.9995201164882992,True
ES-001885,2026-05-01,Livelihood Recovery Initiative,Livelihoods,Borno,Jere,Jere Site 5,0.8111,Low,Low,9.947607816209268e-19,0.9999999283860959,7.161390412257396e-08,True
ES-007325,2026-05-01,WASH Resilience Initiative,WASH,Borno,Dikwa,Dikwa Site 1,0.7592,Low,Low,8.479919217993599e-14,0.999974541218479,2.5458781436136715e-05,True
ES-000829,2026-05-01,Community Resilience Programme,Protection/Resilience,Borno,Bama,Bama Site 2,0.7887,Low,Low,2.4234343364385026e-13,0.999924797639951,7.520235980668155e-05,True
ES-003325,2026-05-01,Education Access Project,Education,Borno,Jere,Jere Site 2,0.803,Low,Low,5.6926915444842186e-24,0.9999999999734785,2.6521351158539973e-11,True
ES-004701,2026-05-01,Nutrition Support Programme,Nutrition,Borno,Maiduguri,Maiduguri Site 3,0.8229,Low,Low,2.4014944613914935e-10,0.9955180140860272,0.004481985673823371,True
ES-001917,2026-05-01,Livelihood Recovery Initiative,Livelihoods,Borno,Jere,Jere Site 6,0.8685,Low,Low,9.828955805145968e-24,0.9999999999530196,4.6980336111086565e-11,True
ES-007293,2026-05-01,WASH Resilience Initiative,WASH,Borno,Ngala,Ngala Site 6,0.6084,Medium,Medium,0.007391436532588767,1.5332996883428674e-06,0.992607030167723,True
ES-006845,2026-05-01,WASH Resilience Initiative,WASH,Borno,Mafa,Mafa Site 4,0.6639,High,High,0.8395705488904097,8.680109292056168e-11,0.1604294510227892,True
ES-003389,2026-05-01,Education Access Project,Education,Borno,Jere,Jere Site 4,0.783,Low,Low,5.584073617235138e-09,0.9523865702084274,0.047613424207498874,True
ES-003901,2026-05-01,Education Access Project,Education,Borno,Bama,Bama Site 2,0.7024,Medium,Medium,5.742949891300096e-06,0.2808873527564989,0.7191069042936099,True
ES-001789,2026-05-01,Livelihood Recovery Initiative,Livelihoods,Borno,Jere,Jere Site 2,0.7936,Medium,Medium,7.907481880598366e-06,0.02085032328866357,0.979141769229456,True
ES-005789,2026-05-01,Nutrition Support Programme,Nutrition,Borno,Dikwa,Dikwa Site 1,0.7845,Low,Low,8.498648798581594e-22,0.9999999992693738,7.306262416907214e-10,True
ES-003037,2026-05-01,Livelihood Recovery Initiative,Livelihoods,Borno,Gwoza,Gwoza Site 5,0.6747,High,High,0.7733651240776764,7.544951532319134e-11,0.22663487584687406,True
ES-006205,2026-05-01,WASH Resilience Initiative,WASH,Borno,Maiduguri,Maiduguri Site 2,0.7509,Low,Low,4.776212725728734e-07,0.5782066030883479,0.4217929192903795,True
ES-001533,2026-05-01,Community Resilience Programme,Protection/Resilience,Borno,Gwoza,Gwoza Site 6,0.6655,Medium,Medium,3.8101097167246e-05,0.011738111425524335,0.9882237874773085,True
ES-006653,2026-05-01,WASH Resilience Initiative,WASH,Borno,Konduga,Konduga Site 4,0.7993,Low,Low,1.7300537030549665e-15,0.9999969079359939,3.092064004401069e-06,True
ES-004925,2026-05-01,Nutrition Support Programme,Nutrition,Borno,Jere,Jere Site 4,0.8058,Low,Low,2.1818117976469464e-19,0.9999999718534299,2.8146570164222188e-08,True
ES-004445,2026-05-01,Education Access Project,Education,Borno,Gwoza,Gwoza Site 1,0.6784,Medium,Medium,1.509588995713972e-05,0.08596865471754189,0.9140162493925009,True
ES-003069,2026-05-01,Livelihood Recovery Initiative,Livelihoods,Borno,Gwoza,Gwoza Site 6,0.6328,Medium,Medium,0.319229388911044,3.642155410607085e-09,0.6807706074468006,True
ES-007165,2026-05-01,WASH Resilience Initiative,WASH,Borno,Ngala,Ngala Site 2,0.807,Low,Low,1.7407821727690875e-17,0.9999997994677936,2.0053220628352066e-07,True
ES-005501,2026-05-01,Nutrition Support Programme,Nutrition,Borno,Bama,Bama Site 4,0.9008,Low,Low,2.987019464145116e-31,0.9999999999999987,1.3735264940819646e-15,True
ES-007421,2026-05-01,WASH Resilience Initiative,WASH,Borno,Dikwa,Dikwa Site 4,0.7557,Low,Low,2.9913563662684833e-16,0.9999951086683566,4.891331643092897e-06,True
ES-003421,2026-05-01,Education Access Project,Education,Borno,Jere,Jere Site 5,0.8002,Low,Low,2.381369043319136e-20,0.9999999939787085,6.0212913541910545e-09,True
ES-002269,2026-05-01,Livelihood Recovery Initiative,Livelihoods,Borno,Mafa,Mafa Site 5,0.6286,High,High,0.9966388491423894,3.745013863480275e-15,0.003361150857606758,True
ES-001757,2026-05-01,Livelihood Recovery Initiative,Livelihoods,Borno,Jere,Jere Site 1,0.7459,Medium,Medium,6.0887099456937765e-06,0.12728314356442744,0.872710767725627,True
ES-005565,2026-05-01,Nutrition Support Programme,Nutrition,Borno,Bama,Bama Site 6,0.6543,High,High,0.9999607021111286,3.2111914884241938e-21,3.9297888871357385e-05,True
ES-000221,2026-05-01,Community Resilience Programme,Protection/Resilience,Borno,Jere,Jere Site 1,0.9661,Low,Low,2.5975021023031795e-40,1.0,5.158472696036514e-21,True
ES-005725,2026-05-01,Nutrition Support Programme,Nutrition,Borno,Ngala,Ngala Site 5,0.8394,Low,Low,4.108038497708921e-19,0.9999999773703273,2.2629672690285205e-08,True
ES-007389,2026-05-01,WASH Resilience Initiative,WASH,Borno,Dikwa,Dikwa Site 3,0.7442,Low,Low,4.886000096345848e-12,0.9997659489021918,0.00023405109292215184,True
ES-000573,2026-05-01,Community Resilience Programme,Protection/Resilience,Borno,Konduga,Konduga Site 6,0.8498,Low,Low,5.330354717404047e-31,0.9999999999999987,1.3752171164129004e-15,True
ES-000413,2026-05-01,Community Resilience Programme,Protection/Resilience,Borno,Konduga,Konduga Site 1,0.8411,Low,Low,5.843986763529314e-19,0.9999999497491204,5.02508795932272e-08,True
ES-005341,2026-05-01,Nutrition Support Programme,Nutrition,Borno,Mafa,Mafa Site 5,0.8691,Low,Low,1.2085080026574065e-21,0.9999999988495047,1.1504951849295696e-09,True
ES-000157,2026-05-01,Community Resilience Programme,Protection/Resilience,Borno,Maiduguri,Maiduguri Site 5,0.753,Low,Low,2.0032063285072798e-10,0.9948502887483874,0.005149711051291989,True
ES-007101,2026-05-01,WASH Resilience Initiative,WASH,Borno,Bama,Bama Site 6,0.7415,Medium,Medium,3.018488670412807e-05,0.042693980093992966,0.9572758350193028,True
ES-003293,2026-05-01,Education Access Project,Education,Borno,Jere,Jere Site 1,0.7595,Low,Low,7.436741999303228e-14,0.9999726059438011,2.7394056124593927e-05,True
ES-000605,2026-05-01,Community Resilience Programme,Protection/Resilience,Borno,Mafa,Mafa Site 1,0.9711,Low,Low,1.476259716365799e-45,1.0,2.703666038078204e-24,True
ES-003997,2026-05-01,Education Access Project,Education,Borno,Bama,Bama Site 5,0.7325,Low,Low,5.0087276792314086e-14,0.9999660020037219,3.399799622797184e-05,True
ES-002077,2026-05-01,Livelihood Recovery Initiative,Livelihoods,Borno,Konduga,Konduga Site 5,0.8006,Low,Low,1.940186050177655e-22,0.9999999996346565,3.653434259782604e-10,True
ES-002205,2026-05-01,Livelihood Recovery Initiative,Livelihoods,Borno,Mafa,Mafa Site 3,0.6861,High,High,0.9969360193735112,3.415394982051096e-16,0.003063980626488362,True
ES-006333,2026-05-01,WASH Resilience Initiative,WASH,Borno,Maiduguri,Maiduguri Site 6,0.8059,Low,Low,4.8237989724681095e-14,0.9999759047711512,2.409522880057069e-05,True
ES-007005,2026-05-01,WASH Resilience Initiative,WASH,Borno,Bama,Bama Site 3,0.6878,Medium,Medium,4.151175624552635e-06,0.30581574470696404,0.6941801041174114,True
ES-003965,2026-05-01,Education Access Project,Education,Borno,Bama,Bama Site 4,0.7161,Medium,Medium,0.018234326496712368,2.1956353808730278e-06,0.9817634778679069,True
ES-002109,2026-05-01,Livelihood Recovery Initiative,Livelihoods,Borno,Konduga,Konduga Site 6,0.8182,Low,Low,2.95907879396452e-25,0.9999999999938636,6.136415992110127e-12,True
ES-004541,2026-05-01,Education Access Project,Education,Borno,Gwoza,Gwoza Site 4,0.7253,Medium,Medium,0.0021288666061123856,8.294123623565852e-06,0.997862839270264,True
ES-006941,2026-05-01,WASH Resilience Initiative,WASH,Borno,Bama,Bama Site 1,0.7076,Medium,Medium,0.04271482419802355,4.023887821523761e-07,0.9572847734131942,True
ES-000029,2026-05-01,Community Resilience Programme,Protection/Resilience,Borno,Maiduguri,Maiduguri Site 1,0.8006,Medium,Medium,6.872038147788562e-05,0.003086598342653352,0.9968446812758689,True
ES-000349,2026-05-01,Community Resilience Programme,Protection/Resilience,Borno,Jere,Jere Site 5,0.8795,Low,Low,3.483561114046816e-21,0.9999999975207894,2.4792105770494317e-09,True
ES-004669,2026-05-01,Nutrition Support Programme,Nutrition,Borno,Maiduguri,Maiduguri Site 2,0.7683,Low,Low,2.550014985455734e-08,0.8288309692427704,0.1711690052570798,True
ES-005437,2026-05-01,Nutrition Support Programme,Nutrition,Borno,Bama,Bama Site 2,0.7582,Medium,Medium,2.189415770229518e-06,0.4718310980901298,0.5281667124941,True
ES-006685,2026-05-01,WASH Resilience Initiative,WASH,Borno,Konduga,Konduga Site 5,0.677,Medium,Medium,0.23526786420620419,7.354175504352589e-09,0.7647321284396202,True
ES-006973,2026-05-01,WASH Resilience Initiative,WASH,Borno,Bama,Bama Site 2,0.7197,Low,Low,5.476706620817881e-20,0.9999999960719559,3.928044143200204e-09,True
ES-005405,2026-05-01,Nutrition Support Programme,Nutrition,Borno,Bama,Bama Site 1,0.6876,Medium,Medium,0.03744996578149047,2.7146749648178774e-07,0.9625497627510131,True
ES-002141,2026-05-01,Livelihood Recovery Initiative,Livelihoods,Borno,Mafa,Mafa Site 1,0.8512,Low,Low,6.088210356628079e-22,0.9999999995195401,4.804597966735998e-10,True
ES-004509,2026-05-01,Education Access Project,Education,Borno,Gwoza,Gwoza Site 3,0.6412,Low,Low,7.361177232073177e-11,0.9974312526823944,0.0025687472439938778,True
ES-000317,2026-05-01,Community Resilience Programme,Protection/Resilience,Borno,Jere,Jere Site 4,0.907,Low,Low,1.1300363222648461e-17,0.9999995440550453,4.5594495462939214e-07,True
ES-004573,2026-05-01,Education Access Project,Education,Borno,Gwoza,Gwoza Site 5,0.7192,Low,Low,1.277511569146214e-15,0.9999961011654328,3.898834565918892e-06,True
ES-000957,2026-05-01,Community Resilience Programme,Protection/Resilience,Borno,Bama,Bama Site 6,0.6753,Medium,Medium,0.0013614226625552949,6.201159016097533e-05,0.9985765657472837,True
ES-002045,2026-05-01,Livelihood Recovery Initiative,Livelihoods,Borno,Konduga,Konduga Site 4,0.7573,Low,Low,5.030504841360863e-07,0.7537257439285391,0.24627375302097676,True
ES-005757,2026-05-01,Nutrition Support Programme,Nutrition,Borno,Ngala,Ngala Site 6,0.8542,Low,Low,2.8738725238715096e-24,0.9999999999192828,8.071718230891609e-11,True
ES-005053,2026-05-01,Nutrition Support Programme,Nutrition,Borno,Konduga,Konduga Site 2,0.7275,Low,Low,2.347130304577219e-07,0.5478291378237341,0.45217062746323544,True
ES-003933,2026-05-01,Education Access Project,Education,Borno,Bama,Bama Site 3,0.6377,High,High,0.9910606233880143,3.8720420837622384e-14,0.008939376611947115,True
ES-000285,2026-05-01,Community Resilience Programme,Protection/Resilience,Borno,Jere,Jere Site 3,0.8489,Low,Low,1.0681313686501344e-11,0.9980656530965116,0.001934346892806984,True
ES-000893,2026-05-01,Community Resilience Programme,Protection/Resilience,Borno,Bama,Bama Site 4,0.7993,Low,Low,5.622352635758577e-07,0.6481555862927104,0.351843851472026,True
ES-001981,2026-05-01,Livelihood Recovery Initiative,Livelihoods,Borno,Konduga,Konduga Site 2,0.7053,Medium,Medium,0.0007322675488655015,1.8708580706629292e-05,0.9992490238704278,True
ES-007069,2026-05-01,WASH Resilience Initiative,WASH,Borno,Bama,Bama Site 5,0.7354,Medium,Medium,0.00016812627661921207,0.0016908144917251108,0.9981410592316557,True
ES-004477,2026-05-01,Education Access Project,Education,Borno,Gwoza,Gwoza Site 2,0.6748,Medium,Medium,0.00029826944393292264,0.006178182560564874,0.9935235479955022,True
ES-001181,2026-05-01,Community Resilience Programme,Protection/Resilience,Borno,Dikwa,Dikwa Site 1,0.7346,Low,Medium,1.7895632856514265e-06,0.49172857692071553,0.5082696335159989,False
ES-001949,2026-05-01,Livelihood Recovery Initiative,Livelihoods,Borno,Konduga,Konduga Site 1,0.7678,Low,Medium,3.2279066829486433e-07,0.3926596042603075,0.6073400729490241,False
ES-007229,2026-05-01,WASH Resilience Initiative,WASH,Borno,Ngala,Ngala Site 4,0.596,Medium,Medium,0.4348614932285283,3.85667873628158e-09,0.5651385029147931,True
ES-004893,2026-05-01,Nutrition Support Programme,Nutrition,Borno,Jere,Jere Site 3,0.866,Low,Low,2.3721519412534585e-13,0.9997930173093024,0.00020698269046031612,True
ES-002013,2026-05-01,Livelihood Recovery Initiative,Livelihoods,Borno,Konduga,Konduga Site 3,0.6548,Medium,Medium,7.590736527360978e-05,0.0057061789545654815,0.994217913680161,True
ES-000381,2026-05-01,Community Resilience Programme,Protection/Resilience,Borno,Jere,Jere Site 6,0.9334,Low,Low,6.967954585626157e-27,0.9999999999993852,6.148394422642318e-13,True
ES-004605,2026-05-01,Education Access Project,Education,Borno,Gwoza,Gwoza Site 6,0.7228,Medium,Medium,1.451176983334038e-05,0.04009930418177101,0.9598861840483955,True
ES-004637,2026-05-01,Nutrition Support Programme,Nutrition,Borno,Maiduguri,Maiduguri Site 1,0.8072,Low,Low,5.1555501704088556e-18,0.9999998628076083,1.371923917012328e-07,True
ES-005469,2026-05-01,Nutrition Support Programme,Nutrition,Borno,Bama,Bama Site 3,0.7937,Low,Low,9.032713038478996e-10,0.992051420770241,0.007948578326487628,True
ES-007037,2026-05-01,WASH Resilience Initiative,WASH,Borno,Bama,Bama Site 4,0.8657,Low,Low,3.3159514914248633e-28,0.9999999999999472,5.292464956314843e-14,True
ES-002685,2026-05-01,Livelihood Recovery Initiative,Livelihoods,Borno,Ngala,Ngala Site 6,0.6618,Medium,Medium,0.15202753846332345,3.779142826864522e-09,0.8479724577575336,True
ES-000861,2026-05-01,Community Resilience Programme,Protection/Resilience,Borno,Bama,Bama Site 3,0.7768,Low,Low,3.2901288519777206e-12,0.9997394199654669,0.0002605800312429708,True
ES-006173,2026-05-01,WASH Resilience Initiative,WASH,Borno,Maiduguri,Maiduguri Site 1,0.9688,Low,Low,1.6898373423202737e-24,0.9999999999827511,1.7248933635512127e-11,True
ES-007453,2026-05-01,WASH Resilience Initiative,WASH,Borno,Dikwa,Dikwa Site 5,0.7763,Low,Low,6.11436040135024e-15,0.9999946227919522,5.37720804158119e-06,True
ES-003453,2026-05-01,Education Access Project,Education,Borno,Jere,Jere Site 6,0.7681,Medium,Medium,1.7225380390997068e-05,0.11170431111621264,0.8882784635033965,True
ES-003869,2026-05-01,Education Access Project,Education,Borno,Bama,Bama Site 1,0.7215,Medium,Medium,3.24216329678085e-05,0.011287208500293284,0.988680369866739,True
ES-003645,2026-05-01,Education Access Project,Education,Borno,Konduga,Konduga Site 6,0.7746,Low,Low,4.392938921002974e-15,0.9999891535095695,1.084649042606106e-05,True
ES-005245,2026-05-01,Nutrition Support Programme,Nutrition,Borno,Mafa,Mafa Site 2,0.6915,Medium,Medium,9.890727970172479e-05,0.0020641233808121086,0.9978369693394863,True
ES-007645,2026-05-01,WASH Resilience Initiative,WASH,Borno,Gwoza,Gwoza Site 5,0.6122,High,High,0.9995261147293836,6.544471188410279e-18,0.0004738852706164242,True
ES-001629,2026-05-01,Livelihood Recovery Initiative,Livelihoods,Borno,Maiduguri,Maiduguri Site 3,0.8294,Low,Low,4.417307915107432e-21,0.9999999982296623,1.7703376517733422e-09,True
ES-005917,2026-05-01,Nutrition Support Programme,Nutrition,Borno,Dikwa,Dikwa Site 5,0.7926,Low,Low,3.331021914675496e-09,0.9823649404332038,0.017635056235774365,True
ES-002717,2026-05-01,Livelihood Recovery Initiative,Livelihoods,Borno,Dikwa,Dikwa Site 1,0.86,Low,Low,1.2751674680110954e-24,0.9999999999873115,1.2688457570898697e-11,True
ES-007261,2026-05-01,WASH Resilience Initiative,WASH,Borno,Ngala,Ngala Site 5,0.6909,Medium,Medium,0.00013122933113627315,0.0025327763514796245,0.9973359943173842,True
ES-004861,2026-05-01,Nutrition Support Programme,Nutrition,Borno,Jere,Jere Site 2,0.3795,High,High,0.9999998881269915,2.878537540301547e-25,1.1187300844521558e-07,True
ES-002493,2026-05-01,Livelihood Recovery Initiative,Livelihoods,Borno,Bama,Bama Site 6,0.6221,High,High,0.9998484329091595,5.440761433410198e-19,0.00015156709084048302,True
ES-006749,2026-05-01,WASH Resilience Initiative,WASH,Borno,Mafa,Mafa Site 1,0.6922,Low,Low,1.31068168389675e-07,0.8673967904063021,0.13260307852552955,True
ES-002621,2026-05-01,Livelihood Recovery Initiative,Livelihoods,Borno,Ngala,Ngala Site 4,0.6982,Medium,Medium,0.001554297336510694,1.8801838038459583e-05,0.9984269008254508,True
ES-000701,2026-05-01,Community Resilience Programme,Protection/Resilience,Borno,Mafa,Mafa Site 4,0.7875,Low,Low,1.5770847792221089e-18,0.9999999159151802,8.408481979395223e-08,True
ES-007613,2026-05-01,WASH Resilience Initiative,WASH,Borno,Gwoza,Gwoza Site 4,0.6568,High,High,0.9321514342670206,3.6374444221249234e-12,0.06784856572934193,True
ES-002749,2026-05-01,Livelihood Recovery Initiative,Livelihoods,Borno,Dikwa,Dikwa Site 2,0.6746,Medium,Medium,0.009148388012083158,1.513947585831198e-05,0.9908364725120585,True
ES-006237,2026-05-01,WASH Resilience Initiative,WASH,Borno,Maiduguri,Maiduguri Site 3,0.816,Low,Low,7.919247335514825e-12,0.9991123687171901,0.0008876312748906722,True
ES-003613,2026-05-01,Education Access Project,Education,Borno,Konduga,Konduga Site 5,0.8012,Low,Low,1.7118990546002596e-16,0.9999989650554706,1.0349445293265385e-06,True
ES-004381,2026-05-01,Education Access Project,Education,Borno,Dikwa,Dikwa Site 5,0.7239,Medium,Medium,2.052639648126999e-05,0.06655605383648211,0.9334234197670366,True
ES-004733,2026-05-01,Nutrition Support Programme,Nutrition,Borno,Maiduguri,Maiduguri Site 4,0.8345,Low,Low,4.3415930245936614e-16,0.9999979485202198,2.0514797796335504e-06,True
ES-001437,2026-05-01,Community Resilience Programme,Protection/Resilience,Borno,Gwoza,Gwoza Site 3,0.7943,Low,Low,4.3143885428591817e-10,0.9916299192857746,0.008370080282786553,True
ES-001213,2026-05-01,Community Resilience Programme,Protection/Resilience,Borno,Dikwa,Dikwa Site 2,0.7593,Low,Low,3.810613352726766e-07,0.8416427794328095,0.15835683950585522,True
ES-001405,2026-05-01,Community Resilience Programme,Protection/Resilience,Borno,Gwoza,Gwoza Site 2,0.7431,Low,Low,1.219296799467441e-06,0.7001884101231874,0.2998103705800131,True
ES-006717,2026-05-01,WASH Resilience Initiative,WASH,Borno,Konduga,Konduga Site 6,0.7679,Low,Low,1.701074315443363e-08,0.9274441526617095,0.07255583032754717,True
ES-005213,2026-05-01,Nutrition Support Programme,Nutrition,Borno,Mafa,Mafa Site 1,0.7705,Low,Low,1.2688242862873942e-14,0.9999860023316178,1.399766836955952e-05,True
ES-002365,2026-05-01,Livelihood Recovery Initiative,Livelihoods,Borno,Bama,Bama Site 2,0.7311,Medium,Medium,6.574229424361683e-05,0.021181333947046282,0.9787529237587101,True
ES-007197,2026-05-01,WASH Resilience Initiative,WASH,Borno,Ngala,Ngala Site 3,0.2927,High,High,0.9999981666092399,3.189432307927421e-22,1.8333907600797048e-06,True
ES-004253,2026-05-01,Education Access Project,Education,Borno,Dikwa,Dikwa Site 1,0.7364,Medium,Medium,1.5632269170740906e-06,0.3111128576146707,0.6888855791584122,True
ES-002397,2026-05-01,Livelihood Recovery Initiative,Livelihoods,Borno,Bama,Bama Site 3,0.7985,Low,Low,2.5620639996733206e-15,0.9999967874323947,3.212567602693664e-06,True
ES-001373,2026-05-01,Community Resilience Programme,Protection/Resilience,Borno,Gwoza,Gwoza Site 1,0.8102,Low,Low,2.962613156912488e-17,0.9999997152468532,2.8475314689700374e-07,True
ES-003709,2026-05-01,Education Access Project,Education,Borno,Mafa,Mafa Site 2,0.6617,Medium,Medium,0.037298315016436975,5.032533044806333e-07,0.9627011817302586,True
ES-004349,2026-05-01,Education Access Project,Education,Borno,Dikwa,Dikwa Site 4,0.7335,Low,Low,6.260385115450219e-12,0.9988893865491467,0.001110613444592796,True
ES-006365,2026-05-01,WASH Resilience Initiative,WASH,Borno,Jere,Jere Site 1,0.8105,Low,Low,1.879094711019983e-18,0.9999999472077495,5.279225046422985e-08,True
ES-001661,2026-05-01,Livelihood Recovery Initiative,Livelihoods,Borno,Maiduguri,Maiduguri Site 4,0.728,Medium,Medium,7.702617666991092e-05,0.0017226531574312481,0.9982003206658988,True
ES-000541,2026-05-01,Community Resilience Programme,Protection/Resilience,Borno,Konduga,Konduga Site 5,0.7991,Low,Low,1.2080458667753195e-09,0.9894609790492105,0.01053901974274355,True
ES-002429,2026-05-01,Livelihood Recovery Initiative,Livelihoods,Borno,Bama,Bama Site 4,0.786,Low,Low,8.744506077965481e-09,0.9581893449183515,0.041810646337142376,True
ES-003677,2026-05-01,Education Access Project,Education,Borno,Mafa,Mafa Site 1,0.6955,Medium,Medium,3.1024845511279635e-05,0.034582860639232306,0.9653861145152565,True
ES-005629,2026-05-01,Nutrition Support Programme,Nutrition,Borno,Ngala,Ngala Site 2,0.7746,Low,Low,3.2436460150203666e-10,0.9942168223041379,0.005783177371497513,True
ES-001085,2026-05-01,Community Resilience Programme,Protection/Resilience,Borno,Ngala,Ngala Site 4,0.6692,Medium,Medium,0.020771830419981138,2.84913285950634e-06,0.9792253204471594,True
ES-002461,2026-05-01,Livelihood Recovery Initiative,Livelihoods,Borno,Bama,Bama Site 5,0.7447,Medium,Medium,3.979787418151779e-05,0.002883028939356014,0.9970771731864625,True
ES-000797,2026-05-01,Community Resilience Programme,Protection/Resilience,Borno,Bama,Bama Site 1,0.736,Low,Low,6.596279225714161e-10,0.9921182951462683,0.007881704194103886,True
ES-007677,2026-05-01,WASH Resilience Initiative,WASH,Borno,Gwoza,Gwoza Site 6,0.7129,Medium,Medium,1.1617376285197278e-05,0.04633017847128792,0.9536582041524269,True
ES-005949,2026-05-01,Nutrition Support Programme,Nutrition,Borno,Dikwa,Dikwa Site 6,0.7392,Medium,Medium,0.0009543791181512614,9.27665259928034e-05,0.9989528543558559,True
ES-002781,2026-05-01,Livelihood Recovery Initiative,Livelihoods,Borno,Dikwa,Dikwa Site 3,0.7146,Low,Low,1.9557549457336647e-07,0.8662843097062864,0.13371549471821897,True
ES-001117,2026-05-01,Community Resilience Programme,Protection/Resilience,Borno,Ngala,Ngala Site 5,0.78,Low,Low,1.808489292594333e-09,0.9762224950128723,0.023777503178638394,True
ES-005021,2026-05-01,Nutrition Support Programme,Nutrition,Borno,Konduga,Konduga Site 1,0.7741,Low,Low,7.112364218685675e-13,0.9998512360340338,0.00014876396525475663,True
ES-007581,2026-05-01,WASH Resilience Initiative,WASH,Borno,Gwoza,Gwoza Site 3,0.7585,Low,Low,5.601132074575339e-13,0.9997605249692452,0.00023947503019466912,True
ES-003517,2026-05-01,Education Access Project,Education,Borno,Konduga,Konduga Site 2,0.8388,Low,Low,6.344960277704099e-20,0.9999999874646529,1.2535347140734216e-08,True
ES-001149,2026-05-01,Community Resilience Programme,Protection/Resilience,Borno,Ngala,Ngala Site 6,0.7862,Low,Low,3.1320894512376503e-07,0.5941027719460306,0.40589691484502427,True
ES-005885,2026-05-01,Nutrition Support Programme,Nutrition,Borno,Dikwa,Dikwa Site 4,0.9031,Low,Low,4.8837551722186133e-23,0.9999999996031776,3.96822274498444e-10,True
ES-000125,2026-05-01,Community Resilience Programme,Protection/Resilience,Borno,Maiduguri,Maiduguri Site 4,0.8723,Low,Low,1.0017559059423882e-20,0.9999999965696358,3.430364250288922e-09,True
ES-007517,2026-05-01,WASH Resilience Initiative,WASH,Borno,Gwoza,Gwoza Site 1,0.6709,Medium,Medium,3.086451689690056e-05,0.020760308565254414,0.9792088269178486,True
ES-001565,2026-05-01,Livelihood Recovery Initiative,Livelihoods,Borno,Maiduguri,Maiduguri Site 1,0.8206,Low,Low,7.228051818976976e-19,0.999999961995044,3.8004955918971804e-08,True
ES-005821,2026-05-01,Nutrition Support Programme,Nutrition,Borno,Dikwa,Dikwa Site 2,0.8844,Low,Low,2.0904661041211195e-12,0.9997481530940121,0.00025184690389743326,True
ES-002941,2026-05-01,Livelihood Recovery Initiative,Livelihoods,Borno,Gwoza,Gwoza Site 2,0.7808,Low,Low,2.27211824895924e-23,0.9999999999754228,2.4577251902921137e-11,True
ES-006781,2026-05-01,WASH Resilience Initiative,WASH,Borno,Mafa,Mafa Site 2,0.68,Medium,Medium,0.02780824022713086,2.074233328249495e-06,0.9721896855395409,True
ES-000061,2026-05-01,Community Resilience Programme,Protection/Resilience,Borno,Maiduguri,Maiduguri Site 2,0.8451,Low,Low,2.9095615087923705e-13,0.9998750676687017,0.00012493233100720373,True
ES-002909,2026-05-01,Livelihood Recovery Initiative,Livelihoods,Borno,Gwoza,Gwoza Site 1,0.7513,Low,Low,1.1419656024592551e-08,0.9541920931191391,0.04580789546120494,True
ES-001501,2026-05-01,Community Resilience Programme,Protection/Resilience,Borno,Gwoza,Gwoza Site 5,0.751,Low,Low,1.0237929975869179e-13,0.9999468481990207,5.315180087707118e-05,True
ES-002973,2026-05-01,Livelihood Recovery Initiative,Livelihoods,Borno,Gwoza,Gwoza Site 3,0.7862,Low,Low,6.835748972621523e-14,0.9999313882666567,6.861173327489395e-05,True
ES-003485,2026-05-01,Education Access Project,Education,Borno,Konduga,Konduga Site 1,0.9592,Low,Low,1.8068617919020918e-14,0.9999649988474011,3.5001152580853584e-05,True
ES-007485,2026-05-01,WASH Resilience Initiative,WASH,Borno,Dikwa,Dikwa Site 6,0.7908,Low,Low,1.175515494538766e-12,0.9998217510620556,0.00017824893676880916,True
ES-005693,2026-05-01,Nutrition Support Programme,Nutrition,Borno,Ngala,Ngala Site 4,0.7555,Low,Low,6.098981436807739e-20,0.999999991757026,8.242974122704974e-09,True
ES-000669,2026-05-01,Community Resilience Programme,Protection/Resilience,Borno,Mafa,Mafa Site 3,0.9723,Low,Low,5.680673058245446e-23,0.9999999998132398,1.867601132109441e-10,True
ES-004413,2026-05-01,Education Access Project,Education,Borno,Dikwa,Dikwa Site 6,0.7614,Low,Low,5.645591706570938e-07,0.6776211452057485,0.3223782902350808,True
ES-000925,2026-05-01,Community Resilience Programme,Protection/Resilience,Borno,Bama,Bama Site 5,0.97,Low,Low,2.2495553617732435e-35,1.0,5.664231802295157e-18,True
ES-003005,2026-05-01,Livelihood Recovery Initiative,Livelihoods,Borno,Gwoza,Gwoza Site 4,0.735,Low,Low,4.594801380681593e-09,0.9787405312641687,0.021259464141029742,True
ES-002653,2026-05-01,Livelihood Recovery Initiative,Livelihoods,Borno,Ngala,Ngala Site 5,0.7962,Low,Low,1.8634649456911444e-18,0.9999999377948342,6.220516570502367e-08,True
ES-002301,2026-05-01,Livelihood Recovery Initiative,Livelihoods,Borno,Mafa,Mafa Site 6,0.8474,Medium,Medium,0.32450859885665617,7.328921706035543e-09,0.6754913938144221,True
ES-005309,2026-05-01,Nutrition Support Programme,Nutrition,Borno,Mafa,Mafa Site 4,0.8331,Low,Low,5.251952007114102e-18,0.9999998336369896,1.663630103672553e-07,True
ES-002877,2026-05-01,Livelihood Recovery Initiative,Livelihoods,Borno,Dikwa,Dikwa Site 6,0.688,Medium,Medium,1.608017164350549e-05,0.015048094341678326,0.984935825486678,True
ES-004989,2026-05-01,Nutrition Support Programme,Nutrition,Borno,Jere,Jere Site 6,0.7989,Medium,Medium,0.3682004391888621,2.8466724713867167e-09,0.6317995579644654,True
ES-001597,2026-05-01,Livelihood Recovery Initiative,Livelihoods,Borno,Maiduguri,Maiduguri Site 2,0.7435,Low,Low,5.30541963782812e-08,0.7367897188298607,0.263210228115943,True
ES-005853,2026-05-01,Nutrition Support Programme,Nutrition,Borno,Dikwa,Dikwa Site 3,0.7297,Medium,Medium,8.823219789990861e-06,0.1251377558885002,0.8748534208917099,True
ES-004029,2026-05-01,Education Access Project,Education,Borno,Bama,Bama Site 6,0.7247,Medium,Medium,1.3503798228586056e-05,0.07199434696043319,0.9279921492413383,True
ES-005661,2026-05-01,Nutrition Support Programme,Nutrition,Borno,Ngala,Ngala Site 3,0.7467,Low,Low,9.325307077211461e-17,0.9999994057088201,5.942911798953628e-07,True
ES-007549,2026-05-01,WASH Resilience Initiative,WASH,Borno,Gwoza,Gwoza Site 2,0.7847,Low,Low,1.156396521540883e-15,0.9999990505070906,9.494929083055077e-07,True
ES-001469,2026-05-01,Community Resilience Programme,Protection/Resilience,Borno,Gwoza,Gwoza Site 4,0.721,Medium,Medium,2.2374072421669918e-05,0.010881971811886059,0.9890956541156923,True
ES-003549,2026-05-01,Education Access Project,Education,Borno,Konduga,Konduga Site 3,0.7019,Medium,Medium,0.00017290816810648857,0.00018096890958944033,0.9996461229223041,True
ES-005277,2026-05-01,Nutrition Support Programme,Nutrition,Borno,Mafa,Mafa Site 3,0.8037,Low,Low,6.035885473108359e-23,0.9999999998874398,1.1256011980872808e-10,True
ES-003581,2026-05-01,Education Access Project,Education,Borno,Konduga,Konduga Site 4,0.7667,Low,Low,3.908565107851149e-11,0.9987336845692243,0.0012663153916901801,True
ES-000445,2026-05-01,Community Resilience Programme,Protection/Resilience,Borno,Konduga,Konduga Site 2,0.7719,Low,Low,2.009551571105208e-18,0.9999999010142913,9.898570863365482e-08,True
ES-002813,2026-05-01,Livelihood Recovery Initiative,Livelihoods,Borno,Dikwa,Dikwa Site 4,0.7527,Low,Low,1.6611085420657018e-10,0.9921657237267787,0.007834276107110408,True
ES-002845,2026-05-01,Livelihood Recovery Initiative,Livelihoods,Borno,Dikwa,Dikwa Site 5,0.7573,Low,Low,3.0217276001666867e-12,0.9998065334855663,0.00019346651141207655,True
ES-000862,2026-06-01,Community Resilience Programme,Protection/Resilience,Borno,Bama,Bama Site 3,0.722,Low,Low,1.4046289783973653e-07,0.8860934129940329,0.11390644654306924,True
ES-006654,2026-06-01,WASH Resilience Initiative,WASH,Borno,Konduga,Konduga Site 4,0.7186,Low,Low,1.0777089958052765e-12,0.9998761581329219,0.0001238418660005504,True
ES-006622,2026-06-01,WASH Resilience Initiative,WASH,Borno,Konduga,Konduga Site 3,0.7082,Medium,Medium,0.045025126535534275,2.485878759467248e-07,0.9549746248765898,True
ES-006686,2026-06-01,WASH Resilience Initiative,WASH,Borno,Konduga,Konduga Site 5,0.6949,Low,Medium,1.3039257082909628e-06,0.46891050439837806,0.5310881916759136,False
ES-006206,2026-06-01,WASH Resilience Initiative,WASH,Borno,Maiduguri,Maiduguri Site 2,0.7122,Medium,Medium,0.16930683389538512,8.150820033921623e-09,0.8306931579537948,True
ES-000830,2026-06-01,Community Resilience Programme,Protection/Resilience,Borno,Bama,Bama Site 2,0.7335,Low,Low,1.7404598415127552e-14,0.9999920001388108,7.999861171906522e-06,True
ES-006782,2026-06-01,WASH Resilience Initiative,WASH,Borno,Mafa,Mafa Site 2,0.6831,Low,Medium,1.3709418289964644e-06,0.4680295112341537,0.5319691178240172,False
ES-006910,2026-06-01,WASH Resilience Initiative,WASH,Borno,Mafa,Mafa Site 6,0.694,Medium,Medium,9.651679550499712e-05,0.021139158194924897,0.97876432500957,True
ES-006302,2026-06-01,WASH Resilience Initiative,WASH,Borno,Maiduguri,Maiduguri Site 5,0.6653,Medium,Medium,0.00909557183886827,1.4255444121572423e-06,0.9909030026167195,True
ES-001182,2026-06-01,Community Resilience Programme,Protection/Resilience,Borno,Dikwa,Dikwa Site 1,0.6212,High,High,0.9889137891579376,1.9165424252440992e-13,0.01108621084187066,True
ES-000926,2026-06-01,Community Resilience Programme,Protection/Resilience,Borno,Bama,Bama Site 5,0.8366,Low,Low,4.5743040380886565e-15,0.999993022266259,6.9777337363566895e-06,True
ES-006878,2026-06-01,WASH Resilience Initiative,WASH,Borno,Mafa,Mafa Site 5,0.8194,Low,Low,4.699006026562238e-22,0.9999999996630393,3.3696064980688356e-10,True
ES-006750,2026-06-01,WASH Resilience Initiative,WASH,Borno,Mafa,Mafa Site 1,0.6695,High,High,0.6875419786519802,2.444007358010587e-10,0.3124580211036191,True
ES-000798,2026-06-01,Community Resilience Programme,Protection/Resilience,Borno,Bama,Bama Site 1,0.72,Low,Low,3.184772162816118e-07,0.7782790212841832,0.2217206602386005,True
ES-006270,2026-06-01,WASH Resilience Initiative,WASH,Borno,Maiduguri,Maiduguri Site 4,0.7798,Low,Low,3.145049906254611e-13,0.999924762794846,7.523720483944255e-05,True
ES-000958,2026-06-01,Community Resilience Programme,Protection/Resilience,Borno,Bama,Bama Site 6,0.6332,Medium,Medium,0.16979628542098152,4.2725968412107454e-08,0.83020367185305,True
ES-000894,2026-06-01,Community Resilience Programme,Protection/Resilience,Borno,Bama,Bama Site 4,0.856,Low,Low,1.7189727062690712e-20,0.9999999961926549,3.807345078923777e-09,True
ES-006718,2026-06-01,WASH Resilience Initiative,WASH,Borno,Konduga,Konduga Site 6,0.7468,Medium,Medium,0.027956973522407804,2.688352758348284e-07,0.9720427576423164,True
ES-001214,2026-06-01,Community Resilience Programme,Protection/Resilience,Borno,Dikwa,Dikwa Site 2,0.7006,Medium,Medium,0.0015321940207513537,0.00021896597175924152,0.9982488400074895,True
ES-006174,2026-06-01,WASH Resilience Initiative,WASH,Borno,Maiduguri,Maiduguri Site 1,0.8726,Low,Low,2.7453559235298932e-17,0.9999997770656686,2.2293433145990592e-07,True
ES-006238,2026-06-01,WASH Resilience Initiative,WASH,Borno,Maiduguri,Maiduguri Site 3,0.7282,Low,Low,2.991712149850045e-12,0.999823981994101,0.00017601800290706053,True
ES-006846,2026-06-01,WASH Resilience Initiative,WASH,Borno,Mafa,Mafa Site 4,0.6772,Medium,Medium,0.16875121582547215,1.0800841550511984e-08,0.8312487733736863,True
ES-006814,2026-06-01,WASH Resilience Initiative,WASH,Borno,Mafa,Mafa Site 3,0.7168,Low,Low,2.149085882785526e-11,0.9993158171689822,0.0006841828095270864,True
ES-007294,2026-06-01,WASH Resilience Initiative,WASH,Borno,Ngala,Ngala Site 6,0.793,Low,Low,1.0038170489765056e-23,0.9999999999045253,9.547463053647361e-11,True
ES-003166,2026-06-01,Education Access Project,Education,Borno,Maiduguri,Maiduguri Site 3,0.8962,Low,Low,2.3696581678610736e-22,0.9999999995726423,4.273576432729903e-10,True
ES-006590,2026-06-01,WASH Resilience Initiative,WASH,Borno,Konduga,Konduga Site 2,0.6946,Low,Low,1.0195601819017313e-07,0.7862790889277418,0.2137208091162401,True
ES-002686,2026-06-01,Livelihood Recovery Initiative,Livelihoods,Borno,Ngala,Ngala Site 6,0.7491,Low,Low,8.349671262820718e-10,0.9787276010293072,0.0212723981357257,True
ES-003998,2026-06-01,Education Access Project,Education,Borno,Bama,Bama Site 5,0.7841,Low,Low,8.559425013319473e-09,0.9495507774574695,0.05044921398310545,True
ES-005406,2026-06-01,Nutrition Support Programme,Nutrition,Borno,Bama,Bama Site 1,0.6583,Medium,Medium,8.41948481095178e-05,0.011259960095231216,0.9886558450566594,True
ES-005438,2026-06-01,Nutrition Support Programme,Nutrition,Borno,Bama,Bama Site 2,0.7815,Low,Low,2.0396223867128785e-10,0.9959687020977416,0.0040312976982961254,True
ES-003966,2026-06-01,Education Access Project,Education,Borno,Bama,Bama Site 4,0.7061,Medium,Medium,0.0102186414688909,1.0062397648115356e-05,0.9897712961334609,True
ES-005470,2026-06-01,Nutrition Support Programme,Nutrition,Borno,Bama,Bama Site 3,0.8498,Low,Low,1.7606918547605253e-17,0.9999997895417873,2.1045821276626867e-07,True
ES-002654,2026-06-01,Livelihood Recovery Initiative,Livelihoods,Borno,Ngala,Ngala Site 5,0.7122,Medium,Medium,3.997636276680293e-06,0.14558821817513412,0.8544077841885892,True
ES-003934,2026-06-01,Education Access Project,Education,Borno,Bama,Bama Site 3,0.6031,High,High,0.9363501963180801,1.4865757677791968e-11,0.06364980366705424,True
ES-005534,2026-06-01,Nutrition Support Programme,Nutrition,Borno,Bama,Bama Site 5,0.755,Medium,Medium,0.00022840815568365993,0.0002500565921531507,0.9995215352521631,True
ES-003902,2026-06-01,Education Access Project,Education,Borno,Bama,Bama Site 2,0.6307,Medium,Medium,0.010904297825681065,6.410240554537788e-06,0.9890892919337644,True
ES-005566,2026-06-01,Nutrition Support Programme,Nutrition,Borno,Bama,Bama Site 6,0.7326,Low,Low,6.279431643849981e-10,0.9905920572214798,0.009407942150576977,True
ES-005790,2026-06-01,Nutrition Support Programme,Nutrition,Borno,Dikwa,Dikwa Site 1,0.7521,Medium,Medium,0.0002724377909517345,0.00035807037510488757,0.9993694918339434,True
ES-003870,2026-06-01,Education Access Project,Education,Borno,Bama,Bama Site 1,0.6456,Medium,Medium,0.4887166862063984,2.775889959024608e-09,0.5112833110177117,True
ES-005822,2026-06-01,Nutrition Support Programme,Nutrition,Borno,Dikwa,Dikwa Site 2,0.8105,Low,Low,6.142355538764302e-08,0.9214265600325463,0.07857337854389829,True
ES-005502,2026-06-01,Nutrition Support Programme,Nutrition,Borno,Bama,Bama Site 4,0.7941,Low,Low,1.6099582039715456e-20,0.9999999974643607,2.535639151843201e-09,True
ES-001150,2026-06-01,Community Resilience Programme,Protection/Resilience,Borno,Ngala,Ngala Site 6,0.7545,Low,Medium,2.8240739666050663e-07,0.38164510183851513,0.6183546157540881,False
ES-004030,2026-06-01,Education Access Project,Education,Borno,Bama,Bama Site 6,0.8024,Low,Low,1.0190548026090688e-18,0.9999999456569454,5.434305463078915e-08,True
ES-004254,2026-06-01,Education Access Project,Education,Borno,Dikwa,Dikwa Site 1,0.6746,Medium,Medium,5.747627332843669e-06,0.29874136003678775,0.7012528923358793,True
ES-004414,2026-06-01,Education Access Project,Education,Borno,Dikwa,Dikwa Site 6,0.7967,Low,Low,1.0613802342300462e-12,0.9998363019079416,0.00016369809099698487,True
ES-001566,2026-06-01,Livelihood Recovery Initiative,Livelihoods,Borno,Maiduguri,Maiduguri Site 1,0.7577,Low,Low,2.457761896259794e-07,0.6657962559360051,0.3342034982878052,True
ES-001598,2026-06-01,Livelihood Recovery Initiative,Livelihoods,Borno,Maiduguri,Maiduguri Site 2,0.7214,Medium,Medium,2.9138111779019657e-06,0.14238996050998634,0.8576071256788358,True
ES-004382,2026-06-01,Education Access Project,Education,Borno,Dikwa,Dikwa Site 5,0.852,Low,Low,3.3455490176183066e-14,0.9999663086671609,3.369133280574608e-05,True
ES-001630,2026-06-01,Livelihood Recovery Initiative,Livelihoods,Borno,Maiduguri,Maiduguri Site 3,0.7939,Low,Low,1.5736478375273453e-11,0.9993598541058177,0.0006401458784457824,True
ES-001662,2026-06-01,Livelihood Recovery Initiative,Livelihoods,Borno,Maiduguri,Maiduguri Site 4,0.7172,Medium,Medium,5.7413116642647026e-05,0.0028283921894680193,0.9971141946938893,True
ES-002622,2026-06-01,Livelihood Recovery Initiative,Livelihoods,Borno,Ngala,Ngala Site 4,0.6444,Medium,Medium,0.07366731703272084,1.1453931853088865e-07,0.9263325684279606,True
ES-004350,2026-06-01,Education Access Project,Education,Borno,Dikwa,Dikwa Site 4,0.7233,Low,Medium,1.319747283946846e-07,0.419160698300981,0.5808391697242906,False
ES-004318,2026-06-01,Education Access Project,Education,Borno,Dikwa,Dikwa Site 3,0.6055,Medium,Medium,0.4914443479224648,2.911922439497612e-09,0.5085556491656127,True
ES-001726,2026-06-01,Livelihood Recovery Initiative,Livelihoods,Borno,Maiduguri,Maiduguri Site 6,0.8391,Low,Low,1.194984335833005e-17,0.9999995513756922,4.486243077843361e-07,True
ES-002526,2026-06-01,Livelihood Recovery Initiative,Livelihoods,Borno,Ngala,Ngala Site 1,0.7539,Low,Low,2.2711371893382792e-12,0.9998796920197626,0.00012030797796623404,True
ES-004286,2026-06-01,Education Access Project,Education,Borno,Dikwa,Dikwa Site 2,0.7054,Low,Low,1.2876540901068345e-09,0.9959301831589178,0.004069815553428189,True
ES-002558,2026-06-01,Livelihood Recovery Initiative,Livelihoods,Borno,Ngala,Ngala Site 2,0.8497,Low,Low,2.833692808759717e-25,0.9999999999955982,4.401726028583933e-12,True
ES-002590,2026-06-01,Livelihood Recovery Initiative,Livelihoods,Borno,Ngala,Ngala Site 3,0.7866,Medium,Medium,0.0022656270132830154,4.974018396764606e-06,0.9977293989683202,True
ES-001694,2026-06-01,Livelihood Recovery Initiative,Livelihoods,Borno,Maiduguri,Maiduguri Site 5,0.8508,Low,Low,1.1432992688917334e-26,0.999999999998864,1.1358763899021116e-12,True
ES-005886,2026-06-01,Nutrition Support Programme,Nutrition,Borno,Dikwa,Dikwa Site 4,0.8349,Low,Low,6.192668636658722e-22,0.9999999986769488,1.3230513166091914e-09,True
ES-001118,2026-06-01,Community Resilience Programme,Protection/Resilience,Borno,Ngala,Ngala Site 5,0.7616,Low,Low,1.933854795472422e-11,0.9991640123565345,0.0008359876241269156,True
ES-005918,2026-06-01,Nutrition Support Programme,Nutrition,Borno,Dikwa,Dikwa Site 5,0.8126,Low,Low,1.3946142367010137e-18,0.9999999726824268,2.7317573191566076e-08,True
ES-004958,2026-06-01,Nutrition Support Programme,Nutrition,Borno,Jere,Jere Site 5,0.8006,Low,Low,2.537926320015356e-07,0.5101319632721844,0.4898677829351837,True
ES-000094,2026-06-01,Community Resilience Programme,Protection/Resilience,Borno,Maiduguri,Maiduguri Site 3,0.8267,Low,Low,2.3198432112529687e-20,0.9999999961387733,3.86122665566673e-09,True
ES-004990,2026-06-01,Nutrition Support Programme,Nutrition,Borno,Jere,Jere Site 6,0.7532,Medium,Medium,0.17996597109747964,2.5640136068997048e-08,0.8200340032623844,True
ES-005022,2026-06-01,Nutrition Support Programme,Nutrition,Borno,Konduga,Konduga Site 1,0.8222,Low,Low,1.9538062743499362e-20,0.9999999932260788,6.773921167102152e-09,True
ES-000062,2026-06-01,Community Resilience Programme,Protection/Resilience,Borno,Maiduguri,Maiduguri Site 2,0.7991,Low,Low,3.1787733945886163e-10,0.9918614776469623,0.008138522035160254,True
ES-005054,2026-06-01,Nutrition Support Programme,Nutrition,Borno,Konduga,Konduga Site 2,0.7774,Low,Low,1.2529112675454692e-14,0.9999735965882506,2.6403411736918873e-05,True
ES-000126,2026-06-01,Community Resilience Programme,Protection/Resilience,Borno,Maiduguri,Maiduguri Site 4,0.8478,Low,Low,8.588710954600486e-14,0.9999579721554297,4.202784448421819e-05,True
ES-005086,2026-06-01,Nutrition Support Programme,Nutrition,Borno,Konduga,Konduga Site 3,0.6859,Medium,Medium,2.5225633397874396e-05,0.02025337929392448,0.9797213950726777,True
ES-005118,2026-06-01,Nutrition Support Programme,Nutrition,Borno,Konduga,Konduga Site 4,0.7722,Medium,Medium,0.001019985086908872,2.9444358788283827e-05,0.9989505705543028,True
ES-005150,2026-06-01,Nutrition Support Programme,Nutrition,Borno,Konduga,Konduga Site 5,0.7882,Low,Low,3.5831865665172294e-09,0.947139649824001,0.05286034659281242,True
ES-000766,2026-06-01,Community Resilience Programme,Protection/Resilience,Borno,Mafa,Mafa Site 6,0.804,High,High,0.9491435270249774,2.1283627506598858e-13,0.050856472974809684,True
ES-005182,2026-06-01,Nutrition Support Programme,Nutrition,Borno,Konduga,Konduga Site 6,0.7613,Low,Low,1.887978488792825e-10,0.9931359282729366,0.006864071538265565,True
ES-000734,2026-06-01,Community Resilience Programme,Protection/Resilience,Borno,Mafa,Mafa Site 5,0.8126,Low,Low,4.488353321322804e-18,0.9999999033394886,9.666051130366272e-08,True
ES-005214,2026-06-01,Nutrition Support Programme,Nutrition,Borno,Mafa,Mafa Site 1,0.7162,Low,Low,1.3062762123095541e-11,0.9993635978102341,0.0006364021767031837,True
ES-000030,2026-06-01,Community Resilience Programme,Protection/Resilience,Borno,Maiduguri,Maiduguri Site 1,0.6647,Medium,High,0.6988205516341157,1.1549642195628333e-09,0.30117944721091994,False
ES-004926,2026-06-01,Nutrition Support Programme,Nutrition,Borno,Jere,Jere Site 4,0.7969,Low,Low,9.526314382042496e-19,0.9999999188952061,8.110479388643102e-08,True
ES-004894,2026-06-01,Nutrition Support Programme,Nutrition,Borno,Jere,Jere Site 3,0.7009,Medium,Medium,7.1677633544857345e-06,0.048913722099220146,0.9510791101374253,True
ES-000158,2026-06-01,Community Resilience Programme,Protection/Resilience,Borno,Maiduguri,Maiduguri Site 5,0.8112,Low,Low,9.430479112889262e-24,0.9999999999162104,8.37896579872839e-11,True
ES-001086,2026-06-01,Community Resilience Programme,Protection/Resilience,Borno,Ngala,Ngala Site 4,0.6041,High,High,0.9783569952305884,1.1616613116811222e-12,0.02164300476825012,True
ES-005950,2026-06-01,Nutrition Support Programme,Nutrition,Borno,Dikwa,Dikwa Site 6,0.7291,Medium,Medium,0.0002845593165443145,0.0005821461475635268,0.9991332945358921,True
ES-005982,2026-06-01,Nutrition Support Programme,Nutrition,Borno,Gwoza,Gwoza Site 1,0.8021,Low,Low,1.311628777451154e-20,0.9999999973326197,2.667380340193737e-09,True
ES-001054,2026-06-01,Community Resilience Programme,Protection/Resilience,Borno,Ngala,Ngala Site 3,0.844,Low,Low,9.71762070638374e-17,0.9999991568275781,8.431724219344192e-07,True
ES-006014,2026-06-01,Nutrition Support Programme,Nutrition,Borno,Gwoza,Gwoza Site 2,0.7184,Medium,Medium,0.011754054052965519,9.157898180554882e-06,0.988236788048854,True
ES-006046,2026-06-01,Nutrition Support Programme,Nutrition,Borno,Gwoza,Gwoza Site 3,0.7651,Low,Low,7.301519156465262e-14,0.9999530954070266,4.69045929004343e-05,True
ES-001022,2026-06-01,Community Resilience Programme,Protection/Resilience,Borno,Ngala,Ngala Site 2,0.8156,Low,Low,8.9766313208186e-26,0.9999999999977209,2.2791749436979604e-12,True
ES-006078,2026-06-01,Nutrition Support Programme,Nutrition,Borno,Gwoza,Gwoza Site 4,0.5931,High,High,0.9543338115922703,4.732417573104104e-13,0.04566618840725651,True
ES-000990,2026-06-01,Community Resilience Programme,Protection/Resilience,Borno,Ngala,Ngala Site 1,0.7517,Low,Low,4.3653907047030915e-07,0.8413162189247573,0.15868334453617214,True
ES-006110,2026-06-01,Nutrition Support Programme,Nutrition,Borno,Gwoza,Gwoza Site 5,0.8269,Low,Low,2.43214582026136e-20,0.9999999904626372,9.537362845425984e-09,True
ES-006142,2026-06-01,Nutrition Support Programme,Nutrition,Borno,Gwoza,Gwoza Site 6,0.7707,Medium,Medium,6.851824785675362e-05,0.0008548855931853394,0.999076596158958,True
ES-007134,2026-06-01,WASH Resilience Initiative,WASH,Borno,Ngala,Ngala Site 1,0.7598,Low,Low,6.450286403324092e-15,0.9999975997577915,2.400242202192448e-06,True
ES-000190,2026-06-01,Community Resilience Programme,Protection/Resilience,Borno,Maiduguri,Maiduguri Site 6,0.6131,Medium,Medium,0.017617443603399764,7.035799476226302e-07,0.9823818528166527,True
ES-004830,2026-06-01,Nutrition Support Programme,Nutrition,Borno,Jere,Jere Site 1,0.8096,Low,Low,1.8876979452619328e-09,0.9859515702933239,0.01404842781897831,True
ES-004862,2026-06-01,Nutrition Support Programme,Nutrition,Borno,Jere,Jere Site 2,0.7187,Low,Low,1.5974006495102322e-09,0.9899093020282321,0.010090696374367165,True
ES-002302,2026-06-01,Livelihood Recovery Initiative,Livelihoods,Borno,Mafa,Mafa Site 6,0.6912,Medium,High,0.7537919736657298,4.33380481849871e-10,0.2462080259008896,False
ES-004446,2026-06-01,Education Access Project,Education,Borno,Gwoza,Gwoza Site 1,0.6626,Medium,Medium,0.00014165092767264573,0.008857065540629743,0.9910012835316977,True
ES-002270,2026-06-01,Livelihood Recovery Initiative,Livelihoods,Borno,Mafa,Mafa Site 5,0.7754,Low,Low,2.1197644247296207e-08,0.9151406047285311,0.08485937407382478,True
ES-007166,2026-06-01,WASH Resilience Initiative,WASH,Borno,Ngala,Ngala Site 2,0.7635,Low,Low,2.350377061121265e-09,0.9888247690916454,0.011175228557977429,True
ES-002398,2026-06-01,Livelihood Recovery Initiative,Livelihoods,Borno,Bama,Bama Site 3,0.7516,Medium,Medium,0.05785981670197771,2.1879018223679255e-07,0.94213996450784,True
ES-002430,2026-06-01,Livelihood Recovery Initiative,Livelihoods,Borno,Bama,Bama Site 4,0.7743,Low,Low,3.2495880523208386e-15,0.9999945094059093,5.490594087421323e-06,True
ES-003678,2026-06-01,Education Access Project,Education,Borno,Mafa,Mafa Site 1,0.6869,Low,Low,1.4491737295366728e-12,0.9998731672380772,0.0001268327604736877,True
ES-002462,2026-06-01,Livelihood Recovery Initiative,Livelihoods,Borno,Bama,Bama Site 5,0.7749,Low,Low,2.0873278334918628e-10,0.9948387758150974,0.005161223976169722,True
ES-002494,2026-06-01,Livelihood Recovery Initiative,Livelihoods,Borno,Bama,Bama Site 6,0.7486,Medium,Medium,4.464801929774731e-06,0.06819009813376875,0.9318054370643014,True
ES-003646,2026-06-01,Education Access Project,Education,Borno,Konduga,Konduga Site 6,0.6362,High,High,0.9198143054907048,6.364552705332158e-12,0.0801856945029308,True
ES-003710,2026-06-01,Education Access Project,Education,Borno,Mafa,Mafa Site 2,0.6978,Medium,Medium,0.0006056791598651407,8.387420914030435e-05,0.9993104466309944,True
ES-002718,2026-06-01,Livelihood Recovery Initiative,Livelihoods,Borno,Dikwa,Dikwa Site 1,0.8035,Low,Low,4.883699246362068e-17,0.9999997443182848,2.556817153122373e-07,True
ES-003614,2026-06-01,Education Access Project,Education,Borno,Konduga,Konduga Site 5,0.7074,Medium,Medium,2.625240669952021e-06,0.2432133552505567,0.7567840195087734,True
ES-002782,2026-06-01,Livelihood Recovery Initiative,Livelihoods,Borno,Dikwa,Dikwa Site 3,0.7059,Medium,Medium,4.118220489198925e-06,0.21483522580971193,0.7851606559697988,True
ES-003582,2026-06-01,Education Access Project,Education,Borno,Konduga,Konduga Site 4,0.7307,Medium,Medium,3.3495046194885506e-06,0.3130895502045279,0.6869071002908527,True
ES-002814,2026-06-01,Livelihood Recovery Initiative,Livelihoods,Borno,Dikwa,Dikwa Site 4,0.7305,Low,Low,1.7173542586957318e-17,0.9999995081210297,4.918789702819705e-07,True
ES-002846,2026-06-01,Livelihood Recovery Initiative,Livelihoods,Borno,Dikwa,Dikwa Site 5,0.6619,Medium,Medium,0.1464610937783656,9.640987043127738e-08,0.8535388098117639,True
ES-003550,2026-06-01,Education Access Project,Education,Borno,Konduga,Konduga Site 3,0.7139,Medium,Medium,2.6849126444897247e-05,0.00496609767210128,0.9950070532014539,True
ES-002750,2026-06-01,Livelihood Recovery Initiative,Livelihoods,Borno,Dikwa,Dikwa Site 2,0.7431,Low,Low,1.2916309934186812e-18,0.9999999738336314,2.6166368627252487e-08,True
ES-002366,2026-06-01,Livelihood Recovery Initiative,Livelihoods,Borno,Bama,Bama Site 2,0.7397,Medium,Medium,0.0004542731307052233,0.0005748580614469449,0.9989708688078478,True
ES-003742,2026-06-01,Education Access Project,Education,Borno,Mafa,Mafa Site 3,0.6587,Medium,Medium,0.0032842292372173496,1.0638809441592699e-05,0.996705131953341,True
ES-007198,2026-06-01,WASH Resilience Initiative,WASH,Borno,Ngala,Ngala Site 3,0.7245,Low,Low,4.0030279674239976e-10,0.992469493334877,0.007530506264820113,True
ES-003198,2026-06-01,Education Access Project,Education,Borno,Maiduguri,Maiduguri Site 4,0.7433,Low,Low,6.582358420945944e-10,0.9880284231969206,0.011971576144843546,True
ES-003230,2026-06-01,Education Access Project,Education,Borno,Maiduguri,Maiduguri Site 5,0.7451,High,High,0.9997545736923322,1.8101093231745533e-18,0.0002454263076676583,True
ES-003134,2026-06-01,Education Access Project,Education,Borno,Maiduguri,Maiduguri Site 2,0.9322,Low,Low,8.040978248854498e-38,1.0,4.82511240446716e-19,True
ES-003262,2026-06-01,Education Access Project,Education,Borno,Maiduguri,Maiduguri Site 6,0.7227,Low,Low,1.0924272465264244e-08,0.9466639002613784,0.053336088814349154,True
ES-003102,2026-06-01,Education Access Project,Education,Borno,Maiduguri,Maiduguri Site 1,0.7021,Medium,Medium,0.1309507308849835,5.139154511850489e-08,0.8690492177234713,True
ES-004062,2026-06-01,Education Access Project,Education,Borno,Ngala,Ngala Site 1,0.7455,Low,Low,3.8633460143543264e-09,0.9897980771224508,0.010201919014203134,True
ES-004094,2026-06-01,Education Access Project,Education,Borno,Ngala,Ngala Site 2,0.7312,Low,Low,5.247553837750616e-13,0.9999266469806037,7.335301887167912e-05,True
ES-003838,2026-06-01,Education Access Project,Education,Borno,Mafa,Mafa Site 6,0.7149,Medium,Medium,6.266759720402106e-06,0.18644579139026943,0.8135479418500101,True
ES-004126,2026-06-01,Education Access Project,Education,Borno,Ngala,Ngala Site 3,0.7405,Low,Low,5.1533552420970446e-15,0.9999925736352354,7.426364759472845e-06,True
ES-003806,2026-06-01,Education Access Project,Education,Borno,Mafa,Mafa Site 5,0.7428,Low,Low,2.2225189416936495e-10,0.9948862648193612,0.005113734958387059,True
ES-004158,2026-06-01,Education Access Project,Education,Borno,Ngala,Ngala Site 4,0.6518,High,High,0.9707192803795021,3.435098925516559e-13,0.02928071962015443,True
ES-004190,2026-06-01,Education Access Project,Education,Borno,Ngala,Ngala Site 5,0.7185,High,High,0.9705520810945865,5.41008986386924e-13,0.029447918904872646,True
ES-003774,2026-06-01,Education Access Project,Education,Borno,Mafa,Mafa Site 4,0.727,Medium,Medium,2.258726520172397e-06,0.21827083154232782,0.781726909731152,True
ES-004222,2026-06-01,Education Access Project,Education,Borno,Ngala,Ngala Site 6,0.7606,Low,Low,1.4492196560929303e-09,0.9715460272713944,0.028453971279385943,True
ES-002334,2026-06-01,Livelihood Recovery Initiative,Livelihoods,Borno,Bama,Bama Site 1,0.6665,Medium,Medium,0.0003585940291265166,0.00048244231425559537,0.9991589636566179,True
ES-002878,2026-06-01,Livelihood Recovery Initiative,Livelihoods,Borno,Dikwa,Dikwa Site 6,0.6617,Medium,Medium,0.0004441701803679577,0.0007601359903414155,0.9987956938292906,True
ES-005246,2026-06-01,Nutrition Support Programme,Nutrition,Borno,Mafa,Mafa Site 2,0.7396,Low,Low,5.245745417002544e-15,0.9999913688823705,8.631117624102218e-06,True
ES-002910,2026-06-01,Livelihood Recovery Initiative,Livelihoods,Borno,Gwoza,Gwoza Site 1,0.7747,Low,Low,2.1464426106296295e-16,0.9999989293585042,1.0706414955058303e-06,True
ES-002942,2026-06-01,Livelihood Recovery Initiative,Livelihoods,Borno,Gwoza,Gwoza Site 2,0.7425,Low,Low,2.597458073767113e-12,0.999846993579038,0.00015300641836450262,True
ES-004606,2026-06-01,Education Access Project,Education,Borno,Gwoza,Gwoza Site 6,0.6356,Medium,Medium,0.3591260904497859,1.8152904814192402e-09,0.6408739077349237,True
ES-002014,2026-06-01,Livelihood Recovery Initiative,Livelihoods,Borno,Konduga,Konduga Site 3,0.7421,Low,Low,1.432283173624275e-15,0.9999955525709077,4.447429091090223e-06,True
ES-002046,2026-06-01,Livelihood Recovery Initiative,Livelihoods,Borno,Konduga,Konduga Site 4,0.7239,Low,Low,1.776020554034719e-08,0.9545611193573769,0.0454388628824175,True
ES-007230,2026-06-01,WASH Resilience Initiative,WASH,Borno,Ngala,Ngala Site 4,0.668,Medium,Medium,0.4277340849980833,3.6725896871018235e-09,0.5722659113293271,True
ES-004574,2026-06-01,Education Access Project,Education,Borno,Gwoza,Gwoza Site 5,0.6719,Medium,Medium,0.00032488703810782294,0.00025660175193725835,0.999418511209955,True
ES-002078,2026-06-01,Livelihood Recovery Initiative,Livelihoods,Borno,Konduga,Konduga Site 5,0.7903,Low,Low,5.183895143081137e-08,0.8249355047332065,0.17506444342784205,True
ES-001982,2026-06-01,Livelihood Recovery Initiative,Livelihoods,Borno,Konduga,Konduga Site 2,0.6866,Medium,Medium,0.0017733059102168266,1.0460224212158083e-05,0.9982162338655709,True
ES-002110,2026-06-01,Livelihood Recovery Initiative,Livelihoods,Borno,Konduga,Konduga Site 6,0.8506,Low,Low,2.192063768936903e-24,0.9999999999703313,2.966870352906428e-11,True
ES-002142,2026-06-01,Livelihood Recovery Initiative,Livelihoods,Borno,Mafa,Mafa Site 1,0.7847,Medium,Medium,5.471488611571434e-06,0.10100339704946833,0.8989911314619201,True
ES-004510,2026-06-01,Education Access Project,Education,Borno,Gwoza,Gwoza Site 3,0.6912,Medium,Medium,0.00011282353438234806,0.0010418520674643898,0.9988453243981533,True
ES-002174,2026-06-01,Livelihood Recovery Initiative,Livelihoods,Borno,Mafa,Mafa Site 2,0.7333,Medium,Medium,1.2208044819507337e-05,0.0169609051965072,0.9830268867586732,True
ES-002206,2026-06-01,Livelihood Recovery Initiative,Livelihoods,Borno,Mafa,Mafa Site 3,0.6599,Medium,Medium,0.0004091356775457699,0.00031150927491381504,0.9992793550475404,True
ES-004478,2026-06-01,Education Access Project,Education,Borno,Gwoza,Gwoza Site 2,0.5815,High,High,0.9745412402297499,3.956138893759499e-12,0.02545875976629398,True
ES-002238,2026-06-01,Livelihood Recovery Initiative,Livelihoods,Borno,Mafa,Mafa Site 4,0.6847,Medium,Medium,1.5553163810288215e-05,0.01914817377013401,0.9808362730660558,True
ES-004542,2026-06-01,Education Access Project,Education,Borno,Gwoza,Gwoza Site 4,0.6082,Medium,Medium,0.004121319871610718,1.900407644328589e-05,0.9958596760519459,True
ES-003294,2026-06-01,Education Access Project,Education,Borno,Jere,Jere Site 1,0.7983,Low,Low,1.919346732985993e-14,0.9999846092499792,1.5390750001743355e-05,True
ES-001950,2026-06-01,Livelihood Recovery Initiative,Livelihoods,Borno,Konduga,Konduga Site 1,0.7847,Low,Low,2.856828490974586e-11,0.9976572427985988,0.0023427571728330742,True
ES-001918,2026-06-01,Livelihood Recovery Initiative,Livelihoods,Borno,Jere,Jere Site 6,0.8911,Low,Low,1.5453105830785212e-28,0.9999999999999614,3.869504496507355e-14,True
ES-002974,2026-06-01,Livelihood Recovery Initiative,Livelihoods,Borno,Gwoza,Gwoza Site 3,0.7924,Low,Low,5.751358385436863e-14,0.9999652453009984,3.4754698944166134e-05,True
ES-003486,2026-06-01,Education Access Project,Education,Borno,Konduga,Konduga Site 1,1.0304,Low,Low,4.036243040394769e-38,1.0,1.857600189900273e-19,True
ES-003006,2026-06-01,Livelihood Recovery Initiative,Livelihoods,Borno,Gwoza,Gwoza Site 4,0.8052,Low,Low,4.626242277585374e-15,0.9999875450098817,1.2454990113582437e-05,True
ES-003454,2026-06-01,Education Access Project,Education,Borno,Jere,Jere Site 6,0.7711,Low,Low,2.6936572203505935e-12,0.9998037593259598,0.00019624067134637276,True
ES-003038,2026-06-01,Livelihood Recovery Initiative,Livelihoods,Borno,Gwoza,Gwoza Site 5,0.6884,Medium,Medium,4.843791680159065e-06,0.09320696874244573,0.906788187465874,True
ES-003070,2026-06-01,Livelihood Recovery Initiative,Livelihoods,Borno,Gwoza,Gwoza Site 6,0.6881,Medium,Medium,3.283603109899026e-05,0.00475980134853465,0.9952073626203665,True
ES-003422,2026-06-01,Education Access Project,Education,Borno,Jere,Jere Site 5,0.7845,Low,Low,1.1901711321363145e-19,0.9999999885358074,1.1464192540647182e-08,True
ES-001758,2026-06-01,Livelihood Recovery Initiative,Livelihoods,Borno,Jere,Jere Site 1,0.732,Medium,Medium,0.0005538883533769323,0.00018633090304206768,0.9992597807435809,True
ES-001790,2026-06-01,Livelihood Recovery Initiative,Livelihoods,Borno,Jere,Jere Site 2,0.6386,Medium,High,0.5903911688159861,1.6292172673347419e-09,0.4096088295547966,False
ES-003390,2026-06-01,Education Access Project,Education,Borno,Jere,Jere Site 4,0.7873,Low,Low,3.999410053270083e-12,0.9992164839489963,0.0007835160470042169,True
ES-001822,2026-06-01,Livelihood Recovery Initiative,Livelihoods,Borno,Jere,Jere Site 3,0.8262,Low,Low,3.19550975289993e-29,0.9999999999999623,3.771471158552437e-14,True
ES-001854,2026-06-01,Livelihood Recovery Initiative,Livelihoods,Borno,Jere,Jere Site 4,0.8394,Low,Low,3.9288578203439786e-24,0.9999999999434039,5.659597630698929e-11,True
ES-003358,2026-06-01,Education Access Project,Education,Borno,Jere,Jere Site 3,0.7234,Low,Low,2.4160998927983713e-10,0.9907260561584973,0.009273943599892783,True
ES-001886,2026-06-01,Livelihood Recovery Initiative,Livelihoods,Borno,Jere,Jere Site 5,0.8879,Low,Low,3.2991085950090236e-37,1.0,7.309900845092545e-19,True
ES-003326,2026-06-01,Education Access Project,Education,Borno,Jere,Jere Site 2,0.7584,Low,Low,1.1720801353395003e-17,0.9999998056476709,1.9435232905403016e-07,True
ES-003518,2026-06-01,Education Access Project,Education,Borno,Konduga,Konduga Site 2,0.7752,Low,Low,1.5548394100624777e-19,0.9999999835956643,1.6404335538527666e-08,True
ES-000702,2026-06-01,Community Resilience Programme,Protection/Resilience,Borno,Mafa,Mafa Site 4,0.8385,Low,Low,4.993052615311268e-28,0.9999999999998288,1.7111472618192035e-13,True
ES-005854,2026-06-01,Nutrition Support Programme,Nutrition,Borno,Dikwa,Dikwa Site 3,0.6946,Medium,Medium,4.078429898000275e-06,0.2554434446620731,0.7445524769080288,True
ES-007614,2026-06-01,WASH Resilience Initiative,WASH,Borno,Gwoza,Gwoza Site 4,0.6323,Medium,Medium,0.0015052736063102484,9.246827675569553e-05,0.9984022581169342,True
ES-000478,2026-06-01,Community Resilience Programme,Protection/Resilience,Borno,Konduga,Konduga Site 3,0.7314,Medium,Medium,0.0015339983710837466,2.3395059426620812e-05,0.9984426065694897,True
ES-006398,2026-06-01,WASH Resilience Initiative,WASH,Borno,Jere,Jere Site 2,0.7547,Low,Low,5.627227616384796e-09,0.9786299451956288,0.02137004917714347,True
ES-006334,2026-06-01,WASH Resilience Initiative,WASH,Borno,Maiduguri,Maiduguri Site 6,0.9065,Low,Low,1.8366224974174253e-29,0.9999999999999754,2.4611994683737244e-14,True
ES-001502,2026-06-01,Community Resilience Programme,Protection/Resilience,Borno,Gwoza,Gwoza Site 5,0.7183,Low,Low,5.713710955876752e-08,0.9002394378306268,0.09976050503226364,True
ES-004702,2026-06-01,Nutrition Support Programme,Nutrition,Borno,Maiduguri,Maiduguri Site 3,0.7579,Low,Low,8.015958983861522e-11,0.998488293160176,0.0015117067596645821,True
ES-007422,2026-06-01,WASH Resilience Initiative,WASH,Borno,Dikwa,Dikwa Site 4,0.8215,Low,Low,5.186443445278794e-23,0.9999999997336244,2.663755222529846e-10,True
ES-007326,2026-06-01,WASH Resilience Initiative,WASH,Borno,Dikwa,Dikwa Site 1,0.8031,Low,Low,9.3300454025872e-18,0.9999998155975396,1.8440246040204643e-07,True
ES-006430,2026-06-01,WASH Resilience Initiative,WASH,Borno,Jere,Jere Site 3,0.6939,Low,Low,5.799292338422347e-09,0.9508332576532523,0.049166736547455465,True
ES-000350,2026-06-01,Community Resilience Programme,Protection/Resilience,Borno,Jere,Jere Site 5,0.8683,Low,Low,1.2683256805919933e-28,0.9999999999999412,5.88885411956279e-14,True
ES-001438,2026-06-01,Community Resilience Programme,Protection/Resilience,Borno,Gwoza,Gwoza Site 3,0.7178,Medium,Medium,1.8264861837899755e-05,0.04665783448029196,0.9533239006578702,True
ES-000606,2026-06-01,Community Resilience Programme,Protection/Resilience,Borno,Mafa,Mafa Site 1,0.8781,Low,Low,2.5146929373381248e-27,0.999999999999768,2.319304785237156e-13,True
ES-005630,2026-06-01,Nutrition Support Programme,Nutrition,Borno,Ngala,Ngala Site 2,0.7319,Low,Low,3.5773137936581306e-14,0.9999872776538575,1.272234610683059e-05,True
ES-007006,2026-06-01,WASH Resilience Initiative,WASH,Borno,Bama,Bama Site 3,0.7548,Low,Low,4.9610052079067386e-21,0.9999999989619848,1.0380151511711322e-09,True
ES-001406,2026-06-01,Community Resilience Programme,Protection/Resilience,Borno,Gwoza,Gwoza Site 2,0.7553,Low,Low,1.004874662777207e-11,0.9997302865773865,0.0002697134125648126,True
ES-004670,2026-06-01,Nutrition Support Programme,Nutrition,Borno,Maiduguri,Maiduguri Site 2,0.8656,Low,Low,1.2120282347414639e-27,0.9999999999996596,3.403756184423535e-13,True
ES-005758,2026-06-01,Nutrition Support Programme,Nutrition,Borno,Ngala,Ngala Site 6,0.8436,Low,Low,6.540855326779302e-20,0.9999999807035181,1.929648171761211e-08,True
ES-005694,2026-06-01,Nutrition Support Programme,Nutrition,Borno,Ngala,Ngala Site 4,0.7967,Low,Low,2.011262471929716e-15,0.9999957136117165,4.28638828157119e-06,True
ES-004734,2026-06-01,Nutrition Support Programme,Nutrition,Borno,Maiduguri,Maiduguri Site 4,0.812,Low,Low,2.1956152280542812e-11,0.9989723796042494,0.0010276203737945215,True
ES-000510,2026-06-01,Community Resilience Programme,Protection/Resilience,Borno,Konduga,Konduga Site 4,0.813,Low,Low,2.7140161389160978e-17,0.9999998113075544,1.8869244558760463e-07,True
ES-004798,2026-06-01,Nutrition Support Programme,Nutrition,Borno,Maiduguri,Maiduguri Site 6,0.7785,Medium,Medium,1.7800955104638275e-06,0.20779109848591087,0.7922071214185787,True
ES-006942,2026-06-01,WASH Resilience Initiative,WASH,Borno,Bama,Bama Site 1,0.6573,Medium,Medium,0.01513147980027093,4.303857362051798e-06,0.984864216342367,True
ES-007486,2026-06-01,WASH Resilience Initiative,WASH,Borno,Dikwa,Dikwa Site 6,0.9031,Low,Low,1.3793884719830062e-34,1.0,1.0933148165614806e-17,True
ES-007678,2026-06-01,WASH Resilience Initiative,WASH,Borno,Gwoza,Gwoza Site 6,0.6883,Low,Low,3.015394655559465e-14,0.9999792923060267,2.0707693943075078e-05,True
ES-004766,2026-06-01,Nutrition Support Programme,Nutrition,Borno,Maiduguri,Maiduguri Site 5,0.8225,Medium,Medium,6.360616588813575e-05,0.00220917282292122,0.9977272210111906,True
ES-000574,2026-06-01,Community Resilience Programme,Protection/Resilience,Borno,Konduga,Konduga Site 6,0.8723,Low,Low,1.196448107278389e-33,1.0,5.240387615213618e-17,True
ES-007454,2026-06-01,WASH Resilience Initiative,WASH,Borno,Dikwa,Dikwa Site 5,0.6404,High,High,0.9699029154546484,6.139692451679386e-12,0.030097084539211966,True
ES-000542,2026-06-01,Community Resilience Programme,Protection/Resilience,Borno,Konduga,Konduga Site 5,0.8342,Low,Low,4.90489214129592e-14,0.9999723218661181,2.7678133832786584e-05,True
ES-006366,2026-06-01,WASH Resilience Initiative,WASH,Borno,Jere,Jere Site 1,0.6832,High,High,0.9997122965295747,5.245292359087802e-19,0.00028770347042528607,True
ES-005598,2026-06-01,Nutrition Support Programme,Nutrition,Borno,Ngala,Ngala Site 1,0.7799,Medium,Medium,0.001708865393290185,0.0010107234143342382,0.9972804111923755,True
ES-007646,2026-06-01,WASH Resilience Initiative,WASH,Borno,Gwoza,Gwoza Site 5,0.6128,Medium,Medium,0.01179883839572132,1.7929774736221418e-06,0.9881993686268051,True
ES-006974,2026-06-01,WASH Resilience Initiative,WASH,Borno,Bama,Bama Site 2,0.7243,Low,Low,6.983659520169489e-10,0.995955002558868,0.004044996742766127,True
ES-001374,2026-06-01,Community Resilience Programme,Protection/Resilience,Borno,Gwoza,Gwoza Site 1,0.739,Low,Low,1.6511343354628903e-14,0.9999913420882742,8.657911709295982e-06,True
ES-001534,2026-06-01,Community Resilience Programme,Protection/Resilience,Borno,Gwoza,Gwoza Site 6,0.7199,Low,Low,1.309097651298916e-13,0.9999352677659484,6.473223392058232e-05,True
ES-007518,2026-06-01,WASH Resilience Initiative,WASH,Borno,Gwoza,Gwoza Site 1,0.6949,Low,Low,3.217886205089971e-13,0.999941190729325,5.8809270353272625e-05,True
ES-001342,2026-06-01,Community Resilience Programme,Protection/Resilience,Borno,Dikwa,Dikwa Site 6,0.7575,Low,Low,2.674997470110006e-11,0.9992264594994164,0.0007735404738338792,True
ES-007390,2026-06-01,WASH Resilience Initiative,WASH,Borno,Dikwa,Dikwa Site 3,0.7159,Medium,Medium,0.0007520700201546146,0.0009960865176777672,0.9982518434621677,True
ES-006462,2026-06-01,WASH Resilience Initiative,WASH,Borno,Jere,Jere Site 4,0.6989,Medium,Medium,0.00037975283860329,8.747242611705427e-05,0.9995327747352796,True
ES-005726,2026-06-01,Nutrition Support Programme,Nutrition,Borno,Ngala,Ngala Site 5,0.8466,Low,Low,1.0862393782894116e-23,0.9999999999533731,4.662694660428813e-11,True
ES-000670,2026-06-01,Community Resilience Programme,Protection/Resilience,Borno,Mafa,Mafa Site 3,0.9175,Low,Low,4.7634456941734226e-23,0.9999999998799105,1.2008951647851853e-10,True
ES-001278,2026-06-01,Community Resilience Programme,Protection/Resilience,Borno,Dikwa,Dikwa Site 4,0.7381,Medium,Medium,1.4352871627147665e-06,0.13362729348760227,0.866371271225235,True
ES-000414,2026-06-01,Community Resilience Programme,Protection/Resilience,Borno,Konduga,Konduga Site 1,0.8552,Low,Low,2.367593191487774e-19,0.9999999742031045,2.5796895487695467e-08,True
ES-001470,2026-06-01,Community Resilience Programme,Protection/Resilience,Borno,Gwoza,Gwoza Site 4,0.8647,Low,Low,1.966789914372004e-24,0.9999999999768834,2.3116519116083655e-11,True
ES-005342,2026-06-01,Nutrition Support Programme,Nutrition,Borno,Mafa,Mafa Site 5,0.861,Low,Low,2.1425654456263514e-13,0.9999391659073418,6.0834092443857915e-05,True
ES-007262,2026-06-01,WASH Resilience Initiative,WASH,Borno,Ngala,Ngala Site 5,0.5935,High,High,0.9722022919452766,9.698850470428418e-13,0.027797708053753374,True
ES-000286,2026-06-01,Community Resilience Programme,Protection/Resilience,Borno,Jere,Jere Site 3,0.8331,Low,Low,4.5592953496325574e-14,0.9999268794694435,7.312053051092053e-05,True
ES-000446,2026-06-01,Community Resilience Programme,Protection/Resilience,Borno,Konduga,Konduga Site 2,0.7257,Medium,Medium,1.451414076207826e-05,0.019071837101136937,0.980913648758101,True
ES-005310,2026-06-01,Nutrition Support Programme,Nutrition,Borno,Mafa,Mafa Site 4,0.8128,Low,Low,4.600334745319199e-17,0.9999995396505684,4.603494316111942e-07,True
ES-007102,2026-06-01,WASH Resilience Initiative,WASH,Borno,Bama,Bama Site 6,0.7121,Medium,Medium,0.0066394138636810705,1.3001515500473185e-05,0.9933475846208185,True
ES-007550,2026-06-01,WASH Resilience Initiative,WASH,Borno,Gwoza,Gwoza Site 2,0.7712,Low,Low,1.888997829565209e-13,0.999982459141547,1.7540858264018542e-05,True
ES-001246,2026-06-01,Community Resilience Programme,Protection/Resilience,Borno,Dikwa,Dikwa Site 3,0.6913,Medium,Medium,8.706375059102378e-06,0.1610384093613506,0.8389528842635903,True
ES-006558,2026-06-01,WASH Resilience Initiative,WASH,Borno,Konduga,Konduga Site 1,0.7432,Low,Low,4.603529568058096e-14,0.9999695486335933,3.045136636086371e-05,True
ES-000254,2026-06-01,Community Resilience Programme,Protection/Resilience,Borno,Jere,Jere Site 2,0.7291,Medium,Medium,8.201686373601696e-05,0.0020650819730082455,0.9978529011632558,True
ES-000382,2026-06-01,Community Resilience Programme,Protection/Resilience,Borno,Jere,Jere Site 6,0.7825,Medium,Medium,4.195012300119312e-05,0.03719670904982841,0.9627613408271705,True
ES-007582,2026-06-01,WASH Resilience Initiative,WASH,Borno,Gwoza,Gwoza Site 3,0.7013,Medium,Medium,0.011306355821115997,4.844571683438045e-07,0.9886931597217156,True
ES-000222,2026-06-01,Community Resilience Programme,Protection/Resilience,Borno,Jere,Jere Site 1,0.8934,Low,Low,6.826939336856645e-17,0.999999626170832,3.7382916802021185e-07,True
ES-005662,2026-06-01,Nutrition Support Programme,Nutrition,Borno,Ngala,Ngala Site 3,0.7525,Low,Low,9.999828871018887e-20,0.9999999883926235,1.1607376568601781e-08,True
ES-000318,2026-06-01,Community Resilience Programme,Protection/Resilience,Borno,Jere,Jere Site 4,0.8896,Low,Low,7.293240964454839e-19,0.9999999058694327,9.413056732852143e-08,True
ES-007038,2026-06-01,WASH Resilience Initiative,WASH,Borno,Bama,Bama Site 4,0.7832,Low,Low,3.654009691307147e-18,0.9999999540475432,4.595245673006823e-08,True
ES-005278,2026-06-01,Nutrition Support Programme,Nutrition,Borno,Mafa,Mafa Site 3,0.8407,Low,Low,6.781000507284728e-22,0.9999999990267074,9.732925907575322e-10,True
ES-004638,2026-06-01,Nutrition Support Programme,Nutrition,Borno,Maiduguri,Maiduguri Site 1,0.6849,Medium,Medium,0.005960580766496613,1.0401066582896964e-05,0.9940290181669205,True
ES-000638,2026-06-01,Community Resilience Programme,Protection/Resilience,Borno,Mafa,Mafa Site 2,0.9765,Low,Low,3.681850296220311e-30,0.9999999999999905,9.499467855376106e-15,True
ES-007358,2026-06-01,WASH Resilience Initiative,WASH,Borno,Dikwa,Dikwa Site 2,0.7757,Low,Medium,5.6156205447532216e-06,0.39591534897014136,0.6040790354093138,False
ES-006494,2026-06-01,WASH Resilience Initiative,WASH,Borno,Jere,Jere Site 5,0.3135,High,High,0.9999999994061144,4.050883110654288e-31,5.938857081678411e-10,True
ES-001310,2026-06-01,Community Resilience Programme,Protection/Resilience,Borno,Dikwa,Dikwa Site 5,0.6889,Low,Low,4.425801254140207e-08,0.9550826776912253,0.044917278050762004,True
ES-007070,2026-06-01,WASH Resilience Initiative,WASH,Borno,Bama,Bama Site 5,0.7113,Low,Low,6.495295090586818e-10,0.9952053101745097,0.004794689175960811,True
ES-005374,2026-06-01,Nutrition Support Programme,Nutrition,Borno,Mafa,Mafa Site 6,0.7978,Low,Low,2.296776586692038e-15,0.9999962792736146,3.7207263832812724e-06,True
ES-006526,2026-06-01,WASH Resilience Initiative,WASH,Borno,Jere,Jere Site 6,0.8091,Low,Low,2.0767254677568644e-12,0.9998379965210223,0.00016200347690105188,True
ES-003391,2026-07-01,Education Access Project,Education,Borno,Jere,Jere Site 4,0.7868,Low,Low,2.358453890225132e-15,0.9999939409914088,6.059008588745505e-06,True
ES-003071,2026-07-01,Livelihood Recovery Initiative,Livelihoods,Borno,Gwoza,Gwoza Site 6,0.67,Medium,Medium,5.1023767797167685e-05,0.0030654111783531145,0.9968835650538496,True
ES-001791,2026-07-01,Livelihood Recovery Initiative,Livelihoods,Borno,Jere,Jere Site 2,0.6931,Medium,Medium,0.008349481251067664,2.1143215983190464e-06,0.9916484044273339,True
ES-001503,2026-07-01,Community Resilience Programme,Protection/Resilience,Borno,Gwoza,Gwoza Site 5,0.662,Medium,Medium,0.007896170987214955,2.821690903848648e-06,0.9921010073218813,True
ES-007487,2026-07-01,WASH Resilience Initiative,WASH,Borno,Dikwa,Dikwa Site 6,0.8398,Low,Low,1.1417205785470234e-25,0.9999999999987161,1.2838092425135735e-12,True
ES-003039,2026-07-01,Livelihood Recovery Initiative,Livelihoods,Borno,Gwoza,Gwoza Site 5,0.7197,Medium,Medium,4.67271289084165e-05,0.0029845719426071283,0.9969687009284844,True
ES-007519,2026-07-01,WASH Resilience Initiative,WASH,Borno,Gwoza,Gwoza Site 1,0.7494,Low,Low,6.390028774385241e-10,0.9916721524722479,0.008327846888749314,True
ES-003423,2026-07-01,Education Access Project,Education,Borno,Jere,Jere Site 5,0.6858,Medium,Medium,1.0659790413902736e-05,0.04955115929935666,0.9504381809102294,True
ES-001759,2026-07-01,Livelihood Recovery Initiative,Livelihoods,Borno,Jere,Jere Site 1,0.6794,Medium,Medium,3.2561773849488574e-05,0.012057735278009019,0.9879097029481416,True
ES-007295,2026-07-01,WASH Resilience Initiative,WASH,Borno,Ngala,Ngala Site 6,0.7269,Medium,Medium,5.810526492936093e-06,0.03760493996294446,0.9623892495105626,True
ES-003359,2026-07-01,Education Access Project,Education,Borno,Jere,Jere Site 3,0.6906,Low,Low,1.2722222438387263e-08,0.8982826918887912,0.1017172953889864,True
ES-007327,2026-07-01,WASH Resilience Initiative,WASH,Borno,Dikwa,Dikwa Site 1,0.7552,Low,Low,8.459666951915464e-21,0.9999999985225076,1.4774923003190826e-09,True
ES-004543,2026-07-01,Education Access Project,Education,Borno,Gwoza,Gwoza Site 4,0.6235,Medium,Medium,9.372843471386833e-05,0.006687048048437287,0.9932192235168488,True
ES-007231,2026-07-01,WASH Resilience Initiative,WASH,Borno,Ngala,Ngala Site 4,0.7309,High,High,0.9999999999999727,1.3794223723465659e-42,2.7339290797892273e-14,True
ES-002111,2026-07-01,Livelihood Recovery Initiative,Livelihoods,Borno,Konduga,Konduga Site 6,0.8407,Low,Low,9.535510577108259e-23,0.9999999997073343,2.9266558115468343e-10,True
ES-000255,2026-07-01,Community Resilience Programme,Protection/Resilience,Borno,Jere,Jere Site 2,0.8238,Low,Low,1.3282854262958799e-21,0.9999999988667743,1.1332257652444044e-09,True
ES-002079,2026-07-01,Livelihood Recovery Initiative,Livelihoods,Borno,Konduga,Konduga Site 5,0.6593,Medium,Medium,9.267175942247488e-05,0.003448403465226687,0.9964589247753509,True
ES-004575,2026-07-01,Education Access Project,Education,Borno,Gwoza,Gwoza Site 5,0.6056,Medium,Medium,0.00036100869944456873,0.00032934340657821403,0.9993096478939771,True
ES-007359,2026-07-01,WASH Resilience Initiative,WASH,Borno,Dikwa,Dikwa Site 2,0.72,Low,Medium,1.1403201936433242e-05,0.4469905123201074,0.5529980844779562,False
ES-002047,2026-07-01,Livelihood Recovery Initiative,Livelihoods,Borno,Konduga,Konduga Site 4,0.6884,Medium,Medium,6.094651164349637e-06,0.1879879514246297,0.812005953924206,True
ES-000223,2026-07-01,Community Resilience Programme,Protection/Resilience,Borno,Jere,Jere Site 1,0.9405,Low,Low,7.939948480452436e-30,0.9999999999999902,9.665916982770782e-15,True
ES-002015,2026-07-01,Livelihood Recovery Initiative,Livelihoods,Borno,Konduga,Konduga Site 3,0.7555,Low,Low,4.995570617862937e-12,0.999217764751586,0.0007822352434183488,True
ES-004607,2026-07-01,Education Access Project,Education,Borno,Gwoza,Gwoza Site 6,0.3642,High,High,0.9999994287793909,4.251986323252579e-24,5.712206091250611e-07,True
ES-001823,2026-07-01,Livelihood Recovery Initiative,Livelihoods,Borno,Jere,Jere Site 3,0.8263,Low,Low,5.987455700341238e-22,0.9999999991234285,8.765713827000657e-10,True
ES-001983,2026-07-01,Livelihood Recovery Initiative,Livelihoods,Borno,Konduga,Konduga Site 2,0.6958,Medium,Medium,2.8811185370266855e-05,0.0016792225072685468,0.9982919663073611,True
ES-007391,2026-07-01,WASH Resilience Initiative,WASH,Borno,Dikwa,Dikwa Site 3,0.7488,Low,Low,1.1312560507793961e-11,0.9996500693629303,0.0003499306257570246,True
ES-003295,2026-07-01,Education Access Project,Education,Borno,Jere,Jere Site 1,0.7717,Low,Low,1.093014727428147e-07,0.844640728222733,0.1553591624757943,True
ES-001951,2026-07-01,Livelihood Recovery Initiative,Livelihoods,Borno,Konduga,Konduga Site 1,0.6833,Medium,Medium,8.118227564461648e-06,0.08053655434216968,0.9194553274302658,True
ES-007423,2026-07-01,WASH Resilience Initiative,WASH,Borno,Dikwa,Dikwa Site 4,0.7204,Low,Low,1.6322528623269015e-11,0.9981053338862966,0.0018946660973808047,True
ES-001919,2026-07-01,Livelihood Recovery Initiative,Livelihoods,Borno,Jere,Jere Site 6,0.8014,Low,Low,2.272526237882076e-16,0.9999993601264421,6.398735577793718e-07,True
ES-006655,2026-07-01,WASH Resilience Initiative,WASH,Borno,Konduga,Konduga Site 4,0.7585,Low,Low,3.8275335123785055e-16,0.9999988185139753,1.1814860242510607e-06,True
ES-000831,2026-07-01,Community Resilience Programme,Protection/Resilience,Borno,Bama,Bama Site 2,0.777,Low,Low,9.217081826558724e-17,0.9999990992674017,9.007325984203286e-07,True
ES-001535,2026-07-01,Community Resilience Programme,Protection/Resilience,Borno,Gwoza,Gwoza Site 6,0.7102,Low,Low,6.26497947070306e-22,0.9999999995130391,4.869610056032344e-10,True
ES-003327,2026-07-01,Education Access Project,Education,Borno,Jere,Jere Site 2,0.6902,Medium,Medium,3.195929347416356e-05,0.05962775235636221,0.9403402883501637,True
ES-001887,2026-07-01,Livelihood Recovery Initiative,Livelihoods,Borno,Jere,Jere Site 5,0.9443,Low,Low,2.611789685194923e-31,0.9999999999999976,2.407565192374951e-15,True
ES-001855,2026-07-01,Livelihood Recovery Initiative,Livelihoods,Borno,Jere,Jere Site 4,0.7782,Low,Low,6.629407663054359e-16,0.9999954639928404,4.536007158830208e-06,True
ES-007455,2026-07-01,WASH Resilience Initiative,WASH,Borno,Dikwa,Dikwa Site 5,0.654,Medium,Medium,0.1287597367926502,2.751151108657883e-07,0.8712399880922389,True
ES-006175,2026-07-01,WASH Resilience Initiative,WASH,Borno,Maiduguri,Maiduguri Site 1,0.7586,Medium,Medium,4.272694444905116e-05,0.018067051111093038,0.981890221944458,True
ES-006207,2026-07-01,WASH Resilience Initiative,WASH,Borno,Maiduguri,Maiduguri Site 2,0.7764,Low,Low,6.744517689470972e-11,0.9969652282199073,0.0030347717126473824,True
ES-000703,2026-07-01,Community Resilience Programme,Protection/Resilience,Borno,Mafa,Mafa Site 4,0.8922,Low,Low,5.736959999776151e-26,0.9999999999968099,3.1900460825814426e-12,True
ES-003455,2026-07-01,Education Access Project,Education,Borno,Jere,Jere Site 6,0.6847,Medium,Medium,0.004484211841027138,5.7585322008516136e-05,0.9954582028369644,True
ES-006399,2026-07-01,WASH Resilience Initiative,WASH,Borno,Jere,Jere Site 2,0.6853,Medium,Medium,0.00041177342923348533,0.0008379228759635063,0.9987503036948029,True
ES-003711,2026-07-01,Education Access Project,Education,Borno,Mafa,Mafa Site 2,0.7121,Medium,Medium,3.431753722389637e-06,0.15416323697464093,0.8458333312716367,True
ES-002367,2026-07-01,Livelihood Recovery Initiative,Livelihoods,Borno,Bama,Bama Site 2,0.7629,Medium,Medium,3.2795643883716093e-06,0.27013999091816643,0.7298567295174452,True
ES-006431,2026-07-01,WASH Resilience Initiative,WASH,Borno,Jere,Jere Site 3,0.7331,Low,Low,9.057787450001444e-09,0.9460906765629206,0.05390931437929193,True
ES-003743,2026-07-01,Education Access Project,Education,Borno,Mafa,Mafa Site 3,0.6111,High,High,0.9702176343288108,1.5752488529241914e-12,0.029782365669613967,True
ES-001343,2026-07-01,Community Resilience Programme,Protection/Resilience,Borno,Dikwa,Dikwa Site 6,0.7516,Low,Low,3.718553345258832e-14,0.9999786979898625,2.1302010100358992e-05,True
ES-002335,2026-07-01,Livelihood Recovery Initiative,Livelihoods,Borno,Bama,Bama Site 1,0.6516,Medium,Medium,0.10857393904344,5.091404651086599e-08,0.8914260100425134,True
ES-007199,2026-07-01,WASH Resilience Initiative,WASH,Borno,Ngala,Ngala Site 3,0.6129,Medium,Medium,0.27643318842348835,1.9604453455440474e-08,0.7235667919720582,True
ES-004223,2026-07-01,Education Access Project,Education,Borno,Ngala,Ngala Site 6,0.6499,Medium,Medium,0.18701218292775157,5.934610432909945e-09,0.812987811137638,True
ES-006463,2026-07-01,WASH Resilience Initiative,WASH,Borno,Jere,Jere Site 4,0.619,High,High,0.994017271106885,3.678464534216983e-15,0.005982728893111413,True
ES-003775,2026-07-01,Education Access Project,Education,Borno,Mafa,Mafa Site 4,0.6496,Low,Low,6.202616238422935e-07,0.5356148692928341,0.46438451044554213,True
ES-004191,2026-07-01,Education Access Project,Education,Borno,Ngala,Ngala Site 5,0.628,Medium,Medium,0.4656048614719458,2.168743317618348e-09,0.5343951363593108,True
ES-001311,2026-07-01,Community Resilience Programme,Protection/Resilience,Borno,Dikwa,Dikwa Site 5,0.7067,Low,Low,9.36638243619647e-08,0.9147011806743065,0.085298725661869,True
ES-006271,2026-07-01,WASH Resilience Initiative,WASH,Borno,Maiduguri,Maiduguri Site 4,0.8387,Low,Low,9.120804657433034e-20,0.9999999845125285,1.5487471534190685e-08,True
ES-002399,2026-07-01,Livelihood Recovery Initiative,Livelihoods,Borno,Bama,Bama Site 3,0.7928,Low,Low,1.2740896825638573e-17,0.9999998401417909,1.598582090377891e-07,True
ES-004159,2026-07-01,Education Access Project,Education,Borno,Ngala,Ngala Site 4,0.6398,Medium,High,0.5121754873892091,3.587904992516473e-09,0.4878245090228858,False
ES-004127,2026-07-01,Education Access Project,Education,Borno,Ngala,Ngala Site 3,0.5993,Medium,Medium,0.0014238682205403703,0.00020608061630123645,0.9983700511631584,True
ES-006495,2026-07-01,WASH Resilience Initiative,WASH,Borno,Jere,Jere Site 5,0.7992,Low,Low,5.574350920177126e-17,0.9999993784913003,6.215086997080831e-07,True
ES-003839,2026-07-01,Education Access Project,Education,Borno,Mafa,Mafa Site 6,0.7105,Low,Low,7.514137020232266e-09,0.9753830634585027,0.02461692902736034,True
ES-004095,2026-07-01,Education Access Project,Education,Borno,Ngala,Ngala Site 2,0.6655,Low,Low,1.4072662680788335e-08,0.9719602028338825,0.028039783093455003,True
ES-006527,2026-07-01,WASH Resilience Initiative,WASH,Borno,Jere,Jere Site 6,0.7142,Low,Low,1.796662600399986e-17,0.9999998845213103,1.1547868966852684e-07,True
ES-004063,2026-07-01,Education Access Project,Education,Borno,Ngala,Ngala Site 1,0.6489,Medium,Medium,0.04247607695067771,4.782909196084275e-06,0.9575191401401263,True
ES-001279,2026-07-01,Community Resilience Programme,Protection/Resilience,Borno,Dikwa,Dikwa Site 4,0.7649,Low,Low,1.2348895149044274e-16,0.9999975830419304,2.416958069314212e-06,True
ES-003103,2026-07-01,Education Access Project,Education,Borno,Maiduguri,Maiduguri Site 1,0.699,Medium,Medium,0.0008156515605632469,4.453095715723936e-05,0.9991398174822794,True
ES-003263,2026-07-01,Education Access Project,Education,Borno,Maiduguri,Maiduguri Site 6,0.6352,Medium,Medium,0.00021962909836561122,0.00012385949980033416,0.999656511401834,True
ES-006559,2026-07-01,WASH Resilience Initiative,WASH,Borno,Konduga,Konduga Site 1,0.7013,Low,Low,4.0210456275329267e-07,0.7119903968272725,0.28800920106816463,True
ES-003135,2026-07-01,Education Access Project,Education,Borno,Maiduguri,Maiduguri Site 2,0.9561,Low,Low,2.233564560902696e-44,1.0,2.959439458931995e-23,True
ES-003231,2026-07-01,Education Access Project,Education,Borno,Maiduguri,Maiduguri Site 5,0.7047,Medium,Medium,7.459079980409145e-05,0.0021538447854810975,0.9977715644147148,True
ES-001247,2026-07-01,Community Resilience Programme,Protection/Resilience,Borno,Dikwa,Dikwa Site 3,0.75,Low,Low,6.431024606387133e-15,0.9999936100469018,6.389953091839981e-06,True
ES-003199,2026-07-01,Education Access Project,Education,Borno,Maiduguri,Maiduguri Site 4,0.574,Medium,Medium,0.35726143579884817,1.4657287140395502e-08,0.6427385495438647,True
ES-003807,2026-07-01,Education Access Project,Education,Borno,Mafa,Mafa Site 5,0.6687,Medium,Medium,0.018805173637638662,2.311459981966183e-06,0.9811925149023794,True
ES-007551,2026-07-01,WASH Resilience Initiative,WASH,Borno,Gwoza,Gwoza Site 2,0.7742,Low,Low,6.896256800279121e-19,0.9999999902686908,9.7313092867248e-09,True
ES-006623,2026-07-01,WASH Resilience Initiative,WASH,Borno,Konduga,Konduga Site 3,0.7116,Medium,Medium,1.511204174868738e-05,0.022532820629951274,0.9774520673282999,True
ES-003679,2026-07-01,Education Access Project,Education,Borno,Mafa,Mafa Site 1,0.7381,Low,Low,2.1029413909025958e-23,0.9999999999608955,3.910448638876518e-11,True
ES-003007,2026-07-01,Livelihood Recovery Initiative,Livelihoods,Borno,Gwoza,Gwoza Site 4,0.6719,High,High,0.7903273290031088,2.773500920753373e-11,0.20967267096915626,True
ES-001471,2026-07-01,Community Resilience Programme,Protection/Resilience,Borno,Gwoza,Gwoza Site 4,0.8095,Low,Low,3.425661960529207e-18,0.9999999148414332,8.515856676641501e-08,True
ES-003487,2026-07-01,Education Access Project,Education,Borno,Konduga,Konduga Site 1,0.9968,Low,Low,2.674664744136054e-37,1.0,7.091534649966872e-19,True
ES-002975,2026-07-01,Livelihood Recovery Initiative,Livelihoods,Borno,Gwoza,Gwoza Site 3,0.7312,Medium,Medium,0.024925920052848324,2.999138441363816e-07,0.9750737800333076,True
ES-002943,2026-07-01,Livelihood Recovery Initiative,Livelihoods,Borno,Gwoza,Gwoza Site 2,0.7958,Low,Low,2.5762544586748662e-12,0.9998397389954269,0.00016026100199698266,True
ES-007583,2026-07-01,WASH Resilience Initiative,WASH,Borno,Gwoza,Gwoza Site 3,0.6979,Medium,Medium,8.322292632541817e-05,0.000972041731753532,0.9989447353419212,True
ES-001439,2026-07-01,Community Resilience Programme,Protection/Resilience,Borno,Gwoza,Gwoza Site 3,0.7127,Low,Low,2.5227969964994225e-11,0.9987706963846277,0.0012293035901443468,True
ES-003519,2026-07-01,Education Access Project,Education,Borno,Konduga,Konduga Site 2,0.7255,Medium,Medium,8.222421969047192e-07,0.24870680988813146,0.7512923678696717,True
ES-002911,2026-07-01,Livelihood Recovery Initiative,Livelihoods,Borno,Gwoza,Gwoza Site 1,0.7489,Low,Low,2.309754839747324e-07,0.7582099464637568,0.24178982256075915,True
ES-002879,2026-07-01,Livelihood Recovery Initiative,Livelihoods,Borno,Dikwa,Dikwa Site 6,0.546,High,High,0.8127753463361633,2.7872582945584907e-10,0.18722465338511082,True
ES-007615,2026-07-01,WASH Resilience Initiative,WASH,Borno,Gwoza,Gwoza Site 4,0.6925,Medium,Medium,0.009364323529876924,4.118207972895889e-06,0.9906315582621503,True
ES-003551,2026-07-01,Education Access Project,Education,Borno,Konduga,Konduga Site 3,0.6788,Low,Low,2.3472952343348502e-07,0.8034316230445065,0.19656814222597,True
ES-002847,2026-07-01,Livelihood Recovery Initiative,Livelihoods,Borno,Dikwa,Dikwa Site 5,0.7438,Medium,Medium,9.65211110429457e-05,0.004402159106829563,0.9955013197821275,True
ES-002815,2026-07-01,Livelihood Recovery Initiative,Livelihoods,Borno,Dikwa,Dikwa Site 4,0.8013,Low,Low,3.8206789245331023e-13,0.999618472577724,0.0003815274218940594,True
ES-002431,2026-07-01,Livelihood Recovery Initiative,Livelihoods,Borno,Bama,Bama Site 4,0.7637,Medium,Medium,3.8846420296026774e-06,0.23853050137644013,0.7614656139815303,True
ES-007647,2026-07-01,WASH Resilience Initiative,WASH,Borno,Gwoza,Gwoza Site 5,0.5253,Medium,High,0.6566527807042826,5.254920690022767e-10,0.3433472187702252,False
ES-003583,2026-07-01,Education Access Project,Education,Borno,Konduga,Konduga Site 4,0.6439,High,High,0.817830181085232,1.2557254128146762e-10,0.18216981878919544,True
ES-002783,2026-07-01,Livelihood Recovery Initiative,Livelihoods,Borno,Dikwa,Dikwa Site 3,0.6382,Medium,Medium,0.0036465284733353306,2.2080544004987496e-05,0.9963313909826597,True
ES-001215,2026-07-01,Community Resilience Programme,Protection/Resilience,Borno,Dikwa,Dikwa Site 2,0.6977,Medium,Medium,0.33077643766010906,3.9786015620882626e-08,0.6692235225538753,True
ES-003615,2026-07-01,Education Access Project,Education,Borno,Konduga,Konduga Site 5,0.6842,Medium,Medium,7.963153509667232e-05,0.002703898012618649,0.9972164704522848,True
ES-002751,2026-07-01,Livelihood Recovery Initiative,Livelihoods,Borno,Dikwa,Dikwa Site 2,0.6588,Low,Low,1.1339174307733038e-08,0.9870273504991728,0.012972638161652799,True
ES-002719,2026-07-01,Livelihood Recovery Initiative,Livelihoods,Borno,Dikwa,Dikwa Site 1,0.7313,Low,Low,7.314157685712401e-10,0.9932077651094042,0.00679223415918017,True
ES-006239,2026-07-01,WASH Resilience Initiative,WASH,Borno,Maiduguri,Maiduguri Site 3,0.6669,Medium,Medium,0.057798461658055904,3.9676776527500875e-07,0.9422011415741788,True
ES-007679,2026-07-01,WASH Resilience Initiative,WASH,Borno,Gwoza,Gwoza Site 6,0.69,Low,Low,1.9683218246497645e-11,0.9987469459083638,0.0012530540719529494,True
ES-003647,2026-07-01,Education Access Project,Education,Borno,Konduga,Konduga Site 6,0.731,Medium,Medium,0.0008315466382261605,8.448833149039466e-05,0.9990839650302835,True
ES-002495,2026-07-01,Livelihood Recovery Initiative,Livelihoods,Borno,Bama,Bama Site 6,0.7601,Medium,Medium,1.5917866738811523e-06,0.37680479123370575,0.6231936169796203,True
ES-006367,2026-07-01,WASH Resilience Initiative,WASH,Borno,Jere,Jere Site 1,0.714,Low,Low,7.922988625092206e-08,0.9118218782417914,0.08817804252832241,True
ES-000799,2026-07-01,Community Resilience Programme,Protection/Resilience,Borno,Bama,Bama Site 1,0.85,Low,Low,4.898631427331034e-10,0.9914977265112792,0.008502272998857559,True
ES-002463,2026-07-01,Livelihood Recovery Initiative,Livelihoods,Borno,Bama,Bama Site 5,0.7367,Medium,Medium,0.00010807742790788418,0.0014718636494750568,0.9984200589226171,True
ES-001375,2026-07-01,Community Resilience Programme,Protection/Resilience,Borno,Gwoza,Gwoza Site 1,0.7388,Low,Low,1.015382432637897e-12,0.9998398903998701,0.00016010959911448897,True
ES-001407,2026-07-01,Community Resilience Programme,Protection/Resilience,Borno,Gwoza,Gwoza Site 2,0.6651,Medium,Medium,0.0010151530771832526,0.0017952150255408834,0.9971896318972759,True
ES-002143,2026-07-01,Livelihood Recovery Initiative,Livelihoods,Borno,Mafa,Mafa Site 1,0.635,Medium,Medium,0.17802855983629265,3.2203643886043517e-08,0.8219714079600635,True
ES-004447,2026-07-01,Education Access Project,Education,Borno,Gwoza,Gwoza Site 1,0.6462,Low,Low,9.286901944050073e-09,0.9734194054159605,0.026580585297137475,True
ES-004511,2026-07-01,Education Access Project,Education,Borno,Gwoza,Gwoza Site 3,0.6849,Medium,Medium,0.00044767173730681864,6.0055958829745764e-05,0.9994922723038635,True
ES-004671,2026-07-01,Nutrition Support Programme,Nutrition,Borno,Maiduguri,Maiduguri Site 2,0.7515,Low,Low,2.935615603957279e-10,0.9930427789793376,0.006957220727100979,True
ES-000191,2026-07-01,Community Resilience Programme,Protection/Resilience,Borno,Maiduguri,Maiduguri Site 6,0.6744,High,High,0.9835865671179203,6.362818378599759e-15,0.01641343288207342,True
ES-004703,2026-07-01,Nutrition Support Programme,Nutrition,Borno,Maiduguri,Maiduguri Site 3,0.8514,Low,Low,5.513694466766204e-23,0.9999999998945255,1.0547444412287593e-10,True
ES-006143,2026-07-01,Nutrition Support Programme,Nutrition,Borno,Gwoza,Gwoza Site 6,0.6813,Medium,Medium,0.0010717137638509677,8.855480608594373e-05,0.9988397314300631,True
ES-000575,2026-07-01,Community Resilience Programme,Protection/Resilience,Borno,Konduga,Konduga Site 6,0.9014,Low,Low,5.249395944854843e-27,0.9999999999993336,6.663415099595612e-13,True
ES-007135,2026-07-01,WASH Resilience Initiative,WASH,Borno,Ngala,Ngala Site 1,0.7689,Low,Low,6.619930624856352e-07,0.7985607944111073,0.20143854359583016,True
ES-006111,2026-07-01,Nutrition Support Programme,Nutrition,Borno,Gwoza,Gwoza Site 5,0.8728,Low,Low,1.5501727627728431e-27,0.9999999999997573,2.4280117908353654e-13,True
ES-000991,2026-07-01,Community Resilience Programme,Protection/Resilience,Borno,Ngala,Ngala Site 1,0.7771,Medium,Medium,1.2761960840702179e-05,0.22371436171844136,0.776272876320718,True
ES-003167,2026-07-01,Education Access Project,Education,Borno,Maiduguri,Maiduguri Site 3,0.7303,Low,Low,7.111343931715419e-09,0.977750464850486,0.022249528038170107,True
ES-004735,2026-07-01,Nutrition Support Programme,Nutrition,Borno,Maiduguri,Maiduguri Site 4,0.7874,Medium,Medium,1.9852543632165114e-06,0.2774470543481459,0.7225509603974908,True
ES-006719,2026-07-01,WASH Resilience Initiative,WASH,Borno,Konduga,Konduga Site 6,0.7576,Low,Low,3.036367193120852e-07,0.6770176791185823,0.32298201724469827,True
ES-001023,2026-07-01,Community Resilience Programme,Protection/Resilience,Borno,Ngala,Ngala Site 2,0.7639,Low,Low,1.7847000884268657e-18,0.9999999613854859,3.861451412684471e-08,True
ES-006047,2026-07-01,Nutrition Support Programme,Nutrition,Borno,Gwoza,Gwoza Site 3,0.7673,Low,Low,2.690853999487192e-17,0.9999996230042911,3.769957087556116e-07,True
ES-000543,2026-07-01,Community Resilience Programme,Protection/Resilience,Borno,Konduga,Konduga Site 5,0.7282,Medium,Medium,1.1331464930021328e-06,0.42416156788063686,0.5758372989728701,True
ES-006015,2026-07-01,Nutrition Support Programme,Nutrition,Borno,Gwoza,Gwoza Site 2,0.7031,Medium,Medium,0.0012906740657673825,0.00022619838460229396,0.9984831275496303,True
ES-006815,2026-07-01,WASH Resilience Initiative,WASH,Borno,Mafa,Mafa Site 3,0.5466,High,High,0.99998769547351,1.2880067675501236e-20,1.230452649009503e-05,True
ES-006303,2026-07-01,WASH Resilience Initiative,WASH,Borno,Maiduguri,Maiduguri Site 5,0.6906,Medium,Medium,0.02899277697956616,8.568018840966651e-08,0.9710071373402454,True
ES-001055,2026-07-01,Community Resilience Programme,Protection/Resilience,Borno,Ngala,Ngala Site 3,0.8394,Low,Low,3.126567793086988e-10,0.9927776127491926,0.007222386938150493,True
ES-005983,2026-07-01,Nutrition Support Programme,Nutrition,Borno,Gwoza,Gwoza Site 1,0.7515,Low,Low,9.529467583880136e-11,0.997938395866843,0.0020616040378621373,True
ES-004767,2026-07-01,Nutrition Support Programme,Nutrition,Borno,Maiduguri,Maiduguri Site 5,0.7145,Medium,Medium,0.0011220196311068765,1.007075830441144e-05,0.9988679096105888,True
ES-005951,2026-07-01,Nutrition Support Programme,Nutrition,Borno,Dikwa,Dikwa Site 6,0.692,Medium,Medium,0.0007809931923255344,0.00016858554213758573,0.9990504212655369,True
ES-004799,2026-07-01,Nutrition Support Programme,Nutrition,Borno,Maiduguri,Maiduguri Site 6,0.7378,Medium,Medium,0.18358140789198601,2.5128011674449217e-09,0.8164185895952129,True
ES-001087,2026-07-01,Community Resilience Programme,Protection/Resilience,Borno,Ngala,Ngala Site 4,0.6555,Medium,Medium,0.04200036718772506,7.161672921916571e-07,0.9579989166449828,True
ES-005919,2026-07-01,Nutrition Support Programme,Nutrition,Borno,Dikwa,Dikwa Site 5,0.792,Low,Low,1.3635322091231812e-09,0.9926878767861618,0.007312121850305988,True
ES-000511,2026-07-01,Community Resilience Programme,Protection/Resilience,Borno,Konduga,Konduga Site 4,0.7885,Low,Low,6.643104991745535e-13,0.9998999310291491,0.00010006897018658995,True
ES-001119,2026-07-01,Community Resilience Programme,Protection/Resilience,Borno,Ngala,Ngala Site 5,0.765,Medium,Medium,1.0724340941635598e-05,0.05925911289603805,0.9407301627630203,True
ES-005887,2026-07-01,Nutrition Support Programme,Nutrition,Borno,Dikwa,Dikwa Site 4,0.7129,Low,Low,1.0101111413985387e-07,0.7169309263245873,0.28306897266429865,True
ES-005855,2026-07-01,Nutrition Support Programme,Nutrition,Borno,Dikwa,Dikwa Site 3,0.7079,Low,Low,1.6952379917213085e-08,0.9540329048807585,0.04596707816686136,True
ES-006591,2026-07-01,WASH Resilience Initiative,WASH,Borno,Konduga,Konduga Site 2,0.6984,Medium,Medium,2.517848182814779e-06,0.11097974660094445,0.8890177355508727,True
ES-004831,2026-07-01,Nutrition Support Programme,Nutrition,Borno,Jere,Jere Site 1,0.7983,Low,Low,1.102055091562927e-13,0.9999679713137737,3.2028686116148494e-05,True
ES-004863,2026-07-01,Nutrition Support Programme,Nutrition,Borno,Jere,Jere Site 2,0.8007,Low,Low,8.509681052096199e-14,0.9999421293185462,5.7870681368846395e-05,True
ES-000159,2026-07-01,Community Resilience Programme,Protection/Resilience,Borno,Maiduguri,Maiduguri Site 5,0.7329,Low,Low,3.164919772804533e-09,0.975865809413311,0.024134187421769367,True
ES-000927,2026-07-01,Community Resilience Programme,Protection/Resilience,Borno,Bama,Bama Site 5,0.8445,Low,Low,6.536702691119941e-22,0.9999999994077644,5.922355512467751e-10,True
ES-005247,2026-07-01,Nutrition Support Programme,Nutrition,Borno,Mafa,Mafa Site 2,0.7965,Low,Low,5.976244370613046e-19,0.9999999550117862,4.4988213840080134e-08,True
ES-006751,2026-07-01,WASH Resilience Initiative,WASH,Borno,Mafa,Mafa Site 1,0.7237,Medium,Medium,0.0013418635897968054,0.00013364708549773097,0.9985244893247056,True
ES-005279,2026-07-01,Nutrition Support Programme,Nutrition,Borno,Mafa,Mafa Site 3,0.72,Medium,Medium,0.00012232473474662613,0.004306933261352715,0.9955707420039006,True
ES-005215,2026-07-01,Nutrition Support Programme,Nutrition,Borno,Mafa,Mafa Site 1,0.6586,Medium,Medium,0.02052153661572861,2.3737124594180377e-06,0.979476089671812,True
ES-005311,2026-07-01,Nutrition Support Programme,Nutrition,Borno,Mafa,Mafa Site 4,0.8265,Low,Low,3.634586353768438e-16,0.9999972365514814,2.763448518060621e-06,True
ES-000735,2026-07-01,Community Resilience Programme,Protection/Resilience,Borno,Mafa,Mafa Site 5,0.7656,Low,Low,1.4967709320709992e-11,0.9994781661596089,0.0005218338254233955,True
ES-005183,2026-07-01,Nutrition Support Programme,Nutrition,Borno,Konduga,Konduga Site 6,0.7883,Low,Low,1.1406457354804221e-10,0.994663888321241,0.005336111564694381,True
ES-000671,2026-07-01,Community Resilience Programme,Protection/Resilience,Borno,Mafa,Mafa Site 3,0.7974,Low,Low,7.096507311908748e-07,0.6645889101307847,0.335410380218484,True
ES-000767,2026-07-01,Community Resilience Programme,Protection/Resilience,Borno,Mafa,Mafa Site 6,0.7514,Low,Low,7.21941855164634e-14,0.9999832023297608,1.6797670167201483e-05,True
ES-005151,2026-07-01,Nutrition Support Programme,Nutrition,Borno,Konduga,Konduga Site 5,0.7539,Low,Low,2.4813090590540007e-07,0.7286095964039468,0.2713901554651472,True
ES-005119,2026-07-01,Nutrition Support Programme,Nutrition,Borno,Konduga,Konduga Site 4,0.6783,Medium,Medium,0.20474638530191483,3.19569596341504e-08,0.7952535827411255,True
ES-005343,2026-07-01,Nutrition Support Programme,Nutrition,Borno,Mafa,Mafa Site 5,0.7781,Low,Low,1.6375474356277726e-09,0.988887512467903,0.011112485894549618,True
ES-000031,2026-07-01,Community Resilience Programme,Protection/Resilience,Borno,Maiduguri,Maiduguri Site 1,0.6426,High,High,0.9999881962160821,1.0678662059035776e-21,1.1803783917917854e-05,True
ES-005087,2026-07-01,Nutrition Support Programme,Nutrition,Borno,Konduga,Konduga Site 3,0.7485,Medium,Medium,8.801382188196337e-06,0.020926687583588125,0.9790645110342237,True
ES-001151,2026-07-01,Community Resilience Programme,Protection/Resilience,Borno,Ngala,Ngala Site 6,0.6689,Medium,Medium,0.013147537903690453,5.344231994702411e-07,0.98685192767311,True
ES-007263,2026-07-01,WASH Resilience Initiative,WASH,Borno,Ngala,Ngala Site 5,0.597,Medium,Medium,0.0012953686091255884,5.895534769130031e-05,0.9986456760431831,True
ES-005375,2026-07-01,Nutrition Support Programme,Nutrition,Borno,Mafa,Mafa Site 6,0.743,Low,Low,1.6284147584216515e-07,0.8774930058933146,0.12250683126520961,True
ES-000063,2026-07-01,Community Resilience Programme,Protection/Resilience,Borno,Maiduguri,Maiduguri Site 2,0.8603,Low,Low,1.2124431516964148e-20,0.9999999925387314,7.461268616056404e-09,True
ES-005023,2026-07-01,Nutrition Support Programme,Nutrition,Borno,Konduga,Konduga Site 1,0.7741,Low,Low,2.6235016202321896e-16,0.9999987994861123,1.200513887376939e-06,True
ES-000639,2026-07-01,Community Resilience Programme,Protection/Resilience,Borno,Mafa,Mafa Site 2,0.795,Medium,Medium,0.0001621338147752899,0.002584570980932793,0.9972532952042918,True
ES-004991,2026-07-01,Nutrition Support Programme,Nutrition,Borno,Jere,Jere Site 6,0.6139,High,High,0.9999696668732659,2.7615646139831553e-20,3.0333126734120525e-05,True
ES-000095,2026-07-01,Community Resilience Programme,Protection/Resilience,Borno,Maiduguri,Maiduguri Site 3,0.7148,Low,Low,3.627937953889421e-09,0.9869193336985153,0.013080662673546729,True
ES-004959,2026-07-01,Nutrition Support Programme,Nutrition,Borno,Jere,Jere Site 5,0.7044,Medium,Medium,4.004704729816858e-05,0.004539830974432287,0.9954201219782695,True
ES-004639,2026-07-01,Nutrition Support Programme,Nutrition,Borno,Maiduguri,Maiduguri Site 1,0.7393,Medium,Medium,0.0003924867937273549,0.00019486716694467243,0.9994126460393279,True
ES-000127,2026-07-01,Community Resilience Programme,Protection/Resilience,Borno,Maiduguri,Maiduguri Site 4,0.7755,Medium,Medium,0.4743657027230428,1.967788769009227e-09,0.5256342953091685,True
ES-006783,2026-07-01,WASH Resilience Initiative,WASH,Borno,Mafa,Mafa Site 2,0.7279,Medium,Medium,0.00012071646473430468,0.0017332992016105898,0.9981459843336552,True
ES-004927,2026-07-01,Nutrition Support Programme,Nutrition,Borno,Jere,Jere Site 4,0.8273,Low,Low,5.383202846997004e-17,0.999998717519193,1.2824808069850763e-06,True
ES-000607,2026-07-01,Community Resilience Programme,Protection/Resilience,Borno,Mafa,Mafa Site 1,0.771,Low,Low,4.960629768197301e-20,0.9999999958059853,4.194014701623244e-09,True
ES-004895,2026-07-01,Nutrition Support Programme,Nutrition,Borno,Jere,Jere Site 3,0.7578,Low,Low,2.0261095172586532e-11,0.9977792404562068,0.0022207595235320754,True
ES-000959,2026-07-01,Community Resilience Programme,Protection/Resilience,Borno,Bama,Bama Site 6,0.6261,Medium,High,0.5772341818037908,2.7109950299216394e-09,0.42276581548521414,False
ES-005055,2026-07-01,Nutrition Support Programme,Nutrition,Borno,Konduga,Konduga Site 2,0.7692,Low,Low,7.140792298074495e-17,0.9999988689564433,1.1310435566944953e-06,True
ES-005823,2026-07-01,Nutrition Support Programme,Nutrition,Borno,Dikwa,Dikwa Site 2,0.7959,Low,Low,1.0933602475307075e-13,0.9999701776076582,2.9822392232670415e-05,True
ES-005599,2026-07-01,Nutrition Support Programme,Nutrition,Borno,Ngala,Ngala Site 1,0.771,Low,Low,1.9838462118784045e-06,0.6240349482290097,0.3759630679247784,True
ES-003871,2026-07-01,Education Access Project,Education,Borno,Bama,Bama Site 1,0.6747,Medium,Medium,0.15010002840029815,1.620571562366102e-08,0.8498999553939863,True
ES-006687,2026-07-01,WASH Resilience Initiative,WASH,Borno,Konduga,Konduga Site 5,0.6798,Medium,Medium,0.0010453659090686367,7.38407828853729e-05,0.998880793308046,True
ES-001727,2026-07-01,Livelihood Recovery Initiative,Livelihoods,Borno,Maiduguri,Maiduguri Site 6,0.8792,Low,Low,3.469863967419162e-18,0.9999998198295039,1.8017049604729777e-07,True
ES-006943,2026-07-01,WASH Resilience Initiative,WASH,Borno,Bama,Bama Site 1,0.5738,High,High,0.859535904427701,7.061033550454769e-11,0.1404640955016886,True
ES-006335,2026-07-01,WASH Resilience Initiative,WASH,Borno,Maiduguri,Maiduguri Site 6,0.7802,Low,Low,1.3177973865822215e-22,0.9999999997827793,2.1722075392155405e-10,True
ES-004319,2026-07-01,Education Access Project,Education,Borno,Dikwa,Dikwa Site 3,0.6377,Medium,Medium,0.009185935976803538,3.2170379143828614e-06,0.9908108469852821,True
ES-001695,2026-07-01,Livelihood Recovery Initiative,Livelihoods,Borno,Maiduguri,Maiduguri Site 5,0.7982,Low,Low,2.2848268925694224e-18,0.9999998788083984,1.2119160166745892e-07,True
ES-006975,2026-07-01,WASH Resilience Initiative,WASH,Borno,Bama,Bama Site 2,0.6534,Medium,Medium,0.058397604407140445,2.1939304167708314e-06,0.9416002016624428,True
ES-004351,2026-07-01,Education Access Project,Education,Borno,Dikwa,Dikwa Site 4,0.6989,Low,Low,4.6198041162837436e-08,0.7464946242052606,0.25350532959669836,True
ES-001663,2026-07-01,Livelihood Recovery Initiative,Livelihoods,Borno,Maiduguri,Maiduguri Site 4,0.8042,Low,Low,3.596416595891514e-21,0.9999999977232938,2.276706156082337e-09,True
ES-000863,2026-07-01,Community Resilience Programme,Protection/Resilience,Borno,Bama,Bama Site 3,0.7712,Low,Low,4.782354440861576e-07,0.6542688246828823,0.34573069708167364,True
ES-001631,2026-07-01,Livelihood Recovery Initiative,Livelihoods,Borno,Maiduguri,Maiduguri Site 3,0.885,Low,Low,3.6237744866490937e-28,0.999999999999913,8.706392013515636e-14,True
ES-000351,2026-07-01,Community Resilience Programme,Protection/Resilience,Borno,Jere,Jere Site 5,0.7915,Low,Low,9.487727524887066e-16,0.9999979844145722,2.015585426841018e-06,True
ES-004383,2026-07-01,Education Access Project,Education,Borno,Dikwa,Dikwa Site 5,0.6968,Medium,Medium,0.00013208403509706689,0.017445784851286707,0.9824221311136163,True
ES-001599,2026-07-01,Livelihood Recovery Initiative,Livelihoods,Borno,Maiduguri,Maiduguri Site 2,0.7817,Low,Low,1.7050796209005773e-10,0.9897662071158522,0.010233792713639975,True
ES-000479,2026-07-01,Community Resilience Programme,Protection/Resilience,Borno,Konduga,Konduga Site 3,0.782,Low,Low,1.0608949772630788e-13,0.999920624491597,7.937550829680038e-05,True
ES-001567,2026-07-01,Livelihood Recovery Initiative,Livelihoods,Borno,Maiduguri,Maiduguri Site 1,0.7189,Low,Low,2.0855056607308842e-07,0.7854073118297059,0.21459247961972794,True
ES-000319,2026-07-01,Community Resilience Programme,Protection/Resilience,Borno,Jere,Jere Site 4,0.9678,Low,Low,1.4517052862569777e-28,0.9999999999998865,1.1342197977319458e-13,True
ES-004415,2026-07-01,Education Access Project,Education,Borno,Dikwa,Dikwa Site 6,0.8118,Low,Low,2.9295391401511213e-14,0.9999840118810773,1.5988118893482787e-05,True
ES-002303,2026-07-01,Livelihood Recovery Initiative,Livelihoods,Borno,Mafa,Mafa Site 6,0.7122,Medium,Medium,0.020038207863313517,1.6772328486220586e-06,0.9799601149038379,True
ES-002271,2026-07-01,Livelihood Recovery Initiative,Livelihoods,Borno,Mafa,Mafa Site 5,0.6546,Medium,Medium,5.3809214224657666e-05,0.022277679951782984,0.9776685108339923,True
ES-007039,2026-07-01,WASH Resilience Initiative,WASH,Borno,Bama,Bama Site 4,0.6929,Low,Low,1.424282844668225e-07,0.9155047051349845,0.08449515243673104,True
ES-002239,2026-07-01,Livelihood Recovery Initiative,Livelihoods,Borno,Mafa,Mafa Site 4,0.5969,High,High,0.8159877012652521,2.0645025044159436e-11,0.18401229871410288,True
ES-006911,2026-07-01,WASH Resilience Initiative,WASH,Borno,Mafa,Mafa Site 6,0.6462,Low,Low,2.0902066884537953e-12,0.9999157498506849,8.425014722502254e-05,True
ES-007071,2026-07-01,WASH Resilience Initiative,WASH,Borno,Bama,Bama Site 5,0.7983,Low,Low,9.29904890638053e-20,0.9999999889879486,1.1012051417389485e-08,True
ES-000287,2026-07-01,Community Resilience Programme,Protection/Resilience,Borno,Jere,Jere Site 3,0.8286,Low,Low,3.469525440260001e-12,0.9992699235935592,0.0007300764029712067,True
ES-004479,2026-07-01,Education Access Project,Education,Borno,Gwoza,Gwoza Site 2,0.6112,Medium,Medium,0.02732816507381947,7.814324138077317e-06,0.9726640206020425,True
ES-007167,2026-07-01,WASH Resilience Initiative,WASH,Borno,Ngala,Ngala Site 2,0.7001,Medium,Medium,3.661486073619746e-05,0.015503207912596746,0.9844601772266671,True
ES-002207,2026-07-01,Livelihood Recovery Initiative,Livelihoods,Borno,Mafa,Mafa Site 3,0.6558,Medium,Medium,0.16312893625118577,3.732546843455987e-08,0.8368710264233458,True
ES-002175,2026-07-01,Livelihood Recovery Initiative,Livelihoods,Borno,Mafa,Mafa Site 2,0.6833,Medium,Medium,0.1395306281861264,2.270754880331414e-08,0.8604693491063248,True
ES-007103,2026-07-01,WASH Resilience Initiative,WASH,Borno,Bama,Bama Site 6,0.7674,Medium,Medium,5.624286533788041e-06,0.20094064436865633,0.7990537313448098,True
ES-007007,2026-07-01,WASH Resilience Initiative,WASH,Borno,Bama,Bama Site 3,0.7654,Low,Low,8.210057995223419e-18,0.9999999080062734,9.199372662534643e-08,True
ES-006879,2026-07-01,WASH Resilience Initiative,WASH,Borno,Mafa,Mafa Site 5,0.8123,Low,Low,1.1392283254682804e-27,0.9999999999998652,1.3471283170469042e-13,True
ES-002527,2026-07-01,Livelihood Recovery Initiative,Livelihoods,Borno,Ngala,Ngala Site 1,0.6926,Medium,Medium,0.0001105944046531682,0.024898052049819038,0.9749913535455279,True
ES-001183,2026-07-01,Community Resilience Programme,Protection/Resilience,Borno,Dikwa,Dikwa Site 1,0.6755,Medium,Medium,0.05710612813485552,5.285235311245797e-07,0.9428933433416133,True
ES-003967,2026-07-01,Education Access Project,Education,Borno,Bama,Bama Site 4,0.681,Low,Low,1.4798953952389136e-13,0.999971335104914,2.8664894938026753e-05,True
ES-005695,2026-07-01,Nutrition Support Programme,Nutrition,Borno,Ngala,Ngala Site 4,0.7276,Low,Low,3.903169206435012e-11,0.9987904142750065,0.001209585685961819,True
ES-005471,2026-07-01,Nutrition Support Programme,Nutrition,Borno,Bama,Bama Site 3,0.6834,Medium,Medium,0.0013831241080085443,0.00021807243579974808,0.9983988034561917,True
ES-003935,2026-07-01,Education Access Project,Education,Borno,Bama,Bama Site 3,0.592,High,High,0.8572305320110107,5.4969264931928594e-11,0.14276946793401996,True
ES-000895,2026-07-01,Community Resilience Programme,Protection/Resilience,Borno,Bama,Bama Site 4,0.7941,Low,Low,2.8789012066319424e-16,0.9999987275783223,1.2724216774821443e-06,True
ES-000447,2026-07-01,Community Resilience Programme,Protection/Resilience,Borno,Konduga,Konduga Site 2,0.7453,Low,Low,3.2333586016119915e-12,0.9992050487939175,0.000794951202849342,True
ES-005439,2026-07-01,Nutrition Support Programme,Nutrition,Borno,Bama,Bama Site 2,0.7768,Low,Low,2.4350043559172383e-09,0.9870075949258523,0.012992402639143263,True
ES-005503,2026-07-01,Nutrition Support Programme,Nutrition,Borno,Bama,Bama Site 4,0.8769,Low,Low,1.1313723810292688e-27,0.9999999999997944,2.056724832399806e-13,True
ES-005663,2026-07-01,Nutrition Support Programme,Nutrition,Borno,Ngala,Ngala Site 3,0.6973,Low,Low,1.4654179826871098e-10,0.9970060622894436,0.0029939375640146947,True
ES-005535,2026-07-01,Nutrition Support Programme,Nutrition,Borno,Bama,Bama Site 5,0.7285,Medium,Medium,0.003494014148709231,4.956610522937069e-06,0.9965010292407679,True
ES-003903,2026-07-01,Education Access Project,Education,Borno,Bama,Bama Site 2,0.666,Low,Low,5.228506945352381e-08,0.9247727118370239,0.07522723587790676,True
ES-005631,2026-07-01,Nutrition Support Programme,Nutrition,Borno,Ngala,Ngala Site 2,0.8739,Low,Low,9.79345001363131e-25,0.9999999999863018,1.3698070367565724e-11,True
ES-005567,2026-07-01,Nutrition Support Programme,Nutrition,Borno,Bama,Bama Site 6,0.7274,Low,Low,9.033217716432997e-10,0.9903685826922902,0.009631416404388004,True
ES-005791,2026-07-01,Nutrition Support Programme,Nutrition,Borno,Dikwa,Dikwa Site 1,0.6531,Medium,Medium,0.00013409860584752062,0.0026719011359248074,0.9971940002582278,True
ES-006847,2026-07-01,WASH Resilience Initiative,WASH,Borno,Mafa,Mafa Site 4,0.8025,Low,Low,1.2617715382177759e-18,0.9999999296267935,7.037320644369031e-08,True
ES-004287,2026-07-01,Education Access Project,Education,Borno,Dikwa,Dikwa Site 2,0.7398,High,High,0.9999986893740866,7.040610493400067e-23,1.310625913263548e-06,True
ES-000415,2026-07-01,Community Resilience Programme,Protection/Resilience,Borno,Konduga,Konduga Site 1,0.7952,Low,Low,1.685492431859894e-21,0.9999999993205668,6.794330844959465e-10,True
ES-003999,2026-07-01,Education Access Project,Education,Borno,Bama,Bama Site 5,0.755,Low,Low,4.8265307369983354e-08,0.8980596693649947,0.1019402823696979,True
ES-002559,2026-07-01,Livelihood Recovery Initiative,Livelihoods,Borno,Ngala,Ngala Site 2,0.9473,Low,Low,7.1817163594536865e-37,1.0,7.218741344173059e-19,True
ES-002591,2026-07-01,Livelihood Recovery Initiative,Livelihoods,Borno,Ngala,Ngala Site 3,0.7247,Medium,Medium,1.1846594462923824e-05,0.056581645820059964,0.9434065075854771,True
ES-004255,2026-07-01,Education Access Project,Education,Borno,Dikwa,Dikwa Site 1,0.8175,Low,Low,5.87565703035027e-21,0.9999999972069038,2.7930961837219564e-09,True
ES-000383,2026-07-01,Community Resilience Programme,Protection/Resilience,Borno,Jere,Jere Site 6,0.7483,Low,Low,8.200992710191567e-10,0.9943558253880691,0.0056441737918317665,True
ES-002623,2026-07-01,Livelihood Recovery Initiative,Livelihoods,Borno,Ngala,Ngala Site 4,0.6399,Medium,Medium,0.0051794047784079296,1.7713742230054312e-05,0.994802881479362,True
ES-005407,2026-07-01,Nutrition Support Programme,Nutrition,Borno,Bama,Bama Site 1,0.5902,High,High,0.9322936712843423,2.948875163138634e-12,0.06770632871270886,True
ES-004031,2026-07-01,Education Access Project,Education,Borno,Bama,Bama Site 6,0.7826,Medium,Medium,0.0019008044198261455,2.073469178078714e-05,0.998078460888393,True
ES-006079,2026-07-01,Nutrition Support Programme,Nutrition,Borno,Gwoza,Gwoza Site 4,0.5684,High,High,0.9999258198240842,1.4250867924775357e-19,7.418017591587346e-05,True
ES-005759,2026-07-01,Nutrition Support Programme,Nutrition,Borno,Ngala,Ngala Site 6,0.7152,Medium,Medium,2.769657909734487e-06,0.0848203476857681,0.915176882656322,True
ES-002655,2026-07-01,Livelihood Recovery Initiative,Livelihoods,Borno,Ngala,Ngala Site 5,0.7309,Low,Low,2.5746236809587215e-17,0.9999996213885348,3.7861146512541153e-07,True
ES-005727,2026-07-01,Nutrition Support Programme,Nutrition,Borno,Ngala,Ngala Site 5,0.8107,Low,Low,2.0384497109922335e-21,0.9999999991469481,8.530519055408127e-10,True
ES-002687,2026-07-01,Livelihood Recovery Initiative,Livelihoods,Borno,Ngala,Ngala Site 6,0.8024,Low,Low,6.185139563084953e-18,0.9999996983670504,3.016329495725516e-07,True
ES-007200,2026-08-01,WASH Resilience Initiative,WASH,Borno,Ngala,Ngala Site 3,0.5747,Medium,Medium,0.11796715505486895,7.521694583506439e-08,0.8820327697281852,True
ES-007264,2026-08-01,WASH Resilience Initiative,WASH,Borno,Ngala,Ngala Site 5,0.6436,Medium,Medium,2.5966568081886147e-05,0.02826428357823308,0.971709749853685,True
ES-006336,2026-08-01,WASH Resilience Initiative,WASH,Borno,Maiduguri,Maiduguri Site 6,0.7715,Low,Low,2.6518329717602214e-14,0.9999635265928276,3.647340714602374e-05,True
ES-007168,2026-08-01,WASH Resilience Initiative,WASH,Borno,Ngala,Ngala Site 2,0.6996,Medium,Medium,8.144226254105185e-06,0.275242453593248,0.724749402180498,True
ES-007232,2026-08-01,WASH Resilience Initiative,WASH,Borno,Ngala,Ngala Site 4,0.7511,Low,Low,1.281459184703692e-10,0.997007299298831,0.0029927005730231134,True
ES-007136,2026-08-01,WASH Resilience Initiative,WASH,Borno,Ngala,Ngala Site 1,0.693,Medium,Medium,0.0010774569140285563,0.0007824428132466349,0.9981401002727248,True
ES-006304,2026-08-01,WASH Resilience Initiative,WASH,Borno,Maiduguri,Maiduguri Site 5,0.6607,Medium,Medium,0.013206810655706072,4.888438628122258e-07,0.9867927005004311,True
ES-001920,2026-08-01,Livelihood Recovery Initiative,Livelihoods,Borno,Jere,Jere Site 6,0.7449,Low,Low,4.272351239950884e-08,0.9089141474699256,0.09108580980656208,True
ES-006240,2026-08-01,WASH Resilience Initiative,WASH,Borno,Maiduguri,Maiduguri Site 3,0.6784,Medium,Medium,6.571724481997584e-05,0.011653051840510801,0.9882812309146691,True
ES-003808,2026-08-01,Education Access Project,Education,Borno,Mafa,Mafa Site 5,0.6829,Medium,Medium,0.004369271690940193,2.116285930738705e-05,0.9956095654497524,True
ES-003776,2026-08-01,Education Access Project,Education,Borno,Mafa,Mafa Site 4,0.6876,Low,Low,4.9483838414344086e-11,0.9978763817278384,0.002123618222677728,True
ES-003744,2026-08-01,Education Access Project,Education,Borno,Mafa,Mafa Site 3,0.6493,Medium,Medium,0.004265545254436837,1.0054478643600097e-05,0.9957244002669196,True
ES-003712,2026-08-01,Education Access Project,Education,Borno,Mafa,Mafa Site 2,0.6192,High,High,0.907110626692979,3.393947288580031e-11,0.09288937327308157,True
ES-003680,2026-08-01,Education Access Project,Education,Borno,Mafa,Mafa Site 1,0.7086,Low,Low,4.51099700929111e-08,0.9177245019198745,0.08227545297015534,True
ES-003648,2026-08-01,Education Access Project,Education,Borno,Konduga,Konduga Site 6,0.7147,Medium,Medium,0.00015280043362623266,0.0006509496445706822,0.999196249921803,True
ES-003616,2026-08-01,Education Access Project,Education,Borno,Konduga,Konduga Site 5,0.5945,High,High,0.9774714656486749,3.818583816380918e-13,0.022528534350943426,True
ES-003584,2026-08-01,Education Access Project,Education,Borno,Konduga,Konduga Site 4,0.6663,Medium,Medium,0.0004189856474810103,0.000741705711050519,0.9988393086414685,True
ES-003552,2026-08-01,Education Access Project,Education,Borno,Konduga,Konduga Site 3,0.6188,Medium,Medium,2.9556421537338086e-05,0.025876409132050533,0.9740940344464121,True
ES-003520,2026-08-01,Education Access Project,Education,Borno,Konduga,Konduga Site 2,0.5979,Medium,Medium,0.3605596805217368,2.6512952231662926e-09,0.6394403168269679,True
ES-003488,2026-08-01,Education Access Project,Education,Borno,Konduga,Konduga Site 1,0.986,Low,Low,1.395419590294153e-36,1.0,1.6393444470928739e-18,True
ES-003456,2026-08-01,Education Access Project,Education,Borno,Jere,Jere Site 6,0.6495,Medium,Medium,0.00036816337036185795,0.0014099878962671782,0.9982218487333709,True
ES-003424,2026-08-01,Education Access Project,Education,Borno,Jere,Jere Site 5,0.7063,Low,Low,3.4440410877454667e-16,0.9999986231036366,1.376896362817307e-06,True
ES-003392,2026-08-01,Education Access Project,Education,Borno,Jere,Jere Site 4,0.7572,Low,Low,3.3751729280922984e-13,0.9998588024280062,0.00014119757165646603,True
ES-003360,2026-08-01,Education Access Project,Education,Borno,Jere,Jere Site 3,0.7321,Low,Low,3.9596824185614305e-18,0.999999803373461,1.9662653908726623e-07,True
ES-003328,2026-08-01,Education Access Project,Education,Borno,Jere,Jere Site 2,0.7014,Medium,Medium,0.0007865439156638927,5.250476148239392e-05,0.9991609513228538,True
ES-003296,2026-08-01,Education Access Project,Education,Borno,Jere,Jere Site 1,0.674,Medium,Medium,0.000813198898151666,0.00040891795375288343,0.9987778831480955,True
ES-004608,2026-08-01,Education Access Project,Education,Borno,Gwoza,Gwoza Site 6,0.7353,Low,Low,1.18319815049426e-13,0.9999272879316041,7.271206827748751e-05,True
ES-004576,2026-08-01,Education Access Project,Education,Borno,Gwoza,Gwoza Site 5,0.6753,Low,Low,4.3132552536605927e-07,0.5866078272602671,0.4133917414142076,True
ES-004544,2026-08-01,Education Access Project,Education,Borno,Gwoza,Gwoza Site 4,0.6394,Medium,Medium,0.006603355714170912,2.7119349671125242e-06,0.9933939323508619,True
ES-004512,2026-08-01,Education Access Project,Education,Borno,Gwoza,Gwoza Site 3,0.532,High,High,0.934272440558222,1.0357702262968706e-11,0.06572755943142013,True
ES-004480,2026-08-01,Education Access Project,Education,Borno,Gwoza,Gwoza Site 2,0.661,Medium,Medium,0.010678352781526316,1.4689785518495374e-05,0.9893069574329553,True
ES-004448,2026-08-01,Education Access Project,Education,Borno,Gwoza,Gwoza Site 1,0.5685,High,High,0.9764917250629216,6.825453735698026e-13,0.023508274936395842,True
ES-004416,2026-08-01,Education Access Project,Education,Borno,Dikwa,Dikwa Site 6,0.7698,Low,Low,1.8617569188398787e-12,0.9998625778076213,0.0001374221905167602,True
ES-004384,2026-08-01,Education Access Project,Education,Borno,Dikwa,Dikwa Site 5,0.6668,Medium,Medium,8.144142875480097e-06,0.33826861906023836,0.6617232367968863,True
ES-003840,2026-08-01,Education Access Project,Education,Borno,Mafa,Mafa Site 6,0.7709,Low,Low,9.909693982426507e-16,0.9999983276220417,1.6723779574793152e-06,True
ES-004352,2026-08-01,Education Access Project,Education,Borno,Dikwa,Dikwa Site 4,0.6357,Medium,Medium,0.003228295066002169,2.2495407378014097e-06,0.9967694553932601,True
ES-003104,2026-08-01,Education Access Project,Education,Borno,Maiduguri,Maiduguri Site 1,0.698,Medium,Medium,4.644626928426256e-06,0.24569529855523223,0.7543000568178394,True
ES-003168,2026-08-01,Education Access Project,Education,Borno,Maiduguri,Maiduguri Site 3,0.7657,Low,Low,3.288903505037779e-09,0.9758875709720808,0.024112425739015793,True
ES-003008,2026-08-01,Livelihood Recovery Initiative,Livelihoods,Borno,Gwoza,Gwoza Site 4,0.6463,Medium,Medium,0.21334214454375489,6.4805616106250244e-09,0.7866578489756836,True
ES-002976,2026-08-01,Livelihood Recovery Initiative,Livelihoods,Borno,Gwoza,Gwoza Site 3,0.7229,Medium,Medium,0.0016945685394030429,3.377501336961998e-05,0.9982716564472273,True
ES-002944,2026-08-01,Livelihood Recovery Initiative,Livelihoods,Borno,Gwoza,Gwoza Site 2,0.6811,Medium,Medium,7.502759880880752e-05,0.06312237029034479,0.9368026021108463,True
ES-002912,2026-08-01,Livelihood Recovery Initiative,Livelihoods,Borno,Gwoza,Gwoza Site 1,0.6824,Low,Low,4.3417775060080463e-07,0.6951013602847119,0.30489820553753744,True
ES-002880,2026-08-01,Livelihood Recovery Initiative,Livelihoods,Borno,Dikwa,Dikwa Site 6,0.5137,High,High,0.9999999999999984,3.2876221623410385e-45,1.5362517839046662e-15,True
ES-002848,2026-08-01,Livelihood Recovery Initiative,Livelihoods,Borno,Dikwa,Dikwa Site 5,0.6427,Medium,Medium,0.0003326529809294227,0.0026722929043593697,0.9969950541147112,True
ES-002816,2026-08-01,Livelihood Recovery Initiative,Livelihoods,Borno,Dikwa,Dikwa Site 4,0.6971,Medium,Medium,0.0058885378955161796,6.528040646354458e-07,0.9941108093004193,True
ES-002784,2026-08-01,Livelihood Recovery Initiative,Livelihoods,Borno,Dikwa,Dikwa Site 3,0.6532,Low,Low,7.980948275803689e-10,0.9905410019547383,0.009458997247166756,True
ES-002752,2026-08-01,Livelihood Recovery Initiative,Livelihoods,Borno,Dikwa,Dikwa Site 2,0.6429,Low,Low,1.1516533577918947e-11,0.9997291572754239,0.00027084271305946096,True
ES-002720,2026-08-01,Livelihood Recovery Initiative,Livelihoods,Borno,Dikwa,Dikwa Site 1,0.7521,Low,Low,5.379206836477213e-11,0.9984419669706284,0.001558032975579662,True
ES-002496,2026-08-01,Livelihood Recovery Initiative,Livelihoods,Borno,Bama,Bama Site 6,0.6425,Medium,Medium,0.009021338322716893,3.482595399073376e-06,0.9909751790818839,True
ES-002464,2026-08-01,Livelihood Recovery Initiative,Livelihoods,Borno,Bama,Bama Site 5,0.6955,Low,Low,8.651216391408524e-12,0.9993986161400739,0.0006013838512748631,True
ES-002432,2026-08-01,Livelihood Recovery Initiative,Livelihoods,Borno,Bama,Bama Site 4,0.6914,Medium,Medium,6.6010235339323915e-06,0.1846762014019352,0.8153171975745309,True
ES-002400,2026-08-01,Livelihood Recovery Initiative,Livelihoods,Borno,Bama,Bama Site 3,0.8311,Low,Low,6.83019503329262e-28,0.9999999999998914,1.0867111583747406e-13,True
ES-002368,2026-08-01,Livelihood Recovery Initiative,Livelihoods,Borno,Bama,Bama Site 2,0.832,Low,Low,5.376388784080705e-21,0.9999999978580425,2.141957416415228e-09,True
ES-002336,2026-08-01,Livelihood Recovery Initiative,Livelihoods,Borno,Bama,Bama Site 1,0.5308,High,High,0.9990118322508065,1.0519432279432659e-16,0.0009881677491934686,True
ES-004224,2026-08-01,Education Access Project,Education,Borno,Ngala,Ngala Site 6,0.5072,High,High,0.9999998398132878,3.8358479880358756e-26,1.601867121566641e-07,True
ES-004192,2026-08-01,Education Access Project,Education,Borno,Ngala,Ngala Site 5,0.6661,Medium,Medium,0.0002813147077492912,0.0007991622270030939,0.9989195230652477,True
ES-004160,2026-08-01,Education Access Project,Education,Borno,Ngala,Ngala Site 4,0.6544,High,High,0.913448298844796,1.3787634401897901e-11,0.08655170114141629,True
ES-004128,2026-08-01,Education Access Project,Education,Borno,Ngala,Ngala Site 3,0.6312,Medium,Medium,0.022055044213156835,7.152873740750248e-07,0.9779442404994692,True
ES-004096,2026-08-01,Education Access Project,Education,Borno,Ngala,Ngala Site 2,0.5553,High,High,0.9995296500164912,5.010819569349749e-17,0.00047034998350875567,True
ES-004064,2026-08-01,Education Access Project,Education,Borno,Ngala,Ngala Site 1,0.6575,Medium,Medium,0.0003939835739324864,0.0024729284289464527,0.9971330879971211,True
ES-003264,2026-08-01,Education Access Project,Education,Borno,Maiduguri,Maiduguri Site 6,0.6881,High,High,0.9930614044926949,1.9272269733540612e-14,0.006938595507286057,True
ES-003232,2026-08-01,Education Access Project,Education,Borno,Maiduguri,Maiduguri Site 5,0.7057,Medium,Medium,3.1740960215226664e-05,0.0053159788690547325,0.99465228017073,True
ES-003200,2026-08-01,Education Access Project,Education,Borno,Maiduguri,Maiduguri Site 4,0.6689,Medium,Medium,1.5516916979027844e-05,0.014889685858328715,0.9850947972246922,True
ES-003136,2026-08-01,Education Access Project,Education,Borno,Maiduguri,Maiduguri Site 2,0.8544,Low,Low,1.0734051904019196e-31,0.9999999999999989,1.035693248649845e-15,True
ES-003040,2026-08-01,Livelihood Recovery Initiative,Livelihoods,Borno,Gwoza,Gwoza Site 5,0.6797,Medium,Medium,0.0006623736321795297,3.5767275345597124e-05,0.9993018590924748,True
ES-004320,2026-08-01,Education Access Project,Education,Borno,Dikwa,Dikwa Site 3,0.2886,High,High,0.999999999963828,9.710205210619605e-34,3.6171877768887993e-11,True
ES-004256,2026-08-01,Education Access Project,Education,Borno,Dikwa,Dikwa Site 1,0.6486,Medium,Medium,8.491024243181914e-06,0.18423983836183527,0.8157516706139216,True
ES-000416,2026-08-01,Community Resilience Programme,Protection/Resilience,Borno,Konduga,Konduga Site 1,0.6742,Medium,Medium,4.3297479720143217e-05,0.008551252584563658,0.9914054499357162,True
ES-000384,2026-08-01,Community Resilience Programme,Protection/Resilience,Borno,Jere,Jere Site 6,0.7283,Medium,Medium,5.9327612210732e-05,0.012543948680797907,0.9873967237069913,True
ES-000352,2026-08-01,Community Resilience Programme,Protection/Resilience,Borno,Jere,Jere Site 5,0.8193,Low,Low,2.7829957569702276e-19,0.9999999703862645,2.9613735374916755e-08,True
ES-000320,2026-08-01,Community Resilience Programme,Protection/Resilience,Borno,Jere,Jere Site 4,0.9144,Low,Low,1.128147061582416e-24,0.9999999999729656,2.7034483955687427e-11,True
ES-000288,2026-08-01,Community Resilience Programme,Protection/Resilience,Borno,Jere,Jere Site 3,0.8231,Low,Low,1.3789770060010344e-13,0.9999049047664533,9.509523340870321e-05,True
ES-000256,2026-08-01,Community Resilience Programme,Protection/Resilience,Borno,Jere,Jere Site 2,0.7886,Low,Low,2.342151160529166e-16,0.9999992224234766,7.775765231359609e-07,True
ES-000224,2026-08-01,Community Resilience Programme,Protection/Resilience,Borno,Jere,Jere Site 1,0.8127,Low,Low,3.638511020875899e-17,0.999999663692655,3.363073450576035e-07,True
ES-001536,2026-08-01,Community Resilience Programme,Protection/Resilience,Borno,Gwoza,Gwoza Site 6,0.6691,Low,Low,1.7453815433565134e-14,0.9999867976832164,1.3202316766114902e-05,True
ES-001504,2026-08-01,Community Resilience Programme,Protection/Resilience,Borno,Gwoza,Gwoza Site 5,0.7092,Low,Low,4.713717774259872e-10,0.9894815447671184,0.010518454761509853,True
ES-001472,2026-08-01,Community Resilience Programme,Protection/Resilience,Borno,Gwoza,Gwoza Site 4,0.7494,Low,Low,1.8260151785751705e-19,0.999999983212989,1.6787011076549183e-08,True
ES-001440,2026-08-01,Community Resilience Programme,Protection/Resilience,Borno,Gwoza,Gwoza Site 3,0.6679,Medium,Medium,3.833919867209767e-06,0.19681928398511797,0.8031768820950148,True
ES-001408,2026-08-01,Community Resilience Programme,Protection/Resilience,Borno,Gwoza,Gwoza Site 2,0.6823,Medium,Medium,0.21290697112724594,1.2070400524520943e-07,0.7870929081687489,True
ES-001376,2026-08-01,Community Resilience Programme,Protection/Resilience,Borno,Gwoza,Gwoza Site 1,0.6685,Medium,Medium,3.6623283552337546e-05,0.06045105934469371,0.9395123173717539,True
ES-001344,2026-08-01,Community Resilience Programme,Protection/Resilience,Borno,Dikwa,Dikwa Site 6,0.7209,Low,Low,1.62373404701578e-16,0.9999993693094223,6.306905775394242e-07,True
ES-001312,2026-08-01,Community Resilience Programme,Protection/Resilience,Borno,Dikwa,Dikwa Site 5,0.6178,Medium,Medium,0.0026842161122480244,0.00017246446107035092,0.9971433194266816,True
ES-001280,2026-08-01,Community Resilience Programme,Protection/Resilience,Borno,Dikwa,Dikwa Site 4,0.7848,Low,Low,1.577124272103116e-23,0.9999999998979976,1.0200246152939081e-10,True
ES-001248,2026-08-01,Community Resilience Programme,Protection/Resilience,Borno,Dikwa,Dikwa Site 3,0.7116,Low,Low,1.6271375955069022e-06,0.5134605923431805,0.486537780519224,True
ES-001216,2026-08-01,Community Resilience Programme,Protection/Resilience,Borno,Dikwa,Dikwa Site 2,0.712,Medium,High,0.6729061810255276,1.8701874402340982e-09,0.327093817104285,False
ES-001184,2026-08-01,Community Resilience Programme,Protection/Resilience,Borno,Dikwa,Dikwa Site 1,0.7029,Low,Low,1.482081586785377e-06,0.5961489496898695,0.4038495682285436,True
ES-000960,2026-08-01,Community Resilience Programme,Protection/Resilience,Borno,Bama,Bama Site 6,0.7127,Medium,Medium,0.02365687812147456,4.106345778365265e-07,0.9763427112439477,True
ES-000928,2026-08-01,Community Resilience Programme,Protection/Resilience,Borno,Bama,Bama Site 5,0.8402,Low,Low,3.276492814222966e-19,0.9999999681510087,3.184899124233638e-08,True
ES-000896,2026-08-01,Community Resilience Programme,Protection/Resilience,Borno,Bama,Bama Site 4,0.8509,Low,Low,2.418016323946006e-13,0.9998719007291519,0.00012809927060625204,True
ES-000864,2026-08-01,Community Resilience Programme,Protection/Resilience,Borno,Bama,Bama Site 3,0.7879,Low,Low,1.1241428898861357e-13,0.9999666135230963,3.3386476791321114e-05,True
ES-000832,2026-08-01,Community Resilience Programme,Protection/Resilience,Borno,Bama,Bama Site 2,0.6692,Medium,Medium,0.16664676225624683,1.2322481345125966e-07,0.8333531145189397,True
ES-000800,2026-08-01,Community Resilience Programme,Protection/Resilience,Borno,Bama,Bama Site 1,0.8063,Low,Low,1.4679091603745082e-16,0.9999994634057415,5.365942582399086e-07,True
ES-000448,2026-08-01,Community Resilience Programme,Protection/Resilience,Borno,Konduga,Konduga Site 2,0.6887,Low,Low,5.17640795420746e-12,0.9993249880609376,0.000675011933886128,True
ES-004288,2026-08-01,Education Access Project,Education,Borno,Dikwa,Dikwa Site 2,0.6775,Low,Low,7.077620473715496e-11,0.9988479335963938,0.0011520663328300946,True
ES-000480,2026-08-01,Community Resilience Programme,Protection/Resilience,Borno,Konduga,Konduga Site 3,0.6887,Low,Low,1.8254708933056806e-09,0.9843371517131827,0.01566284646134639,True
ES-000544,2026-08-01,Community Resilience Programme,Protection/Resilience,Borno,Konduga,Konduga Site 5,0.8041,Low,Low,6.95235723721394e-12,0.9992047359744861,0.000795264018561508,True
ES-004032,2026-08-01,Education Access Project,Education,Borno,Bama,Bama Site 6,0.7685,Low,Low,5.29015633262353e-21,0.9999999987024986,1.2975013918019587e-09,True
ES-004000,2026-08-01,Education Access Project,Education,Borno,Bama,Bama Site 5,0.6958,Medium,Medium,0.000677867416693024,0.00015627180875465475,0.9991658607745523,True
ES-003968,2026-08-01,Education Access Project,Education,Borno,Bama,Bama Site 4,0.831,Low,Low,2.9371597363994565e-29,0.9999999999999807,1.9411654215998192e-14,True
ES-003936,2026-08-01,Education Access Project,Education,Borno,Bama,Bama Site 3,0.6436,Medium,Medium,0.008861265258699179,2.901125828437809e-06,0.9911358336154723,True
ES-003904,2026-08-01,Education Access Project,Education,Borno,Bama,Bama Site 2,0.6096,Medium,Medium,0.01454916273970444,1.012601388022023e-05,0.9854407112464154,True
ES-003872,2026-08-01,Education Access Project,Education,Borno,Bama,Bama Site 1,0.6687,Low,Low,8.016324588753617e-09,0.9741981375066783,0.02580185447699715,True
ES-001152,2026-08-01,Community Resilience Programme,Protection/Resilience,Borno,Ngala,Ngala Site 6,0.5974,High,High,0.7804530800122804,4.217214858324463e-11,0.21954691994554754,True
ES-001120,2026-08-01,Community Resilience Programme,Protection/Resilience,Borno,Ngala,Ngala Site 5,0.7668,Low,Low,3.6052775679166084e-07,0.7309965936573641,0.26900304581487905,True
ES-001088,2026-08-01,Community Resilience Programme,Protection/Resilience,Borno,Ngala,Ngala Site 4,0.6251,High,High,0.9549659235109246,3.7788296769810024e-12,0.045034076485296594,True
ES-001056,2026-08-01,Community Resilience Programme,Protection/Resilience,Borno,Ngala,Ngala Site 3,0.7644,Medium,Medium,5.508443337938963e-05,0.003381974969073469,0.9965629405975471,True
ES-001024,2026-08-01,Community Resilience Programme,Protection/Resilience,Borno,Ngala,Ngala Site 2,0.7509,Low,Low,1.3464255359711877e-16,0.999999497394637,5.026053628072721e-07,True
ES-000992,2026-08-01,Community Resilience Programme,Protection/Resilience,Borno,Ngala,Ngala Site 1,0.793,Low,Low,4.95249534069302e-07,0.8287763433200774,0.17122316143038854,True
ES-000192,2026-08-01,Community Resilience Programme,Protection/Resilience,Borno,Maiduguri,Maiduguri Site 6,0.5877,Medium,Medium,0.02196667741222459,9.129166111368141e-07,0.9780324096711642,True
ES-000160,2026-08-01,Community Resilience Programme,Protection/Resilience,Borno,Maiduguri,Maiduguri Site 5,0.6704,Medium,Medium,6.463046781250376e-06,0.07704883703592832,0.9229446999172904,True
ES-000128,2026-08-01,Community Resilience Programme,Protection/Resilience,Borno,Maiduguri,Maiduguri Site 4,0.7612,Medium,Medium,0.053079662437638606,1.0952735059012423e-07,0.9469202280350107,True
ES-000096,2026-08-01,Community Resilience Programme,Protection/Resilience,Borno,Maiduguri,Maiduguri Site 3,0.8105,Low,Low,1.8140954364256595e-13,0.9999158215109246,8.417848889387061e-05,True
ES-000064,2026-08-01,Community Resilience Programme,Protection/Resilience,Borno,Maiduguri,Maiduguri Site 2,0.7872,Low,Low,8.512700201385764e-17,0.9999991243114997,8.756885002622153e-07,True
ES-000032,2026-08-01,Community Resilience Programme,Protection/Resilience,Borno,Maiduguri,Maiduguri Site 1,0.7261,Medium,Medium,1.4343876657417073e-05,0.02716482398645264,0.9728208321368899,True
ES-000768,2026-08-01,Community Resilience Programme,Protection/Resilience,Borno,Mafa,Mafa Site 6,0.7647,Low,Low,6.895835725164565e-11,0.998876951996579,0.0011230479344626549,True
ES-000736,2026-08-01,Community Resilience Programme,Protection/Resilience,Borno,Mafa,Mafa Site 5,0.8259,Low,Low,6.745990262581229e-20,0.9999999920228336,7.977166344234383e-09,True
ES-000704,2026-08-01,Community Resilience Programme,Protection/Resilience,Borno,Mafa,Mafa Site 4,0.7855,Low,Low,7.986155299661181e-23,0.9999999998611049,1.3889508031757434e-10,True
ES-000672,2026-08-01,Community Resilience Programme,Protection/Resilience,Borno,Mafa,Mafa Site 3,0.7716,Low,Low,1.0265264220202162e-08,0.9462263541418228,0.05377363559291306,True
ES-000640,2026-08-01,Community Resilience Programme,Protection/Resilience,Borno,Mafa,Mafa Site 2,0.7334,Medium,Medium,1.722773027816636e-06,0.3621924882791184,0.6378057889478539,True
ES-000608,2026-08-01,Community Resilience Programme,Protection/Resilience,Borno,Mafa,Mafa Site 1,0.7803,Low,Low,1.0802602089379032e-12,0.9998628931330141,0.00013710686590557124,True
ES-000576,2026-08-01,Community Resilience Programme,Protection/Resilience,Borno,Konduga,Konduga Site 6,0.8301,Low,Low,6.31065501088347e-18,0.9999998498609871,1.5013901294888745e-07,True
ES-000512,2026-08-01,Community Resilience Programme,Protection/Resilience,Borno,Konduga,Konduga Site 4,0.798,Low,Low,7.073202145824775e-21,0.9999999981831307,1.8168693778640634e-09,True
ES-003072,2026-08-01,Livelihood Recovery Initiative,Livelihoods,Borno,Gwoza,Gwoza Site 6,0.6894,Medium,Medium,3.76209528638092e-05,0.0034857486158102725,0.996476630431326,True
ES-001760,2026-08-01,Livelihood Recovery Initiative,Livelihoods,Borno,Jere,Jere Site 1,0.6909,Medium,Medium,0.0001255264113839439,0.001754587008552849,0.9981198865800632,True
ES-001792,2026-08-01,Livelihood Recovery Initiative,Livelihoods,Borno,Jere,Jere Site 2,0.6799,Medium,Medium,1.4157177067722352e-05,0.03750952394444423,0.9624763188784881,True
ES-007392,2026-08-01,WASH Resilience Initiative,WASH,Borno,Dikwa,Dikwa Site 3,0.7303,Low,Low,2.553712069997975e-11,0.9994185149783957,0.0005814849960672814,True
ES-007360,2026-08-01,WASH Resilience Initiative,WASH,Borno,Dikwa,Dikwa Site 2,0.6537,Medium,Medium,0.0016284416099461147,0.0011539841633646823,0.9972175742266891,True
ES-007328,2026-08-01,WASH Resilience Initiative,WASH,Borno,Dikwa,Dikwa Site 1,0.6958,Medium,Medium,2.008505747711356e-05,0.06260808530099643,0.9373718296415264,True
ES-007104,2026-08-01,WASH Resilience Initiative,WASH,Borno,Bama,Bama Site 6,0.7201,Medium,Medium,1.4583604137605296e-05,0.07824688938117964,0.9217385270146827,True
ES-007072,2026-08-01,WASH Resilience Initiative,WASH,Borno,Bama,Bama Site 5,0.8378,Low,Low,2.1736469592172496e-26,0.9999999999987872,1.212779155359525e-12,True
ES-007040,2026-08-01,WASH Resilience Initiative,WASH,Borno,Bama,Bama Site 4,0.6809,Medium,Medium,0.0007239080494563982,0.00021137119953203975,0.9990647207510115,True
ES-007008,2026-08-01,WASH Resilience Initiative,WASH,Borno,Bama,Bama Site 3,0.7596,Low,Low,2.373884284432937e-22,0.9999999998540774,1.459226591388906e-10,True
ES-006976,2026-08-01,WASH Resilience Initiative,WASH,Borno,Bama,Bama Site 2,0.6669,Medium,Medium,6.224643727011468e-05,0.019553332218036484,0.9803844213446933,True
ES-006944,2026-08-01,WASH Resilience Initiative,WASH,Borno,Bama,Bama Site 1,0.5746,Medium,Medium,0.002679826589034484,0.00013523570540838572,0.997184937705557,True
ES-005760,2026-08-01,Nutrition Support Programme,Nutrition,Borno,Ngala,Ngala Site 6,0.8116,Low,Low,1.4013352243002886e-23,0.9999999998699622,1.3003776207099346e-10,True
ES-005728,2026-08-01,Nutrition Support Programme,Nutrition,Borno,Ngala,Ngala Site 5,0.8255,Low,Low,8.182299115783016e-22,0.9999999995818836,4.181163674526367e-10,True
ES-005696,2026-08-01,Nutrition Support Programme,Nutrition,Borno,Ngala,Ngala Site 4,0.7484,Low,Low,2.8208541503232677e-12,0.9997707482401673,0.00022925175701181562,True
ES-005664,2026-08-01,Nutrition Support Programme,Nutrition,Borno,Ngala,Ngala Site 3,0.7047,Low,Low,6.703362743545131e-08,0.8907036470401386,0.10929628592623407,True
ES-005632,2026-08-01,Nutrition Support Programme,Nutrition,Borno,Ngala,Ngala Site 2,0.6645,Medium,Medium,0.05786007878531121,1.2844287521422643e-06,0.9421386367859366,True
ES-005600,2026-08-01,Nutrition Support Programme,Nutrition,Borno,Ngala,Ngala Site 1,0.7274,Medium,Medium,1.7517167460692216e-05,0.20393030132729545,0.7960521815052439,True
ES-004800,2026-08-01,Nutrition Support Programme,Nutrition,Borno,Maiduguri,Maiduguri Site 6,0.751,Medium,Medium,0.001697833050386994,5.976353599736084e-06,0.9982961905960134,True
ES-004768,2026-08-01,Nutrition Support Programme,Nutrition,Borno,Maiduguri,Maiduguri Site 5,0.702,Medium,Medium,7.425616188324459e-06,0.02705340004858497,0.9729391743352267,True
ES-004736,2026-08-01,Nutrition Support Programme,Nutrition,Borno,Maiduguri,Maiduguri Site 4,0.7876,Low,Low,8.42011060766864e-18,0.99999981650584,1.8349416000047972e-07,True
ES-004704,2026-08-01,Nutrition Support Programme,Nutrition,Borno,Maiduguri,Maiduguri Site 3,0.797,Low,Low,2.0548350229399322e-17,0.999999748072953,2.5192704709969815e-07,True
ES-004672,2026-08-01,Nutrition Support Programme,Nutrition,Borno,Maiduguri,Maiduguri Site 2,0.7264,Low,Low,1.9803001673333364e-07,0.6488320799688593,0.351167722001124,True
ES-004640,2026-08-01,Nutrition Support Programme,Nutrition,Borno,Maiduguri,Maiduguri Site 1,0.7734,Low,Low,5.8775715891782e-14,0.9999577305121838,4.226948775743168e-05,True
ES-005376,2026-08-01,Nutrition Support Programme,Nutrition,Borno,Mafa,Mafa Site 6,0.8709,Low,Low,1.4680011075990764e-18,0.9999999347962074,6.520379252636843e-08,True
ES-005344,2026-08-01,Nutrition Support Programme,Nutrition,Borno,Mafa,Mafa Site 5,0.6362,Medium,Medium,0.00018384649641524316,0.0038503495470522406,0.9959658039565324,True
ES-005312,2026-08-01,Nutrition Support Programme,Nutrition,Borno,Mafa,Mafa Site 4,0.8466,Low,Low,1.8461052392375e-20,0.9999999943833551,5.616644898896517e-09,True
ES-005280,2026-08-01,Nutrition Support Programme,Nutrition,Borno,Mafa,Mafa Site 3,0.7409,Medium,Medium,7.266715244931137e-06,0.06492686774541369,0.9350658655393415,True
ES-007424,2026-08-01,WASH Resilience Initiative,WASH,Borno,Dikwa,Dikwa Site 4,0.8072,Low,Low,6.3961582361683925e-21,0.9999999941850126,5.814987447155273e-09,True
ES-005248,2026-08-01,Nutrition Support Programme,Nutrition,Borno,Mafa,Mafa Site 2,0.7009,Medium,Medium,5.2553109711483e-05,0.00778702391499277,0.9921604229752958,True
ES-007456,2026-08-01,WASH Resilience Initiative,WASH,Borno,Dikwa,Dikwa Site 5,0.5768,High,High,0.9999203992969873,2.5945148610093718e-18,7.960070301280629e-05,True
ES-007520,2026-08-01,WASH Resilience Initiative,WASH,Borno,Gwoza,Gwoza Site 1,0.7197,Low,Low,1.2177227181376559e-15,0.9999984092430924,1.5907569066496288e-06,True
ES-006208,2026-08-01,WASH Resilience Initiative,WASH,Borno,Maiduguri,Maiduguri Site 2,0.6243,High,High,0.9841509993414678,1.5692967251918592e-13,0.0158490006583753,True
ES-006176,2026-08-01,WASH Resilience Initiative,WASH,Borno,Maiduguri,Maiduguri Site 1,0.7125,Medium,Medium,0.0020724065592199257,6.753420434644694e-05,0.9978600592364336,True
ES-006912,2026-08-01,WASH Resilience Initiative,WASH,Borno,Mafa,Mafa Site 6,0.6421,Medium,Medium,0.02520355486154585,4.31203747354427e-06,0.9747921331009807,True
ES-006880,2026-08-01,WASH Resilience Initiative,WASH,Borno,Mafa,Mafa Site 5,0.7306,Low,Low,1.3212754565100726e-17,0.9999999137251648,8.627483507798625e-08,True
ES-006848,2026-08-01,WASH Resilience Initiative,WASH,Borno,Mafa,Mafa Site 4,0.835,Low,Low,1.1124243184567553e-23,0.9999999999394018,6.059818669799153e-11,True
ES-006816,2026-08-01,WASH Resilience Initiative,WASH,Borno,Mafa,Mafa Site 3,0.6717,Medium,Medium,0.0056954258478088835,8.669293108463278e-06,0.9942959048590826,True
ES-006784,2026-08-01,WASH Resilience Initiative,WASH,Borno,Mafa,Mafa Site 2,0.7147,Low,Low,4.900137108321331e-13,0.9998897170747135,0.00011028292479639791,True
ES-006752,2026-08-01,WASH Resilience Initiative,WASH,Borno,Mafa,Mafa Site 1,0.6798,Medium,Medium,0.0006582187459227729,0.00014723395032599233,0.9991945473037512,True
ES-006720,2026-08-01,WASH Resilience Initiative,WASH,Borno,Konduga,Konduga Site 6,0.6898,Medium,Medium,0.0005751210313277756,0.00038238878742476894,0.9990424901812476,True
ES-006688,2026-08-01,WASH Resilience Initiative,WASH,Borno,Konduga,Konduga Site 5,0.7118,Medium,Medium,0.021542484974774182,3.809662022787214e-07,0.9784571340590235,True
ES-006656,2026-08-01,WASH Resilience Initiative,WASH,Borno,Konduga,Konduga Site 4,0.7247,Low,Low,4.1842935615462786e-22,0.9999999997861915,2.1380847419164738e-10,True
ES-006624,2026-08-01,WASH Resilience Initiative,WASH,Borno,Konduga,Konduga Site 3,0.5572,High,High,0.999983860105735,5.749684740168096e-21,1.613989426494756e-05,True
ES-006592,2026-08-01,WASH Resilience Initiative,WASH,Borno,Konduga,Konduga Site 2,0.5914,Medium,Medium,0.05849765135360634,1.525406939770755e-07,0.9415021961056996,True
ES-006560,2026-08-01,WASH Resilience Initiative,WASH,Borno,Konduga,Konduga Site 1,0.777,Low,Low,7.65964887549684e-14,0.9999467601466195,5.323985330390408e-05,True
ES-006528,2026-08-01,WASH Resilience Initiative,WASH,Borno,Jere,Jere Site 6,0.7516,Low,Low,1.16369989711442e-21,0.9999999994575746,5.42425355857402e-10,True
ES-006496,2026-08-01,WASH Resilience Initiative,WASH,Borno,Jere,Jere Site 5,0.6804,Low,Low,2.712542773871059e-08,0.9524415769255513,0.0475583959490209,True
ES-006464,2026-08-01,WASH Resilience Initiative,WASH,Borno,Jere,Jere Site 4,0.6917,Medium,Medium,0.0880508253932779,1.9114241316379507e-08,0.9119491554924808,True
ES-006432,2026-08-01,WASH Resilience Initiative,WASH,Borno,Jere,Jere Site 3,0.7437,Medium,Medium,1.0892224407298031e-06,0.18558242824018434,0.814416482537375,True
ES-006400,2026-08-01,WASH Resilience Initiative,WASH,Borno,Jere,Jere Site 2,0.6763,Medium,Medium,0.0012217782085301493,0.0001364125908605091,0.9986418092006094,True
ES-006368,2026-08-01,WASH Resilience Initiative,WASH,Borno,Jere,Jere Site 1,0.7742,Low,Low,1.3738689632631241e-13,0.9999588672283005,4.1132771562061615e-05,True
ES-007680,2026-08-01,WASH Resilience Initiative,WASH,Borno,Gwoza,Gwoza Site 6,0.6408,Medium,Medium,0.0058482933300231695,2.4618023395973247e-06,0.9941492448676373,True
ES-007648,2026-08-01,WASH Resilience Initiative,WASH,Borno,Gwoza,Gwoza Site 5,0.6624,Medium,Medium,0.016557495984727603,5.411578971355231e-07,0.9834419628573753,True
ES-007616,2026-08-01,WASH Resilience Initiative,WASH,Borno,Gwoza,Gwoza Site 4,0.6327,Medium,Medium,0.003473650848354482,4.663563922108015e-05,0.9964797135124244,True
ES-007584,2026-08-01,WASH Resilience Initiative,WASH,Borno,Gwoza,Gwoza Site 3,0.6868,Medium,Medium,1.1318915910998968e-05,0.0630687298365191,0.93691995124757,True
ES-007552,2026-08-01,WASH Resilience Initiative,WASH,Borno,Gwoza,Gwoza Site 2,0.7809,Low,Low,3.559175542840011e-16,0.9999995949037517,4.05096247945709e-07,True
ES-007488,2026-08-01,WASH Resilience Initiative,WASH,Borno,Dikwa,Dikwa Site 6,0.7139,Low,Low,2.331019144913937e-06,0.5717452338375051,0.4282524351433499,True
ES-005216,2026-08-01,Nutrition Support Programme,Nutrition,Borno,Mafa,Mafa Site 1,0.6329,Medium,Medium,0.04083074136341805,6.816929762388705e-07,0.9591685769436057,True
ES-005184,2026-08-01,Nutrition Support Programme,Nutrition,Borno,Konduga,Konduga Site 6,0.719,Medium,Medium,2.087239504059394e-06,0.2328370200731111,0.7671608926873849,True
ES-005152,2026-08-01,Nutrition Support Programme,Nutrition,Borno,Konduga,Konduga Site 5,0.6554,Medium,Medium,0.007459968910298231,1.4003678537993184e-06,0.992538630721848,True
ES-002624,2026-08-01,Livelihood Recovery Initiative,Livelihoods,Borno,Ngala,Ngala Site 4,0.6358,Medium,Medium,0.06252688962317865,3.9862774770209587e-07,0.9374727117490738,True
ES-002592,2026-08-01,Livelihood Recovery Initiative,Livelihoods,Borno,Ngala,Ngala Site 3,0.6701,Medium,Medium,8.191727140751079e-05,0.003270469914432576,0.9966476128141599,True
ES-002560,2026-08-01,Livelihood Recovery Initiative,Livelihoods,Borno,Ngala,Ngala Site 2,0.8517,Low,Low,2.064267539695481e-25,0.9999999999954821,4.51787938271584e-12,True
ES-002528,2026-08-01,Livelihood Recovery Initiative,Livelihoods,Borno,Ngala,Ngala Site 1,0.6656,Medium,Medium,7.579695503281126e-05,0.03414202417043136,0.9657821788745359,True
ES-001728,2026-08-01,Livelihood Recovery Initiative,Livelihoods,Borno,Maiduguri,Maiduguri Site 6,0.7497,Low,Low,3.0037000513096745e-09,0.9673889298589433,0.032611067137356585,True
ES-001696,2026-08-01,Livelihood Recovery Initiative,Livelihoods,Borno,Maiduguri,Maiduguri Site 5,0.8671,Low,Low,1.1466496891851011e-24,0.9999999999757674,2.4232571560596632e-11,True
ES-001664,2026-08-01,Livelihood Recovery Initiative,Livelihoods,Borno,Maiduguri,Maiduguri Site 4,0.9398,Low,Low,1.0829514206723945e-32,0.9999999999999998,3.139704190847624e-16,True
ES-001632,2026-08-01,Livelihood Recovery Initiative,Livelihoods,Borno,Maiduguri,Maiduguri Site 3,0.7957,Low,Low,3.2845092035438123e-22,0.9999999996929474,3.0705265905127305e-10,True
ES-001600,2026-08-01,Livelihood Recovery Initiative,Livelihoods,Borno,Maiduguri,Maiduguri Site 2,0.7025,Medium,Medium,0.0029705713165706455,9.36120536523293e-06,0.997020067478064,True
ES-001568,2026-08-01,Livelihood Recovery Initiative,Livelihoods,Borno,Maiduguri,Maiduguri Site 1,0.6778,Medium,Medium,0.00011408481778482704,0.001395734950490919,0.9984901802317242,True
ES-002304,2026-08-01,Livelihood Recovery Initiative,Livelihoods,Borno,Mafa,Mafa Site 6,0.7569,Low,Low,2.3344926793994644e-13,0.9999453829525777,5.4617047188943036e-05,True
ES-002272,2026-08-01,Livelihood Recovery Initiative,Livelihoods,Borno,Mafa,Mafa Site 5,0.5824,High,High,0.9460040076692511,4.043555592599221e-12,0.05399599232670521,True
ES-002240,2026-08-01,Livelihood Recovery Initiative,Livelihoods,Borno,Mafa,Mafa Site 4,0.5942,High,High,0.9996417316058822,1.2257584845389817e-18,0.0003582683941179075,True
ES-002208,2026-08-01,Livelihood Recovery Initiative,Livelihoods,Borno,Mafa,Mafa Site 3,0.8015,Low,Low,2.3336166224386262e-18,0.9999998756314964,1.2436850350941521e-07,True
ES-002176,2026-08-01,Livelihood Recovery Initiative,Livelihoods,Borno,Mafa,Mafa Site 2,0.619,High,High,0.9366236473822623,1.1626480048558525e-12,0.06337635261657516,True
ES-002144,2026-08-01,Livelihood Recovery Initiative,Livelihoods,Borno,Mafa,Mafa Site 1,0.809,Low,Low,2.175831507089447e-19,0.9999999838169662,1.6183033839726607e-08,True
ES-002112,2026-08-01,Livelihood Recovery Initiative,Livelihoods,Borno,Konduga,Konduga Site 6,0.7986,Low,Low,1.3778012831937138e-16,0.9999991184646253,8.815353745841089e-07,True
ES-002080,2026-08-01,Livelihood Recovery Initiative,Livelihoods,Borno,Konduga,Konduga Site 5,0.6895,Low,Low,2.4654915165385386e-15,0.999994023435537,5.976564460512587e-06,True
ES-002048,2026-08-01,Livelihood Recovery Initiative,Livelihoods,Borno,Konduga,Konduga Site 4,0.6891,Low,Low,1.4308766061824596e-13,0.999967271490254,3.2728509602981716e-05,True
ES-002016,2026-08-01,Livelihood Recovery Initiative,Livelihoods,Borno,Konduga,Konduga Site 3,0.759,Low,Low,3.3964899044132596e-22,0.9999999995348325,4.651673508422372e-10,True
ES-001984,2026-08-01,Livelihood Recovery Initiative,Livelihoods,Borno,Konduga,Konduga Site 2,0.7305,Low,Low,1.9939020548619958e-12,0.9994144308113981,0.0005855691866080601,True
ES-001952,2026-08-01,Livelihood Recovery Initiative,Livelihoods,Borno,Konduga,Konduga Site 1,0.7284,Low,Low,6.606833387697303e-10,0.987307600868903,0.012692398470413885,True
ES-001888,2026-08-01,Livelihood Recovery Initiative,Livelihoods,Borno,Jere,Jere Site 5,0.8483,Low,Low,2.1427663601068508e-29,0.9999999999999762,2.368469233559702e-14,True
ES-001856,2026-08-01,Livelihood Recovery Initiative,Livelihoods,Borno,Jere,Jere Site 4,0.8321,Low,Low,2.1055439019975447e-23,0.9999999998183167,1.81683369815869e-10,True
ES-001824,2026-08-01,Livelihood Recovery Initiative,Livelihoods,Borno,Jere,Jere Site 3,0.7722,Low,Low,2.655401777175689e-13,0.9997776566141567,0.0002223433855776815,True
ES-002656,2026-08-01,Livelihood Recovery Initiative,Livelihoods,Borno,Ngala,Ngala Site 5,0.7644,Low,Low,2.1166430794722467e-22,0.9999999997367308,2.6326917472638784e-10,True
ES-002688,2026-08-01,Livelihood Recovery Initiative,Livelihoods,Borno,Ngala,Ngala Site 6,0.7656,Low,Low,2.4215333007539967e-21,0.9999999979381731,2.061827013564523e-09,True
ES-005408,2026-08-01,Nutrition Support Programme,Nutrition,Borno,Bama,Bama Site 1,0.5443,High,High,0.9998980063451228,3.734293235322339e-19,0.00010199365487718232,True
ES-005440,2026-08-01,Nutrition Support Programme,Nutrition,Borno,Bama,Bama Site 2,0.7552,High,High,0.9893176576807184,3.688578396192681e-15,0.0106823423192779,True
ES-005120,2026-08-01,Nutrition Support Programme,Nutrition,Borno,Konduga,Konduga Site 4,0.5543,High,High,0.9999004733380478,7.084285527727042e-19,9.952666195228943e-05,True
ES-005088,2026-08-01,Nutrition Support Programme,Nutrition,Borno,Konduga,Konduga Site 3,0.6785,Medium,Medium,3.66118160990473e-06,0.20015933638953237,0.7998370024288577,True
ES-005056,2026-08-01,Nutrition Support Programme,Nutrition,Borno,Konduga,Konduga Site 2,0.6234,Medium,Medium,0.09649970202851955,3.520336710813537e-08,0.9035002627681133,True
ES-005024,2026-08-01,Nutrition Support Programme,Nutrition,Borno,Konduga,Konduga Site 1,0.735,Low,Low,1.094499709983585e-12,0.9997495425576135,0.0002504574412919702,True
ES-004992,2026-08-01,Nutrition Support Programme,Nutrition,Borno,Jere,Jere Site 6,0.7117,Medium,Medium,0.29813264883087,4.810754730459897e-09,0.7018673463583752,True
ES-004960,2026-08-01,Nutrition Support Programme,Nutrition,Borno,Jere,Jere Site 5,0.7164,Low,Low,7.424947876664414e-12,0.9992241016783832,0.0007758983141919658,True
ES-004928,2026-08-01,Nutrition Support Programme,Nutrition,Borno,Jere,Jere Site 4,0.7412,Low,Low,3.8664464818398743e-13,0.9998567248237386,0.00014327517587479135,True
ES-004896,2026-08-01,Nutrition Support Programme,Nutrition,Borno,Jere,Jere Site 3,0.7543,Medium,Medium,4.2990092964941355e-05,0.00045204434761292057,0.9995049655594221,True
ES-004864,2026-08-01,Nutrition Support Programme,Nutrition,Borno,Jere,Jere Site 2,0.8182,Low,Low,3.69097451246646e-13,0.9998896805884628,0.00011031941116815317,True
ES-004832,2026-08-01,Nutrition Support Programme,Nutrition,Borno,Jere,Jere Site 1,0.7464,Low,Low,2.4132221698635477e-14,0.9999828887029446,1.7111297031057732e-05,True
ES-006144,2026-08-01,Nutrition Support Programme,Nutrition,Borno,Gwoza,Gwoza Site 6,0.6657,Medium,Medium,0.0040711931310806766,5.48348950003349e-06,0.9959233233794194,True
ES-006112,2026-08-01,Nutrition Support Programme,Nutrition,Borno,Gwoza,Gwoza Site 5,0.7965,Low,Low,5.376585797283094e-10,0.9916270048446785,0.008372994617662763,True
ES-006272,2026-08-01,WASH Resilience Initiative,WASH,Borno,Maiduguri,Maiduguri Site 4,0.7545,Low,Low,1.0269607739145873e-12,0.9998728629565414,0.00012713704243157273,True
ES-006080,2026-08-01,Nutrition Support Programme,Nutrition,Borno,Gwoza,Gwoza Site 4,0.7408,Low,Low,6.494136624445422e-15,0.9999851677912316,1.4832208761908068e-05,True
ES-006016,2026-08-01,Nutrition Support Programme,Nutrition,Borno,Gwoza,Gwoza Site 2,0.6818,Low,Low,8.550676376660521e-10,0.9941424003392506,0.005857598805681865,True
ES-005984,2026-08-01,Nutrition Support Programme,Nutrition,Borno,Gwoza,Gwoza Site 1,0.6459,Medium,Medium,0.028192311797942852,1.132703831645999e-06,0.9718065554982255,True
ES-005952,2026-08-01,Nutrition Support Programme,Nutrition,Borno,Dikwa,Dikwa Site 6,0.7099,Medium,Medium,2.138657361021313e-05,0.05315084064576182,0.946827772780628,True
ES-005920,2026-08-01,Nutrition Support Programme,Nutrition,Borno,Dikwa,Dikwa Site 5,0.8472,Low,Low,9.051772779558783e-27,0.999999999999593,4.0695046663644556e-13,True
ES-005888,2026-08-01,Nutrition Support Programme,Nutrition,Borno,Dikwa,Dikwa Site 4,0.7239,Medium,Medium,1.1063658090800735e-06,0.08565688419419122,0.9143420094399998,True
ES-005856,2026-08-01,Nutrition Support Programme,Nutrition,Borno,Dikwa,Dikwa Site 3,0.7442,Low,Low,2.9166512658155063e-12,0.9997018167527343,0.00029818324434915743,True
ES-005824,2026-08-01,Nutrition Support Programme,Nutrition,Borno,Dikwa,Dikwa Site 2,0.7683,Medium,Medium,4.3272951906554305e-06,0.19862000385065554,0.8013756688541539,True
ES-005792,2026-08-01,Nutrition Support Programme,Nutrition,Borno,Dikwa,Dikwa Site 1,0.6356,Medium,Medium,0.03585049397263977,4.922474803832354e-07,0.9641490137798799,True
ES-005568,2026-08-01,Nutrition Support Programme,Nutrition,Borno,Bama,Bama Site 6,0.7524,Medium,Medium,5.94223116525021e-06,0.0872301253053223,0.9127639324635124,True
ES-005536,2026-08-01,Nutrition Support Programme,Nutrition,Borno,Bama,Bama Site 5,0.7417,Medium,Medium,2.728205103859823e-06,0.1579394507816452,0.842057821013251,True
ES-005504,2026-08-01,Nutrition Support Programme,Nutrition,Borno,Bama,Bama Site 4,0.7996,Low,Low,2.6511442391406054e-07,0.8156972295293357,0.18430250535624035,True
ES-005472,2026-08-01,Nutrition Support Programme,Nutrition,Borno,Bama,Bama Site 3,0.6047,Medium,Medium,0.006657165224954419,1.9110745512829647e-05,0.9933237240295327,True
ES-006048,2026-08-01,Nutrition Support Programme,Nutrition,Borno,Gwoza,Gwoza Site 3,0.7302,Low,Low,1.6648344172021773e-18,0.9999999117684382,8.823156176022854e-08,True
ES-007296,2026-08-01,WASH Resilience Initiative,WASH,Borno,Ngala,Ngala Site 6,0.5974,Medium,Medium,0.002754397927890028,1.3511876956281227e-05,0.9972320901951538,True
